ISO-10303-21;
HEADER;
/* Generated by software containing ST-Developer
 * from STEP Tools, Inc. (www.steptools.com) 
 */

FILE_DESCRIPTION(
/* description */ (''),
/* implementation_level */ '2;1');

FILE_NAME(
/* name */ 'koolmu core x2.step',
/* time_stamp */ '2026-06-14T13:55:59-07:00',
/* author */ (''),
/* organization */ (''),
/* preprocessor_version */ 'ST-DEVELOPER v20.1',
/* originating_system */ 'Autodesk Translation Framework v15.8.0.0',
/* authorisation */ '');

FILE_SCHEMA (('AUTOMOTIVE_DESIGN { 1 0 10303 214 3 1 1 }'));
ENDSEC;

DATA;
#10=MECHANICAL_DESIGN_GEOMETRIC_PRESENTATION_REPRESENTATION('',(#13,#14,
#15),#5905);
#11=SHAPE_REPRESENTATION_RELATIONSHIP('SRR','None',#5912,#12);
#12=ADVANCED_BREP_SHAPE_REPRESENTATION('',(#16,#17,#18),#5904);
#13=STYLED_ITEM('',(#5922),#16);
#14=STYLED_ITEM('',(#5923),#17);
#15=STYLED_ITEM('',(#5922),#18);
#16=MANIFOLD_SOLID_BREP('Body1',#3075);
#17=MANIFOLD_SOLID_BREP('Body34',#3076);
#18=MANIFOLD_SOLID_BREP('Body77',#3077);
#19=LINE('',#4927,#99);
#20=LINE('',#4939,#100);
#21=LINE('',#4966,#101);
#22=LINE('',#4986,#102);
#23=LINE('',#5001,#103);
#24=LINE('',#5016,#104);
#25=LINE('',#5025,#105);
#26=LINE('',#5028,#106);
#27=LINE('',#5034,#107);
#28=LINE('',#5049,#108);
#29=LINE('',#5064,#109);
#30=LINE('',#5075,#110);
#31=LINE('',#5090,#111);
#32=LINE('',#5112,#112);
#33=LINE('',#5121,#113);
#34=LINE('',#5134,#114);
#35=LINE('',#5145,#115);
#36=LINE('',#5147,#116);
#37=LINE('',#5150,#117);
#38=LINE('',#5165,#118);
#39=LINE('',#5186,#119);
#40=LINE('',#5208,#120);
#41=LINE('',#5217,#121);
#42=LINE('',#5230,#122);
#43=LINE('',#5241,#123);
#44=LINE('',#5243,#124);
#45=LINE('',#5256,#125);
#46=LINE('',#5267,#126);
#47=LINE('',#5282,#127);
#48=LINE('',#5304,#128);
#49=LINE('',#5313,#129);
#50=LINE('',#5316,#130);
#51=LINE('',#5322,#131);
#52=LINE('',#5337,#132);
#53=LINE('',#5352,#133);
#54=LINE('',#5374,#134);
#55=LINE('',#5396,#135);
#56=LINE('',#5407,#136);
#57=LINE('',#5409,#137);
#58=LINE('',#5412,#138);
#59=LINE('',#5431,#139);
#60=LINE('',#5446,#140);
#61=LINE('',#5468,#141);
#62=LINE('',#5490,#142);
#63=LINE('',#5501,#143);
#64=LINE('',#5503,#144);
#65=LINE('',#5516,#145);
#66=LINE('',#5527,#146);
#67=LINE('',#5529,#147);
#68=LINE('',#5542,#148);
#69=LINE('',#5553,#149);
#70=LINE('',#5566,#150);
#71=LINE('',#5581,#151);
#72=LINE('',#5590,#152);
#73=LINE('',#5612,#153);
#74=LINE('',#5623,#154);
#75=LINE('',#5625,#155);
#76=LINE('',#5636,#156);
#77=LINE('',#5656,#157);
#78=LINE('',#5667,#158);
#79=LINE('',#5680,#159);
#80=LINE('',#5691,#160);
#81=LINE('',#5706,#161);
#82=LINE('',#5715,#162);
#83=LINE('',#5730,#163);
#84=LINE('',#5739,#164);
#85=LINE('',#5742,#165);
#86=LINE('',#5748,#166);
#87=LINE('',#5763,#167);
#88=LINE('',#5768,#168);
#89=LINE('',#5783,#169);
#90=LINE('',#5804,#170);
#91=LINE('',#5813,#171);
#92=LINE('',#5828,#172);
#93=LINE('',#5837,#173);
#94=LINE('',#5850,#174);
#95=LINE('',#5861,#175);
#96=LINE('',#5863,#176);
#97=LINE('',#5877,#177);
#98=LINE('',#5889,#178);
#99=VECTOR('',#3689,7.25);
#100=VECTOR('',#3704,13.7);
#101=VECTOR('',#3739,0.5);
#102=VECTOR('',#3764,0.5);
#103=VECTOR('',#3783,0.5);
#104=VECTOR('',#3800,0.5);
#105=VECTOR('',#3813,0.5);
#106=VECTOR('',#3816,0.5);
#107=VECTOR('',#3823,0.5);
#108=VECTOR('',#3842,0.5);
#109=VECTOR('',#3861,0.5);
#110=VECTOR('',#3876,0.5);
#111=VECTOR('',#3893,0.5);
#112=VECTOR('',#3920,0.5);
#113=VECTOR('',#3933,0.5);
#114=VECTOR('',#3948,0.5);
#115=VECTOR('',#3963,0.5);
#116=VECTOR('',#3966,0.5);
#117=VECTOR('',#3969,0.5);
#118=VECTOR('',#3988,0.5);
#119=VECTOR('',#4013,0.5);
#120=VECTOR('',#4040,0.5);
#121=VECTOR('',#4053,0.5);
#122=VECTOR('',#4068,0.5);
#123=VECTOR('',#4083,0.5);
#124=VECTOR('',#4086,0.5);
#125=VECTOR('',#4101,0.5);
#126=VECTOR('',#4116,0.5);
#127=VECTOR('',#4133,0.5);
#128=VECTOR('',#4160,0.5);
#129=VECTOR('',#4173,0.5);
#130=VECTOR('',#4176,0.5);
#131=VECTOR('',#4183,0.5);
#132=VECTOR('',#4202,0.5);
#133=VECTOR('',#4221,0.5);
#134=VECTOR('',#4248,0.5);
#135=VECTOR('',#4275,0.5);
#136=VECTOR('',#4290,0.5);
#137=VECTOR('',#4293,0.5);
#138=VECTOR('',#4296,0.5);
#139=VECTOR('',#4319,0.5);
#140=VECTOR('',#4338,0.5);
#141=VECTOR('',#4365,0.5);
#142=VECTOR('',#4392,0.5);
#143=VECTOR('',#4407,0.5);
#144=VECTOR('',#4410,0.5);
#145=VECTOR('',#4425,0.5);
#146=VECTOR('',#4440,0.5);
#147=VECTOR('',#4443,0.5);
#148=VECTOR('',#4458,0.5);
#149=VECTOR('',#4473,0.5);
#150=VECTOR('',#4488,0.5);
#151=VECTOR('',#4507,0.5);
#152=VECTOR('',#4518,0.5);
#153=VECTOR('',#4545,0.5);
#154=VECTOR('',#4560,0.5);
#155=VECTOR('',#4563,0.5);
#156=VECTOR('',#4576,0.5);
#157=VECTOR('',#4601,0.5);
#158=VECTOR('',#4616,0.5);
#159=VECTOR('',#4631,0.5);
#160=VECTOR('',#4646,0.5);
#161=VECTOR('',#4663,0.5);
#162=VECTOR('',#4676,0.5);
#163=VECTOR('',#4693,0.5);
#164=VECTOR('',#4706,0.5);
#165=VECTOR('',#4709,0.5);
#166=VECTOR('',#4716,0.5);
#167=VECTOR('',#4735,0.5);
#168=VECTOR('',#4742,0.5);
#169=VECTOR('',#4761,0.5);
#170=VECTOR('',#4786,0.5);
#171=VECTOR('',#4799,0.5);
#172=VECTOR('',#4816,0.5);
#173=VECTOR('',#4829,0.5);
#174=VECTOR('',#4844,0.5);
#175=VECTOR('',#4859,0.5);
#176=VECTOR('',#4862,0.5);
#177=VECTOR('',#4879,7.25);
#178=VECTOR('',#4894,13.7);
#179=CYLINDRICAL_SURFACE('',#3098,7.25);
#180=CYLINDRICAL_SURFACE('',#3105,13.7);
#181=CYLINDRICAL_SURFACE('',#3121,0.5);
#182=CYLINDRICAL_SURFACE('',#3134,0.5);
#183=CYLINDRICAL_SURFACE('',#3141,0.5);
#184=CYLINDRICAL_SURFACE('',#3150,0.5);
#185=CYLINDRICAL_SURFACE('',#3157,0.5);
#186=CYLINDRICAL_SURFACE('',#3158,0.5);
#187=CYLINDRICAL_SURFACE('',#3161,0.5);
#188=CYLINDRICAL_SURFACE('',#3168,0.5);
#189=CYLINDRICAL_SURFACE('',#3179,0.5);
#190=CYLINDRICAL_SURFACE('',#3186,0.5);
#191=CYLINDRICAL_SURFACE('',#3193,0.5);
#192=CYLINDRICAL_SURFACE('',#3206,0.5);
#193=CYLINDRICAL_SURFACE('',#3213,0.500000000000001);
#194=CYLINDRICAL_SURFACE('',#3220,0.5);
#195=CYLINDRICAL_SURFACE('',#3227,0.5);
#196=CYLINDRICAL_SURFACE('',#3228,0.5);
#197=CYLINDRICAL_SURFACE('',#3229,0.5);
#198=CYLINDRICAL_SURFACE('',#3236,0.5);
#199=CYLINDRICAL_SURFACE('',#3249,0.5);
#200=CYLINDRICAL_SURFACE('',#3262,0.5);
#201=CYLINDRICAL_SURFACE('',#3269,0.5);
#202=CYLINDRICAL_SURFACE('',#3276,0.5);
#203=CYLINDRICAL_SURFACE('',#3283,0.5);
#204=CYLINDRICAL_SURFACE('',#3284,0.5);
#205=CYLINDRICAL_SURFACE('',#3291,0.5);
#206=CYLINDRICAL_SURFACE('',#3298,0.5);
#207=CYLINDRICAL_SURFACE('',#3305,0.5);
#208=CYLINDRICAL_SURFACE('',#3318,0.5);
#209=CYLINDRICAL_SURFACE('',#3325,0.5);
#210=CYLINDRICAL_SURFACE('',#3326,0.5);
#211=CYLINDRICAL_SURFACE('',#3329,0.5);
#212=CYLINDRICAL_SURFACE('',#3336,0.5);
#213=CYLINDRICAL_SURFACE('',#3347,0.5);
#214=CYLINDRICAL_SURFACE('',#3360,0.5);
#215=CYLINDRICAL_SURFACE('',#3373,0.5);
#216=CYLINDRICAL_SURFACE('',#3380,0.5);
#217=CYLINDRICAL_SURFACE('',#3381,0.5);
#218=CYLINDRICAL_SURFACE('',#3382,0.5);
#219=CYLINDRICAL_SURFACE('',#3391,0.5);
#220=CYLINDRICAL_SURFACE('',#3402,0.5);
#221=CYLINDRICAL_SURFACE('',#3415,0.5);
#222=CYLINDRICAL_SURFACE('',#3428,0.5);
#223=CYLINDRICAL_SURFACE('',#3435,0.5);
#224=CYLINDRICAL_SURFACE('',#3436,0.5);
#225=CYLINDRICAL_SURFACE('',#3443,0.5);
#226=CYLINDRICAL_SURFACE('',#3450,0.500000000000001);
#227=CYLINDRICAL_SURFACE('',#3451,0.5);
#228=CYLINDRICAL_SURFACE('',#3458,0.5);
#229=CYLINDRICAL_SURFACE('',#3465,0.5);
#230=CYLINDRICAL_SURFACE('',#3472,0.5);
#231=CYLINDRICAL_SURFACE('',#3479,0.5);
#232=CYLINDRICAL_SURFACE('',#3486,0.5);
#233=CYLINDRICAL_SURFACE('',#3499,0.5);
#234=CYLINDRICAL_SURFACE('',#3506,0.5);
#235=CYLINDRICAL_SURFACE('',#3507,0.5);
#236=CYLINDRICAL_SURFACE('',#3512,0.5);
#237=CYLINDRICAL_SURFACE('',#3525,0.5);
#238=CYLINDRICAL_SURFACE('',#3532,0.5);
#239=CYLINDRICAL_SURFACE('',#3539,0.5);
#240=CYLINDRICAL_SURFACE('',#3546,0.5);
#241=CYLINDRICAL_SURFACE('',#3553,0.5);
#242=CYLINDRICAL_SURFACE('',#3560,0.5);
#243=CYLINDRICAL_SURFACE('',#3567,0.5);
#244=CYLINDRICAL_SURFACE('',#3574,0.5);
#245=CYLINDRICAL_SURFACE('',#3575,0.5);
#246=CYLINDRICAL_SURFACE('',#3578,0.5);
#247=CYLINDRICAL_SURFACE('',#3585,0.5);
#248=CYLINDRICAL_SURFACE('',#3590,0.5);
#249=CYLINDRICAL_SURFACE('',#3597,0.5);
#250=CYLINDRICAL_SURFACE('',#3610,0.5);
#251=CYLINDRICAL_SURFACE('',#3617,0.5);
#252=CYLINDRICAL_SURFACE('',#3624,0.5);
#253=CYLINDRICAL_SURFACE('',#3631,0.5);
#254=CYLINDRICAL_SURFACE('',#3638,0.5);
#255=CYLINDRICAL_SURFACE('',#3645,0.5);
#256=CYLINDRICAL_SURFACE('',#3646,0.5);
#257=CYLINDRICAL_SURFACE('',#3654,7.25);
#258=CYLINDRICAL_SURFACE('',#3661,13.7);
#259=FACE_BOUND('',#437,.T.);
#260=FACE_BOUND('',#443,.T.);
#261=FACE_BOUND('',#599,.T.);
#262=FACE_BOUND('',#605,.T.);
#263=PLANE('',#3096);
#264=PLANE('',#3111);
#265=PLANE('',#3652);
#266=PLANE('',#3667);
#267=FACE_OUTER_BOUND('',#435,.T.);
#268=FACE_OUTER_BOUND('',#436,.T.);
#269=FACE_OUTER_BOUND('',#438,.T.);
#270=FACE_OUTER_BOUND('',#439,.T.);
#271=FACE_OUTER_BOUND('',#440,.T.);
#272=FACE_OUTER_BOUND('',#441,.T.);
#273=FACE_OUTER_BOUND('',#442,.T.);
#274=FACE_OUTER_BOUND('',#444,.T.);
#275=FACE_OUTER_BOUND('',#445,.T.);
#276=FACE_OUTER_BOUND('',#446,.T.);
#277=FACE_OUTER_BOUND('',#447,.T.);
#278=FACE_OUTER_BOUND('',#448,.T.);
#279=FACE_OUTER_BOUND('',#449,.T.);
#280=FACE_OUTER_BOUND('',#450,.T.);
#281=FACE_OUTER_BOUND('',#451,.T.);
#282=FACE_OUTER_BOUND('',#452,.T.);
#283=FACE_OUTER_BOUND('',#453,.T.);
#284=FACE_OUTER_BOUND('',#454,.T.);
#285=FACE_OUTER_BOUND('',#455,.T.);
#286=FACE_OUTER_BOUND('',#456,.T.);
#287=FACE_OUTER_BOUND('',#457,.T.);
#288=FACE_OUTER_BOUND('',#458,.T.);
#289=FACE_OUTER_BOUND('',#459,.T.);
#290=FACE_OUTER_BOUND('',#460,.T.);
#291=FACE_OUTER_BOUND('',#461,.T.);
#292=FACE_OUTER_BOUND('',#462,.T.);
#293=FACE_OUTER_BOUND('',#463,.T.);
#294=FACE_OUTER_BOUND('',#464,.T.);
#295=FACE_OUTER_BOUND('',#465,.T.);
#296=FACE_OUTER_BOUND('',#466,.T.);
#297=FACE_OUTER_BOUND('',#467,.T.);
#298=FACE_OUTER_BOUND('',#468,.T.);
#299=FACE_OUTER_BOUND('',#469,.T.);
#300=FACE_OUTER_BOUND('',#470,.T.);
#301=FACE_OUTER_BOUND('',#471,.T.);
#302=FACE_OUTER_BOUND('',#472,.T.);
#303=FACE_OUTER_BOUND('',#473,.T.);
#304=FACE_OUTER_BOUND('',#474,.T.);
#305=FACE_OUTER_BOUND('',#475,.T.);
#306=FACE_OUTER_BOUND('',#476,.T.);
#307=FACE_OUTER_BOUND('',#477,.T.);
#308=FACE_OUTER_BOUND('',#478,.T.);
#309=FACE_OUTER_BOUND('',#479,.T.);
#310=FACE_OUTER_BOUND('',#480,.T.);
#311=FACE_OUTER_BOUND('',#481,.T.);
#312=FACE_OUTER_BOUND('',#482,.T.);
#313=FACE_OUTER_BOUND('',#483,.T.);
#314=FACE_OUTER_BOUND('',#484,.T.);
#315=FACE_OUTER_BOUND('',#485,.T.);
#316=FACE_OUTER_BOUND('',#486,.T.);
#317=FACE_OUTER_BOUND('',#487,.T.);
#318=FACE_OUTER_BOUND('',#488,.T.);
#319=FACE_OUTER_BOUND('',#489,.T.);
#320=FACE_OUTER_BOUND('',#490,.T.);
#321=FACE_OUTER_BOUND('',#491,.T.);
#322=FACE_OUTER_BOUND('',#492,.T.);
#323=FACE_OUTER_BOUND('',#493,.T.);
#324=FACE_OUTER_BOUND('',#494,.T.);
#325=FACE_OUTER_BOUND('',#495,.T.);
#326=FACE_OUTER_BOUND('',#496,.T.);
#327=FACE_OUTER_BOUND('',#497,.T.);
#328=FACE_OUTER_BOUND('',#498,.T.);
#329=FACE_OUTER_BOUND('',#499,.T.);
#330=FACE_OUTER_BOUND('',#500,.T.);
#331=FACE_OUTER_BOUND('',#501,.T.);
#332=FACE_OUTER_BOUND('',#502,.T.);
#333=FACE_OUTER_BOUND('',#503,.T.);
#334=FACE_OUTER_BOUND('',#504,.T.);
#335=FACE_OUTER_BOUND('',#505,.T.);
#336=FACE_OUTER_BOUND('',#506,.T.);
#337=FACE_OUTER_BOUND('',#507,.T.);
#338=FACE_OUTER_BOUND('',#508,.T.);
#339=FACE_OUTER_BOUND('',#509,.T.);
#340=FACE_OUTER_BOUND('',#510,.T.);
#341=FACE_OUTER_BOUND('',#511,.T.);
#342=FACE_OUTER_BOUND('',#512,.T.);
#343=FACE_OUTER_BOUND('',#513,.T.);
#344=FACE_OUTER_BOUND('',#514,.T.);
#345=FACE_OUTER_BOUND('',#515,.T.);
#346=FACE_OUTER_BOUND('',#516,.T.);
#347=FACE_OUTER_BOUND('',#517,.T.);
#348=FACE_OUTER_BOUND('',#518,.T.);
#349=FACE_OUTER_BOUND('',#519,.T.);
#350=FACE_OUTER_BOUND('',#520,.T.);
#351=FACE_OUTER_BOUND('',#521,.T.);
#352=FACE_OUTER_BOUND('',#522,.T.);
#353=FACE_OUTER_BOUND('',#523,.T.);
#354=FACE_OUTER_BOUND('',#524,.T.);
#355=FACE_OUTER_BOUND('',#525,.T.);
#356=FACE_OUTER_BOUND('',#526,.T.);
#357=FACE_OUTER_BOUND('',#527,.T.);
#358=FACE_OUTER_BOUND('',#528,.T.);
#359=FACE_OUTER_BOUND('',#529,.T.);
#360=FACE_OUTER_BOUND('',#530,.T.);
#361=FACE_OUTER_BOUND('',#531,.T.);
#362=FACE_OUTER_BOUND('',#532,.T.);
#363=FACE_OUTER_BOUND('',#533,.T.);
#364=FACE_OUTER_BOUND('',#534,.T.);
#365=FACE_OUTER_BOUND('',#535,.T.);
#366=FACE_OUTER_BOUND('',#536,.T.);
#367=FACE_OUTER_BOUND('',#537,.T.);
#368=FACE_OUTER_BOUND('',#538,.T.);
#369=FACE_OUTER_BOUND('',#539,.T.);
#370=FACE_OUTER_BOUND('',#540,.T.);
#371=FACE_OUTER_BOUND('',#541,.T.);
#372=FACE_OUTER_BOUND('',#542,.T.);
#373=FACE_OUTER_BOUND('',#543,.T.);
#374=FACE_OUTER_BOUND('',#544,.T.);
#375=FACE_OUTER_BOUND('',#545,.T.);
#376=FACE_OUTER_BOUND('',#546,.T.);
#377=FACE_OUTER_BOUND('',#547,.T.);
#378=FACE_OUTER_BOUND('',#548,.T.);
#379=FACE_OUTER_BOUND('',#549,.T.);
#380=FACE_OUTER_BOUND('',#550,.T.);
#381=FACE_OUTER_BOUND('',#551,.T.);
#382=FACE_OUTER_BOUND('',#552,.T.);
#383=FACE_OUTER_BOUND('',#553,.T.);
#384=FACE_OUTER_BOUND('',#554,.T.);
#385=FACE_OUTER_BOUND('',#555,.T.);
#386=FACE_OUTER_BOUND('',#556,.T.);
#387=FACE_OUTER_BOUND('',#557,.T.);
#388=FACE_OUTER_BOUND('',#558,.T.);
#389=FACE_OUTER_BOUND('',#559,.T.);
#390=FACE_OUTER_BOUND('',#560,.T.);
#391=FACE_OUTER_BOUND('',#561,.T.);
#392=FACE_OUTER_BOUND('',#562,.T.);
#393=FACE_OUTER_BOUND('',#563,.T.);
#394=FACE_OUTER_BOUND('',#564,.T.);
#395=FACE_OUTER_BOUND('',#565,.T.);
#396=FACE_OUTER_BOUND('',#566,.T.);
#397=FACE_OUTER_BOUND('',#567,.T.);
#398=FACE_OUTER_BOUND('',#568,.T.);
#399=FACE_OUTER_BOUND('',#569,.T.);
#400=FACE_OUTER_BOUND('',#570,.T.);
#401=FACE_OUTER_BOUND('',#571,.T.);
#402=FACE_OUTER_BOUND('',#572,.T.);
#403=FACE_OUTER_BOUND('',#573,.T.);
#404=FACE_OUTER_BOUND('',#574,.T.);
#405=FACE_OUTER_BOUND('',#575,.T.);
#406=FACE_OUTER_BOUND('',#576,.T.);
#407=FACE_OUTER_BOUND('',#577,.T.);
#408=FACE_OUTER_BOUND('',#578,.T.);
#409=FACE_OUTER_BOUND('',#579,.T.);
#410=FACE_OUTER_BOUND('',#580,.T.);
#411=FACE_OUTER_BOUND('',#581,.T.);
#412=FACE_OUTER_BOUND('',#582,.T.);
#413=FACE_OUTER_BOUND('',#583,.T.);
#414=FACE_OUTER_BOUND('',#584,.T.);
#415=FACE_OUTER_BOUND('',#585,.T.);
#416=FACE_OUTER_BOUND('',#586,.T.);
#417=FACE_OUTER_BOUND('',#587,.T.);
#418=FACE_OUTER_BOUND('',#588,.T.);
#419=FACE_OUTER_BOUND('',#589,.T.);
#420=FACE_OUTER_BOUND('',#590,.T.);
#421=FACE_OUTER_BOUND('',#591,.T.);
#422=FACE_OUTER_BOUND('',#592,.T.);
#423=FACE_OUTER_BOUND('',#593,.T.);
#424=FACE_OUTER_BOUND('',#594,.T.);
#425=FACE_OUTER_BOUND('',#595,.T.);
#426=FACE_OUTER_BOUND('',#596,.T.);
#427=FACE_OUTER_BOUND('',#597,.T.);
#428=FACE_OUTER_BOUND('',#598,.T.);
#429=FACE_OUTER_BOUND('',#600,.T.);
#430=FACE_OUTER_BOUND('',#601,.T.);
#431=FACE_OUTER_BOUND('',#602,.T.);
#432=FACE_OUTER_BOUND('',#603,.T.);
#433=FACE_OUTER_BOUND('',#604,.T.);
#434=FACE_OUTER_BOUND('',#606,.T.);
#435=EDGE_LOOP('',(#1839,#1840,#1841,#1842,#1843));
#436=EDGE_LOOP('',(#1844));
#437=EDGE_LOOP('',(#1845));
#438=EDGE_LOOP('',(#1846,#1847,#1848,#1849,#1850,#1851));
#439=EDGE_LOOP('',(#1852,#1853,#1854,#1855,#1856));
#440=EDGE_LOOP('',(#1857,#1858,#1859,#1860,#1861,#1862));
#441=EDGE_LOOP('',(#1863,#1864,#1865,#1866,#1867));
#442=EDGE_LOOP('',(#1868));
#443=EDGE_LOOP('',(#1869));
#444=EDGE_LOOP('',(#1870,#1871,#1872,#1873,#1874));
#445=EDGE_LOOP('',(#1875,#1876,#1877,#1878,#1879,#1880));
#446=EDGE_LOOP('',(#1881,#1882,#1883,#1884,#1885,#1886));
#447=EDGE_LOOP('',(#1887,#1888,#1889,#1890,#1891,#1892));
#448=EDGE_LOOP('',(#1893,#1894,#1895,#1896,#1897,#1898));
#449=EDGE_LOOP('',(#1899,#1900,#1901,#1902,#1903,#1904));
#450=EDGE_LOOP('',(#1905,#1906,#1907,#1908,#1909,#1910));
#451=EDGE_LOOP('',(#1911,#1912,#1913,#1914,#1915,#1916));
#452=EDGE_LOOP('',(#1917,#1918,#1919,#1920,#1921,#1922));
#453=EDGE_LOOP('',(#1923,#1924,#1925,#1926,#1927,#1928));
#454=EDGE_LOOP('',(#1929,#1930,#1931,#1932,#1933,#1934));
#455=EDGE_LOOP('',(#1935,#1936,#1937,#1938,#1939,#1940));
#456=EDGE_LOOP('',(#1941,#1942,#1943,#1944,#1945,#1946));
#457=EDGE_LOOP('',(#1947,#1948,#1949,#1950,#1951,#1952));
#458=EDGE_LOOP('',(#1953,#1954,#1955,#1956,#1957,#1958));
#459=EDGE_LOOP('',(#1959,#1960,#1961,#1962,#1963,#1964));
#460=EDGE_LOOP('',(#1965,#1966,#1967,#1968,#1969,#1970));
#461=EDGE_LOOP('',(#1971,#1972,#1973,#1974,#1975,#1976));
#462=EDGE_LOOP('',(#1977,#1978,#1979,#1980,#1981,#1982));
#463=EDGE_LOOP('',(#1983,#1984,#1985,#1986,#1987,#1988));
#464=EDGE_LOOP('',(#1989,#1990,#1991,#1992,#1993,#1994));
#465=EDGE_LOOP('',(#1995,#1996,#1997,#1998,#1999,#2000));
#466=EDGE_LOOP('',(#2001,#2002,#2003,#2004,#2005,#2006));
#467=EDGE_LOOP('',(#2007,#2008,#2009,#2010,#2011,#2012));
#468=EDGE_LOOP('',(#2013,#2014,#2015,#2016,#2017,#2018));
#469=EDGE_LOOP('',(#2019,#2020,#2021,#2022,#2023,#2024));
#470=EDGE_LOOP('',(#2025,#2026,#2027,#2028,#2029,#2030));
#471=EDGE_LOOP('',(#2031,#2032,#2033,#2034,#2035,#2036));
#472=EDGE_LOOP('',(#2037,#2038,#2039,#2040,#2041,#2042));
#473=EDGE_LOOP('',(#2043,#2044,#2045,#2046,#2047,#2048));
#474=EDGE_LOOP('',(#2049,#2050,#2051,#2052,#2053,#2054));
#475=EDGE_LOOP('',(#2055,#2056,#2057,#2058,#2059,#2060));
#476=EDGE_LOOP('',(#2061,#2062,#2063,#2064,#2065,#2066));
#477=EDGE_LOOP('',(#2067,#2068,#2069,#2070,#2071,#2072));
#478=EDGE_LOOP('',(#2073,#2074,#2075,#2076,#2077,#2078));
#479=EDGE_LOOP('',(#2079,#2080,#2081,#2082,#2083,#2084));
#480=EDGE_LOOP('',(#2085,#2086,#2087,#2088,#2089,#2090));
#481=EDGE_LOOP('',(#2091,#2092,#2093,#2094,#2095,#2096));
#482=EDGE_LOOP('',(#2097,#2098,#2099,#2100,#2101,#2102));
#483=EDGE_LOOP('',(#2103,#2104,#2105,#2106,#2107,#2108));
#484=EDGE_LOOP('',(#2109,#2110,#2111,#2112,#2113,#2114));
#485=EDGE_LOOP('',(#2115,#2116,#2117,#2118,#2119,#2120));
#486=EDGE_LOOP('',(#2121,#2122,#2123,#2124,#2125,#2126));
#487=EDGE_LOOP('',(#2127,#2128,#2129,#2130,#2131,#2132));
#488=EDGE_LOOP('',(#2133,#2134,#2135,#2136,#2137,#2138));
#489=EDGE_LOOP('',(#2139,#2140,#2141,#2142,#2143,#2144));
#490=EDGE_LOOP('',(#2145,#2146,#2147,#2148,#2149,#2150));
#491=EDGE_LOOP('',(#2151,#2152,#2153,#2154,#2155,#2156));
#492=EDGE_LOOP('',(#2157,#2158,#2159,#2160,#2161,#2162));
#493=EDGE_LOOP('',(#2163,#2164,#2165,#2166,#2167,#2168));
#494=EDGE_LOOP('',(#2169,#2170,#2171,#2172,#2173,#2174));
#495=EDGE_LOOP('',(#2175,#2176,#2177,#2178,#2179,#2180));
#496=EDGE_LOOP('',(#2181,#2182,#2183,#2184,#2185,#2186));
#497=EDGE_LOOP('',(#2187,#2188,#2189,#2190,#2191,#2192));
#498=EDGE_LOOP('',(#2193,#2194,#2195,#2196,#2197,#2198));
#499=EDGE_LOOP('',(#2199,#2200,#2201,#2202,#2203,#2204));
#500=EDGE_LOOP('',(#2205,#2206,#2207,#2208,#2209,#2210));
#501=EDGE_LOOP('',(#2211,#2212,#2213,#2214,#2215,#2216));
#502=EDGE_LOOP('',(#2217,#2218,#2219,#2220,#2221,#2222));
#503=EDGE_LOOP('',(#2223,#2224,#2225,#2226,#2227,#2228));
#504=EDGE_LOOP('',(#2229,#2230,#2231,#2232,#2233,#2234));
#505=EDGE_LOOP('',(#2235,#2236,#2237,#2238,#2239,#2240));
#506=EDGE_LOOP('',(#2241,#2242,#2243,#2244,#2245,#2246));
#507=EDGE_LOOP('',(#2247,#2248,#2249,#2250,#2251,#2252));
#508=EDGE_LOOP('',(#2253,#2254,#2255,#2256,#2257,#2258));
#509=EDGE_LOOP('',(#2259,#2260,#2261,#2262,#2263,#2264));
#510=EDGE_LOOP('',(#2265,#2266,#2267,#2268,#2269,#2270));
#511=EDGE_LOOP('',(#2271,#2272,#2273,#2274,#2275,#2276));
#512=EDGE_LOOP('',(#2277,#2278,#2279,#2280,#2281,#2282));
#513=EDGE_LOOP('',(#2283,#2284,#2285,#2286,#2287,#2288));
#514=EDGE_LOOP('',(#2289,#2290,#2291,#2292,#2293,#2294));
#515=EDGE_LOOP('',(#2295,#2296,#2297,#2298,#2299,#2300));
#516=EDGE_LOOP('',(#2301,#2302,#2303,#2304,#2305,#2306));
#517=EDGE_LOOP('',(#2307,#2308,#2309,#2310,#2311,#2312));
#518=EDGE_LOOP('',(#2313,#2314,#2315,#2316,#2317,#2318));
#519=EDGE_LOOP('',(#2319,#2320,#2321,#2322,#2323,#2324));
#520=EDGE_LOOP('',(#2325,#2326,#2327,#2328,#2329,#2330));
#521=EDGE_LOOP('',(#2331,#2332,#2333,#2334,#2335,#2336));
#522=EDGE_LOOP('',(#2337,#2338,#2339,#2340,#2341,#2342));
#523=EDGE_LOOP('',(#2343,#2344,#2345,#2346,#2347,#2348));
#524=EDGE_LOOP('',(#2349,#2350,#2351,#2352,#2353,#2354));
#525=EDGE_LOOP('',(#2355,#2356,#2357,#2358,#2359,#2360));
#526=EDGE_LOOP('',(#2361,#2362,#2363,#2364,#2365,#2366));
#527=EDGE_LOOP('',(#2367,#2368,#2369,#2370,#2371,#2372));
#528=EDGE_LOOP('',(#2373,#2374,#2375,#2376,#2377,#2378));
#529=EDGE_LOOP('',(#2379,#2380,#2381,#2382,#2383,#2384));
#530=EDGE_LOOP('',(#2385,#2386,#2387,#2388,#2389,#2390));
#531=EDGE_LOOP('',(#2391,#2392,#2393,#2394,#2395,#2396));
#532=EDGE_LOOP('',(#2397,#2398,#2399,#2400,#2401,#2402));
#533=EDGE_LOOP('',(#2403,#2404,#2405,#2406,#2407,#2408));
#534=EDGE_LOOP('',(#2409,#2410,#2411,#2412,#2413,#2414));
#535=EDGE_LOOP('',(#2415,#2416,#2417,#2418,#2419,#2420));
#536=EDGE_LOOP('',(#2421,#2422,#2423,#2424,#2425,#2426));
#537=EDGE_LOOP('',(#2427,#2428,#2429,#2430,#2431,#2432));
#538=EDGE_LOOP('',(#2433,#2434,#2435,#2436,#2437,#2438));
#539=EDGE_LOOP('',(#2439,#2440,#2441,#2442,#2443,#2444));
#540=EDGE_LOOP('',(#2445,#2446,#2447,#2448,#2449,#2450));
#541=EDGE_LOOP('',(#2451,#2452,#2453,#2454,#2455,#2456));
#542=EDGE_LOOP('',(#2457,#2458,#2459,#2460,#2461,#2462));
#543=EDGE_LOOP('',(#2463,#2464,#2465,#2466,#2467,#2468));
#544=EDGE_LOOP('',(#2469,#2470,#2471,#2472,#2473,#2474));
#545=EDGE_LOOP('',(#2475,#2476,#2477,#2478,#2479,#2480));
#546=EDGE_LOOP('',(#2481,#2482,#2483,#2484,#2485,#2486));
#547=EDGE_LOOP('',(#2487,#2488,#2489,#2490,#2491,#2492));
#548=EDGE_LOOP('',(#2493,#2494,#2495,#2496,#2497,#2498));
#549=EDGE_LOOP('',(#2499,#2500,#2501,#2502,#2503,#2504));
#550=EDGE_LOOP('',(#2505,#2506,#2507,#2508,#2509,#2510));
#551=EDGE_LOOP('',(#2511,#2512,#2513,#2514,#2515,#2516));
#552=EDGE_LOOP('',(#2517,#2518,#2519,#2520,#2521,#2522));
#553=EDGE_LOOP('',(#2523,#2524,#2525,#2526,#2527,#2528));
#554=EDGE_LOOP('',(#2529,#2530,#2531,#2532,#2533,#2534));
#555=EDGE_LOOP('',(#2535,#2536,#2537,#2538,#2539,#2540));
#556=EDGE_LOOP('',(#2541,#2542,#2543,#2544,#2545,#2546));
#557=EDGE_LOOP('',(#2547,#2548,#2549,#2550,#2551,#2552));
#558=EDGE_LOOP('',(#2553,#2554,#2555,#2556,#2557,#2558));
#559=EDGE_LOOP('',(#2559,#2560,#2561,#2562,#2563,#2564));
#560=EDGE_LOOP('',(#2565,#2566,#2567,#2568,#2569,#2570));
#561=EDGE_LOOP('',(#2571,#2572,#2573,#2574,#2575,#2576));
#562=EDGE_LOOP('',(#2577,#2578,#2579,#2580,#2581,#2582));
#563=EDGE_LOOP('',(#2583,#2584,#2585,#2586,#2587,#2588));
#564=EDGE_LOOP('',(#2589,#2590,#2591,#2592,#2593,#2594));
#565=EDGE_LOOP('',(#2595,#2596,#2597,#2598,#2599,#2600));
#566=EDGE_LOOP('',(#2601,#2602,#2603,#2604,#2605,#2606));
#567=EDGE_LOOP('',(#2607,#2608,#2609,#2610,#2611,#2612));
#568=EDGE_LOOP('',(#2613,#2614,#2615,#2616,#2617,#2618));
#569=EDGE_LOOP('',(#2619,#2620,#2621,#2622,#2623,#2624));
#570=EDGE_LOOP('',(#2625,#2626,#2627,#2628,#2629,#2630));
#571=EDGE_LOOP('',(#2631,#2632,#2633,#2634,#2635,#2636));
#572=EDGE_LOOP('',(#2637,#2638,#2639,#2640,#2641,#2642));
#573=EDGE_LOOP('',(#2643,#2644,#2645,#2646,#2647,#2648));
#574=EDGE_LOOP('',(#2649,#2650,#2651,#2652,#2653,#2654));
#575=EDGE_LOOP('',(#2655,#2656,#2657,#2658,#2659,#2660));
#576=EDGE_LOOP('',(#2661,#2662,#2663,#2664,#2665,#2666));
#577=EDGE_LOOP('',(#2667,#2668,#2669,#2670,#2671,#2672));
#578=EDGE_LOOP('',(#2673,#2674,#2675,#2676,#2677,#2678));
#579=EDGE_LOOP('',(#2679,#2680,#2681,#2682,#2683,#2684));
#580=EDGE_LOOP('',(#2685,#2686,#2687,#2688,#2689,#2690));
#581=EDGE_LOOP('',(#2691,#2692,#2693,#2694,#2695,#2696));
#582=EDGE_LOOP('',(#2697,#2698,#2699,#2700,#2701,#2702));
#583=EDGE_LOOP('',(#2703,#2704,#2705,#2706,#2707,#2708));
#584=EDGE_LOOP('',(#2709,#2710,#2711,#2712,#2713,#2714));
#585=EDGE_LOOP('',(#2715,#2716,#2717,#2718,#2719,#2720));
#586=EDGE_LOOP('',(#2721,#2722,#2723,#2724,#2725,#2726));
#587=EDGE_LOOP('',(#2727,#2728,#2729,#2730,#2731,#2732));
#588=EDGE_LOOP('',(#2733,#2734,#2735,#2736,#2737,#2738));
#589=EDGE_LOOP('',(#2739,#2740,#2741,#2742,#2743,#2744));
#590=EDGE_LOOP('',(#2745,#2746,#2747,#2748,#2749,#2750));
#591=EDGE_LOOP('',(#2751,#2752,#2753,#2754,#2755,#2756));
#592=EDGE_LOOP('',(#2757,#2758,#2759,#2760,#2761,#2762));
#593=EDGE_LOOP('',(#2763,#2764,#2765,#2766,#2767,#2768));
#594=EDGE_LOOP('',(#2769,#2770,#2771,#2772,#2773,#2774));
#595=EDGE_LOOP('',(#2775,#2776,#2777,#2778,#2779,#2780));
#596=EDGE_LOOP('',(#2781,#2782,#2783,#2784,#2785,#2786));
#597=EDGE_LOOP('',(#2787,#2788,#2789,#2790,#2791));
#598=EDGE_LOOP('',(#2792));
#599=EDGE_LOOP('',(#2793));
#600=EDGE_LOOP('',(#2794,#2795,#2796,#2797,#2798,#2799));
#601=EDGE_LOOP('',(#2800,#2801,#2802,#2803,#2804));
#602=EDGE_LOOP('',(#2805,#2806,#2807,#2808,#2809,#2810));
#603=EDGE_LOOP('',(#2811,#2812,#2813,#2814,#2815));
#604=EDGE_LOOP('',(#2816));
#605=EDGE_LOOP('',(#2817));
#606=EDGE_LOOP('',(#2818,#2819,#2820,#2821,#2822));
#607=CIRCLE('',#3092,8.95);
#608=CIRCLE('',#3093,1.7);
#609=CIRCLE('',#3094,7.25);
#610=CIRCLE('',#3095,7.25);
#611=CIRCLE('',#3097,12.);
#612=CIRCLE('',#3099,7.25);
#613=CIRCLE('',#3100,7.25);
#614=CIRCLE('',#3102,1.7);
#615=CIRCLE('',#3103,13.7);
#616=CIRCLE('',#3104,13.7);
#617=CIRCLE('',#3106,13.7);
#618=CIRCLE('',#3107,13.7);
#619=CIRCLE('',#3109,1.7);
#620=CIRCLE('',#3110,8.95);
#621=CIRCLE('',#3112,12.);
#622=CIRCLE('',#3114,1.7);
#623=CIRCLE('',#3116,0.5);
#624=CIRCLE('',#3117,0.5);
#625=CIRCLE('',#3118,1.7);
#626=CIRCLE('',#3119,0.499999999999999);
#627=CIRCLE('',#3120,0.499999999999999);
#628=CIRCLE('',#3122,0.500000000000003);
#629=CIRCLE('',#3123,0.500000000000003);
#630=CIRCLE('',#3125,0.499999999999997);
#631=CIRCLE('',#3126,0.499999999999997);
#632=CIRCLE('',#3127,1.7);
#633=CIRCLE('',#3129,0.5);
#634=CIRCLE('',#3130,0.5);
#635=CIRCLE('',#3131,1.7);
#636=CIRCLE('',#3132,0.5);
#637=CIRCLE('',#3133,0.5);
#638=CIRCLE('',#3135,0.5);
#639=CIRCLE('',#3136,0.5);
#640=CIRCLE('',#3138,1.7);
#641=CIRCLE('',#3139,0.5);
#642=CIRCLE('',#3140,0.5);
#643=CIRCLE('',#3142,0.499999999999999);
#644=CIRCLE('',#3143,0.499999999999999);
#645=CIRCLE('',#3145,0.5);
#646=CIRCLE('',#3146,0.5);
#647=CIRCLE('',#3147,1.7);
#648=CIRCLE('',#3148,0.499999999999999);
#649=CIRCLE('',#3149,0.499999999999999);
#650=CIRCLE('',#3151,0.500000000000003);
#651=CIRCLE('',#3152,0.500000000000003);
#652=CIRCLE('',#3154,0.499999999999997);
#653=CIRCLE('',#3155,0.499999999999997);
#654=CIRCLE('',#3156,1.69999999999999);
#655=CIRCLE('',#3159,0.5);
#656=CIRCLE('',#3160,0.5);
#657=CIRCLE('',#3162,0.5);
#658=CIRCLE('',#3163,0.5);
#659=CIRCLE('',#3165,0.5);
#660=CIRCLE('',#3166,1.7);
#661=CIRCLE('',#3167,0.5);
#662=CIRCLE('',#3169,0.5);
#663=CIRCLE('',#3170,0.5);
#664=CIRCLE('',#3172,1.7);
#665=CIRCLE('',#3174,0.5);
#666=CIRCLE('',#3175,0.5);
#667=CIRCLE('',#3176,1.7);
#668=CIRCLE('',#3177,0.5);
#669=CIRCLE('',#3178,0.5);
#670=CIRCLE('',#3180,0.5);
#671=CIRCLE('',#3181,0.5);
#672=CIRCLE('',#3183,1.7);
#673=CIRCLE('',#3184,0.5);
#674=CIRCLE('',#3185,0.5);
#675=CIRCLE('',#3188,0.5);
#676=CIRCLE('',#3189,0.5);
#677=CIRCLE('',#3190,1.7);
#678=CIRCLE('',#3191,0.499999999999999);
#679=CIRCLE('',#3192,0.499999999999999);
#680=CIRCLE('',#3194,0.500000000000003);
#681=CIRCLE('',#3195,0.500000000000003);
#682=CIRCLE('',#3197,0.499999999999997);
#683=CIRCLE('',#3198,0.499999999999997);
#684=CIRCLE('',#3199,1.7);
#685=CIRCLE('',#3201,0.5);
#686=CIRCLE('',#3202,0.5);
#687=CIRCLE('',#3203,1.7);
#688=CIRCLE('',#3204,0.499999999999999);
#689=CIRCLE('',#3205,0.499999999999999);
#690=CIRCLE('',#3207,0.500000000000003);
#691=CIRCLE('',#3208,0.500000000000003);
#692=CIRCLE('',#3210,0.499999999999997);
#693=CIRCLE('',#3211,0.499999999999997);
#694=CIRCLE('',#3212,1.69999999999999);
#695=CIRCLE('',#3215,0.5);
#696=CIRCLE('',#3216,0.5);
#697=CIRCLE('',#3217,1.7);
#698=CIRCLE('',#3218,0.5);
#699=CIRCLE('',#3219,0.5);
#700=CIRCLE('',#3221,0.5);
#701=CIRCLE('',#3222,0.5);
#702=CIRCLE('',#3224,1.7);
#703=CIRCLE('',#3225,0.5);
#704=CIRCLE('',#3226,0.5);
#705=CIRCLE('',#3230,0.5);
#706=CIRCLE('',#3231,0.5);
#707=CIRCLE('',#3233,0.5);
#708=CIRCLE('',#3234,1.7);
#709=CIRCLE('',#3235,0.5);
#710=CIRCLE('',#3237,0.5);
#711=CIRCLE('',#3238,0.5);
#712=CIRCLE('',#3240,0.5);
#713=CIRCLE('',#3241,0.5);
#714=CIRCLE('',#3242,1.7);
#715=CIRCLE('',#3244,0.5);
#716=CIRCLE('',#3245,0.5);
#717=CIRCLE('',#3246,1.7);
#718=CIRCLE('',#3247,0.499999999999999);
#719=CIRCLE('',#3248,0.499999999999999);
#720=CIRCLE('',#3250,0.500000000000003);
#721=CIRCLE('',#3251,0.500000000000003);
#722=CIRCLE('',#3253,0.499999999999997);
#723=CIRCLE('',#3254,0.499999999999997);
#724=CIRCLE('',#3255,1.7);
#725=CIRCLE('',#3257,0.5);
#726=CIRCLE('',#3258,0.5);
#727=CIRCLE('',#3259,1.7);
#728=CIRCLE('',#3260,0.499999999999999);
#729=CIRCLE('',#3261,0.499999999999999);
#730=CIRCLE('',#3263,0.500000000000003);
#731=CIRCLE('',#3264,0.500000000000003);
#732=CIRCLE('',#3266,0.499999999999997);
#733=CIRCLE('',#3267,0.499999999999997);
#734=CIRCLE('',#3268,1.7);
#735=CIRCLE('',#3271,0.5);
#736=CIRCLE('',#3272,0.5);
#737=CIRCLE('',#3273,1.7);
#738=CIRCLE('',#3274,0.5);
#739=CIRCLE('',#3275,0.5);
#740=CIRCLE('',#3277,0.5);
#741=CIRCLE('',#3278,0.5);
#742=CIRCLE('',#3280,1.7);
#743=CIRCLE('',#3281,0.5);
#744=CIRCLE('',#3282,0.5);
#745=CIRCLE('',#3286,0.5);
#746=CIRCLE('',#3287,0.5);
#747=CIRCLE('',#3288,1.7);
#748=CIRCLE('',#3289,0.5);
#749=CIRCLE('',#3290,0.5);
#750=CIRCLE('',#3292,0.5);
#751=CIRCLE('',#3293,0.5);
#752=CIRCLE('',#3295,1.7);
#753=CIRCLE('',#3296,0.5);
#754=CIRCLE('',#3297,0.5);
#755=CIRCLE('',#3300,0.5);
#756=CIRCLE('',#3301,0.5);
#757=CIRCLE('',#3302,1.7);
#758=CIRCLE('',#3303,0.499999999999999);
#759=CIRCLE('',#3304,0.499999999999999);
#760=CIRCLE('',#3306,0.500000000000003);
#761=CIRCLE('',#3307,0.500000000000003);
#762=CIRCLE('',#3309,0.499999999999997);
#763=CIRCLE('',#3310,0.499999999999997);
#764=CIRCLE('',#3311,1.7);
#765=CIRCLE('',#3313,0.5);
#766=CIRCLE('',#3314,0.5);
#767=CIRCLE('',#3315,1.7);
#768=CIRCLE('',#3316,0.499999999999999);
#769=CIRCLE('',#3317,0.499999999999999);
#770=CIRCLE('',#3319,0.500000000000003);
#771=CIRCLE('',#3320,0.500000000000003);
#772=CIRCLE('',#3322,0.499999999999997);
#773=CIRCLE('',#3323,0.499999999999997);
#774=CIRCLE('',#3324,1.69999999999999);
#775=CIRCLE('',#3327,0.5);
#776=CIRCLE('',#3328,0.5);
#777=CIRCLE('',#3330,0.5);
#778=CIRCLE('',#3331,0.5);
#779=CIRCLE('',#3333,0.5);
#780=CIRCLE('',#3334,1.7);
#781=CIRCLE('',#3335,0.5);
#782=CIRCLE('',#3337,0.5);
#783=CIRCLE('',#3338,0.5);
#784=CIRCLE('',#3340,1.7);
#785=CIRCLE('',#3342,0.499999999999997);
#786=CIRCLE('',#3343,0.499999999999997);
#787=CIRCLE('',#3344,1.7);
#788=CIRCLE('',#3345,0.500000000000003);
#789=CIRCLE('',#3346,0.500000000000003);
#790=CIRCLE('',#3348,0.5);
#791=CIRCLE('',#3349,0.5);
#792=CIRCLE('',#3351,1.7);
#793=CIRCLE('',#3352,0.499999999999999);
#794=CIRCLE('',#3353,0.499999999999999);
#795=CIRCLE('',#3355,0.499999999999997);
#796=CIRCLE('',#3356,0.499999999999997);
#797=CIRCLE('',#3357,1.69999999999999);
#798=CIRCLE('',#3358,0.500000000000003);
#799=CIRCLE('',#3359,0.500000000000003);
#800=CIRCLE('',#3361,0.5);
#801=CIRCLE('',#3362,0.5);
#802=CIRCLE('',#3364,1.7);
#803=CIRCLE('',#3365,0.499999999999999);
#804=CIRCLE('',#3366,0.499999999999999);
#805=CIRCLE('',#3368,0.5);
#806=CIRCLE('',#3369,0.5);
#807=CIRCLE('',#3370,1.7);
#808=CIRCLE('',#3371,0.5);
#809=CIRCLE('',#3372,0.5);
#810=CIRCLE('',#3374,0.5);
#811=CIRCLE('',#3375,0.5);
#812=CIRCLE('',#3377,1.7);
#813=CIRCLE('',#3378,0.5);
#814=CIRCLE('',#3379,0.5);
#815=CIRCLE('',#3383,0.5);
#816=CIRCLE('',#3384,0.5);
#817=CIRCLE('',#3386,0.5);
#818=CIRCLE('',#3387,1.7);
#819=CIRCLE('',#3388,0.5);
#820=CIRCLE('',#3389,0.5);
#821=CIRCLE('',#3390,0.5);
#822=CIRCLE('',#3392,0.5);
#823=CIRCLE('',#3393,0.5);
#824=CIRCLE('',#3395,1.7);
#825=CIRCLE('',#3397,0.499999999999997);
#826=CIRCLE('',#3398,0.499999999999997);
#827=CIRCLE('',#3399,1.69999999999999);
#828=CIRCLE('',#3400,0.500000000000003);
#829=CIRCLE('',#3401,0.500000000000003);
#830=CIRCLE('',#3403,0.5);
#831=CIRCLE('',#3404,0.5);
#832=CIRCLE('',#3406,1.7);
#833=CIRCLE('',#3407,0.499999999999999);
#834=CIRCLE('',#3408,0.499999999999999);
#835=CIRCLE('',#3410,0.499999999999997);
#836=CIRCLE('',#3411,0.499999999999997);
#837=CIRCLE('',#3412,1.69999999999999);
#838=CIRCLE('',#3413,0.500000000000003);
#839=CIRCLE('',#3414,0.500000000000003);
#840=CIRCLE('',#3416,0.5);
#841=CIRCLE('',#3417,0.5);
#842=CIRCLE('',#3419,1.7);
#843=CIRCLE('',#3420,0.499999999999999);
#844=CIRCLE('',#3421,0.499999999999999);
#845=CIRCLE('',#3423,0.5);
#846=CIRCLE('',#3424,0.5);
#847=CIRCLE('',#3425,1.7);
#848=CIRCLE('',#3426,0.5);
#849=CIRCLE('',#3427,0.5);
#850=CIRCLE('',#3429,0.5);
#851=CIRCLE('',#3430,0.5);
#852=CIRCLE('',#3432,1.7);
#853=CIRCLE('',#3433,0.5);
#854=CIRCLE('',#3434,0.5);
#855=CIRCLE('',#3438,0.5);
#856=CIRCLE('',#3439,0.5);
#857=CIRCLE('',#3440,1.7);
#858=CIRCLE('',#3441,0.5);
#859=CIRCLE('',#3442,0.5);
#860=CIRCLE('',#3444,0.5);
#861=CIRCLE('',#3445,0.5);
#862=CIRCLE('',#3447,1.7);
#863=CIRCLE('',#3448,0.5);
#864=CIRCLE('',#3449,0.5);
#865=CIRCLE('',#3453,0.5);
#866=CIRCLE('',#3454,0.5);
#867=CIRCLE('',#3455,1.7);
#868=CIRCLE('',#3456,0.5);
#869=CIRCLE('',#3457,0.5);
#870=CIRCLE('',#3459,0.5);
#871=CIRCLE('',#3460,0.5);
#872=CIRCLE('',#3462,1.7);
#873=CIRCLE('',#3463,0.5);
#874=CIRCLE('',#3464,0.5);
#875=CIRCLE('',#3467,0.499999999999997);
#876=CIRCLE('',#3468,0.499999999999997);
#877=CIRCLE('',#3469,1.69999999999999);
#878=CIRCLE('',#3470,0.500000000000003);
#879=CIRCLE('',#3471,0.500000000000003);
#880=CIRCLE('',#3473,0.5);
#881=CIRCLE('',#3474,0.5);
#882=CIRCLE('',#3476,1.7);
#883=CIRCLE('',#3477,0.499999999999999);
#884=CIRCLE('',#3478,0.499999999999999);
#885=CIRCLE('',#3480,0.499999999999997);
#886=CIRCLE('',#3481,0.499999999999997);
#887=CIRCLE('',#3483,1.7);
#888=CIRCLE('',#3484,0.500000000000003);
#889=CIRCLE('',#3485,0.500000000000003);
#890=CIRCLE('',#3487,0.5);
#891=CIRCLE('',#3488,0.5);
#892=CIRCLE('',#3490,1.7);
#893=CIRCLE('',#3491,0.499999999999999);
#894=CIRCLE('',#3492,0.499999999999999);
#895=CIRCLE('',#3494,0.5);
#896=CIRCLE('',#3495,0.5);
#897=CIRCLE('',#3496,1.7);
#898=CIRCLE('',#3497,0.5);
#899=CIRCLE('',#3498,0.5);
#900=CIRCLE('',#3500,0.5);
#901=CIRCLE('',#3501,0.5);
#902=CIRCLE('',#3503,1.7);
#903=CIRCLE('',#3504,0.5);
#904=CIRCLE('',#3505,0.5);
#905=CIRCLE('',#3509,0.5);
#906=CIRCLE('',#3510,0.5);
#907=CIRCLE('',#3511,1.7);
#908=CIRCLE('',#3513,0.500000000000003);
#909=CIRCLE('',#3514,0.500000000000003);
#910=CIRCLE('',#3516,0.499999999999997);
#911=CIRCLE('',#3517,0.499999999999997);
#912=CIRCLE('',#3518,1.7);
#913=CIRCLE('',#3520,0.5);
#914=CIRCLE('',#3521,0.5);
#915=CIRCLE('',#3522,1.7);
#916=CIRCLE('',#3523,0.5);
#917=CIRCLE('',#3524,0.5);
#918=CIRCLE('',#3526,0.5);
#919=CIRCLE('',#3527,0.5);
#920=CIRCLE('',#3529,1.7);
#921=CIRCLE('',#3530,0.5);
#922=CIRCLE('',#3531,0.5);
#923=CIRCLE('',#3534,0.5);
#924=CIRCLE('',#3535,0.5);
#925=CIRCLE('',#3536,1.7);
#926=CIRCLE('',#3537,0.5);
#927=CIRCLE('',#3538,0.5);
#928=CIRCLE('',#3540,0.5);
#929=CIRCLE('',#3541,0.5);
#930=CIRCLE('',#3543,1.7);
#931=CIRCLE('',#3544,0.5);
#932=CIRCLE('',#3545,0.5);
#933=CIRCLE('',#3548,0.5);
#934=CIRCLE('',#3549,0.5);
#935=CIRCLE('',#3550,1.7);
#936=CIRCLE('',#3551,0.499999999999999);
#937=CIRCLE('',#3552,0.499999999999999);
#938=CIRCLE('',#3554,0.500000000000003);
#939=CIRCLE('',#3555,0.500000000000003);
#940=CIRCLE('',#3557,0.499999999999997);
#941=CIRCLE('',#3558,0.499999999999997);
#942=CIRCLE('',#3559,1.69999999999999);
#943=CIRCLE('',#3562,0.5);
#944=CIRCLE('',#3563,0.5);
#945=CIRCLE('',#3564,1.7);
#946=CIRCLE('',#3565,0.499999999999999);
#947=CIRCLE('',#3566,0.499999999999999);
#948=CIRCLE('',#3568,0.500000000000003);
#949=CIRCLE('',#3569,0.500000000000003);
#950=CIRCLE('',#3571,0.499999999999997);
#951=CIRCLE('',#3572,0.499999999999997);
#952=CIRCLE('',#3573,1.7);
#953=CIRCLE('',#3576,0.5);
#954=CIRCLE('',#3577,0.5);
#955=CIRCLE('',#3579,0.5);
#956=CIRCLE('',#3580,0.5);
#957=CIRCLE('',#3582,0.5);
#958=CIRCLE('',#3583,1.7);
#959=CIRCLE('',#3584,0.5);
#960=CIRCLE('',#3586,0.5);
#961=CIRCLE('',#3587,0.5);
#962=CIRCLE('',#3589,1.7);
#963=CIRCLE('',#3591,0.5);
#964=CIRCLE('',#3592,0.5);
#965=CIRCLE('',#3594,0.5);
#966=CIRCLE('',#3595,1.7);
#967=CIRCLE('',#3596,0.5);
#968=CIRCLE('',#3598,0.5);
#969=CIRCLE('',#3599,0.5);
#970=CIRCLE('',#3601,0.5);
#971=CIRCLE('',#3602,0.5);
#972=CIRCLE('',#3603,1.7);
#973=CIRCLE('',#3605,0.5);
#974=CIRCLE('',#3606,0.5);
#975=CIRCLE('',#3607,1.7);
#976=CIRCLE('',#3608,0.499999999999999);
#977=CIRCLE('',#3609,0.499999999999999);
#978=CIRCLE('',#3611,0.500000000000003);
#979=CIRCLE('',#3612,0.500000000000003);
#980=CIRCLE('',#3614,0.499999999999997);
#981=CIRCLE('',#3615,0.499999999999997);
#982=CIRCLE('',#3616,1.69999999999999);
#983=CIRCLE('',#3619,0.5);
#984=CIRCLE('',#3620,0.5);
#985=CIRCLE('',#3621,1.7);
#986=CIRCLE('',#3622,0.499999999999999);
#987=CIRCLE('',#3623,0.499999999999999);
#988=CIRCLE('',#3625,0.500000000000003);
#989=CIRCLE('',#3626,0.500000000000003);
#990=CIRCLE('',#3628,0.499999999999997);
#991=CIRCLE('',#3629,0.499999999999997);
#992=CIRCLE('',#3630,1.69999999999999);
#993=CIRCLE('',#3633,0.5);
#994=CIRCLE('',#3634,0.5);
#995=CIRCLE('',#3635,1.7);
#996=CIRCLE('',#3636,0.5);
#997=CIRCLE('',#3637,0.5);
#998=CIRCLE('',#3639,0.5);
#999=CIRCLE('',#3640,0.5);
#1000=CIRCLE('',#3642,1.7);
#1001=CIRCLE('',#3643,0.5);
#1002=CIRCLE('',#3644,0.5);
#1003=CIRCLE('',#3648,8.95);
#1004=CIRCLE('',#3649,1.7);
#1005=CIRCLE('',#3650,7.25);
#1006=CIRCLE('',#3651,7.25);
#1007=CIRCLE('',#3653,12.);
#1008=CIRCLE('',#3655,7.25);
#1009=CIRCLE('',#3656,7.25);
#1010=CIRCLE('',#3658,1.7);
#1011=CIRCLE('',#3659,13.7);
#1012=CIRCLE('',#3660,13.7);
#1013=CIRCLE('',#3662,13.7);
#1014=CIRCLE('',#3663,13.7);
#1015=CIRCLE('',#3665,1.7);
#1016=CIRCLE('',#3666,8.95);
#1017=CIRCLE('',#3668,12.);
#1018=CIRCLE('',#3670,1.7);
#1019=VERTEX_POINT('',#4915);
#1020=VERTEX_POINT('',#4917);
#1021=VERTEX_POINT('',#4919);
#1022=VERTEX_POINT('',#4923);
#1023=VERTEX_POINT('',#4926);
#1024=VERTEX_POINT('',#4928);
#1025=VERTEX_POINT('',#4932);
#1026=VERTEX_POINT('',#4934);
#1027=VERTEX_POINT('',#4938);
#1028=VERTEX_POINT('',#4940);
#1029=VERTEX_POINT('',#4944);
#1030=VERTEX_POINT('',#4948);
#1031=VERTEX_POINT('',#4953);
#1032=VERTEX_POINT('',#4954);
#1033=VERTEX_POINT('',#4957);
#1034=VERTEX_POINT('',#4959);
#1035=VERTEX_POINT('',#4963);
#1036=VERTEX_POINT('',#4964);
#1037=VERTEX_POINT('',#4969);
#1038=VERTEX_POINT('',#4970);
#1039=VERTEX_POINT('',#4975);
#1040=VERTEX_POINT('',#4976);
#1041=VERTEX_POINT('',#4979);
#1042=VERTEX_POINT('',#4981);
#1043=VERTEX_POINT('',#4985);
#1044=VERTEX_POINT('',#4987);
#1045=VERTEX_POINT('',#4991);
#1046=VERTEX_POINT('',#4993);
#1047=VERTEX_POINT('',#4997);
#1048=VERTEX_POINT('',#4998);
#1049=VERTEX_POINT('',#5003);
#1050=VERTEX_POINT('',#5004);
#1051=VERTEX_POINT('',#5007);
#1052=VERTEX_POINT('',#5009);
#1053=VERTEX_POINT('',#5013);
#1054=VERTEX_POINT('',#5014);
#1055=VERTEX_POINT('',#5019);
#1056=VERTEX_POINT('',#5020);
#1057=VERTEX_POINT('',#5027);
#1058=VERTEX_POINT('',#5029);
#1059=VERTEX_POINT('',#5033);
#1060=VERTEX_POINT('',#5035);
#1061=VERTEX_POINT('',#5039);
#1062=VERTEX_POINT('',#5040);
#1063=VERTEX_POINT('',#5045);
#1064=VERTEX_POINT('',#5046);
#1065=VERTEX_POINT('',#5053);
#1066=VERTEX_POINT('',#5054);
#1067=VERTEX_POINT('',#5057);
#1068=VERTEX_POINT('',#5059);
#1069=VERTEX_POINT('',#5063);
#1070=VERTEX_POINT('',#5065);
#1071=VERTEX_POINT('',#5069);
#1072=VERTEX_POINT('',#5071);
#1073=VERTEX_POINT('',#5077);
#1074=VERTEX_POINT('',#5078);
#1075=VERTEX_POINT('',#5081);
#1076=VERTEX_POINT('',#5083);
#1077=VERTEX_POINT('',#5087);
#1078=VERTEX_POINT('',#5088);
#1079=VERTEX_POINT('',#5093);
#1080=VERTEX_POINT('',#5094);
#1081=VERTEX_POINT('',#5099);
#1082=VERTEX_POINT('',#5100);
#1083=VERTEX_POINT('',#5103);
#1084=VERTEX_POINT('',#5105);
#1085=VERTEX_POINT('',#5109);
#1086=VERTEX_POINT('',#5110);
#1087=VERTEX_POINT('',#5115);
#1088=VERTEX_POINT('',#5116);
#1089=VERTEX_POINT('',#5123);
#1090=VERTEX_POINT('',#5124);
#1091=VERTEX_POINT('',#5127);
#1092=VERTEX_POINT('',#5129);
#1093=VERTEX_POINT('',#5133);
#1094=VERTEX_POINT('',#5135);
#1095=VERTEX_POINT('',#5139);
#1096=VERTEX_POINT('',#5141);
#1097=VERTEX_POINT('',#5149);
#1098=VERTEX_POINT('',#5151);
#1099=VERTEX_POINT('',#5155);
#1100=VERTEX_POINT('',#5156);
#1101=VERTEX_POINT('',#5161);
#1102=VERTEX_POINT('',#5162);
#1103=VERTEX_POINT('',#5167);
#1104=VERTEX_POINT('',#5168);
#1105=VERTEX_POINT('',#5173);
#1106=VERTEX_POINT('',#5174);
#1107=VERTEX_POINT('',#5177);
#1108=VERTEX_POINT('',#5179);
#1109=VERTEX_POINT('',#5183);
#1110=VERTEX_POINT('',#5184);
#1111=VERTEX_POINT('',#5189);
#1112=VERTEX_POINT('',#5190);
#1113=VERTEX_POINT('',#5195);
#1114=VERTEX_POINT('',#5196);
#1115=VERTEX_POINT('',#5199);
#1116=VERTEX_POINT('',#5201);
#1117=VERTEX_POINT('',#5205);
#1118=VERTEX_POINT('',#5206);
#1119=VERTEX_POINT('',#5211);
#1120=VERTEX_POINT('',#5212);
#1121=VERTEX_POINT('',#5219);
#1122=VERTEX_POINT('',#5220);
#1123=VERTEX_POINT('',#5223);
#1124=VERTEX_POINT('',#5225);
#1125=VERTEX_POINT('',#5229);
#1126=VERTEX_POINT('',#5231);
#1127=VERTEX_POINT('',#5235);
#1128=VERTEX_POINT('',#5237);
#1129=VERTEX_POINT('',#5245);
#1130=VERTEX_POINT('',#5246);
#1131=VERTEX_POINT('',#5249);
#1132=VERTEX_POINT('',#5251);
#1133=VERTEX_POINT('',#5255);
#1134=VERTEX_POINT('',#5257);
#1135=VERTEX_POINT('',#5261);
#1136=VERTEX_POINT('',#5263);
#1137=VERTEX_POINT('',#5269);
#1138=VERTEX_POINT('',#5270);
#1139=VERTEX_POINT('',#5273);
#1140=VERTEX_POINT('',#5275);
#1141=VERTEX_POINT('',#5279);
#1142=VERTEX_POINT('',#5280);
#1143=VERTEX_POINT('',#5285);
#1144=VERTEX_POINT('',#5286);
#1145=VERTEX_POINT('',#5291);
#1146=VERTEX_POINT('',#5292);
#1147=VERTEX_POINT('',#5295);
#1148=VERTEX_POINT('',#5297);
#1149=VERTEX_POINT('',#5301);
#1150=VERTEX_POINT('',#5302);
#1151=VERTEX_POINT('',#5307);
#1152=VERTEX_POINT('',#5308);
#1153=VERTEX_POINT('',#5315);
#1154=VERTEX_POINT('',#5317);
#1155=VERTEX_POINT('',#5321);
#1156=VERTEX_POINT('',#5323);
#1157=VERTEX_POINT('',#5327);
#1158=VERTEX_POINT('',#5328);
#1159=VERTEX_POINT('',#5333);
#1160=VERTEX_POINT('',#5334);
#1161=VERTEX_POINT('',#5341);
#1162=VERTEX_POINT('',#5342);
#1163=VERTEX_POINT('',#5345);
#1164=VERTEX_POINT('',#5347);
#1165=VERTEX_POINT('',#5351);
#1166=VERTEX_POINT('',#5353);
#1167=VERTEX_POINT('',#5357);
#1168=VERTEX_POINT('',#5359);
#1169=VERTEX_POINT('',#5363);
#1170=VERTEX_POINT('',#5364);
#1171=VERTEX_POINT('',#5367);
#1172=VERTEX_POINT('',#5369);
#1173=VERTEX_POINT('',#5373);
#1174=VERTEX_POINT('',#5375);
#1175=VERTEX_POINT('',#5379);
#1176=VERTEX_POINT('',#5381);
#1177=VERTEX_POINT('',#5385);
#1178=VERTEX_POINT('',#5386);
#1179=VERTEX_POINT('',#5389);
#1180=VERTEX_POINT('',#5391);
#1181=VERTEX_POINT('',#5395);
#1182=VERTEX_POINT('',#5397);
#1183=VERTEX_POINT('',#5401);
#1184=VERTEX_POINT('',#5403);
#1185=VERTEX_POINT('',#5411);
#1186=VERTEX_POINT('',#5413);
#1187=VERTEX_POINT('',#5417);
#1188=VERTEX_POINT('',#5418);
#1189=VERTEX_POINT('',#5420);
#1190=VERTEX_POINT('',#5422);
#1191=VERTEX_POINT('',#5427);
#1192=VERTEX_POINT('',#5428);
#1193=VERTEX_POINT('',#5435);
#1194=VERTEX_POINT('',#5436);
#1195=VERTEX_POINT('',#5439);
#1196=VERTEX_POINT('',#5441);
#1197=VERTEX_POINT('',#5445);
#1198=VERTEX_POINT('',#5447);
#1199=VERTEX_POINT('',#5451);
#1200=VERTEX_POINT('',#5453);
#1201=VERTEX_POINT('',#5457);
#1202=VERTEX_POINT('',#5458);
#1203=VERTEX_POINT('',#5461);
#1204=VERTEX_POINT('',#5463);
#1205=VERTEX_POINT('',#5467);
#1206=VERTEX_POINT('',#5469);
#1207=VERTEX_POINT('',#5473);
#1208=VERTEX_POINT('',#5475);
#1209=VERTEX_POINT('',#5479);
#1210=VERTEX_POINT('',#5480);
#1211=VERTEX_POINT('',#5483);
#1212=VERTEX_POINT('',#5485);
#1213=VERTEX_POINT('',#5489);
#1214=VERTEX_POINT('',#5491);
#1215=VERTEX_POINT('',#5495);
#1216=VERTEX_POINT('',#5497);
#1217=VERTEX_POINT('',#5505);
#1218=VERTEX_POINT('',#5506);
#1219=VERTEX_POINT('',#5509);
#1220=VERTEX_POINT('',#5511);
#1221=VERTEX_POINT('',#5515);
#1222=VERTEX_POINT('',#5517);
#1223=VERTEX_POINT('',#5521);
#1224=VERTEX_POINT('',#5523);
#1225=VERTEX_POINT('',#5531);
#1226=VERTEX_POINT('',#5532);
#1227=VERTEX_POINT('',#5535);
#1228=VERTEX_POINT('',#5537);
#1229=VERTEX_POINT('',#5541);
#1230=VERTEX_POINT('',#5543);
#1231=VERTEX_POINT('',#5547);
#1232=VERTEX_POINT('',#5549);
#1233=VERTEX_POINT('',#5555);
#1234=VERTEX_POINT('',#5556);
#1235=VERTEX_POINT('',#5559);
#1236=VERTEX_POINT('',#5561);
#1237=VERTEX_POINT('',#5565);
#1238=VERTEX_POINT('',#5567);
#1239=VERTEX_POINT('',#5571);
#1240=VERTEX_POINT('',#5573);
#1241=VERTEX_POINT('',#5577);
#1242=VERTEX_POINT('',#5578);
#1243=VERTEX_POINT('',#5583);
#1244=VERTEX_POINT('',#5585);
#1245=VERTEX_POINT('',#5589);
#1246=VERTEX_POINT('',#5591);
#1247=VERTEX_POINT('',#5595);
#1248=VERTEX_POINT('',#5597);
#1249=VERTEX_POINT('',#5601);
#1250=VERTEX_POINT('',#5602);
#1251=VERTEX_POINT('',#5605);
#1252=VERTEX_POINT('',#5607);
#1253=VERTEX_POINT('',#5611);
#1254=VERTEX_POINT('',#5613);
#1255=VERTEX_POINT('',#5617);
#1256=VERTEX_POINT('',#5619);
#1257=VERTEX_POINT('',#5627);
#1258=VERTEX_POINT('',#5628);
#1259=VERTEX_POINT('',#5633);
#1260=VERTEX_POINT('',#5634);
#1261=VERTEX_POINT('',#5639);
#1262=VERTEX_POINT('',#5640);
#1263=VERTEX_POINT('',#5645);
#1264=VERTEX_POINT('',#5646);
#1265=VERTEX_POINT('',#5649);
#1266=VERTEX_POINT('',#5651);
#1267=VERTEX_POINT('',#5655);
#1268=VERTEX_POINT('',#5657);
#1269=VERTEX_POINT('',#5661);
#1270=VERTEX_POINT('',#5663);
#1271=VERTEX_POINT('',#5669);
#1272=VERTEX_POINT('',#5670);
#1273=VERTEX_POINT('',#5673);
#1274=VERTEX_POINT('',#5675);
#1275=VERTEX_POINT('',#5679);
#1276=VERTEX_POINT('',#5681);
#1277=VERTEX_POINT('',#5685);
#1278=VERTEX_POINT('',#5687);
#1279=VERTEX_POINT('',#5693);
#1280=VERTEX_POINT('',#5694);
#1281=VERTEX_POINT('',#5697);
#1282=VERTEX_POINT('',#5699);
#1283=VERTEX_POINT('',#5703);
#1284=VERTEX_POINT('',#5704);
#1285=VERTEX_POINT('',#5709);
#1286=VERTEX_POINT('',#5710);
#1287=VERTEX_POINT('',#5717);
#1288=VERTEX_POINT('',#5718);
#1289=VERTEX_POINT('',#5721);
#1290=VERTEX_POINT('',#5723);
#1291=VERTEX_POINT('',#5727);
#1292=VERTEX_POINT('',#5728);
#1293=VERTEX_POINT('',#5733);
#1294=VERTEX_POINT('',#5734);
#1295=VERTEX_POINT('',#5741);
#1296=VERTEX_POINT('',#5743);
#1297=VERTEX_POINT('',#5747);
#1298=VERTEX_POINT('',#5749);
#1299=VERTEX_POINT('',#5753);
#1300=VERTEX_POINT('',#5754);
#1301=VERTEX_POINT('',#5759);
#1302=VERTEX_POINT('',#5760);
#1303=VERTEX_POINT('',#5767);
#1304=VERTEX_POINT('',#5769);
#1305=VERTEX_POINT('',#5773);
#1306=VERTEX_POINT('',#5774);
#1307=VERTEX_POINT('',#5779);
#1308=VERTEX_POINT('',#5780);
#1309=VERTEX_POINT('',#5785);
#1310=VERTEX_POINT('',#5786);
#1311=VERTEX_POINT('',#5791);
#1312=VERTEX_POINT('',#5792);
#1313=VERTEX_POINT('',#5795);
#1314=VERTEX_POINT('',#5797);
#1315=VERTEX_POINT('',#5801);
#1316=VERTEX_POINT('',#5802);
#1317=VERTEX_POINT('',#5807);
#1318=VERTEX_POINT('',#5808);
#1319=VERTEX_POINT('',#5815);
#1320=VERTEX_POINT('',#5816);
#1321=VERTEX_POINT('',#5819);
#1322=VERTEX_POINT('',#5821);
#1323=VERTEX_POINT('',#5825);
#1324=VERTEX_POINT('',#5826);
#1325=VERTEX_POINT('',#5831);
#1326=VERTEX_POINT('',#5832);
#1327=VERTEX_POINT('',#5839);
#1328=VERTEX_POINT('',#5840);
#1329=VERTEX_POINT('',#5843);
#1330=VERTEX_POINT('',#5845);
#1331=VERTEX_POINT('',#5849);
#1332=VERTEX_POINT('',#5851);
#1333=VERTEX_POINT('',#5855);
#1334=VERTEX_POINT('',#5857);
#1335=VERTEX_POINT('',#5865);
#1336=VERTEX_POINT('',#5867);
#1337=VERTEX_POINT('',#5869);
#1338=VERTEX_POINT('',#5873);
#1339=VERTEX_POINT('',#5876);
#1340=VERTEX_POINT('',#5878);
#1341=VERTEX_POINT('',#5882);
#1342=VERTEX_POINT('',#5884);
#1343=VERTEX_POINT('',#5888);
#1344=VERTEX_POINT('',#5890);
#1345=VERTEX_POINT('',#5894);
#1346=VERTEX_POINT('',#5898);
#1347=EDGE_CURVE('',#1019,#1019,#607,.T.);
#1348=EDGE_CURVE('',#1019,#1020,#608,.T.);
#1349=EDGE_CURVE('',#1020,#1021,#609,.T.);
#1350=EDGE_CURVE('',#1021,#1020,#610,.T.);
#1351=EDGE_CURVE('',#1022,#1022,#611,.T.);
#1352=EDGE_CURVE('',#1021,#1023,#19,.T.);
#1353=EDGE_CURVE('',#1024,#1023,#612,.T.);
#1354=EDGE_CURVE('',#1023,#1024,#613,.T.);
#1355=EDGE_CURVE('',#1022,#1025,#614,.T.);
#1356=EDGE_CURVE('',#1025,#1026,#615,.T.);
#1357=EDGE_CURVE('',#1026,#1025,#616,.T.);
#1358=EDGE_CURVE('',#1026,#1027,#20,.T.);
#1359=EDGE_CURVE('',#1028,#1027,#617,.T.);
#1360=EDGE_CURVE('',#1027,#1028,#618,.T.);
#1361=EDGE_CURVE('',#1024,#1029,#619,.T.);
#1362=EDGE_CURVE('',#1029,#1029,#620,.T.);
#1363=EDGE_CURVE('',#1030,#1030,#621,.T.);
#1364=EDGE_CURVE('',#1028,#1030,#622,.T.);
#1365=EDGE_CURVE('',#1031,#1032,#623,.T.);
#1366=EDGE_CURVE('',#1032,#1031,#624,.T.);
#1367=EDGE_CURVE('',#1031,#1033,#625,.T.);
#1368=EDGE_CURVE('',#1033,#1034,#626,.T.);
#1369=EDGE_CURVE('',#1034,#1033,#627,.T.);
#1370=EDGE_CURVE('',#1035,#1036,#628,.T.);
#1371=EDGE_CURVE('',#1036,#1032,#21,.T.);
#1372=EDGE_CURVE('',#1036,#1035,#629,.T.);
#1373=EDGE_CURVE('',#1037,#1038,#630,.T.);
#1374=EDGE_CURVE('',#1038,#1037,#631,.T.);
#1375=EDGE_CURVE('',#1037,#1035,#632,.T.);
#1376=EDGE_CURVE('',#1039,#1040,#633,.T.);
#1377=EDGE_CURVE('',#1040,#1039,#634,.T.);
#1378=EDGE_CURVE('',#1040,#1041,#635,.T.);
#1379=EDGE_CURVE('',#1041,#1042,#636,.T.);
#1380=EDGE_CURVE('',#1042,#1041,#637,.T.);
#1381=EDGE_CURVE('',#1042,#1043,#22,.T.);
#1382=EDGE_CURVE('',#1043,#1044,#638,.T.);
#1383=EDGE_CURVE('',#1044,#1043,#639,.T.);
#1384=EDGE_CURVE('',#1044,#1045,#640,.T.);
#1385=EDGE_CURVE('',#1045,#1046,#641,.T.);
#1386=EDGE_CURVE('',#1046,#1045,#642,.T.);
#1387=EDGE_CURVE('',#1047,#1048,#643,.T.);
#1388=EDGE_CURVE('',#1048,#1047,#644,.T.);
#1389=EDGE_CURVE('',#1048,#1046,#23,.T.);
#1390=EDGE_CURVE('',#1049,#1050,#645,.T.);
#1391=EDGE_CURVE('',#1050,#1049,#646,.T.);
#1392=EDGE_CURVE('',#1049,#1051,#647,.T.);
#1393=EDGE_CURVE('',#1051,#1052,#648,.T.);
#1394=EDGE_CURVE('',#1052,#1051,#649,.T.);
#1395=EDGE_CURVE('',#1053,#1054,#650,.T.);
#1396=EDGE_CURVE('',#1054,#1050,#24,.T.);
#1397=EDGE_CURVE('',#1054,#1053,#651,.T.);
#1398=EDGE_CURVE('',#1055,#1056,#652,.T.);
#1399=EDGE_CURVE('',#1056,#1055,#653,.T.);
#1400=EDGE_CURVE('',#1055,#1053,#654,.T.);
#1401=EDGE_CURVE('',#1056,#1039,#25,.T.);
#1402=EDGE_CURVE('',#1038,#1057,#26,.T.);
#1403=EDGE_CURVE('',#1058,#1057,#655,.T.);
#1404=EDGE_CURVE('',#1057,#1058,#656,.T.);
#1405=EDGE_CURVE('',#1052,#1059,#27,.T.);
#1406=EDGE_CURVE('',#1059,#1060,#657,.T.);
#1407=EDGE_CURVE('',#1060,#1059,#658,.T.);
#1408=EDGE_CURVE('',#1061,#1062,#659,.T.);
#1409=EDGE_CURVE('',#1061,#1060,#660,.T.);
#1410=EDGE_CURVE('',#1062,#1061,#661,.T.);
#1411=EDGE_CURVE('',#1063,#1064,#662,.T.);
#1412=EDGE_CURVE('',#1064,#1063,#663,.T.);
#1413=EDGE_CURVE('',#1064,#1062,#28,.T.);
#1414=EDGE_CURVE('',#1058,#1063,#664,.T.);
#1415=EDGE_CURVE('',#1065,#1066,#665,.T.);
#1416=EDGE_CURVE('',#1066,#1065,#666,.T.);
#1417=EDGE_CURVE('',#1065,#1067,#667,.T.);
#1418=EDGE_CURVE('',#1067,#1068,#668,.T.);
#1419=EDGE_CURVE('',#1068,#1067,#669,.T.);
#1420=EDGE_CURVE('',#1068,#1069,#29,.T.);
#1421=EDGE_CURVE('',#1069,#1070,#670,.T.);
#1422=EDGE_CURVE('',#1070,#1069,#671,.T.);
#1423=EDGE_CURVE('',#1070,#1071,#672,.T.);
#1424=EDGE_CURVE('',#1071,#1072,#673,.T.);
#1425=EDGE_CURVE('',#1072,#1071,#674,.T.);
#1426=EDGE_CURVE('',#1034,#1072,#30,.T.);
#1427=EDGE_CURVE('',#1073,#1074,#675,.T.);
#1428=EDGE_CURVE('',#1074,#1073,#676,.T.);
#1429=EDGE_CURVE('',#1073,#1075,#677,.T.);
#1430=EDGE_CURVE('',#1075,#1076,#678,.T.);
#1431=EDGE_CURVE('',#1076,#1075,#679,.T.);
#1432=EDGE_CURVE('',#1077,#1078,#680,.T.);
#1433=EDGE_CURVE('',#1078,#1074,#31,.T.);
#1434=EDGE_CURVE('',#1078,#1077,#681,.T.);
#1435=EDGE_CURVE('',#1079,#1080,#682,.T.);
#1436=EDGE_CURVE('',#1080,#1079,#683,.T.);
#1437=EDGE_CURVE('',#1079,#1077,#684,.T.);
#1438=EDGE_CURVE('',#1081,#1082,#685,.T.);
#1439=EDGE_CURVE('',#1082,#1081,#686,.T.);
#1440=EDGE_CURVE('',#1081,#1083,#687,.T.);
#1441=EDGE_CURVE('',#1083,#1084,#688,.T.);
#1442=EDGE_CURVE('',#1084,#1083,#689,.T.);
#1443=EDGE_CURVE('',#1085,#1086,#690,.T.);
#1444=EDGE_CURVE('',#1086,#1082,#32,.T.);
#1445=EDGE_CURVE('',#1086,#1085,#691,.T.);
#1446=EDGE_CURVE('',#1087,#1088,#692,.T.);
#1447=EDGE_CURVE('',#1088,#1087,#693,.T.);
#1448=EDGE_CURVE('',#1087,#1085,#694,.T.);
#1449=EDGE_CURVE('',#1088,#1066,#33,.T.);
#1450=EDGE_CURVE('',#1089,#1090,#695,.T.);
#1451=EDGE_CURVE('',#1090,#1089,#696,.T.);
#1452=EDGE_CURVE('',#1090,#1091,#697,.T.);
#1453=EDGE_CURVE('',#1091,#1092,#698,.T.);
#1454=EDGE_CURVE('',#1092,#1091,#699,.T.);
#1455=EDGE_CURVE('',#1092,#1093,#34,.T.);
#1456=EDGE_CURVE('',#1093,#1094,#700,.T.);
#1457=EDGE_CURVE('',#1094,#1093,#701,.T.);
#1458=EDGE_CURVE('',#1094,#1095,#702,.T.);
#1459=EDGE_CURVE('',#1096,#1095,#703,.T.);
#1460=EDGE_CURVE('',#1095,#1096,#704,.T.);
#1461=EDGE_CURVE('',#1084,#1096,#35,.T.);
#1462=EDGE_CURVE('',#1080,#1089,#36,.T.);
#1463=EDGE_CURVE('',#1076,#1097,#37,.T.);
#1464=EDGE_CURVE('',#1097,#1098,#705,.T.);
#1465=EDGE_CURVE('',#1098,#1097,#706,.T.);
#1466=EDGE_CURVE('',#1099,#1100,#707,.T.);
#1467=EDGE_CURVE('',#1099,#1098,#708,.T.);
#1468=EDGE_CURVE('',#1100,#1099,#709,.T.);
#1469=EDGE_CURVE('',#1101,#1102,#710,.T.);
#1470=EDGE_CURVE('',#1102,#1101,#711,.T.);
#1471=EDGE_CURVE('',#1102,#1100,#38,.T.);
#1472=EDGE_CURVE('',#1103,#1104,#712,.T.);
#1473=EDGE_CURVE('',#1104,#1103,#713,.T.);
#1474=EDGE_CURVE('',#1104,#1101,#714,.T.);
#1475=EDGE_CURVE('',#1105,#1106,#715,.T.);
#1476=EDGE_CURVE('',#1106,#1105,#716,.T.);
#1477=EDGE_CURVE('',#1105,#1107,#717,.T.);
#1478=EDGE_CURVE('',#1107,#1108,#718,.T.);
#1479=EDGE_CURVE('',#1108,#1107,#719,.T.);
#1480=EDGE_CURVE('',#1109,#1110,#720,.T.);
#1481=EDGE_CURVE('',#1110,#1106,#39,.T.);
#1482=EDGE_CURVE('',#1110,#1109,#721,.T.);
#1483=EDGE_CURVE('',#1111,#1112,#722,.T.);
#1484=EDGE_CURVE('',#1112,#1111,#723,.T.);
#1485=EDGE_CURVE('',#1111,#1109,#724,.T.);
#1486=EDGE_CURVE('',#1113,#1114,#725,.T.);
#1487=EDGE_CURVE('',#1114,#1113,#726,.T.);
#1488=EDGE_CURVE('',#1113,#1115,#727,.T.);
#1489=EDGE_CURVE('',#1115,#1116,#728,.T.);
#1490=EDGE_CURVE('',#1116,#1115,#729,.T.);
#1491=EDGE_CURVE('',#1117,#1118,#730,.T.);
#1492=EDGE_CURVE('',#1118,#1114,#40,.T.);
#1493=EDGE_CURVE('',#1118,#1117,#731,.T.);
#1494=EDGE_CURVE('',#1119,#1120,#732,.T.);
#1495=EDGE_CURVE('',#1120,#1119,#733,.T.);
#1496=EDGE_CURVE('',#1119,#1117,#734,.T.);
#1497=EDGE_CURVE('',#1120,#1103,#41,.T.);
#1498=EDGE_CURVE('',#1121,#1122,#735,.T.);
#1499=EDGE_CURVE('',#1122,#1121,#736,.T.);
#1500=EDGE_CURVE('',#1122,#1123,#737,.T.);
#1501=EDGE_CURVE('',#1123,#1124,#738,.T.);
#1502=EDGE_CURVE('',#1124,#1123,#739,.T.);
#1503=EDGE_CURVE('',#1124,#1125,#42,.T.);
#1504=EDGE_CURVE('',#1125,#1126,#740,.T.);
#1505=EDGE_CURVE('',#1126,#1125,#741,.T.);
#1506=EDGE_CURVE('',#1126,#1127,#742,.T.);
#1507=EDGE_CURVE('',#1127,#1128,#743,.T.);
#1508=EDGE_CURVE('',#1128,#1127,#744,.T.);
#1509=EDGE_CURVE('',#1112,#1121,#43,.T.);
#1510=EDGE_CURVE('',#1116,#1128,#44,.T.);
#1511=EDGE_CURVE('',#1129,#1130,#745,.T.);
#1512=EDGE_CURVE('',#1130,#1129,#746,.T.);
#1513=EDGE_CURVE('',#1130,#1131,#747,.T.);
#1514=EDGE_CURVE('',#1131,#1132,#748,.T.);
#1515=EDGE_CURVE('',#1132,#1131,#749,.T.);
#1516=EDGE_CURVE('',#1132,#1133,#45,.T.);
#1517=EDGE_CURVE('',#1133,#1134,#750,.T.);
#1518=EDGE_CURVE('',#1134,#1133,#751,.T.);
#1519=EDGE_CURVE('',#1134,#1135,#752,.T.);
#1520=EDGE_CURVE('',#1135,#1136,#753,.T.);
#1521=EDGE_CURVE('',#1136,#1135,#754,.T.);
#1522=EDGE_CURVE('',#1108,#1136,#46,.T.);
#1523=EDGE_CURVE('',#1137,#1138,#755,.T.);
#1524=EDGE_CURVE('',#1138,#1137,#756,.T.);
#1525=EDGE_CURVE('',#1137,#1139,#757,.T.);
#1526=EDGE_CURVE('',#1139,#1140,#758,.T.);
#1527=EDGE_CURVE('',#1140,#1139,#759,.T.);
#1528=EDGE_CURVE('',#1141,#1142,#760,.T.);
#1529=EDGE_CURVE('',#1142,#1138,#47,.T.);
#1530=EDGE_CURVE('',#1142,#1141,#761,.T.);
#1531=EDGE_CURVE('',#1143,#1144,#762,.T.);
#1532=EDGE_CURVE('',#1144,#1143,#763,.T.);
#1533=EDGE_CURVE('',#1143,#1141,#764,.T.);
#1534=EDGE_CURVE('',#1145,#1146,#765,.T.);
#1535=EDGE_CURVE('',#1146,#1145,#766,.T.);
#1536=EDGE_CURVE('',#1145,#1147,#767,.T.);
#1537=EDGE_CURVE('',#1147,#1148,#768,.T.);
#1538=EDGE_CURVE('',#1148,#1147,#769,.T.);
#1539=EDGE_CURVE('',#1149,#1150,#770,.T.);
#1540=EDGE_CURVE('',#1150,#1146,#48,.T.);
#1541=EDGE_CURVE('',#1150,#1149,#771,.T.);
#1542=EDGE_CURVE('',#1151,#1152,#772,.T.);
#1543=EDGE_CURVE('',#1152,#1151,#773,.T.);
#1544=EDGE_CURVE('',#1151,#1149,#774,.T.);
#1545=EDGE_CURVE('',#1152,#1129,#49,.T.);
#1546=EDGE_CURVE('',#1148,#1153,#50,.T.);
#1547=EDGE_CURVE('',#1153,#1154,#775,.T.);
#1548=EDGE_CURVE('',#1154,#1153,#776,.T.);
#1549=EDGE_CURVE('',#1144,#1155,#51,.T.);
#1550=EDGE_CURVE('',#1155,#1156,#777,.T.);
#1551=EDGE_CURVE('',#1156,#1155,#778,.T.);
#1552=EDGE_CURVE('',#1157,#1158,#779,.T.);
#1553=EDGE_CURVE('',#1157,#1154,#780,.T.);
#1554=EDGE_CURVE('',#1158,#1157,#781,.T.);
#1555=EDGE_CURVE('',#1159,#1160,#782,.T.);
#1556=EDGE_CURVE('',#1160,#1159,#783,.T.);
#1557=EDGE_CURVE('',#1160,#1158,#52,.T.);
#1558=EDGE_CURVE('',#1156,#1159,#784,.T.);
#1559=EDGE_CURVE('',#1161,#1162,#785,.T.);
#1560=EDGE_CURVE('',#1162,#1161,#786,.T.);
#1561=EDGE_CURVE('',#1161,#1163,#787,.T.);
#1562=EDGE_CURVE('',#1164,#1163,#788,.T.);
#1563=EDGE_CURVE('',#1163,#1164,#789,.T.);
#1564=EDGE_CURVE('',#1164,#1165,#53,.T.);
#1565=EDGE_CURVE('',#1166,#1165,#790,.T.);
#1566=EDGE_CURVE('',#1165,#1166,#791,.T.);
#1567=EDGE_CURVE('',#1166,#1167,#792,.T.);
#1568=EDGE_CURVE('',#1167,#1168,#793,.T.);
#1569=EDGE_CURVE('',#1168,#1167,#794,.T.);
#1570=EDGE_CURVE('',#1169,#1170,#795,.T.);
#1571=EDGE_CURVE('',#1170,#1169,#796,.T.);
#1572=EDGE_CURVE('',#1169,#1171,#797,.T.);
#1573=EDGE_CURVE('',#1172,#1171,#798,.T.);
#1574=EDGE_CURVE('',#1171,#1172,#799,.T.);
#1575=EDGE_CURVE('',#1172,#1173,#54,.T.);
#1576=EDGE_CURVE('',#1174,#1173,#800,.T.);
#1577=EDGE_CURVE('',#1173,#1174,#801,.T.);
#1578=EDGE_CURVE('',#1174,#1175,#802,.T.);
#1579=EDGE_CURVE('',#1175,#1176,#803,.T.);
#1580=EDGE_CURVE('',#1176,#1175,#804,.T.);
#1581=EDGE_CURVE('',#1177,#1178,#805,.T.);
#1582=EDGE_CURVE('',#1178,#1177,#806,.T.);
#1583=EDGE_CURVE('',#1177,#1179,#807,.T.);
#1584=EDGE_CURVE('',#1179,#1180,#808,.T.);
#1585=EDGE_CURVE('',#1180,#1179,#809,.T.);
#1586=EDGE_CURVE('',#1180,#1181,#55,.T.);
#1587=EDGE_CURVE('',#1181,#1182,#810,.T.);
#1588=EDGE_CURVE('',#1182,#1181,#811,.T.);
#1589=EDGE_CURVE('',#1182,#1183,#812,.T.);
#1590=EDGE_CURVE('',#1183,#1184,#813,.T.);
#1591=EDGE_CURVE('',#1184,#1183,#814,.T.);
#1592=EDGE_CURVE('',#1176,#1184,#56,.T.);
#1593=EDGE_CURVE('',#1162,#1178,#57,.T.);
#1594=EDGE_CURVE('',#1170,#1185,#58,.T.);
#1595=EDGE_CURVE('',#1185,#1186,#815,.T.);
#1596=EDGE_CURVE('',#1186,#1185,#816,.T.);
#1597=EDGE_CURVE('',#1187,#1188,#817,.T.);
#1598=EDGE_CURVE('',#1187,#1189,#818,.T.);
#1599=EDGE_CURVE('',#1190,#1189,#819,.T.);
#1600=EDGE_CURVE('',#1189,#1190,#820,.T.);
#1601=EDGE_CURVE('',#1188,#1187,#821,.T.);
#1602=EDGE_CURVE('',#1191,#1192,#822,.T.);
#1603=EDGE_CURVE('',#1192,#1191,#823,.T.);
#1604=EDGE_CURVE('',#1192,#1188,#59,.T.);
#1605=EDGE_CURVE('',#1186,#1191,#824,.T.);
#1606=EDGE_CURVE('',#1193,#1194,#825,.T.);
#1607=EDGE_CURVE('',#1194,#1193,#826,.T.);
#1608=EDGE_CURVE('',#1193,#1195,#827,.T.);
#1609=EDGE_CURVE('',#1196,#1195,#828,.T.);
#1610=EDGE_CURVE('',#1195,#1196,#829,.T.);
#1611=EDGE_CURVE('',#1196,#1197,#60,.T.);
#1612=EDGE_CURVE('',#1198,#1197,#830,.T.);
#1613=EDGE_CURVE('',#1197,#1198,#831,.T.);
#1614=EDGE_CURVE('',#1198,#1199,#832,.T.);
#1615=EDGE_CURVE('',#1199,#1200,#833,.T.);
#1616=EDGE_CURVE('',#1200,#1199,#834,.T.);
#1617=EDGE_CURVE('',#1201,#1202,#835,.T.);
#1618=EDGE_CURVE('',#1202,#1201,#836,.T.);
#1619=EDGE_CURVE('',#1201,#1203,#837,.T.);
#1620=EDGE_CURVE('',#1204,#1203,#838,.T.);
#1621=EDGE_CURVE('',#1203,#1204,#839,.T.);
#1622=EDGE_CURVE('',#1204,#1205,#61,.T.);
#1623=EDGE_CURVE('',#1206,#1205,#840,.T.);
#1624=EDGE_CURVE('',#1205,#1206,#841,.T.);
#1625=EDGE_CURVE('',#1206,#1207,#842,.T.);
#1626=EDGE_CURVE('',#1207,#1208,#843,.T.);
#1627=EDGE_CURVE('',#1208,#1207,#844,.T.);
#1628=EDGE_CURVE('',#1209,#1210,#845,.T.);
#1629=EDGE_CURVE('',#1210,#1209,#846,.T.);
#1630=EDGE_CURVE('',#1209,#1211,#847,.T.);
#1631=EDGE_CURVE('',#1211,#1212,#848,.T.);
#1632=EDGE_CURVE('',#1212,#1211,#849,.T.);
#1633=EDGE_CURVE('',#1212,#1213,#62,.T.);
#1634=EDGE_CURVE('',#1213,#1214,#850,.T.);
#1635=EDGE_CURVE('',#1214,#1213,#851,.T.);
#1636=EDGE_CURVE('',#1214,#1215,#852,.T.);
#1637=EDGE_CURVE('',#1216,#1215,#853,.T.);
#1638=EDGE_CURVE('',#1215,#1216,#854,.T.);
#1639=EDGE_CURVE('',#1208,#1216,#63,.T.);
#1640=EDGE_CURVE('',#1194,#1210,#64,.T.);
#1641=EDGE_CURVE('',#1217,#1218,#855,.T.);
#1642=EDGE_CURVE('',#1218,#1217,#856,.T.);
#1643=EDGE_CURVE('',#1218,#1219,#857,.T.);
#1644=EDGE_CURVE('',#1219,#1220,#858,.T.);
#1645=EDGE_CURVE('',#1220,#1219,#859,.T.);
#1646=EDGE_CURVE('',#1220,#1221,#65,.T.);
#1647=EDGE_CURVE('',#1221,#1222,#860,.T.);
#1648=EDGE_CURVE('',#1222,#1221,#861,.T.);
#1649=EDGE_CURVE('',#1222,#1223,#862,.T.);
#1650=EDGE_CURVE('',#1223,#1224,#863,.T.);
#1651=EDGE_CURVE('',#1224,#1223,#864,.T.);
#1652=EDGE_CURVE('',#1202,#1217,#66,.T.);
#1653=EDGE_CURVE('',#1168,#1224,#67,.T.);
#1654=EDGE_CURVE('',#1225,#1226,#865,.T.);
#1655=EDGE_CURVE('',#1226,#1225,#866,.T.);
#1656=EDGE_CURVE('',#1226,#1227,#867,.T.);
#1657=EDGE_CURVE('',#1227,#1228,#868,.T.);
#1658=EDGE_CURVE('',#1228,#1227,#869,.T.);
#1659=EDGE_CURVE('',#1228,#1229,#68,.T.);
#1660=EDGE_CURVE('',#1229,#1230,#870,.T.);
#1661=EDGE_CURVE('',#1230,#1229,#871,.T.);
#1662=EDGE_CURVE('',#1230,#1231,#872,.T.);
#1663=EDGE_CURVE('',#1231,#1232,#873,.T.);
#1664=EDGE_CURVE('',#1232,#1231,#874,.T.);
#1665=EDGE_CURVE('',#1200,#1232,#69,.T.);
#1666=EDGE_CURVE('',#1233,#1234,#875,.T.);
#1667=EDGE_CURVE('',#1234,#1233,#876,.T.);
#1668=EDGE_CURVE('',#1233,#1235,#877,.T.);
#1669=EDGE_CURVE('',#1236,#1235,#878,.T.);
#1670=EDGE_CURVE('',#1235,#1236,#879,.T.);
#1671=EDGE_CURVE('',#1236,#1237,#70,.T.);
#1672=EDGE_CURVE('',#1238,#1237,#880,.T.);
#1673=EDGE_CURVE('',#1237,#1238,#881,.T.);
#1674=EDGE_CURVE('',#1238,#1239,#882,.T.);
#1675=EDGE_CURVE('',#1239,#1240,#883,.T.);
#1676=EDGE_CURVE('',#1240,#1239,#884,.T.);
#1677=EDGE_CURVE('',#1241,#1242,#885,.T.);
#1678=EDGE_CURVE('',#1242,#1241,#886,.T.);
#1679=EDGE_CURVE('',#1242,#1225,#71,.T.);
#1680=EDGE_CURVE('',#1241,#1243,#887,.T.);
#1681=EDGE_CURVE('',#1244,#1243,#888,.T.);
#1682=EDGE_CURVE('',#1243,#1244,#889,.T.);
#1683=EDGE_CURVE('',#1244,#1245,#72,.T.);
#1684=EDGE_CURVE('',#1246,#1245,#890,.T.);
#1685=EDGE_CURVE('',#1245,#1246,#891,.T.);
#1686=EDGE_CURVE('',#1246,#1247,#892,.T.);
#1687=EDGE_CURVE('',#1247,#1248,#893,.T.);
#1688=EDGE_CURVE('',#1248,#1247,#894,.T.);
#1689=EDGE_CURVE('',#1249,#1250,#895,.T.);
#1690=EDGE_CURVE('',#1250,#1249,#896,.T.);
#1691=EDGE_CURVE('',#1249,#1251,#897,.T.);
#1692=EDGE_CURVE('',#1251,#1252,#898,.T.);
#1693=EDGE_CURVE('',#1252,#1251,#899,.T.);
#1694=EDGE_CURVE('',#1252,#1253,#73,.T.);
#1695=EDGE_CURVE('',#1253,#1254,#900,.T.);
#1696=EDGE_CURVE('',#1254,#1253,#901,.T.);
#1697=EDGE_CURVE('',#1254,#1255,#902,.T.);
#1698=EDGE_CURVE('',#1256,#1255,#903,.T.);
#1699=EDGE_CURVE('',#1255,#1256,#904,.T.);
#1700=EDGE_CURVE('',#1248,#1256,#74,.T.);
#1701=EDGE_CURVE('',#1234,#1250,#75,.T.);
#1702=EDGE_CURVE('',#1257,#1258,#905,.T.);
#1703=EDGE_CURVE('',#1258,#1257,#906,.T.);
#1704=EDGE_CURVE('',#1257,#1047,#907,.T.);
#1705=EDGE_CURVE('',#1259,#1260,#908,.T.);
#1706=EDGE_CURVE('',#1260,#1258,#76,.T.);
#1707=EDGE_CURVE('',#1260,#1259,#909,.T.);
#1708=EDGE_CURVE('',#1261,#1262,#910,.T.);
#1709=EDGE_CURVE('',#1262,#1261,#911,.T.);
#1710=EDGE_CURVE('',#1261,#1259,#912,.T.);
#1711=EDGE_CURVE('',#1263,#1264,#913,.T.);
#1712=EDGE_CURVE('',#1264,#1263,#914,.T.);
#1713=EDGE_CURVE('',#1263,#1265,#915,.T.);
#1714=EDGE_CURVE('',#1265,#1266,#916,.T.);
#1715=EDGE_CURVE('',#1266,#1265,#917,.T.);
#1716=EDGE_CURVE('',#1266,#1267,#77,.T.);
#1717=EDGE_CURVE('',#1267,#1268,#918,.T.);
#1718=EDGE_CURVE('',#1268,#1267,#919,.T.);
#1719=EDGE_CURVE('',#1268,#1269,#920,.T.);
#1720=EDGE_CURVE('',#1269,#1270,#921,.T.);
#1721=EDGE_CURVE('',#1270,#1269,#922,.T.);
#1722=EDGE_CURVE('',#1262,#1264,#78,.T.);
#1723=EDGE_CURVE('',#1271,#1272,#923,.T.);
#1724=EDGE_CURVE('',#1272,#1271,#924,.T.);
#1725=EDGE_CURVE('',#1271,#1273,#925,.T.);
#1726=EDGE_CURVE('',#1273,#1274,#926,.T.);
#1727=EDGE_CURVE('',#1274,#1273,#927,.T.);
#1728=EDGE_CURVE('',#1274,#1275,#79,.T.);
#1729=EDGE_CURVE('',#1275,#1276,#928,.T.);
#1730=EDGE_CURVE('',#1276,#1275,#929,.T.);
#1731=EDGE_CURVE('',#1276,#1277,#930,.T.);
#1732=EDGE_CURVE('',#1278,#1277,#931,.T.);
#1733=EDGE_CURVE('',#1277,#1278,#932,.T.);
#1734=EDGE_CURVE('',#1240,#1278,#80,.T.);
#1735=EDGE_CURVE('',#1279,#1280,#933,.T.);
#1736=EDGE_CURVE('',#1280,#1279,#934,.T.);
#1737=EDGE_CURVE('',#1279,#1281,#935,.T.);
#1738=EDGE_CURVE('',#1281,#1282,#936,.T.);
#1739=EDGE_CURVE('',#1282,#1281,#937,.T.);
#1740=EDGE_CURVE('',#1283,#1284,#938,.T.);
#1741=EDGE_CURVE('',#1284,#1280,#81,.T.);
#1742=EDGE_CURVE('',#1284,#1283,#939,.T.);
#1743=EDGE_CURVE('',#1285,#1286,#940,.T.);
#1744=EDGE_CURVE('',#1286,#1285,#941,.T.);
#1745=EDGE_CURVE('',#1285,#1283,#942,.T.);
#1746=EDGE_CURVE('',#1282,#1270,#82,.T.);
#1747=EDGE_CURVE('',#1287,#1288,#943,.T.);
#1748=EDGE_CURVE('',#1288,#1287,#944,.T.);
#1749=EDGE_CURVE('',#1287,#1289,#945,.T.);
#1750=EDGE_CURVE('',#1289,#1290,#946,.T.);
#1751=EDGE_CURVE('',#1290,#1289,#947,.T.);
#1752=EDGE_CURVE('',#1291,#1292,#948,.T.);
#1753=EDGE_CURVE('',#1292,#1288,#83,.T.);
#1754=EDGE_CURVE('',#1292,#1291,#949,.T.);
#1755=EDGE_CURVE('',#1293,#1294,#950,.T.);
#1756=EDGE_CURVE('',#1294,#1293,#951,.T.);
#1757=EDGE_CURVE('',#1293,#1291,#952,.T.);
#1758=EDGE_CURVE('',#1294,#1272,#84,.T.);
#1759=EDGE_CURVE('',#1290,#1295,#85,.T.);
#1760=EDGE_CURVE('',#1296,#1295,#953,.T.);
#1761=EDGE_CURVE('',#1295,#1296,#954,.T.);
#1762=EDGE_CURVE('',#1286,#1297,#86,.T.);
#1763=EDGE_CURVE('',#1297,#1298,#955,.T.);
#1764=EDGE_CURVE('',#1298,#1297,#956,.T.);
#1765=EDGE_CURVE('',#1299,#1300,#957,.T.);
#1766=EDGE_CURVE('',#1299,#1296,#958,.T.);
#1767=EDGE_CURVE('',#1300,#1299,#959,.T.);
#1768=EDGE_CURVE('',#1301,#1302,#960,.T.);
#1769=EDGE_CURVE('',#1302,#1301,#961,.T.);
#1770=EDGE_CURVE('',#1302,#1300,#87,.T.);
#1771=EDGE_CURVE('',#1298,#1301,#962,.T.);
#1772=EDGE_CURVE('',#1140,#1303,#88,.T.);
#1773=EDGE_CURVE('',#1303,#1304,#963,.T.);
#1774=EDGE_CURVE('',#1304,#1303,#964,.T.);
#1775=EDGE_CURVE('',#1305,#1306,#965,.T.);
#1776=EDGE_CURVE('',#1305,#1304,#966,.T.);
#1777=EDGE_CURVE('',#1306,#1305,#967,.T.);
#1778=EDGE_CURVE('',#1307,#1308,#968,.T.);
#1779=EDGE_CURVE('',#1308,#1307,#969,.T.);
#1780=EDGE_CURVE('',#1308,#1306,#89,.T.);
#1781=EDGE_CURVE('',#1309,#1310,#970,.T.);
#1782=EDGE_CURVE('',#1310,#1309,#971,.T.);
#1783=EDGE_CURVE('',#1310,#1307,#972,.T.);
#1784=EDGE_CURVE('',#1311,#1312,#973,.T.);
#1785=EDGE_CURVE('',#1312,#1311,#974,.T.);
#1786=EDGE_CURVE('',#1311,#1313,#975,.T.);
#1787=EDGE_CURVE('',#1313,#1314,#976,.T.);
#1788=EDGE_CURVE('',#1314,#1313,#977,.T.);
#1789=EDGE_CURVE('',#1315,#1316,#978,.T.);
#1790=EDGE_CURVE('',#1316,#1312,#90,.T.);
#1791=EDGE_CURVE('',#1316,#1315,#979,.T.);
#1792=EDGE_CURVE('',#1317,#1318,#980,.T.);
#1793=EDGE_CURVE('',#1318,#1317,#981,.T.);
#1794=EDGE_CURVE('',#1317,#1315,#982,.T.);
#1795=EDGE_CURVE('',#1314,#1190,#91,.T.);
#1796=EDGE_CURVE('',#1319,#1320,#983,.T.);
#1797=EDGE_CURVE('',#1320,#1319,#984,.T.);
#1798=EDGE_CURVE('',#1319,#1321,#985,.T.);
#1799=EDGE_CURVE('',#1321,#1322,#986,.T.);
#1800=EDGE_CURVE('',#1322,#1321,#987,.T.);
#1801=EDGE_CURVE('',#1323,#1324,#988,.T.);
#1802=EDGE_CURVE('',#1324,#1320,#92,.T.);
#1803=EDGE_CURVE('',#1324,#1323,#989,.T.);
#1804=EDGE_CURVE('',#1325,#1326,#990,.T.);
#1805=EDGE_CURVE('',#1326,#1325,#991,.T.);
#1806=EDGE_CURVE('',#1325,#1323,#992,.T.);
#1807=EDGE_CURVE('',#1326,#1309,#93,.T.);
#1808=EDGE_CURVE('',#1327,#1328,#993,.T.);
#1809=EDGE_CURVE('',#1328,#1327,#994,.T.);
#1810=EDGE_CURVE('',#1328,#1329,#995,.T.);
#1811=EDGE_CURVE('',#1329,#1330,#996,.T.);
#1812=EDGE_CURVE('',#1330,#1329,#997,.T.);
#1813=EDGE_CURVE('',#1330,#1331,#94,.T.);
#1814=EDGE_CURVE('',#1331,#1332,#998,.T.);
#1815=EDGE_CURVE('',#1332,#1331,#999,.T.);
#1816=EDGE_CURVE('',#1332,#1333,#1000,.T.);
#1817=EDGE_CURVE('',#1334,#1333,#1001,.T.);
#1818=EDGE_CURVE('',#1333,#1334,#1002,.T.);
#1819=EDGE_CURVE('',#1322,#1334,#95,.T.);
#1820=EDGE_CURVE('',#1318,#1327,#96,.T.);
#1821=EDGE_CURVE('',#1335,#1335,#1003,.T.);
#1822=EDGE_CURVE('',#1335,#1336,#1004,.T.);
#1823=EDGE_CURVE('',#1336,#1337,#1005,.T.);
#1824=EDGE_CURVE('',#1337,#1336,#1006,.T.);
#1825=EDGE_CURVE('',#1338,#1338,#1007,.T.);
#1826=EDGE_CURVE('',#1337,#1339,#97,.T.);
#1827=EDGE_CURVE('',#1340,#1339,#1008,.T.);
#1828=EDGE_CURVE('',#1339,#1340,#1009,.T.);
#1829=EDGE_CURVE('',#1338,#1341,#1010,.T.);
#1830=EDGE_CURVE('',#1341,#1342,#1011,.T.);
#1831=EDGE_CURVE('',#1342,#1341,#1012,.T.);
#1832=EDGE_CURVE('',#1342,#1343,#98,.T.);
#1833=EDGE_CURVE('',#1344,#1343,#1013,.T.);
#1834=EDGE_CURVE('',#1343,#1344,#1014,.T.);
#1835=EDGE_CURVE('',#1340,#1345,#1015,.T.);
#1836=EDGE_CURVE('',#1345,#1345,#1016,.T.);
#1837=EDGE_CURVE('',#1346,#1346,#1017,.T.);
#1838=EDGE_CURVE('',#1344,#1346,#1018,.T.);
#1839=ORIENTED_EDGE('',*,*,#1347,.T.);
#1840=ORIENTED_EDGE('',*,*,#1348,.T.);
#1841=ORIENTED_EDGE('',*,*,#1349,.T.);
#1842=ORIENTED_EDGE('',*,*,#1350,.T.);
#1843=ORIENTED_EDGE('',*,*,#1348,.F.);
#1844=ORIENTED_EDGE('',*,*,#1351,.F.);
#1845=ORIENTED_EDGE('',*,*,#1347,.F.);
#1846=ORIENTED_EDGE('',*,*,#1350,.F.);
#1847=ORIENTED_EDGE('',*,*,#1352,.T.);
#1848=ORIENTED_EDGE('',*,*,#1353,.F.);
#1849=ORIENTED_EDGE('',*,*,#1354,.F.);
#1850=ORIENTED_EDGE('',*,*,#1352,.F.);
#1851=ORIENTED_EDGE('',*,*,#1349,.F.);
#1852=ORIENTED_EDGE('',*,*,#1351,.T.);
#1853=ORIENTED_EDGE('',*,*,#1355,.T.);
#1854=ORIENTED_EDGE('',*,*,#1356,.T.);
#1855=ORIENTED_EDGE('',*,*,#1357,.T.);
#1856=ORIENTED_EDGE('',*,*,#1355,.F.);
#1857=ORIENTED_EDGE('',*,*,#1357,.F.);
#1858=ORIENTED_EDGE('',*,*,#1358,.T.);
#1859=ORIENTED_EDGE('',*,*,#1359,.F.);
#1860=ORIENTED_EDGE('',*,*,#1360,.F.);
#1861=ORIENTED_EDGE('',*,*,#1358,.F.);
#1862=ORIENTED_EDGE('',*,*,#1356,.F.);
#1863=ORIENTED_EDGE('',*,*,#1354,.T.);
#1864=ORIENTED_EDGE('',*,*,#1361,.T.);
#1865=ORIENTED_EDGE('',*,*,#1362,.T.);
#1866=ORIENTED_EDGE('',*,*,#1361,.F.);
#1867=ORIENTED_EDGE('',*,*,#1353,.T.);
#1868=ORIENTED_EDGE('',*,*,#1363,.F.);
#1869=ORIENTED_EDGE('',*,*,#1362,.F.);
#1870=ORIENTED_EDGE('',*,*,#1360,.T.);
#1871=ORIENTED_EDGE('',*,*,#1364,.T.);
#1872=ORIENTED_EDGE('',*,*,#1363,.T.);
#1873=ORIENTED_EDGE('',*,*,#1364,.F.);
#1874=ORIENTED_EDGE('',*,*,#1359,.T.);
#1875=ORIENTED_EDGE('',*,*,#1365,.T.);
#1876=ORIENTED_EDGE('',*,*,#1366,.T.);
#1877=ORIENTED_EDGE('',*,*,#1367,.T.);
#1878=ORIENTED_EDGE('',*,*,#1368,.T.);
#1879=ORIENTED_EDGE('',*,*,#1369,.T.);
#1880=ORIENTED_EDGE('',*,*,#1367,.F.);
#1881=ORIENTED_EDGE('',*,*,#1370,.T.);
#1882=ORIENTED_EDGE('',*,*,#1371,.T.);
#1883=ORIENTED_EDGE('',*,*,#1365,.F.);
#1884=ORIENTED_EDGE('',*,*,#1366,.F.);
#1885=ORIENTED_EDGE('',*,*,#1371,.F.);
#1886=ORIENTED_EDGE('',*,*,#1372,.T.);
#1887=ORIENTED_EDGE('',*,*,#1373,.T.);
#1888=ORIENTED_EDGE('',*,*,#1374,.T.);
#1889=ORIENTED_EDGE('',*,*,#1375,.T.);
#1890=ORIENTED_EDGE('',*,*,#1372,.F.);
#1891=ORIENTED_EDGE('',*,*,#1370,.F.);
#1892=ORIENTED_EDGE('',*,*,#1375,.F.);
#1893=ORIENTED_EDGE('',*,*,#1376,.F.);
#1894=ORIENTED_EDGE('',*,*,#1377,.F.);
#1895=ORIENTED_EDGE('',*,*,#1378,.T.);
#1896=ORIENTED_EDGE('',*,*,#1379,.T.);
#1897=ORIENTED_EDGE('',*,*,#1380,.T.);
#1898=ORIENTED_EDGE('',*,*,#1378,.F.);
#1899=ORIENTED_EDGE('',*,*,#1379,.F.);
#1900=ORIENTED_EDGE('',*,*,#1380,.F.);
#1901=ORIENTED_EDGE('',*,*,#1381,.T.);
#1902=ORIENTED_EDGE('',*,*,#1382,.T.);
#1903=ORIENTED_EDGE('',*,*,#1383,.T.);
#1904=ORIENTED_EDGE('',*,*,#1381,.F.);
#1905=ORIENTED_EDGE('',*,*,#1383,.F.);
#1906=ORIENTED_EDGE('',*,*,#1384,.T.);
#1907=ORIENTED_EDGE('',*,*,#1385,.T.);
#1908=ORIENTED_EDGE('',*,*,#1386,.T.);
#1909=ORIENTED_EDGE('',*,*,#1384,.F.);
#1910=ORIENTED_EDGE('',*,*,#1382,.F.);
#1911=ORIENTED_EDGE('',*,*,#1387,.F.);
#1912=ORIENTED_EDGE('',*,*,#1388,.F.);
#1913=ORIENTED_EDGE('',*,*,#1389,.T.);
#1914=ORIENTED_EDGE('',*,*,#1385,.F.);
#1915=ORIENTED_EDGE('',*,*,#1386,.F.);
#1916=ORIENTED_EDGE('',*,*,#1389,.F.);
#1917=ORIENTED_EDGE('',*,*,#1390,.T.);
#1918=ORIENTED_EDGE('',*,*,#1391,.T.);
#1919=ORIENTED_EDGE('',*,*,#1392,.T.);
#1920=ORIENTED_EDGE('',*,*,#1393,.T.);
#1921=ORIENTED_EDGE('',*,*,#1394,.T.);
#1922=ORIENTED_EDGE('',*,*,#1392,.F.);
#1923=ORIENTED_EDGE('',*,*,#1395,.T.);
#1924=ORIENTED_EDGE('',*,*,#1396,.T.);
#1925=ORIENTED_EDGE('',*,*,#1390,.F.);
#1926=ORIENTED_EDGE('',*,*,#1391,.F.);
#1927=ORIENTED_EDGE('',*,*,#1396,.F.);
#1928=ORIENTED_EDGE('',*,*,#1397,.T.);
#1929=ORIENTED_EDGE('',*,*,#1398,.T.);
#1930=ORIENTED_EDGE('',*,*,#1399,.T.);
#1931=ORIENTED_EDGE('',*,*,#1400,.T.);
#1932=ORIENTED_EDGE('',*,*,#1397,.F.);
#1933=ORIENTED_EDGE('',*,*,#1395,.F.);
#1934=ORIENTED_EDGE('',*,*,#1400,.F.);
#1935=ORIENTED_EDGE('',*,*,#1398,.F.);
#1936=ORIENTED_EDGE('',*,*,#1399,.F.);
#1937=ORIENTED_EDGE('',*,*,#1401,.T.);
#1938=ORIENTED_EDGE('',*,*,#1376,.T.);
#1939=ORIENTED_EDGE('',*,*,#1377,.T.);
#1940=ORIENTED_EDGE('',*,*,#1401,.F.);
#1941=ORIENTED_EDGE('',*,*,#1373,.F.);
#1942=ORIENTED_EDGE('',*,*,#1374,.F.);
#1943=ORIENTED_EDGE('',*,*,#1402,.T.);
#1944=ORIENTED_EDGE('',*,*,#1403,.F.);
#1945=ORIENTED_EDGE('',*,*,#1404,.F.);
#1946=ORIENTED_EDGE('',*,*,#1402,.F.);
#1947=ORIENTED_EDGE('',*,*,#1393,.F.);
#1948=ORIENTED_EDGE('',*,*,#1394,.F.);
#1949=ORIENTED_EDGE('',*,*,#1405,.T.);
#1950=ORIENTED_EDGE('',*,*,#1406,.T.);
#1951=ORIENTED_EDGE('',*,*,#1407,.T.);
#1952=ORIENTED_EDGE('',*,*,#1405,.F.);
#1953=ORIENTED_EDGE('',*,*,#1408,.F.);
#1954=ORIENTED_EDGE('',*,*,#1409,.T.);
#1955=ORIENTED_EDGE('',*,*,#1406,.F.);
#1956=ORIENTED_EDGE('',*,*,#1407,.F.);
#1957=ORIENTED_EDGE('',*,*,#1409,.F.);
#1958=ORIENTED_EDGE('',*,*,#1410,.F.);
#1959=ORIENTED_EDGE('',*,*,#1411,.F.);
#1960=ORIENTED_EDGE('',*,*,#1412,.F.);
#1961=ORIENTED_EDGE('',*,*,#1413,.T.);
#1962=ORIENTED_EDGE('',*,*,#1410,.T.);
#1963=ORIENTED_EDGE('',*,*,#1408,.T.);
#1964=ORIENTED_EDGE('',*,*,#1413,.F.);
#1965=ORIENTED_EDGE('',*,*,#1403,.T.);
#1966=ORIENTED_EDGE('',*,*,#1404,.T.);
#1967=ORIENTED_EDGE('',*,*,#1414,.T.);
#1968=ORIENTED_EDGE('',*,*,#1411,.T.);
#1969=ORIENTED_EDGE('',*,*,#1412,.T.);
#1970=ORIENTED_EDGE('',*,*,#1414,.F.);
#1971=ORIENTED_EDGE('',*,*,#1415,.T.);
#1972=ORIENTED_EDGE('',*,*,#1416,.T.);
#1973=ORIENTED_EDGE('',*,*,#1417,.T.);
#1974=ORIENTED_EDGE('',*,*,#1418,.T.);
#1975=ORIENTED_EDGE('',*,*,#1419,.T.);
#1976=ORIENTED_EDGE('',*,*,#1417,.F.);
#1977=ORIENTED_EDGE('',*,*,#1418,.F.);
#1978=ORIENTED_EDGE('',*,*,#1419,.F.);
#1979=ORIENTED_EDGE('',*,*,#1420,.T.);
#1980=ORIENTED_EDGE('',*,*,#1421,.T.);
#1981=ORIENTED_EDGE('',*,*,#1422,.T.);
#1982=ORIENTED_EDGE('',*,*,#1420,.F.);
#1983=ORIENTED_EDGE('',*,*,#1422,.F.);
#1984=ORIENTED_EDGE('',*,*,#1423,.T.);
#1985=ORIENTED_EDGE('',*,*,#1424,.T.);
#1986=ORIENTED_EDGE('',*,*,#1425,.T.);
#1987=ORIENTED_EDGE('',*,*,#1423,.F.);
#1988=ORIENTED_EDGE('',*,*,#1421,.F.);
#1989=ORIENTED_EDGE('',*,*,#1368,.F.);
#1990=ORIENTED_EDGE('',*,*,#1369,.F.);
#1991=ORIENTED_EDGE('',*,*,#1426,.T.);
#1992=ORIENTED_EDGE('',*,*,#1424,.F.);
#1993=ORIENTED_EDGE('',*,*,#1425,.F.);
#1994=ORIENTED_EDGE('',*,*,#1426,.F.);
#1995=ORIENTED_EDGE('',*,*,#1427,.T.);
#1996=ORIENTED_EDGE('',*,*,#1428,.T.);
#1997=ORIENTED_EDGE('',*,*,#1429,.T.);
#1998=ORIENTED_EDGE('',*,*,#1430,.T.);
#1999=ORIENTED_EDGE('',*,*,#1431,.T.);
#2000=ORIENTED_EDGE('',*,*,#1429,.F.);
#2001=ORIENTED_EDGE('',*,*,#1432,.T.);
#2002=ORIENTED_EDGE('',*,*,#1433,.T.);
#2003=ORIENTED_EDGE('',*,*,#1427,.F.);
#2004=ORIENTED_EDGE('',*,*,#1428,.F.);
#2005=ORIENTED_EDGE('',*,*,#1433,.F.);
#2006=ORIENTED_EDGE('',*,*,#1434,.T.);
#2007=ORIENTED_EDGE('',*,*,#1435,.T.);
#2008=ORIENTED_EDGE('',*,*,#1436,.T.);
#2009=ORIENTED_EDGE('',*,*,#1437,.T.);
#2010=ORIENTED_EDGE('',*,*,#1434,.F.);
#2011=ORIENTED_EDGE('',*,*,#1432,.F.);
#2012=ORIENTED_EDGE('',*,*,#1437,.F.);
#2013=ORIENTED_EDGE('',*,*,#1438,.T.);
#2014=ORIENTED_EDGE('',*,*,#1439,.T.);
#2015=ORIENTED_EDGE('',*,*,#1440,.T.);
#2016=ORIENTED_EDGE('',*,*,#1441,.T.);
#2017=ORIENTED_EDGE('',*,*,#1442,.T.);
#2018=ORIENTED_EDGE('',*,*,#1440,.F.);
#2019=ORIENTED_EDGE('',*,*,#1443,.T.);
#2020=ORIENTED_EDGE('',*,*,#1444,.T.);
#2021=ORIENTED_EDGE('',*,*,#1438,.F.);
#2022=ORIENTED_EDGE('',*,*,#1439,.F.);
#2023=ORIENTED_EDGE('',*,*,#1444,.F.);
#2024=ORIENTED_EDGE('',*,*,#1445,.T.);
#2025=ORIENTED_EDGE('',*,*,#1446,.T.);
#2026=ORIENTED_EDGE('',*,*,#1447,.T.);
#2027=ORIENTED_EDGE('',*,*,#1448,.T.);
#2028=ORIENTED_EDGE('',*,*,#1445,.F.);
#2029=ORIENTED_EDGE('',*,*,#1443,.F.);
#2030=ORIENTED_EDGE('',*,*,#1448,.F.);
#2031=ORIENTED_EDGE('',*,*,#1446,.F.);
#2032=ORIENTED_EDGE('',*,*,#1447,.F.);
#2033=ORIENTED_EDGE('',*,*,#1449,.T.);
#2034=ORIENTED_EDGE('',*,*,#1415,.F.);
#2035=ORIENTED_EDGE('',*,*,#1416,.F.);
#2036=ORIENTED_EDGE('',*,*,#1449,.F.);
#2037=ORIENTED_EDGE('',*,*,#1450,.F.);
#2038=ORIENTED_EDGE('',*,*,#1451,.F.);
#2039=ORIENTED_EDGE('',*,*,#1452,.T.);
#2040=ORIENTED_EDGE('',*,*,#1453,.T.);
#2041=ORIENTED_EDGE('',*,*,#1454,.T.);
#2042=ORIENTED_EDGE('',*,*,#1452,.F.);
#2043=ORIENTED_EDGE('',*,*,#1453,.F.);
#2044=ORIENTED_EDGE('',*,*,#1454,.F.);
#2045=ORIENTED_EDGE('',*,*,#1455,.T.);
#2046=ORIENTED_EDGE('',*,*,#1456,.T.);
#2047=ORIENTED_EDGE('',*,*,#1457,.T.);
#2048=ORIENTED_EDGE('',*,*,#1455,.F.);
#2049=ORIENTED_EDGE('',*,*,#1457,.F.);
#2050=ORIENTED_EDGE('',*,*,#1458,.T.);
#2051=ORIENTED_EDGE('',*,*,#1459,.F.);
#2052=ORIENTED_EDGE('',*,*,#1460,.F.);
#2053=ORIENTED_EDGE('',*,*,#1458,.F.);
#2054=ORIENTED_EDGE('',*,*,#1456,.F.);
#2055=ORIENTED_EDGE('',*,*,#1441,.F.);
#2056=ORIENTED_EDGE('',*,*,#1442,.F.);
#2057=ORIENTED_EDGE('',*,*,#1461,.T.);
#2058=ORIENTED_EDGE('',*,*,#1459,.T.);
#2059=ORIENTED_EDGE('',*,*,#1460,.T.);
#2060=ORIENTED_EDGE('',*,*,#1461,.F.);
#2061=ORIENTED_EDGE('',*,*,#1435,.F.);
#2062=ORIENTED_EDGE('',*,*,#1436,.F.);
#2063=ORIENTED_EDGE('',*,*,#1462,.T.);
#2064=ORIENTED_EDGE('',*,*,#1450,.T.);
#2065=ORIENTED_EDGE('',*,*,#1451,.T.);
#2066=ORIENTED_EDGE('',*,*,#1462,.F.);
#2067=ORIENTED_EDGE('',*,*,#1430,.F.);
#2068=ORIENTED_EDGE('',*,*,#1431,.F.);
#2069=ORIENTED_EDGE('',*,*,#1463,.T.);
#2070=ORIENTED_EDGE('',*,*,#1464,.T.);
#2071=ORIENTED_EDGE('',*,*,#1465,.T.);
#2072=ORIENTED_EDGE('',*,*,#1463,.F.);
#2073=ORIENTED_EDGE('',*,*,#1466,.F.);
#2074=ORIENTED_EDGE('',*,*,#1467,.T.);
#2075=ORIENTED_EDGE('',*,*,#1464,.F.);
#2076=ORIENTED_EDGE('',*,*,#1465,.F.);
#2077=ORIENTED_EDGE('',*,*,#1467,.F.);
#2078=ORIENTED_EDGE('',*,*,#1468,.F.);
#2079=ORIENTED_EDGE('',*,*,#1469,.F.);
#2080=ORIENTED_EDGE('',*,*,#1470,.F.);
#2081=ORIENTED_EDGE('',*,*,#1471,.T.);
#2082=ORIENTED_EDGE('',*,*,#1468,.T.);
#2083=ORIENTED_EDGE('',*,*,#1466,.T.);
#2084=ORIENTED_EDGE('',*,*,#1471,.F.);
#2085=ORIENTED_EDGE('',*,*,#1472,.F.);
#2086=ORIENTED_EDGE('',*,*,#1473,.F.);
#2087=ORIENTED_EDGE('',*,*,#1474,.T.);
#2088=ORIENTED_EDGE('',*,*,#1469,.T.);
#2089=ORIENTED_EDGE('',*,*,#1470,.T.);
#2090=ORIENTED_EDGE('',*,*,#1474,.F.);
#2091=ORIENTED_EDGE('',*,*,#1475,.T.);
#2092=ORIENTED_EDGE('',*,*,#1476,.T.);
#2093=ORIENTED_EDGE('',*,*,#1477,.T.);
#2094=ORIENTED_EDGE('',*,*,#1478,.T.);
#2095=ORIENTED_EDGE('',*,*,#1479,.T.);
#2096=ORIENTED_EDGE('',*,*,#1477,.F.);
#2097=ORIENTED_EDGE('',*,*,#1480,.T.);
#2098=ORIENTED_EDGE('',*,*,#1481,.T.);
#2099=ORIENTED_EDGE('',*,*,#1475,.F.);
#2100=ORIENTED_EDGE('',*,*,#1476,.F.);
#2101=ORIENTED_EDGE('',*,*,#1481,.F.);
#2102=ORIENTED_EDGE('',*,*,#1482,.T.);
#2103=ORIENTED_EDGE('',*,*,#1483,.T.);
#2104=ORIENTED_EDGE('',*,*,#1484,.T.);
#2105=ORIENTED_EDGE('',*,*,#1485,.T.);
#2106=ORIENTED_EDGE('',*,*,#1482,.F.);
#2107=ORIENTED_EDGE('',*,*,#1480,.F.);
#2108=ORIENTED_EDGE('',*,*,#1485,.F.);
#2109=ORIENTED_EDGE('',*,*,#1486,.T.);
#2110=ORIENTED_EDGE('',*,*,#1487,.T.);
#2111=ORIENTED_EDGE('',*,*,#1488,.T.);
#2112=ORIENTED_EDGE('',*,*,#1489,.T.);
#2113=ORIENTED_EDGE('',*,*,#1490,.T.);
#2114=ORIENTED_EDGE('',*,*,#1488,.F.);
#2115=ORIENTED_EDGE('',*,*,#1491,.T.);
#2116=ORIENTED_EDGE('',*,*,#1492,.T.);
#2117=ORIENTED_EDGE('',*,*,#1486,.F.);
#2118=ORIENTED_EDGE('',*,*,#1487,.F.);
#2119=ORIENTED_EDGE('',*,*,#1492,.F.);
#2120=ORIENTED_EDGE('',*,*,#1493,.T.);
#2121=ORIENTED_EDGE('',*,*,#1494,.T.);
#2122=ORIENTED_EDGE('',*,*,#1495,.T.);
#2123=ORIENTED_EDGE('',*,*,#1496,.T.);
#2124=ORIENTED_EDGE('',*,*,#1493,.F.);
#2125=ORIENTED_EDGE('',*,*,#1491,.F.);
#2126=ORIENTED_EDGE('',*,*,#1496,.F.);
#2127=ORIENTED_EDGE('',*,*,#1494,.F.);
#2128=ORIENTED_EDGE('',*,*,#1495,.F.);
#2129=ORIENTED_EDGE('',*,*,#1497,.T.);
#2130=ORIENTED_EDGE('',*,*,#1472,.T.);
#2131=ORIENTED_EDGE('',*,*,#1473,.T.);
#2132=ORIENTED_EDGE('',*,*,#1497,.F.);
#2133=ORIENTED_EDGE('',*,*,#1498,.F.);
#2134=ORIENTED_EDGE('',*,*,#1499,.F.);
#2135=ORIENTED_EDGE('',*,*,#1500,.T.);
#2136=ORIENTED_EDGE('',*,*,#1501,.T.);
#2137=ORIENTED_EDGE('',*,*,#1502,.T.);
#2138=ORIENTED_EDGE('',*,*,#1500,.F.);
#2139=ORIENTED_EDGE('',*,*,#1501,.F.);
#2140=ORIENTED_EDGE('',*,*,#1502,.F.);
#2141=ORIENTED_EDGE('',*,*,#1503,.T.);
#2142=ORIENTED_EDGE('',*,*,#1504,.T.);
#2143=ORIENTED_EDGE('',*,*,#1505,.T.);
#2144=ORIENTED_EDGE('',*,*,#1503,.F.);
#2145=ORIENTED_EDGE('',*,*,#1505,.F.);
#2146=ORIENTED_EDGE('',*,*,#1506,.T.);
#2147=ORIENTED_EDGE('',*,*,#1507,.T.);
#2148=ORIENTED_EDGE('',*,*,#1508,.T.);
#2149=ORIENTED_EDGE('',*,*,#1506,.F.);
#2150=ORIENTED_EDGE('',*,*,#1504,.F.);
#2151=ORIENTED_EDGE('',*,*,#1483,.F.);
#2152=ORIENTED_EDGE('',*,*,#1484,.F.);
#2153=ORIENTED_EDGE('',*,*,#1509,.T.);
#2154=ORIENTED_EDGE('',*,*,#1498,.T.);
#2155=ORIENTED_EDGE('',*,*,#1499,.T.);
#2156=ORIENTED_EDGE('',*,*,#1509,.F.);
#2157=ORIENTED_EDGE('',*,*,#1489,.F.);
#2158=ORIENTED_EDGE('',*,*,#1490,.F.);
#2159=ORIENTED_EDGE('',*,*,#1510,.T.);
#2160=ORIENTED_EDGE('',*,*,#1507,.F.);
#2161=ORIENTED_EDGE('',*,*,#1508,.F.);
#2162=ORIENTED_EDGE('',*,*,#1510,.F.);
#2163=ORIENTED_EDGE('',*,*,#1511,.F.);
#2164=ORIENTED_EDGE('',*,*,#1512,.F.);
#2165=ORIENTED_EDGE('',*,*,#1513,.T.);
#2166=ORIENTED_EDGE('',*,*,#1514,.T.);
#2167=ORIENTED_EDGE('',*,*,#1515,.T.);
#2168=ORIENTED_EDGE('',*,*,#1513,.F.);
#2169=ORIENTED_EDGE('',*,*,#1514,.F.);
#2170=ORIENTED_EDGE('',*,*,#1515,.F.);
#2171=ORIENTED_EDGE('',*,*,#1516,.T.);
#2172=ORIENTED_EDGE('',*,*,#1517,.T.);
#2173=ORIENTED_EDGE('',*,*,#1518,.T.);
#2174=ORIENTED_EDGE('',*,*,#1516,.F.);
#2175=ORIENTED_EDGE('',*,*,#1518,.F.);
#2176=ORIENTED_EDGE('',*,*,#1519,.T.);
#2177=ORIENTED_EDGE('',*,*,#1520,.T.);
#2178=ORIENTED_EDGE('',*,*,#1521,.T.);
#2179=ORIENTED_EDGE('',*,*,#1519,.F.);
#2180=ORIENTED_EDGE('',*,*,#1517,.F.);
#2181=ORIENTED_EDGE('',*,*,#1478,.F.);
#2182=ORIENTED_EDGE('',*,*,#1479,.F.);
#2183=ORIENTED_EDGE('',*,*,#1522,.T.);
#2184=ORIENTED_EDGE('',*,*,#1520,.F.);
#2185=ORIENTED_EDGE('',*,*,#1521,.F.);
#2186=ORIENTED_EDGE('',*,*,#1522,.F.);
#2187=ORIENTED_EDGE('',*,*,#1523,.T.);
#2188=ORIENTED_EDGE('',*,*,#1524,.T.);
#2189=ORIENTED_EDGE('',*,*,#1525,.T.);
#2190=ORIENTED_EDGE('',*,*,#1526,.T.);
#2191=ORIENTED_EDGE('',*,*,#1527,.T.);
#2192=ORIENTED_EDGE('',*,*,#1525,.F.);
#2193=ORIENTED_EDGE('',*,*,#1528,.T.);
#2194=ORIENTED_EDGE('',*,*,#1529,.T.);
#2195=ORIENTED_EDGE('',*,*,#1523,.F.);
#2196=ORIENTED_EDGE('',*,*,#1524,.F.);
#2197=ORIENTED_EDGE('',*,*,#1529,.F.);
#2198=ORIENTED_EDGE('',*,*,#1530,.T.);
#2199=ORIENTED_EDGE('',*,*,#1531,.T.);
#2200=ORIENTED_EDGE('',*,*,#1532,.T.);
#2201=ORIENTED_EDGE('',*,*,#1533,.T.);
#2202=ORIENTED_EDGE('',*,*,#1530,.F.);
#2203=ORIENTED_EDGE('',*,*,#1528,.F.);
#2204=ORIENTED_EDGE('',*,*,#1533,.F.);
#2205=ORIENTED_EDGE('',*,*,#1534,.T.);
#2206=ORIENTED_EDGE('',*,*,#1535,.T.);
#2207=ORIENTED_EDGE('',*,*,#1536,.T.);
#2208=ORIENTED_EDGE('',*,*,#1537,.T.);
#2209=ORIENTED_EDGE('',*,*,#1538,.T.);
#2210=ORIENTED_EDGE('',*,*,#1536,.F.);
#2211=ORIENTED_EDGE('',*,*,#1539,.T.);
#2212=ORIENTED_EDGE('',*,*,#1540,.T.);
#2213=ORIENTED_EDGE('',*,*,#1534,.F.);
#2214=ORIENTED_EDGE('',*,*,#1535,.F.);
#2215=ORIENTED_EDGE('',*,*,#1540,.F.);
#2216=ORIENTED_EDGE('',*,*,#1541,.T.);
#2217=ORIENTED_EDGE('',*,*,#1542,.T.);
#2218=ORIENTED_EDGE('',*,*,#1543,.T.);
#2219=ORIENTED_EDGE('',*,*,#1544,.T.);
#2220=ORIENTED_EDGE('',*,*,#1541,.F.);
#2221=ORIENTED_EDGE('',*,*,#1539,.F.);
#2222=ORIENTED_EDGE('',*,*,#1544,.F.);
#2223=ORIENTED_EDGE('',*,*,#1542,.F.);
#2224=ORIENTED_EDGE('',*,*,#1543,.F.);
#2225=ORIENTED_EDGE('',*,*,#1545,.T.);
#2226=ORIENTED_EDGE('',*,*,#1511,.T.);
#2227=ORIENTED_EDGE('',*,*,#1512,.T.);
#2228=ORIENTED_EDGE('',*,*,#1545,.F.);
#2229=ORIENTED_EDGE('',*,*,#1537,.F.);
#2230=ORIENTED_EDGE('',*,*,#1538,.F.);
#2231=ORIENTED_EDGE('',*,*,#1546,.T.);
#2232=ORIENTED_EDGE('',*,*,#1547,.T.);
#2233=ORIENTED_EDGE('',*,*,#1548,.T.);
#2234=ORIENTED_EDGE('',*,*,#1546,.F.);
#2235=ORIENTED_EDGE('',*,*,#1531,.F.);
#2236=ORIENTED_EDGE('',*,*,#1532,.F.);
#2237=ORIENTED_EDGE('',*,*,#1549,.T.);
#2238=ORIENTED_EDGE('',*,*,#1550,.T.);
#2239=ORIENTED_EDGE('',*,*,#1551,.T.);
#2240=ORIENTED_EDGE('',*,*,#1549,.F.);
#2241=ORIENTED_EDGE('',*,*,#1552,.F.);
#2242=ORIENTED_EDGE('',*,*,#1553,.T.);
#2243=ORIENTED_EDGE('',*,*,#1547,.F.);
#2244=ORIENTED_EDGE('',*,*,#1548,.F.);
#2245=ORIENTED_EDGE('',*,*,#1553,.F.);
#2246=ORIENTED_EDGE('',*,*,#1554,.F.);
#2247=ORIENTED_EDGE('',*,*,#1555,.F.);
#2248=ORIENTED_EDGE('',*,*,#1556,.F.);
#2249=ORIENTED_EDGE('',*,*,#1557,.T.);
#2250=ORIENTED_EDGE('',*,*,#1554,.T.);
#2251=ORIENTED_EDGE('',*,*,#1552,.T.);
#2252=ORIENTED_EDGE('',*,*,#1557,.F.);
#2253=ORIENTED_EDGE('',*,*,#1550,.F.);
#2254=ORIENTED_EDGE('',*,*,#1551,.F.);
#2255=ORIENTED_EDGE('',*,*,#1558,.T.);
#2256=ORIENTED_EDGE('',*,*,#1555,.T.);
#2257=ORIENTED_EDGE('',*,*,#1556,.T.);
#2258=ORIENTED_EDGE('',*,*,#1558,.F.);
#2259=ORIENTED_EDGE('',*,*,#1559,.T.);
#2260=ORIENTED_EDGE('',*,*,#1560,.T.);
#2261=ORIENTED_EDGE('',*,*,#1561,.T.);
#2262=ORIENTED_EDGE('',*,*,#1562,.F.);
#2263=ORIENTED_EDGE('',*,*,#1563,.F.);
#2264=ORIENTED_EDGE('',*,*,#1561,.F.);
#2265=ORIENTED_EDGE('',*,*,#1563,.T.);
#2266=ORIENTED_EDGE('',*,*,#1564,.T.);
#2267=ORIENTED_EDGE('',*,*,#1565,.F.);
#2268=ORIENTED_EDGE('',*,*,#1566,.F.);
#2269=ORIENTED_EDGE('',*,*,#1564,.F.);
#2270=ORIENTED_EDGE('',*,*,#1562,.T.);
#2271=ORIENTED_EDGE('',*,*,#1565,.T.);
#2272=ORIENTED_EDGE('',*,*,#1566,.T.);
#2273=ORIENTED_EDGE('',*,*,#1567,.T.);
#2274=ORIENTED_EDGE('',*,*,#1568,.T.);
#2275=ORIENTED_EDGE('',*,*,#1569,.T.);
#2276=ORIENTED_EDGE('',*,*,#1567,.F.);
#2277=ORIENTED_EDGE('',*,*,#1570,.T.);
#2278=ORIENTED_EDGE('',*,*,#1571,.T.);
#2279=ORIENTED_EDGE('',*,*,#1572,.T.);
#2280=ORIENTED_EDGE('',*,*,#1573,.F.);
#2281=ORIENTED_EDGE('',*,*,#1574,.F.);
#2282=ORIENTED_EDGE('',*,*,#1572,.F.);
#2283=ORIENTED_EDGE('',*,*,#1574,.T.);
#2284=ORIENTED_EDGE('',*,*,#1575,.T.);
#2285=ORIENTED_EDGE('',*,*,#1576,.F.);
#2286=ORIENTED_EDGE('',*,*,#1577,.F.);
#2287=ORIENTED_EDGE('',*,*,#1575,.F.);
#2288=ORIENTED_EDGE('',*,*,#1573,.T.);
#2289=ORIENTED_EDGE('',*,*,#1576,.T.);
#2290=ORIENTED_EDGE('',*,*,#1577,.T.);
#2291=ORIENTED_EDGE('',*,*,#1578,.T.);
#2292=ORIENTED_EDGE('',*,*,#1579,.T.);
#2293=ORIENTED_EDGE('',*,*,#1580,.T.);
#2294=ORIENTED_EDGE('',*,*,#1578,.F.);
#2295=ORIENTED_EDGE('',*,*,#1581,.T.);
#2296=ORIENTED_EDGE('',*,*,#1582,.T.);
#2297=ORIENTED_EDGE('',*,*,#1583,.T.);
#2298=ORIENTED_EDGE('',*,*,#1584,.T.);
#2299=ORIENTED_EDGE('',*,*,#1585,.T.);
#2300=ORIENTED_EDGE('',*,*,#1583,.F.);
#2301=ORIENTED_EDGE('',*,*,#1584,.F.);
#2302=ORIENTED_EDGE('',*,*,#1585,.F.);
#2303=ORIENTED_EDGE('',*,*,#1586,.T.);
#2304=ORIENTED_EDGE('',*,*,#1587,.T.);
#2305=ORIENTED_EDGE('',*,*,#1588,.T.);
#2306=ORIENTED_EDGE('',*,*,#1586,.F.);
#2307=ORIENTED_EDGE('',*,*,#1588,.F.);
#2308=ORIENTED_EDGE('',*,*,#1589,.T.);
#2309=ORIENTED_EDGE('',*,*,#1590,.T.);
#2310=ORIENTED_EDGE('',*,*,#1591,.T.);
#2311=ORIENTED_EDGE('',*,*,#1589,.F.);
#2312=ORIENTED_EDGE('',*,*,#1587,.F.);
#2313=ORIENTED_EDGE('',*,*,#1579,.F.);
#2314=ORIENTED_EDGE('',*,*,#1580,.F.);
#2315=ORIENTED_EDGE('',*,*,#1592,.T.);
#2316=ORIENTED_EDGE('',*,*,#1590,.F.);
#2317=ORIENTED_EDGE('',*,*,#1591,.F.);
#2318=ORIENTED_EDGE('',*,*,#1592,.F.);
#2319=ORIENTED_EDGE('',*,*,#1559,.F.);
#2320=ORIENTED_EDGE('',*,*,#1560,.F.);
#2321=ORIENTED_EDGE('',*,*,#1593,.T.);
#2322=ORIENTED_EDGE('',*,*,#1581,.F.);
#2323=ORIENTED_EDGE('',*,*,#1582,.F.);
#2324=ORIENTED_EDGE('',*,*,#1593,.F.);
#2325=ORIENTED_EDGE('',*,*,#1570,.F.);
#2326=ORIENTED_EDGE('',*,*,#1571,.F.);
#2327=ORIENTED_EDGE('',*,*,#1594,.T.);
#2328=ORIENTED_EDGE('',*,*,#1595,.T.);
#2329=ORIENTED_EDGE('',*,*,#1596,.T.);
#2330=ORIENTED_EDGE('',*,*,#1594,.F.);
#2331=ORIENTED_EDGE('',*,*,#1597,.F.);
#2332=ORIENTED_EDGE('',*,*,#1598,.T.);
#2333=ORIENTED_EDGE('',*,*,#1599,.F.);
#2334=ORIENTED_EDGE('',*,*,#1600,.F.);
#2335=ORIENTED_EDGE('',*,*,#1598,.F.);
#2336=ORIENTED_EDGE('',*,*,#1601,.F.);
#2337=ORIENTED_EDGE('',*,*,#1602,.F.);
#2338=ORIENTED_EDGE('',*,*,#1603,.F.);
#2339=ORIENTED_EDGE('',*,*,#1604,.T.);
#2340=ORIENTED_EDGE('',*,*,#1601,.T.);
#2341=ORIENTED_EDGE('',*,*,#1597,.T.);
#2342=ORIENTED_EDGE('',*,*,#1604,.F.);
#2343=ORIENTED_EDGE('',*,*,#1595,.F.);
#2344=ORIENTED_EDGE('',*,*,#1596,.F.);
#2345=ORIENTED_EDGE('',*,*,#1605,.T.);
#2346=ORIENTED_EDGE('',*,*,#1602,.T.);
#2347=ORIENTED_EDGE('',*,*,#1603,.T.);
#2348=ORIENTED_EDGE('',*,*,#1605,.F.);
#2349=ORIENTED_EDGE('',*,*,#1606,.T.);
#2350=ORIENTED_EDGE('',*,*,#1607,.T.);
#2351=ORIENTED_EDGE('',*,*,#1608,.T.);
#2352=ORIENTED_EDGE('',*,*,#1609,.F.);
#2353=ORIENTED_EDGE('',*,*,#1610,.F.);
#2354=ORIENTED_EDGE('',*,*,#1608,.F.);
#2355=ORIENTED_EDGE('',*,*,#1610,.T.);
#2356=ORIENTED_EDGE('',*,*,#1611,.T.);
#2357=ORIENTED_EDGE('',*,*,#1612,.F.);
#2358=ORIENTED_EDGE('',*,*,#1613,.F.);
#2359=ORIENTED_EDGE('',*,*,#1611,.F.);
#2360=ORIENTED_EDGE('',*,*,#1609,.T.);
#2361=ORIENTED_EDGE('',*,*,#1612,.T.);
#2362=ORIENTED_EDGE('',*,*,#1613,.T.);
#2363=ORIENTED_EDGE('',*,*,#1614,.T.);
#2364=ORIENTED_EDGE('',*,*,#1615,.T.);
#2365=ORIENTED_EDGE('',*,*,#1616,.T.);
#2366=ORIENTED_EDGE('',*,*,#1614,.F.);
#2367=ORIENTED_EDGE('',*,*,#1617,.T.);
#2368=ORIENTED_EDGE('',*,*,#1618,.T.);
#2369=ORIENTED_EDGE('',*,*,#1619,.T.);
#2370=ORIENTED_EDGE('',*,*,#1620,.F.);
#2371=ORIENTED_EDGE('',*,*,#1621,.F.);
#2372=ORIENTED_EDGE('',*,*,#1619,.F.);
#2373=ORIENTED_EDGE('',*,*,#1621,.T.);
#2374=ORIENTED_EDGE('',*,*,#1622,.T.);
#2375=ORIENTED_EDGE('',*,*,#1623,.F.);
#2376=ORIENTED_EDGE('',*,*,#1624,.F.);
#2377=ORIENTED_EDGE('',*,*,#1622,.F.);
#2378=ORIENTED_EDGE('',*,*,#1620,.T.);
#2379=ORIENTED_EDGE('',*,*,#1623,.T.);
#2380=ORIENTED_EDGE('',*,*,#1624,.T.);
#2381=ORIENTED_EDGE('',*,*,#1625,.T.);
#2382=ORIENTED_EDGE('',*,*,#1626,.T.);
#2383=ORIENTED_EDGE('',*,*,#1627,.T.);
#2384=ORIENTED_EDGE('',*,*,#1625,.F.);
#2385=ORIENTED_EDGE('',*,*,#1628,.T.);
#2386=ORIENTED_EDGE('',*,*,#1629,.T.);
#2387=ORIENTED_EDGE('',*,*,#1630,.T.);
#2388=ORIENTED_EDGE('',*,*,#1631,.T.);
#2389=ORIENTED_EDGE('',*,*,#1632,.T.);
#2390=ORIENTED_EDGE('',*,*,#1630,.F.);
#2391=ORIENTED_EDGE('',*,*,#1631,.F.);
#2392=ORIENTED_EDGE('',*,*,#1632,.F.);
#2393=ORIENTED_EDGE('',*,*,#1633,.T.);
#2394=ORIENTED_EDGE('',*,*,#1634,.T.);
#2395=ORIENTED_EDGE('',*,*,#1635,.T.);
#2396=ORIENTED_EDGE('',*,*,#1633,.F.);
#2397=ORIENTED_EDGE('',*,*,#1635,.F.);
#2398=ORIENTED_EDGE('',*,*,#1636,.T.);
#2399=ORIENTED_EDGE('',*,*,#1637,.F.);
#2400=ORIENTED_EDGE('',*,*,#1638,.F.);
#2401=ORIENTED_EDGE('',*,*,#1636,.F.);
#2402=ORIENTED_EDGE('',*,*,#1634,.F.);
#2403=ORIENTED_EDGE('',*,*,#1626,.F.);
#2404=ORIENTED_EDGE('',*,*,#1627,.F.);
#2405=ORIENTED_EDGE('',*,*,#1639,.T.);
#2406=ORIENTED_EDGE('',*,*,#1637,.T.);
#2407=ORIENTED_EDGE('',*,*,#1638,.T.);
#2408=ORIENTED_EDGE('',*,*,#1639,.F.);
#2409=ORIENTED_EDGE('',*,*,#1606,.F.);
#2410=ORIENTED_EDGE('',*,*,#1607,.F.);
#2411=ORIENTED_EDGE('',*,*,#1640,.T.);
#2412=ORIENTED_EDGE('',*,*,#1628,.F.);
#2413=ORIENTED_EDGE('',*,*,#1629,.F.);
#2414=ORIENTED_EDGE('',*,*,#1640,.F.);
#2415=ORIENTED_EDGE('',*,*,#1641,.F.);
#2416=ORIENTED_EDGE('',*,*,#1642,.F.);
#2417=ORIENTED_EDGE('',*,*,#1643,.T.);
#2418=ORIENTED_EDGE('',*,*,#1644,.T.);
#2419=ORIENTED_EDGE('',*,*,#1645,.T.);
#2420=ORIENTED_EDGE('',*,*,#1643,.F.);
#2421=ORIENTED_EDGE('',*,*,#1644,.F.);
#2422=ORIENTED_EDGE('',*,*,#1645,.F.);
#2423=ORIENTED_EDGE('',*,*,#1646,.T.);
#2424=ORIENTED_EDGE('',*,*,#1647,.T.);
#2425=ORIENTED_EDGE('',*,*,#1648,.T.);
#2426=ORIENTED_EDGE('',*,*,#1646,.F.);
#2427=ORIENTED_EDGE('',*,*,#1648,.F.);
#2428=ORIENTED_EDGE('',*,*,#1649,.T.);
#2429=ORIENTED_EDGE('',*,*,#1650,.T.);
#2430=ORIENTED_EDGE('',*,*,#1651,.T.);
#2431=ORIENTED_EDGE('',*,*,#1649,.F.);
#2432=ORIENTED_EDGE('',*,*,#1647,.F.);
#2433=ORIENTED_EDGE('',*,*,#1617,.F.);
#2434=ORIENTED_EDGE('',*,*,#1618,.F.);
#2435=ORIENTED_EDGE('',*,*,#1652,.T.);
#2436=ORIENTED_EDGE('',*,*,#1641,.T.);
#2437=ORIENTED_EDGE('',*,*,#1642,.T.);
#2438=ORIENTED_EDGE('',*,*,#1652,.F.);
#2439=ORIENTED_EDGE('',*,*,#1568,.F.);
#2440=ORIENTED_EDGE('',*,*,#1569,.F.);
#2441=ORIENTED_EDGE('',*,*,#1653,.T.);
#2442=ORIENTED_EDGE('',*,*,#1650,.F.);
#2443=ORIENTED_EDGE('',*,*,#1651,.F.);
#2444=ORIENTED_EDGE('',*,*,#1653,.F.);
#2445=ORIENTED_EDGE('',*,*,#1654,.F.);
#2446=ORIENTED_EDGE('',*,*,#1655,.F.);
#2447=ORIENTED_EDGE('',*,*,#1656,.T.);
#2448=ORIENTED_EDGE('',*,*,#1657,.T.);
#2449=ORIENTED_EDGE('',*,*,#1658,.T.);
#2450=ORIENTED_EDGE('',*,*,#1656,.F.);
#2451=ORIENTED_EDGE('',*,*,#1657,.F.);
#2452=ORIENTED_EDGE('',*,*,#1658,.F.);
#2453=ORIENTED_EDGE('',*,*,#1659,.T.);
#2454=ORIENTED_EDGE('',*,*,#1660,.T.);
#2455=ORIENTED_EDGE('',*,*,#1661,.T.);
#2456=ORIENTED_EDGE('',*,*,#1659,.F.);
#2457=ORIENTED_EDGE('',*,*,#1661,.F.);
#2458=ORIENTED_EDGE('',*,*,#1662,.T.);
#2459=ORIENTED_EDGE('',*,*,#1663,.T.);
#2460=ORIENTED_EDGE('',*,*,#1664,.T.);
#2461=ORIENTED_EDGE('',*,*,#1662,.F.);
#2462=ORIENTED_EDGE('',*,*,#1660,.F.);
#2463=ORIENTED_EDGE('',*,*,#1615,.F.);
#2464=ORIENTED_EDGE('',*,*,#1616,.F.);
#2465=ORIENTED_EDGE('',*,*,#1665,.T.);
#2466=ORIENTED_EDGE('',*,*,#1663,.F.);
#2467=ORIENTED_EDGE('',*,*,#1664,.F.);
#2468=ORIENTED_EDGE('',*,*,#1665,.F.);
#2469=ORIENTED_EDGE('',*,*,#1666,.T.);
#2470=ORIENTED_EDGE('',*,*,#1667,.T.);
#2471=ORIENTED_EDGE('',*,*,#1668,.T.);
#2472=ORIENTED_EDGE('',*,*,#1669,.F.);
#2473=ORIENTED_EDGE('',*,*,#1670,.F.);
#2474=ORIENTED_EDGE('',*,*,#1668,.F.);
#2475=ORIENTED_EDGE('',*,*,#1670,.T.);
#2476=ORIENTED_EDGE('',*,*,#1671,.T.);
#2477=ORIENTED_EDGE('',*,*,#1672,.F.);
#2478=ORIENTED_EDGE('',*,*,#1673,.F.);
#2479=ORIENTED_EDGE('',*,*,#1671,.F.);
#2480=ORIENTED_EDGE('',*,*,#1669,.T.);
#2481=ORIENTED_EDGE('',*,*,#1672,.T.);
#2482=ORIENTED_EDGE('',*,*,#1673,.T.);
#2483=ORIENTED_EDGE('',*,*,#1674,.T.);
#2484=ORIENTED_EDGE('',*,*,#1675,.T.);
#2485=ORIENTED_EDGE('',*,*,#1676,.T.);
#2486=ORIENTED_EDGE('',*,*,#1674,.F.);
#2487=ORIENTED_EDGE('',*,*,#1677,.F.);
#2488=ORIENTED_EDGE('',*,*,#1678,.F.);
#2489=ORIENTED_EDGE('',*,*,#1679,.T.);
#2490=ORIENTED_EDGE('',*,*,#1654,.T.);
#2491=ORIENTED_EDGE('',*,*,#1655,.T.);
#2492=ORIENTED_EDGE('',*,*,#1679,.F.);
#2493=ORIENTED_EDGE('',*,*,#1677,.T.);
#2494=ORIENTED_EDGE('',*,*,#1678,.T.);
#2495=ORIENTED_EDGE('',*,*,#1680,.T.);
#2496=ORIENTED_EDGE('',*,*,#1681,.F.);
#2497=ORIENTED_EDGE('',*,*,#1682,.F.);
#2498=ORIENTED_EDGE('',*,*,#1680,.F.);
#2499=ORIENTED_EDGE('',*,*,#1682,.T.);
#2500=ORIENTED_EDGE('',*,*,#1683,.T.);
#2501=ORIENTED_EDGE('',*,*,#1684,.F.);
#2502=ORIENTED_EDGE('',*,*,#1685,.F.);
#2503=ORIENTED_EDGE('',*,*,#1683,.F.);
#2504=ORIENTED_EDGE('',*,*,#1681,.T.);
#2505=ORIENTED_EDGE('',*,*,#1684,.T.);
#2506=ORIENTED_EDGE('',*,*,#1685,.T.);
#2507=ORIENTED_EDGE('',*,*,#1686,.T.);
#2508=ORIENTED_EDGE('',*,*,#1687,.T.);
#2509=ORIENTED_EDGE('',*,*,#1688,.T.);
#2510=ORIENTED_EDGE('',*,*,#1686,.F.);
#2511=ORIENTED_EDGE('',*,*,#1689,.T.);
#2512=ORIENTED_EDGE('',*,*,#1690,.T.);
#2513=ORIENTED_EDGE('',*,*,#1691,.T.);
#2514=ORIENTED_EDGE('',*,*,#1692,.T.);
#2515=ORIENTED_EDGE('',*,*,#1693,.T.);
#2516=ORIENTED_EDGE('',*,*,#1691,.F.);
#2517=ORIENTED_EDGE('',*,*,#1692,.F.);
#2518=ORIENTED_EDGE('',*,*,#1693,.F.);
#2519=ORIENTED_EDGE('',*,*,#1694,.T.);
#2520=ORIENTED_EDGE('',*,*,#1695,.T.);
#2521=ORIENTED_EDGE('',*,*,#1696,.T.);
#2522=ORIENTED_EDGE('',*,*,#1694,.F.);
#2523=ORIENTED_EDGE('',*,*,#1696,.F.);
#2524=ORIENTED_EDGE('',*,*,#1697,.T.);
#2525=ORIENTED_EDGE('',*,*,#1698,.F.);
#2526=ORIENTED_EDGE('',*,*,#1699,.F.);
#2527=ORIENTED_EDGE('',*,*,#1697,.F.);
#2528=ORIENTED_EDGE('',*,*,#1695,.F.);
#2529=ORIENTED_EDGE('',*,*,#1687,.F.);
#2530=ORIENTED_EDGE('',*,*,#1688,.F.);
#2531=ORIENTED_EDGE('',*,*,#1700,.T.);
#2532=ORIENTED_EDGE('',*,*,#1698,.T.);
#2533=ORIENTED_EDGE('',*,*,#1699,.T.);
#2534=ORIENTED_EDGE('',*,*,#1700,.F.);
#2535=ORIENTED_EDGE('',*,*,#1666,.F.);
#2536=ORIENTED_EDGE('',*,*,#1667,.F.);
#2537=ORIENTED_EDGE('',*,*,#1701,.T.);
#2538=ORIENTED_EDGE('',*,*,#1689,.F.);
#2539=ORIENTED_EDGE('',*,*,#1690,.F.);
#2540=ORIENTED_EDGE('',*,*,#1701,.F.);
#2541=ORIENTED_EDGE('',*,*,#1702,.T.);
#2542=ORIENTED_EDGE('',*,*,#1703,.T.);
#2543=ORIENTED_EDGE('',*,*,#1704,.T.);
#2544=ORIENTED_EDGE('',*,*,#1387,.T.);
#2545=ORIENTED_EDGE('',*,*,#1388,.T.);
#2546=ORIENTED_EDGE('',*,*,#1704,.F.);
#2547=ORIENTED_EDGE('',*,*,#1705,.T.);
#2548=ORIENTED_EDGE('',*,*,#1706,.T.);
#2549=ORIENTED_EDGE('',*,*,#1702,.F.);
#2550=ORIENTED_EDGE('',*,*,#1703,.F.);
#2551=ORIENTED_EDGE('',*,*,#1706,.F.);
#2552=ORIENTED_EDGE('',*,*,#1707,.T.);
#2553=ORIENTED_EDGE('',*,*,#1708,.T.);
#2554=ORIENTED_EDGE('',*,*,#1709,.T.);
#2555=ORIENTED_EDGE('',*,*,#1710,.T.);
#2556=ORIENTED_EDGE('',*,*,#1707,.F.);
#2557=ORIENTED_EDGE('',*,*,#1705,.F.);
#2558=ORIENTED_EDGE('',*,*,#1710,.F.);
#2559=ORIENTED_EDGE('',*,*,#1711,.T.);
#2560=ORIENTED_EDGE('',*,*,#1712,.T.);
#2561=ORIENTED_EDGE('',*,*,#1713,.T.);
#2562=ORIENTED_EDGE('',*,*,#1714,.T.);
#2563=ORIENTED_EDGE('',*,*,#1715,.T.);
#2564=ORIENTED_EDGE('',*,*,#1713,.F.);
#2565=ORIENTED_EDGE('',*,*,#1714,.F.);
#2566=ORIENTED_EDGE('',*,*,#1715,.F.);
#2567=ORIENTED_EDGE('',*,*,#1716,.T.);
#2568=ORIENTED_EDGE('',*,*,#1717,.T.);
#2569=ORIENTED_EDGE('',*,*,#1718,.T.);
#2570=ORIENTED_EDGE('',*,*,#1716,.F.);
#2571=ORIENTED_EDGE('',*,*,#1718,.F.);
#2572=ORIENTED_EDGE('',*,*,#1719,.T.);
#2573=ORIENTED_EDGE('',*,*,#1720,.T.);
#2574=ORIENTED_EDGE('',*,*,#1721,.T.);
#2575=ORIENTED_EDGE('',*,*,#1719,.F.);
#2576=ORIENTED_EDGE('',*,*,#1717,.F.);
#2577=ORIENTED_EDGE('',*,*,#1708,.F.);
#2578=ORIENTED_EDGE('',*,*,#1709,.F.);
#2579=ORIENTED_EDGE('',*,*,#1722,.T.);
#2580=ORIENTED_EDGE('',*,*,#1711,.F.);
#2581=ORIENTED_EDGE('',*,*,#1712,.F.);
#2582=ORIENTED_EDGE('',*,*,#1722,.F.);
#2583=ORIENTED_EDGE('',*,*,#1723,.T.);
#2584=ORIENTED_EDGE('',*,*,#1724,.T.);
#2585=ORIENTED_EDGE('',*,*,#1725,.T.);
#2586=ORIENTED_EDGE('',*,*,#1726,.T.);
#2587=ORIENTED_EDGE('',*,*,#1727,.T.);
#2588=ORIENTED_EDGE('',*,*,#1725,.F.);
#2589=ORIENTED_EDGE('',*,*,#1726,.F.);
#2590=ORIENTED_EDGE('',*,*,#1727,.F.);
#2591=ORIENTED_EDGE('',*,*,#1728,.T.);
#2592=ORIENTED_EDGE('',*,*,#1729,.T.);
#2593=ORIENTED_EDGE('',*,*,#1730,.T.);
#2594=ORIENTED_EDGE('',*,*,#1728,.F.);
#2595=ORIENTED_EDGE('',*,*,#1730,.F.);
#2596=ORIENTED_EDGE('',*,*,#1731,.T.);
#2597=ORIENTED_EDGE('',*,*,#1732,.F.);
#2598=ORIENTED_EDGE('',*,*,#1733,.F.);
#2599=ORIENTED_EDGE('',*,*,#1731,.F.);
#2600=ORIENTED_EDGE('',*,*,#1729,.F.);
#2601=ORIENTED_EDGE('',*,*,#1675,.F.);
#2602=ORIENTED_EDGE('',*,*,#1676,.F.);
#2603=ORIENTED_EDGE('',*,*,#1734,.T.);
#2604=ORIENTED_EDGE('',*,*,#1732,.T.);
#2605=ORIENTED_EDGE('',*,*,#1733,.T.);
#2606=ORIENTED_EDGE('',*,*,#1734,.F.);
#2607=ORIENTED_EDGE('',*,*,#1735,.T.);
#2608=ORIENTED_EDGE('',*,*,#1736,.T.);
#2609=ORIENTED_EDGE('',*,*,#1737,.T.);
#2610=ORIENTED_EDGE('',*,*,#1738,.T.);
#2611=ORIENTED_EDGE('',*,*,#1739,.T.);
#2612=ORIENTED_EDGE('',*,*,#1737,.F.);
#2613=ORIENTED_EDGE('',*,*,#1740,.T.);
#2614=ORIENTED_EDGE('',*,*,#1741,.T.);
#2615=ORIENTED_EDGE('',*,*,#1735,.F.);
#2616=ORIENTED_EDGE('',*,*,#1736,.F.);
#2617=ORIENTED_EDGE('',*,*,#1741,.F.);
#2618=ORIENTED_EDGE('',*,*,#1742,.T.);
#2619=ORIENTED_EDGE('',*,*,#1743,.T.);
#2620=ORIENTED_EDGE('',*,*,#1744,.T.);
#2621=ORIENTED_EDGE('',*,*,#1745,.T.);
#2622=ORIENTED_EDGE('',*,*,#1742,.F.);
#2623=ORIENTED_EDGE('',*,*,#1740,.F.);
#2624=ORIENTED_EDGE('',*,*,#1745,.F.);
#2625=ORIENTED_EDGE('',*,*,#1738,.F.);
#2626=ORIENTED_EDGE('',*,*,#1739,.F.);
#2627=ORIENTED_EDGE('',*,*,#1746,.T.);
#2628=ORIENTED_EDGE('',*,*,#1720,.F.);
#2629=ORIENTED_EDGE('',*,*,#1721,.F.);
#2630=ORIENTED_EDGE('',*,*,#1746,.F.);
#2631=ORIENTED_EDGE('',*,*,#1747,.T.);
#2632=ORIENTED_EDGE('',*,*,#1748,.T.);
#2633=ORIENTED_EDGE('',*,*,#1749,.T.);
#2634=ORIENTED_EDGE('',*,*,#1750,.T.);
#2635=ORIENTED_EDGE('',*,*,#1751,.T.);
#2636=ORIENTED_EDGE('',*,*,#1749,.F.);
#2637=ORIENTED_EDGE('',*,*,#1752,.T.);
#2638=ORIENTED_EDGE('',*,*,#1753,.T.);
#2639=ORIENTED_EDGE('',*,*,#1747,.F.);
#2640=ORIENTED_EDGE('',*,*,#1748,.F.);
#2641=ORIENTED_EDGE('',*,*,#1753,.F.);
#2642=ORIENTED_EDGE('',*,*,#1754,.T.);
#2643=ORIENTED_EDGE('',*,*,#1755,.T.);
#2644=ORIENTED_EDGE('',*,*,#1756,.T.);
#2645=ORIENTED_EDGE('',*,*,#1757,.T.);
#2646=ORIENTED_EDGE('',*,*,#1754,.F.);
#2647=ORIENTED_EDGE('',*,*,#1752,.F.);
#2648=ORIENTED_EDGE('',*,*,#1757,.F.);
#2649=ORIENTED_EDGE('',*,*,#1755,.F.);
#2650=ORIENTED_EDGE('',*,*,#1756,.F.);
#2651=ORIENTED_EDGE('',*,*,#1758,.T.);
#2652=ORIENTED_EDGE('',*,*,#1723,.F.);
#2653=ORIENTED_EDGE('',*,*,#1724,.F.);
#2654=ORIENTED_EDGE('',*,*,#1758,.F.);
#2655=ORIENTED_EDGE('',*,*,#1750,.F.);
#2656=ORIENTED_EDGE('',*,*,#1751,.F.);
#2657=ORIENTED_EDGE('',*,*,#1759,.T.);
#2658=ORIENTED_EDGE('',*,*,#1760,.F.);
#2659=ORIENTED_EDGE('',*,*,#1761,.F.);
#2660=ORIENTED_EDGE('',*,*,#1759,.F.);
#2661=ORIENTED_EDGE('',*,*,#1743,.F.);
#2662=ORIENTED_EDGE('',*,*,#1744,.F.);
#2663=ORIENTED_EDGE('',*,*,#1762,.T.);
#2664=ORIENTED_EDGE('',*,*,#1763,.T.);
#2665=ORIENTED_EDGE('',*,*,#1764,.T.);
#2666=ORIENTED_EDGE('',*,*,#1762,.F.);
#2667=ORIENTED_EDGE('',*,*,#1765,.F.);
#2668=ORIENTED_EDGE('',*,*,#1766,.T.);
#2669=ORIENTED_EDGE('',*,*,#1760,.T.);
#2670=ORIENTED_EDGE('',*,*,#1761,.T.);
#2671=ORIENTED_EDGE('',*,*,#1766,.F.);
#2672=ORIENTED_EDGE('',*,*,#1767,.F.);
#2673=ORIENTED_EDGE('',*,*,#1768,.F.);
#2674=ORIENTED_EDGE('',*,*,#1769,.F.);
#2675=ORIENTED_EDGE('',*,*,#1770,.T.);
#2676=ORIENTED_EDGE('',*,*,#1767,.T.);
#2677=ORIENTED_EDGE('',*,*,#1765,.T.);
#2678=ORIENTED_EDGE('',*,*,#1770,.F.);
#2679=ORIENTED_EDGE('',*,*,#1763,.F.);
#2680=ORIENTED_EDGE('',*,*,#1764,.F.);
#2681=ORIENTED_EDGE('',*,*,#1771,.T.);
#2682=ORIENTED_EDGE('',*,*,#1768,.T.);
#2683=ORIENTED_EDGE('',*,*,#1769,.T.);
#2684=ORIENTED_EDGE('',*,*,#1771,.F.);
#2685=ORIENTED_EDGE('',*,*,#1526,.F.);
#2686=ORIENTED_EDGE('',*,*,#1527,.F.);
#2687=ORIENTED_EDGE('',*,*,#1772,.T.);
#2688=ORIENTED_EDGE('',*,*,#1773,.T.);
#2689=ORIENTED_EDGE('',*,*,#1774,.T.);
#2690=ORIENTED_EDGE('',*,*,#1772,.F.);
#2691=ORIENTED_EDGE('',*,*,#1775,.F.);
#2692=ORIENTED_EDGE('',*,*,#1776,.T.);
#2693=ORIENTED_EDGE('',*,*,#1773,.F.);
#2694=ORIENTED_EDGE('',*,*,#1774,.F.);
#2695=ORIENTED_EDGE('',*,*,#1776,.F.);
#2696=ORIENTED_EDGE('',*,*,#1777,.F.);
#2697=ORIENTED_EDGE('',*,*,#1778,.F.);
#2698=ORIENTED_EDGE('',*,*,#1779,.F.);
#2699=ORIENTED_EDGE('',*,*,#1780,.T.);
#2700=ORIENTED_EDGE('',*,*,#1777,.T.);
#2701=ORIENTED_EDGE('',*,*,#1775,.T.);
#2702=ORIENTED_EDGE('',*,*,#1780,.F.);
#2703=ORIENTED_EDGE('',*,*,#1781,.F.);
#2704=ORIENTED_EDGE('',*,*,#1782,.F.);
#2705=ORIENTED_EDGE('',*,*,#1783,.T.);
#2706=ORIENTED_EDGE('',*,*,#1778,.T.);
#2707=ORIENTED_EDGE('',*,*,#1779,.T.);
#2708=ORIENTED_EDGE('',*,*,#1783,.F.);
#2709=ORIENTED_EDGE('',*,*,#1784,.T.);
#2710=ORIENTED_EDGE('',*,*,#1785,.T.);
#2711=ORIENTED_EDGE('',*,*,#1786,.T.);
#2712=ORIENTED_EDGE('',*,*,#1787,.T.);
#2713=ORIENTED_EDGE('',*,*,#1788,.T.);
#2714=ORIENTED_EDGE('',*,*,#1786,.F.);
#2715=ORIENTED_EDGE('',*,*,#1789,.T.);
#2716=ORIENTED_EDGE('',*,*,#1790,.T.);
#2717=ORIENTED_EDGE('',*,*,#1784,.F.);
#2718=ORIENTED_EDGE('',*,*,#1785,.F.);
#2719=ORIENTED_EDGE('',*,*,#1790,.F.);
#2720=ORIENTED_EDGE('',*,*,#1791,.T.);
#2721=ORIENTED_EDGE('',*,*,#1792,.T.);
#2722=ORIENTED_EDGE('',*,*,#1793,.T.);
#2723=ORIENTED_EDGE('',*,*,#1794,.T.);
#2724=ORIENTED_EDGE('',*,*,#1791,.F.);
#2725=ORIENTED_EDGE('',*,*,#1789,.F.);
#2726=ORIENTED_EDGE('',*,*,#1794,.F.);
#2727=ORIENTED_EDGE('',*,*,#1787,.F.);
#2728=ORIENTED_EDGE('',*,*,#1788,.F.);
#2729=ORIENTED_EDGE('',*,*,#1795,.T.);
#2730=ORIENTED_EDGE('',*,*,#1599,.T.);
#2731=ORIENTED_EDGE('',*,*,#1600,.T.);
#2732=ORIENTED_EDGE('',*,*,#1795,.F.);
#2733=ORIENTED_EDGE('',*,*,#1796,.T.);
#2734=ORIENTED_EDGE('',*,*,#1797,.T.);
#2735=ORIENTED_EDGE('',*,*,#1798,.T.);
#2736=ORIENTED_EDGE('',*,*,#1799,.T.);
#2737=ORIENTED_EDGE('',*,*,#1800,.T.);
#2738=ORIENTED_EDGE('',*,*,#1798,.F.);
#2739=ORIENTED_EDGE('',*,*,#1801,.T.);
#2740=ORIENTED_EDGE('',*,*,#1802,.T.);
#2741=ORIENTED_EDGE('',*,*,#1796,.F.);
#2742=ORIENTED_EDGE('',*,*,#1797,.F.);
#2743=ORIENTED_EDGE('',*,*,#1802,.F.);
#2744=ORIENTED_EDGE('',*,*,#1803,.T.);
#2745=ORIENTED_EDGE('',*,*,#1804,.T.);
#2746=ORIENTED_EDGE('',*,*,#1805,.T.);
#2747=ORIENTED_EDGE('',*,*,#1806,.T.);
#2748=ORIENTED_EDGE('',*,*,#1803,.F.);
#2749=ORIENTED_EDGE('',*,*,#1801,.F.);
#2750=ORIENTED_EDGE('',*,*,#1806,.F.);
#2751=ORIENTED_EDGE('',*,*,#1804,.F.);
#2752=ORIENTED_EDGE('',*,*,#1805,.F.);
#2753=ORIENTED_EDGE('',*,*,#1807,.T.);
#2754=ORIENTED_EDGE('',*,*,#1781,.T.);
#2755=ORIENTED_EDGE('',*,*,#1782,.T.);
#2756=ORIENTED_EDGE('',*,*,#1807,.F.);
#2757=ORIENTED_EDGE('',*,*,#1808,.F.);
#2758=ORIENTED_EDGE('',*,*,#1809,.F.);
#2759=ORIENTED_EDGE('',*,*,#1810,.T.);
#2760=ORIENTED_EDGE('',*,*,#1811,.T.);
#2761=ORIENTED_EDGE('',*,*,#1812,.T.);
#2762=ORIENTED_EDGE('',*,*,#1810,.F.);
#2763=ORIENTED_EDGE('',*,*,#1811,.F.);
#2764=ORIENTED_EDGE('',*,*,#1812,.F.);
#2765=ORIENTED_EDGE('',*,*,#1813,.T.);
#2766=ORIENTED_EDGE('',*,*,#1814,.T.);
#2767=ORIENTED_EDGE('',*,*,#1815,.T.);
#2768=ORIENTED_EDGE('',*,*,#1813,.F.);
#2769=ORIENTED_EDGE('',*,*,#1815,.F.);
#2770=ORIENTED_EDGE('',*,*,#1816,.T.);
#2771=ORIENTED_EDGE('',*,*,#1817,.F.);
#2772=ORIENTED_EDGE('',*,*,#1818,.F.);
#2773=ORIENTED_EDGE('',*,*,#1816,.F.);
#2774=ORIENTED_EDGE('',*,*,#1814,.F.);
#2775=ORIENTED_EDGE('',*,*,#1799,.F.);
#2776=ORIENTED_EDGE('',*,*,#1800,.F.);
#2777=ORIENTED_EDGE('',*,*,#1819,.T.);
#2778=ORIENTED_EDGE('',*,*,#1817,.T.);
#2779=ORIENTED_EDGE('',*,*,#1818,.T.);
#2780=ORIENTED_EDGE('',*,*,#1819,.F.);
#2781=ORIENTED_EDGE('',*,*,#1792,.F.);
#2782=ORIENTED_EDGE('',*,*,#1793,.F.);
#2783=ORIENTED_EDGE('',*,*,#1820,.T.);
#2784=ORIENTED_EDGE('',*,*,#1808,.T.);
#2785=ORIENTED_EDGE('',*,*,#1809,.T.);
#2786=ORIENTED_EDGE('',*,*,#1820,.F.);
#2787=ORIENTED_EDGE('',*,*,#1821,.T.);
#2788=ORIENTED_EDGE('',*,*,#1822,.T.);
#2789=ORIENTED_EDGE('',*,*,#1823,.T.);
#2790=ORIENTED_EDGE('',*,*,#1824,.T.);
#2791=ORIENTED_EDGE('',*,*,#1822,.F.);
#2792=ORIENTED_EDGE('',*,*,#1825,.F.);
#2793=ORIENTED_EDGE('',*,*,#1821,.F.);
#2794=ORIENTED_EDGE('',*,*,#1824,.F.);
#2795=ORIENTED_EDGE('',*,*,#1826,.T.);
#2796=ORIENTED_EDGE('',*,*,#1827,.F.);
#2797=ORIENTED_EDGE('',*,*,#1828,.F.);
#2798=ORIENTED_EDGE('',*,*,#1826,.F.);
#2799=ORIENTED_EDGE('',*,*,#1823,.F.);
#2800=ORIENTED_EDGE('',*,*,#1825,.T.);
#2801=ORIENTED_EDGE('',*,*,#1829,.T.);
#2802=ORIENTED_EDGE('',*,*,#1830,.T.);
#2803=ORIENTED_EDGE('',*,*,#1831,.T.);
#2804=ORIENTED_EDGE('',*,*,#1829,.F.);
#2805=ORIENTED_EDGE('',*,*,#1831,.F.);
#2806=ORIENTED_EDGE('',*,*,#1832,.T.);
#2807=ORIENTED_EDGE('',*,*,#1833,.F.);
#2808=ORIENTED_EDGE('',*,*,#1834,.F.);
#2809=ORIENTED_EDGE('',*,*,#1832,.F.);
#2810=ORIENTED_EDGE('',*,*,#1830,.F.);
#2811=ORIENTED_EDGE('',*,*,#1828,.T.);
#2812=ORIENTED_EDGE('',*,*,#1835,.T.);
#2813=ORIENTED_EDGE('',*,*,#1836,.T.);
#2814=ORIENTED_EDGE('',*,*,#1835,.F.);
#2815=ORIENTED_EDGE('',*,*,#1827,.T.);
#2816=ORIENTED_EDGE('',*,*,#1837,.F.);
#2817=ORIENTED_EDGE('',*,*,#1836,.F.);
#2818=ORIENTED_EDGE('',*,*,#1834,.T.);
#2819=ORIENTED_EDGE('',*,*,#1838,.T.);
#2820=ORIENTED_EDGE('',*,*,#1837,.T.);
#2821=ORIENTED_EDGE('',*,*,#1838,.F.);
#2822=ORIENTED_EDGE('',*,*,#1833,.T.);
#2823=TOROIDAL_SURFACE('',#3091,8.95,1.7);
#2824=TOROIDAL_SURFACE('',#3101,12.,1.7);
#2825=TOROIDAL_SURFACE('',#3108,8.95,1.7);
#2826=TOROIDAL_SURFACE('',#3113,12.,1.7);
#2827=TOROIDAL_SURFACE('',#3115,2.2,0.5);
#2828=TOROIDAL_SURFACE('',#3124,2.19999999999999,0.5);
#2829=TOROIDAL_SURFACE('',#3128,2.2,0.5);
#2830=TOROIDAL_SURFACE('',#3137,2.2,0.5);
#2831=TOROIDAL_SURFACE('',#3144,2.2,0.5);
#2832=TOROIDAL_SURFACE('',#3153,2.19999999999999,0.5);
#2833=TOROIDAL_SURFACE('',#3164,2.2,0.5);
#2834=TOROIDAL_SURFACE('',#3171,2.2,0.5);
#2835=TOROIDAL_SURFACE('',#3173,2.2,0.5);
#2836=TOROIDAL_SURFACE('',#3182,2.2,0.5);
#2837=TOROIDAL_SURFACE('',#3187,2.2,0.5);
#2838=TOROIDAL_SURFACE('',#3196,2.19999999999999,0.5);
#2839=TOROIDAL_SURFACE('',#3200,2.2,0.5);
#2840=TOROIDAL_SURFACE('',#3209,2.19999999999999,0.5);
#2841=TOROIDAL_SURFACE('',#3214,2.2,0.5);
#2842=TOROIDAL_SURFACE('',#3223,2.2,0.5);
#2843=TOROIDAL_SURFACE('',#3232,2.2,0.5);
#2844=TOROIDAL_SURFACE('',#3239,2.2,0.5);
#2845=TOROIDAL_SURFACE('',#3243,2.2,0.5);
#2846=TOROIDAL_SURFACE('',#3252,2.19999999999999,0.5);
#2847=TOROIDAL_SURFACE('',#3256,2.2,0.5);
#2848=TOROIDAL_SURFACE('',#3265,2.19999999999999,0.5);
#2849=TOROIDAL_SURFACE('',#3270,2.2,0.5);
#2850=TOROIDAL_SURFACE('',#3279,2.2,0.5);
#2851=TOROIDAL_SURFACE('',#3285,2.2,0.5);
#2852=TOROIDAL_SURFACE('',#3294,2.2,0.5);
#2853=TOROIDAL_SURFACE('',#3299,2.2,0.5);
#2854=TOROIDAL_SURFACE('',#3308,2.19999999999999,0.5);
#2855=TOROIDAL_SURFACE('',#3312,2.2,0.5);
#2856=TOROIDAL_SURFACE('',#3321,2.19999999999999,0.5);
#2857=TOROIDAL_SURFACE('',#3332,2.2,0.5);
#2858=TOROIDAL_SURFACE('',#3339,2.2,0.5);
#2859=TOROIDAL_SURFACE('',#3341,2.19999999999999,0.5);
#2860=TOROIDAL_SURFACE('',#3350,2.2,0.5);
#2861=TOROIDAL_SURFACE('',#3354,2.19999999999999,0.5);
#2862=TOROIDAL_SURFACE('',#3363,2.2,0.5);
#2863=TOROIDAL_SURFACE('',#3367,2.2,0.5);
#2864=TOROIDAL_SURFACE('',#3376,2.2,0.5);
#2865=TOROIDAL_SURFACE('',#3385,2.2,0.5);
#2866=TOROIDAL_SURFACE('',#3394,2.2,0.5);
#2867=TOROIDAL_SURFACE('',#3396,2.19999999999999,0.5);
#2868=TOROIDAL_SURFACE('',#3405,2.2,0.5);
#2869=TOROIDAL_SURFACE('',#3409,2.19999999999999,0.5);
#2870=TOROIDAL_SURFACE('',#3418,2.2,0.5);
#2871=TOROIDAL_SURFACE('',#3422,2.2,0.5);
#2872=TOROIDAL_SURFACE('',#3431,2.2,0.5);
#2873=TOROIDAL_SURFACE('',#3437,2.2,0.5);
#2874=TOROIDAL_SURFACE('',#3446,2.2,0.5);
#2875=TOROIDAL_SURFACE('',#3452,2.2,0.5);
#2876=TOROIDAL_SURFACE('',#3461,2.2,0.5);
#2877=TOROIDAL_SURFACE('',#3466,2.19999999999999,0.5);
#2878=TOROIDAL_SURFACE('',#3475,2.2,0.5);
#2879=TOROIDAL_SURFACE('',#3482,2.19999999999999,0.5);
#2880=TOROIDAL_SURFACE('',#3489,2.2,0.5);
#2881=TOROIDAL_SURFACE('',#3493,2.2,0.5);
#2882=TOROIDAL_SURFACE('',#3502,2.2,0.5);
#2883=TOROIDAL_SURFACE('',#3508,2.2,0.5);
#2884=TOROIDAL_SURFACE('',#3515,2.19999999999999,0.5);
#2885=TOROIDAL_SURFACE('',#3519,2.2,0.5);
#2886=TOROIDAL_SURFACE('',#3528,2.2,0.5);
#2887=TOROIDAL_SURFACE('',#3533,2.2,0.5);
#2888=TOROIDAL_SURFACE('',#3542,2.2,0.5);
#2889=TOROIDAL_SURFACE('',#3547,2.2,0.5);
#2890=TOROIDAL_SURFACE('',#3556,2.19999999999999,0.5);
#2891=TOROIDAL_SURFACE('',#3561,2.2,0.5);
#2892=TOROIDAL_SURFACE('',#3570,2.19999999999999,0.5);
#2893=TOROIDAL_SURFACE('',#3581,2.2,0.5);
#2894=TOROIDAL_SURFACE('',#3588,2.2,0.5);
#2895=TOROIDAL_SURFACE('',#3593,2.2,0.5);
#2896=TOROIDAL_SURFACE('',#3600,2.2,0.5);
#2897=TOROIDAL_SURFACE('',#3604,2.2,0.5);
#2898=TOROIDAL_SURFACE('',#3613,2.19999999999999,0.5);
#2899=TOROIDAL_SURFACE('',#3618,2.2,0.5);
#2900=TOROIDAL_SURFACE('',#3627,2.19999999999999,0.5);
#2901=TOROIDAL_SURFACE('',#3632,2.2,0.5);
#2902=TOROIDAL_SURFACE('',#3641,2.2,0.5);
#2903=TOROIDAL_SURFACE('',#3647,8.95,1.7);
#2904=TOROIDAL_SURFACE('',#3657,12.,1.7);
#2905=TOROIDAL_SURFACE('',#3664,8.95,1.7);
#2906=TOROIDAL_SURFACE('',#3669,12.,1.7);
#2907=ADVANCED_FACE('',(#267),#2823,.T.);
#2908=ADVANCED_FACE('',(#268,#259),#263,.T.);
#2909=ADVANCED_FACE('',(#269),#179,.F.);
#2910=ADVANCED_FACE('',(#270),#2824,.T.);
#2911=ADVANCED_FACE('',(#271),#180,.T.);
#2912=ADVANCED_FACE('',(#272),#2825,.T.);
#2913=ADVANCED_FACE('',(#273,#260),#264,.F.);
#2914=ADVANCED_FACE('',(#274),#2826,.T.);
#2915=ADVANCED_FACE('',(#275),#2827,.T.);
#2916=ADVANCED_FACE('',(#276),#181,.T.);
#2917=ADVANCED_FACE('',(#277),#2828,.T.);
#2918=ADVANCED_FACE('',(#278),#2829,.T.);
#2919=ADVANCED_FACE('',(#279),#182,.T.);
#2920=ADVANCED_FACE('',(#280),#2830,.T.);
#2921=ADVANCED_FACE('',(#281),#183,.T.);
#2922=ADVANCED_FACE('',(#282),#2831,.T.);
#2923=ADVANCED_FACE('',(#283),#184,.T.);
#2924=ADVANCED_FACE('',(#284),#2832,.T.);
#2925=ADVANCED_FACE('',(#285),#185,.T.);
#2926=ADVANCED_FACE('',(#286),#186,.T.);
#2927=ADVANCED_FACE('',(#287),#187,.T.);
#2928=ADVANCED_FACE('',(#288),#2833,.T.);
#2929=ADVANCED_FACE('',(#289),#188,.T.);
#2930=ADVANCED_FACE('',(#290),#2834,.T.);
#2931=ADVANCED_FACE('',(#291),#2835,.T.);
#2932=ADVANCED_FACE('',(#292),#189,.T.);
#2933=ADVANCED_FACE('',(#293),#2836,.T.);
#2934=ADVANCED_FACE('',(#294),#190,.T.);
#2935=ADVANCED_FACE('',(#295),#2837,.T.);
#2936=ADVANCED_FACE('',(#296),#191,.T.);
#2937=ADVANCED_FACE('',(#297),#2838,.T.);
#2938=ADVANCED_FACE('',(#298),#2839,.T.);
#2939=ADVANCED_FACE('',(#299),#192,.T.);
#2940=ADVANCED_FACE('',(#300),#2840,.T.);
#2941=ADVANCED_FACE('',(#301),#193,.T.);
#2942=ADVANCED_FACE('',(#302),#2841,.T.);
#2943=ADVANCED_FACE('',(#303),#194,.T.);
#2944=ADVANCED_FACE('',(#304),#2842,.T.);
#2945=ADVANCED_FACE('',(#305),#195,.T.);
#2946=ADVANCED_FACE('',(#306),#196,.T.);
#2947=ADVANCED_FACE('',(#307),#197,.T.);
#2948=ADVANCED_FACE('',(#308),#2843,.T.);
#2949=ADVANCED_FACE('',(#309),#198,.T.);
#2950=ADVANCED_FACE('',(#310),#2844,.T.);
#2951=ADVANCED_FACE('',(#311),#2845,.T.);
#2952=ADVANCED_FACE('',(#312),#199,.T.);
#2953=ADVANCED_FACE('',(#313),#2846,.T.);
#2954=ADVANCED_FACE('',(#314),#2847,.T.);
#2955=ADVANCED_FACE('',(#315),#200,.T.);
#2956=ADVANCED_FACE('',(#316),#2848,.T.);
#2957=ADVANCED_FACE('',(#317),#201,.T.);
#2958=ADVANCED_FACE('',(#318),#2849,.T.);
#2959=ADVANCED_FACE('',(#319),#202,.T.);
#2960=ADVANCED_FACE('',(#320),#2850,.T.);
#2961=ADVANCED_FACE('',(#321),#203,.T.);
#2962=ADVANCED_FACE('',(#322),#204,.T.);
#2963=ADVANCED_FACE('',(#323),#2851,.T.);
#2964=ADVANCED_FACE('',(#324),#205,.T.);
#2965=ADVANCED_FACE('',(#325),#2852,.T.);
#2966=ADVANCED_FACE('',(#326),#206,.T.);
#2967=ADVANCED_FACE('',(#327),#2853,.T.);
#2968=ADVANCED_FACE('',(#328),#207,.T.);
#2969=ADVANCED_FACE('',(#329),#2854,.T.);
#2970=ADVANCED_FACE('',(#330),#2855,.T.);
#2971=ADVANCED_FACE('',(#331),#208,.T.);
#2972=ADVANCED_FACE('',(#332),#2856,.T.);
#2973=ADVANCED_FACE('',(#333),#209,.T.);
#2974=ADVANCED_FACE('',(#334),#210,.T.);
#2975=ADVANCED_FACE('',(#335),#211,.T.);
#2976=ADVANCED_FACE('',(#336),#2857,.T.);
#2977=ADVANCED_FACE('',(#337),#212,.T.);
#2978=ADVANCED_FACE('',(#338),#2858,.T.);
#2979=ADVANCED_FACE('',(#339),#2859,.T.);
#2980=ADVANCED_FACE('',(#340),#213,.T.);
#2981=ADVANCED_FACE('',(#341),#2860,.T.);
#2982=ADVANCED_FACE('',(#342),#2861,.T.);
#2983=ADVANCED_FACE('',(#343),#214,.T.);
#2984=ADVANCED_FACE('',(#344),#2862,.T.);
#2985=ADVANCED_FACE('',(#345),#2863,.T.);
#2986=ADVANCED_FACE('',(#346),#215,.T.);
#2987=ADVANCED_FACE('',(#347),#2864,.T.);
#2988=ADVANCED_FACE('',(#348),#216,.T.);
#2989=ADVANCED_FACE('',(#349),#217,.T.);
#2990=ADVANCED_FACE('',(#350),#218,.T.);
#2991=ADVANCED_FACE('',(#351),#2865,.T.);
#2992=ADVANCED_FACE('',(#352),#219,.T.);
#2993=ADVANCED_FACE('',(#353),#2866,.T.);
#2994=ADVANCED_FACE('',(#354),#2867,.T.);
#2995=ADVANCED_FACE('',(#355),#220,.T.);
#2996=ADVANCED_FACE('',(#356),#2868,.T.);
#2997=ADVANCED_FACE('',(#357),#2869,.T.);
#2998=ADVANCED_FACE('',(#358),#221,.T.);
#2999=ADVANCED_FACE('',(#359),#2870,.T.);
#3000=ADVANCED_FACE('',(#360),#2871,.T.);
#3001=ADVANCED_FACE('',(#361),#222,.T.);
#3002=ADVANCED_FACE('',(#362),#2872,.T.);
#3003=ADVANCED_FACE('',(#363),#223,.T.);
#3004=ADVANCED_FACE('',(#364),#224,.T.);
#3005=ADVANCED_FACE('',(#365),#2873,.T.);
#3006=ADVANCED_FACE('',(#366),#225,.T.);
#3007=ADVANCED_FACE('',(#367),#2874,.T.);
#3008=ADVANCED_FACE('',(#368),#226,.T.);
#3009=ADVANCED_FACE('',(#369),#227,.T.);
#3010=ADVANCED_FACE('',(#370),#2875,.T.);
#3011=ADVANCED_FACE('',(#371),#228,.T.);
#3012=ADVANCED_FACE('',(#372),#2876,.T.);
#3013=ADVANCED_FACE('',(#373),#229,.T.);
#3014=ADVANCED_FACE('',(#374),#2877,.T.);
#3015=ADVANCED_FACE('',(#375),#230,.T.);
#3016=ADVANCED_FACE('',(#376),#2878,.T.);
#3017=ADVANCED_FACE('',(#377),#231,.T.);
#3018=ADVANCED_FACE('',(#378),#2879,.T.);
#3019=ADVANCED_FACE('',(#379),#232,.T.);
#3020=ADVANCED_FACE('',(#380),#2880,.T.);
#3021=ADVANCED_FACE('',(#381),#2881,.T.);
#3022=ADVANCED_FACE('',(#382),#233,.T.);
#3023=ADVANCED_FACE('',(#383),#2882,.T.);
#3024=ADVANCED_FACE('',(#384),#234,.T.);
#3025=ADVANCED_FACE('',(#385),#235,.T.);
#3026=ADVANCED_FACE('',(#386),#2883,.T.);
#3027=ADVANCED_FACE('',(#387),#236,.T.);
#3028=ADVANCED_FACE('',(#388),#2884,.T.);
#3029=ADVANCED_FACE('',(#389),#2885,.T.);
#3030=ADVANCED_FACE('',(#390),#237,.T.);
#3031=ADVANCED_FACE('',(#391),#2886,.T.);
#3032=ADVANCED_FACE('',(#392),#238,.T.);
#3033=ADVANCED_FACE('',(#393),#2887,.T.);
#3034=ADVANCED_FACE('',(#394),#239,.T.);
#3035=ADVANCED_FACE('',(#395),#2888,.T.);
#3036=ADVANCED_FACE('',(#396),#240,.T.);
#3037=ADVANCED_FACE('',(#397),#2889,.T.);
#3038=ADVANCED_FACE('',(#398),#241,.T.);
#3039=ADVANCED_FACE('',(#399),#2890,.T.);
#3040=ADVANCED_FACE('',(#400),#242,.T.);
#3041=ADVANCED_FACE('',(#401),#2891,.T.);
#3042=ADVANCED_FACE('',(#402),#243,.T.);
#3043=ADVANCED_FACE('',(#403),#2892,.T.);
#3044=ADVANCED_FACE('',(#404),#244,.T.);
#3045=ADVANCED_FACE('',(#405),#245,.T.);
#3046=ADVANCED_FACE('',(#406),#246,.T.);
#3047=ADVANCED_FACE('',(#407),#2893,.T.);
#3048=ADVANCED_FACE('',(#408),#247,.T.);
#3049=ADVANCED_FACE('',(#409),#2894,.T.);
#3050=ADVANCED_FACE('',(#410),#248,.T.);
#3051=ADVANCED_FACE('',(#411),#2895,.T.);
#3052=ADVANCED_FACE('',(#412),#249,.T.);
#3053=ADVANCED_FACE('',(#413),#2896,.T.);
#3054=ADVANCED_FACE('',(#414),#2897,.T.);
#3055=ADVANCED_FACE('',(#415),#250,.T.);
#3056=ADVANCED_FACE('',(#416),#2898,.T.);
#3057=ADVANCED_FACE('',(#417),#251,.T.);
#3058=ADVANCED_FACE('',(#418),#2899,.T.);
#3059=ADVANCED_FACE('',(#419),#252,.T.);
#3060=ADVANCED_FACE('',(#420),#2900,.T.);
#3061=ADVANCED_FACE('',(#421),#253,.T.);
#3062=ADVANCED_FACE('',(#422),#2901,.T.);
#3063=ADVANCED_FACE('',(#423),#254,.T.);
#3064=ADVANCED_FACE('',(#424),#2902,.T.);
#3065=ADVANCED_FACE('',(#425),#255,.T.);
#3066=ADVANCED_FACE('',(#426),#256,.T.);
#3067=ADVANCED_FACE('',(#427),#2903,.T.);
#3068=ADVANCED_FACE('',(#428,#261),#265,.T.);
#3069=ADVANCED_FACE('',(#429),#257,.F.);
#3070=ADVANCED_FACE('',(#430),#2904,.T.);
#3071=ADVANCED_FACE('',(#431),#258,.T.);
#3072=ADVANCED_FACE('',(#432),#2905,.T.);
#3073=ADVANCED_FACE('',(#433,#262),#266,.F.);
#3074=ADVANCED_FACE('',(#434),#2906,.T.);
#3075=CLOSED_SHELL('',(#2907,#2908,#2909,#2910,#2911,#2912,#2913,#2914));
#3076=CLOSED_SHELL('',(#2915,#2916,#2917,#2918,#2919,#2920,#2921,#2922,
#2923,#2924,#2925,#2926,#2927,#2928,#2929,#2930,#2931,#2932,#2933,#2934,
#2935,#2936,#2937,#2938,#2939,#2940,#2941,#2942,#2943,#2944,#2945,#2946,
#2947,#2948,#2949,#2950,#2951,#2952,#2953,#2954,#2955,#2956,#2957,#2958,
#2959,#2960,#2961,#2962,#2963,#2964,#2965,#2966,#2967,#2968,#2969,#2970,
#2971,#2972,#2973,#2974,#2975,#2976,#2977,#2978,#2979,#2980,#2981,#2982,
#2983,#2984,#2985,#2986,#2987,#2988,#2989,#2990,#2991,#2992,#2993,#2994,
#2995,#2996,#2997,#2998,#2999,#3000,#3001,#3002,#3003,#3004,#3005,#3006,
#3007,#3008,#3009,#3010,#3011,#3012,#3013,#3014,#3015,#3016,#3017,#3018,
#3019,#3020,#3021,#3022,#3023,#3024,#3025,#3026,#3027,#3028,#3029,#3030,
#3031,#3032,#3033,#3034,#3035,#3036,#3037,#3038,#3039,#3040,#3041,#3042,
#3043,#3044,#3045,#3046,#3047,#3048,#3049,#3050,#3051,#3052,#3053,#3054,
#3055,#3056,#3057,#3058,#3059,#3060,#3061,#3062,#3063,#3064,#3065,#3066));
#3077=CLOSED_SHELL('',(#3067,#3068,#3069,#3070,#3071,#3072,#3073,#3074));
#3078=DERIVED_UNIT_ELEMENT(#3080,1.);
#3079=DERIVED_UNIT_ELEMENT(#5907,-3.);
#3080=(
MASS_UNIT()
NAMED_UNIT(*)
SI_UNIT(.KILO.,.GRAM.)
);
#3081=DERIVED_UNIT((#3078,#3079));
#3082=MEASURE_REPRESENTATION_ITEM('density measure',
POSITIVE_RATIO_MEASURE(7850.),#3081);
#3083=PROPERTY_DEFINITION_REPRESENTATION(#3088,#3085);
#3084=PROPERTY_DEFINITION_REPRESENTATION(#3089,#3086);
#3085=REPRESENTATION('material name',(#3087),#5904);
#3086=REPRESENTATION('density',(#3082),#5904);
#3087=DESCRIPTIVE_REPRESENTATION_ITEM('Steel','Steel');
#3088=PROPERTY_DEFINITION('material property','material name',#5914);
#3089=PROPERTY_DEFINITION('material property','density of part',#5914);
#3090=AXIS2_PLACEMENT_3D('',#4913,#3671,#3672);
#3091=AXIS2_PLACEMENT_3D('',#4914,#3673,#3674);
#3092=AXIS2_PLACEMENT_3D('',#4916,#3675,#3676);
#3093=AXIS2_PLACEMENT_3D('',#4918,#3677,#3678);
#3094=AXIS2_PLACEMENT_3D('',#4920,#3679,#3680);
#3095=AXIS2_PLACEMENT_3D('',#4921,#3681,#3682);
#3096=AXIS2_PLACEMENT_3D('',#4922,#3683,#3684);
#3097=AXIS2_PLACEMENT_3D('',#4924,#3685,#3686);
#3098=AXIS2_PLACEMENT_3D('',#4925,#3687,#3688);
#3099=AXIS2_PLACEMENT_3D('',#4929,#3690,#3691);
#3100=AXIS2_PLACEMENT_3D('',#4930,#3692,#3693);
#3101=AXIS2_PLACEMENT_3D('',#4931,#3694,#3695);
#3102=AXIS2_PLACEMENT_3D('',#4933,#3696,#3697);
#3103=AXIS2_PLACEMENT_3D('',#4935,#3698,#3699);
#3104=AXIS2_PLACEMENT_3D('',#4936,#3700,#3701);
#3105=AXIS2_PLACEMENT_3D('',#4937,#3702,#3703);
#3106=AXIS2_PLACEMENT_3D('',#4941,#3705,#3706);
#3107=AXIS2_PLACEMENT_3D('',#4942,#3707,#3708);
#3108=AXIS2_PLACEMENT_3D('',#4943,#3709,#3710);
#3109=AXIS2_PLACEMENT_3D('',#4945,#3711,#3712);
#3110=AXIS2_PLACEMENT_3D('',#4946,#3713,#3714);
#3111=AXIS2_PLACEMENT_3D('',#4947,#3715,#3716);
#3112=AXIS2_PLACEMENT_3D('',#4949,#3717,#3718);
#3113=AXIS2_PLACEMENT_3D('',#4950,#3719,#3720);
#3114=AXIS2_PLACEMENT_3D('',#4951,#3721,#3722);
#3115=AXIS2_PLACEMENT_3D('',#4952,#3723,#3724);
#3116=AXIS2_PLACEMENT_3D('',#4955,#3725,#3726);
#3117=AXIS2_PLACEMENT_3D('',#4956,#3727,#3728);
#3118=AXIS2_PLACEMENT_3D('',#4958,#3729,#3730);
#3119=AXIS2_PLACEMENT_3D('',#4960,#3731,#3732);
#3120=AXIS2_PLACEMENT_3D('',#4961,#3733,#3734);
#3121=AXIS2_PLACEMENT_3D('',#4962,#3735,#3736);
#3122=AXIS2_PLACEMENT_3D('',#4965,#3737,#3738);
#3123=AXIS2_PLACEMENT_3D('',#4967,#3740,#3741);
#3124=AXIS2_PLACEMENT_3D('',#4968,#3742,#3743);
#3125=AXIS2_PLACEMENT_3D('',#4971,#3744,#3745);
#3126=AXIS2_PLACEMENT_3D('',#4972,#3746,#3747);
#3127=AXIS2_PLACEMENT_3D('',#4973,#3748,#3749);
#3128=AXIS2_PLACEMENT_3D('',#4974,#3750,#3751);
#3129=AXIS2_PLACEMENT_3D('',#4977,#3752,#3753);
#3130=AXIS2_PLACEMENT_3D('',#4978,#3754,#3755);
#3131=AXIS2_PLACEMENT_3D('',#4980,#3756,#3757);
#3132=AXIS2_PLACEMENT_3D('',#4982,#3758,#3759);
#3133=AXIS2_PLACEMENT_3D('',#4983,#3760,#3761);
#3134=AXIS2_PLACEMENT_3D('',#4984,#3762,#3763);
#3135=AXIS2_PLACEMENT_3D('',#4988,#3765,#3766);
#3136=AXIS2_PLACEMENT_3D('',#4989,#3767,#3768);
#3137=AXIS2_PLACEMENT_3D('',#4990,#3769,#3770);
#3138=AXIS2_PLACEMENT_3D('',#4992,#3771,#3772);
#3139=AXIS2_PLACEMENT_3D('',#4994,#3773,#3774);
#3140=AXIS2_PLACEMENT_3D('',#4995,#3775,#3776);
#3141=AXIS2_PLACEMENT_3D('',#4996,#3777,#3778);
#3142=AXIS2_PLACEMENT_3D('',#4999,#3779,#3780);
#3143=AXIS2_PLACEMENT_3D('',#5000,#3781,#3782);
#3144=AXIS2_PLACEMENT_3D('',#5002,#3784,#3785);
#3145=AXIS2_PLACEMENT_3D('',#5005,#3786,#3787);
#3146=AXIS2_PLACEMENT_3D('',#5006,#3788,#3789);
#3147=AXIS2_PLACEMENT_3D('',#5008,#3790,#3791);
#3148=AXIS2_PLACEMENT_3D('',#5010,#3792,#3793);
#3149=AXIS2_PLACEMENT_3D('',#5011,#3794,#3795);
#3150=AXIS2_PLACEMENT_3D('',#5012,#3796,#3797);
#3151=AXIS2_PLACEMENT_3D('',#5015,#3798,#3799);
#3152=AXIS2_PLACEMENT_3D('',#5017,#3801,#3802);
#3153=AXIS2_PLACEMENT_3D('',#5018,#3803,#3804);
#3154=AXIS2_PLACEMENT_3D('',#5021,#3805,#3806);
#3155=AXIS2_PLACEMENT_3D('',#5022,#3807,#3808);
#3156=AXIS2_PLACEMENT_3D('',#5023,#3809,#3810);
#3157=AXIS2_PLACEMENT_3D('',#5024,#3811,#3812);
#3158=AXIS2_PLACEMENT_3D('',#5026,#3814,#3815);
#3159=AXIS2_PLACEMENT_3D('',#5030,#3817,#3818);
#3160=AXIS2_PLACEMENT_3D('',#5031,#3819,#3820);
#3161=AXIS2_PLACEMENT_3D('',#5032,#3821,#3822);
#3162=AXIS2_PLACEMENT_3D('',#5036,#3824,#3825);
#3163=AXIS2_PLACEMENT_3D('',#5037,#3826,#3827);
#3164=AXIS2_PLACEMENT_3D('',#5038,#3828,#3829);
#3165=AXIS2_PLACEMENT_3D('',#5041,#3830,#3831);
#3166=AXIS2_PLACEMENT_3D('',#5042,#3832,#3833);
#3167=AXIS2_PLACEMENT_3D('',#5043,#3834,#3835);
#3168=AXIS2_PLACEMENT_3D('',#5044,#3836,#3837);
#3169=AXIS2_PLACEMENT_3D('',#5047,#3838,#3839);
#3170=AXIS2_PLACEMENT_3D('',#5048,#3840,#3841);
#3171=AXIS2_PLACEMENT_3D('',#5050,#3843,#3844);
#3172=AXIS2_PLACEMENT_3D('',#5051,#3845,#3846);
#3173=AXIS2_PLACEMENT_3D('',#5052,#3847,#3848);
#3174=AXIS2_PLACEMENT_3D('',#5055,#3849,#3850);
#3175=AXIS2_PLACEMENT_3D('',#5056,#3851,#3852);
#3176=AXIS2_PLACEMENT_3D('',#5058,#3853,#3854);
#3177=AXIS2_PLACEMENT_3D('',#5060,#3855,#3856);
#3178=AXIS2_PLACEMENT_3D('',#5061,#3857,#3858);
#3179=AXIS2_PLACEMENT_3D('',#5062,#3859,#3860);
#3180=AXIS2_PLACEMENT_3D('',#5066,#3862,#3863);
#3181=AXIS2_PLACEMENT_3D('',#5067,#3864,#3865);
#3182=AXIS2_PLACEMENT_3D('',#5068,#3866,#3867);
#3183=AXIS2_PLACEMENT_3D('',#5070,#3868,#3869);
#3184=AXIS2_PLACEMENT_3D('',#5072,#3870,#3871);
#3185=AXIS2_PLACEMENT_3D('',#5073,#3872,#3873);
#3186=AXIS2_PLACEMENT_3D('',#5074,#3874,#3875);
#3187=AXIS2_PLACEMENT_3D('',#5076,#3877,#3878);
#3188=AXIS2_PLACEMENT_3D('',#5079,#3879,#3880);
#3189=AXIS2_PLACEMENT_3D('',#5080,#3881,#3882);
#3190=AXIS2_PLACEMENT_3D('',#5082,#3883,#3884);
#3191=AXIS2_PLACEMENT_3D('',#5084,#3885,#3886);
#3192=AXIS2_PLACEMENT_3D('',#5085,#3887,#3888);
#3193=AXIS2_PLACEMENT_3D('',#5086,#3889,#3890);
#3194=AXIS2_PLACEMENT_3D('',#5089,#3891,#3892);
#3195=AXIS2_PLACEMENT_3D('',#5091,#3894,#3895);
#3196=AXIS2_PLACEMENT_3D('',#5092,#3896,#3897);
#3197=AXIS2_PLACEMENT_3D('',#5095,#3898,#3899);
#3198=AXIS2_PLACEMENT_3D('',#5096,#3900,#3901);
#3199=AXIS2_PLACEMENT_3D('',#5097,#3902,#3903);
#3200=AXIS2_PLACEMENT_3D('',#5098,#3904,#3905);
#3201=AXIS2_PLACEMENT_3D('',#5101,#3906,#3907);
#3202=AXIS2_PLACEMENT_3D('',#5102,#3908,#3909);
#3203=AXIS2_PLACEMENT_3D('',#5104,#3910,#3911);
#3204=AXIS2_PLACEMENT_3D('',#5106,#3912,#3913);
#3205=AXIS2_PLACEMENT_3D('',#5107,#3914,#3915);
#3206=AXIS2_PLACEMENT_3D('',#5108,#3916,#3917);
#3207=AXIS2_PLACEMENT_3D('',#5111,#3918,#3919);
#3208=AXIS2_PLACEMENT_3D('',#5113,#3921,#3922);
#3209=AXIS2_PLACEMENT_3D('',#5114,#3923,#3924);
#3210=AXIS2_PLACEMENT_3D('',#5117,#3925,#3926);
#3211=AXIS2_PLACEMENT_3D('',#5118,#3927,#3928);
#3212=AXIS2_PLACEMENT_3D('',#5119,#3929,#3930);
#3213=AXIS2_PLACEMENT_3D('',#5120,#3931,#3932);
#3214=AXIS2_PLACEMENT_3D('',#5122,#3934,#3935);
#3215=AXIS2_PLACEMENT_3D('',#5125,#3936,#3937);
#3216=AXIS2_PLACEMENT_3D('',#5126,#3938,#3939);
#3217=AXIS2_PLACEMENT_3D('',#5128,#3940,#3941);
#3218=AXIS2_PLACEMENT_3D('',#5130,#3942,#3943);
#3219=AXIS2_PLACEMENT_3D('',#5131,#3944,#3945);
#3220=AXIS2_PLACEMENT_3D('',#5132,#3946,#3947);
#3221=AXIS2_PLACEMENT_3D('',#5136,#3949,#3950);
#3222=AXIS2_PLACEMENT_3D('',#5137,#3951,#3952);
#3223=AXIS2_PLACEMENT_3D('',#5138,#3953,#3954);
#3224=AXIS2_PLACEMENT_3D('',#5140,#3955,#3956);
#3225=AXIS2_PLACEMENT_3D('',#5142,#3957,#3958);
#3226=AXIS2_PLACEMENT_3D('',#5143,#3959,#3960);
#3227=AXIS2_PLACEMENT_3D('',#5144,#3961,#3962);
#3228=AXIS2_PLACEMENT_3D('',#5146,#3964,#3965);
#3229=AXIS2_PLACEMENT_3D('',#5148,#3967,#3968);
#3230=AXIS2_PLACEMENT_3D('',#5152,#3970,#3971);
#3231=AXIS2_PLACEMENT_3D('',#5153,#3972,#3973);
#3232=AXIS2_PLACEMENT_3D('',#5154,#3974,#3975);
#3233=AXIS2_PLACEMENT_3D('',#5157,#3976,#3977);
#3234=AXIS2_PLACEMENT_3D('',#5158,#3978,#3979);
#3235=AXIS2_PLACEMENT_3D('',#5159,#3980,#3981);
#3236=AXIS2_PLACEMENT_3D('',#5160,#3982,#3983);
#3237=AXIS2_PLACEMENT_3D('',#5163,#3984,#3985);
#3238=AXIS2_PLACEMENT_3D('',#5164,#3986,#3987);
#3239=AXIS2_PLACEMENT_3D('',#5166,#3989,#3990);
#3240=AXIS2_PLACEMENT_3D('',#5169,#3991,#3992);
#3241=AXIS2_PLACEMENT_3D('',#5170,#3993,#3994);
#3242=AXIS2_PLACEMENT_3D('',#5171,#3995,#3996);
#3243=AXIS2_PLACEMENT_3D('',#5172,#3997,#3998);
#3244=AXIS2_PLACEMENT_3D('',#5175,#3999,#4000);
#3245=AXIS2_PLACEMENT_3D('',#5176,#4001,#4002);
#3246=AXIS2_PLACEMENT_3D('',#5178,#4003,#4004);
#3247=AXIS2_PLACEMENT_3D('',#5180,#4005,#4006);
#3248=AXIS2_PLACEMENT_3D('',#5181,#4007,#4008);
#3249=AXIS2_PLACEMENT_3D('',#5182,#4009,#4010);
#3250=AXIS2_PLACEMENT_3D('',#5185,#4011,#4012);
#3251=AXIS2_PLACEMENT_3D('',#5187,#4014,#4015);
#3252=AXIS2_PLACEMENT_3D('',#5188,#4016,#4017);
#3253=AXIS2_PLACEMENT_3D('',#5191,#4018,#4019);
#3254=AXIS2_PLACEMENT_3D('',#5192,#4020,#4021);
#3255=AXIS2_PLACEMENT_3D('',#5193,#4022,#4023);
#3256=AXIS2_PLACEMENT_3D('',#5194,#4024,#4025);
#3257=AXIS2_PLACEMENT_3D('',#5197,#4026,#4027);
#3258=AXIS2_PLACEMENT_3D('',#5198,#4028,#4029);
#3259=AXIS2_PLACEMENT_3D('',#5200,#4030,#4031);
#3260=AXIS2_PLACEMENT_3D('',#5202,#4032,#4033);
#3261=AXIS2_PLACEMENT_3D('',#5203,#4034,#4035);
#3262=AXIS2_PLACEMENT_3D('',#5204,#4036,#4037);
#3263=AXIS2_PLACEMENT_3D('',#5207,#4038,#4039);
#3264=AXIS2_PLACEMENT_3D('',#5209,#4041,#4042);
#3265=AXIS2_PLACEMENT_3D('',#5210,#4043,#4044);
#3266=AXIS2_PLACEMENT_3D('',#5213,#4045,#4046);
#3267=AXIS2_PLACEMENT_3D('',#5214,#4047,#4048);
#3268=AXIS2_PLACEMENT_3D('',#5215,#4049,#4050);
#3269=AXIS2_PLACEMENT_3D('',#5216,#4051,#4052);
#3270=AXIS2_PLACEMENT_3D('',#5218,#4054,#4055);
#3271=AXIS2_PLACEMENT_3D('',#5221,#4056,#4057);
#3272=AXIS2_PLACEMENT_3D('',#5222,#4058,#4059);
#3273=AXIS2_PLACEMENT_3D('',#5224,#4060,#4061);
#3274=AXIS2_PLACEMENT_3D('',#5226,#4062,#4063);
#3275=AXIS2_PLACEMENT_3D('',#5227,#4064,#4065);
#3276=AXIS2_PLACEMENT_3D('',#5228,#4066,#4067);
#3277=AXIS2_PLACEMENT_3D('',#5232,#4069,#4070);
#3278=AXIS2_PLACEMENT_3D('',#5233,#4071,#4072);
#3279=AXIS2_PLACEMENT_3D('',#5234,#4073,#4074);
#3280=AXIS2_PLACEMENT_3D('',#5236,#4075,#4076);
#3281=AXIS2_PLACEMENT_3D('',#5238,#4077,#4078);
#3282=AXIS2_PLACEMENT_3D('',#5239,#4079,#4080);
#3283=AXIS2_PLACEMENT_3D('',#5240,#4081,#4082);
#3284=AXIS2_PLACEMENT_3D('',#5242,#4084,#4085);
#3285=AXIS2_PLACEMENT_3D('',#5244,#4087,#4088);
#3286=AXIS2_PLACEMENT_3D('',#5247,#4089,#4090);
#3287=AXIS2_PLACEMENT_3D('',#5248,#4091,#4092);
#3288=AXIS2_PLACEMENT_3D('',#5250,#4093,#4094);
#3289=AXIS2_PLACEMENT_3D('',#5252,#4095,#4096);
#3290=AXIS2_PLACEMENT_3D('',#5253,#4097,#4098);
#3291=AXIS2_PLACEMENT_3D('',#5254,#4099,#4100);
#3292=AXIS2_PLACEMENT_3D('',#5258,#4102,#4103);
#3293=AXIS2_PLACEMENT_3D('',#5259,#4104,#4105);
#3294=AXIS2_PLACEMENT_3D('',#5260,#4106,#4107);
#3295=AXIS2_PLACEMENT_3D('',#5262,#4108,#4109);
#3296=AXIS2_PLACEMENT_3D('',#5264,#4110,#4111);
#3297=AXIS2_PLACEMENT_3D('',#5265,#4112,#4113);
#3298=AXIS2_PLACEMENT_3D('',#5266,#4114,#4115);
#3299=AXIS2_PLACEMENT_3D('',#5268,#4117,#4118);
#3300=AXIS2_PLACEMENT_3D('',#5271,#4119,#4120);
#3301=AXIS2_PLACEMENT_3D('',#5272,#4121,#4122);
#3302=AXIS2_PLACEMENT_3D('',#5274,#4123,#4124);
#3303=AXIS2_PLACEMENT_3D('',#5276,#4125,#4126);
#3304=AXIS2_PLACEMENT_3D('',#5277,#4127,#4128);
#3305=AXIS2_PLACEMENT_3D('',#5278,#4129,#4130);
#3306=AXIS2_PLACEMENT_3D('',#5281,#4131,#4132);
#3307=AXIS2_PLACEMENT_3D('',#5283,#4134,#4135);
#3308=AXIS2_PLACEMENT_3D('',#5284,#4136,#4137);
#3309=AXIS2_PLACEMENT_3D('',#5287,#4138,#4139);
#3310=AXIS2_PLACEMENT_3D('',#5288,#4140,#4141);
#3311=AXIS2_PLACEMENT_3D('',#5289,#4142,#4143);
#3312=AXIS2_PLACEMENT_3D('',#5290,#4144,#4145);
#3313=AXIS2_PLACEMENT_3D('',#5293,#4146,#4147);
#3314=AXIS2_PLACEMENT_3D('',#5294,#4148,#4149);
#3315=AXIS2_PLACEMENT_3D('',#5296,#4150,#4151);
#3316=AXIS2_PLACEMENT_3D('',#5298,#4152,#4153);
#3317=AXIS2_PLACEMENT_3D('',#5299,#4154,#4155);
#3318=AXIS2_PLACEMENT_3D('',#5300,#4156,#4157);
#3319=AXIS2_PLACEMENT_3D('',#5303,#4158,#4159);
#3320=AXIS2_PLACEMENT_3D('',#5305,#4161,#4162);
#3321=AXIS2_PLACEMENT_3D('',#5306,#4163,#4164);
#3322=AXIS2_PLACEMENT_3D('',#5309,#4165,#4166);
#3323=AXIS2_PLACEMENT_3D('',#5310,#4167,#4168);
#3324=AXIS2_PLACEMENT_3D('',#5311,#4169,#4170);
#3325=AXIS2_PLACEMENT_3D('',#5312,#4171,#4172);
#3326=AXIS2_PLACEMENT_3D('',#5314,#4174,#4175);
#3327=AXIS2_PLACEMENT_3D('',#5318,#4177,#4178);
#3328=AXIS2_PLACEMENT_3D('',#5319,#4179,#4180);
#3329=AXIS2_PLACEMENT_3D('',#5320,#4181,#4182);
#3330=AXIS2_PLACEMENT_3D('',#5324,#4184,#4185);
#3331=AXIS2_PLACEMENT_3D('',#5325,#4186,#4187);
#3332=AXIS2_PLACEMENT_3D('',#5326,#4188,#4189);
#3333=AXIS2_PLACEMENT_3D('',#5329,#4190,#4191);
#3334=AXIS2_PLACEMENT_3D('',#5330,#4192,#4193);
#3335=AXIS2_PLACEMENT_3D('',#5331,#4194,#4195);
#3336=AXIS2_PLACEMENT_3D('',#5332,#4196,#4197);
#3337=AXIS2_PLACEMENT_3D('',#5335,#4198,#4199);
#3338=AXIS2_PLACEMENT_3D('',#5336,#4200,#4201);
#3339=AXIS2_PLACEMENT_3D('',#5338,#4203,#4204);
#3340=AXIS2_PLACEMENT_3D('',#5339,#4205,#4206);
#3341=AXIS2_PLACEMENT_3D('',#5340,#4207,#4208);
#3342=AXIS2_PLACEMENT_3D('',#5343,#4209,#4210);
#3343=AXIS2_PLACEMENT_3D('',#5344,#4211,#4212);
#3344=AXIS2_PLACEMENT_3D('',#5346,#4213,#4214);
#3345=AXIS2_PLACEMENT_3D('',#5348,#4215,#4216);
#3346=AXIS2_PLACEMENT_3D('',#5349,#4217,#4218);
#3347=AXIS2_PLACEMENT_3D('',#5350,#4219,#4220);
#3348=AXIS2_PLACEMENT_3D('',#5354,#4222,#4223);
#3349=AXIS2_PLACEMENT_3D('',#5355,#4224,#4225);
#3350=AXIS2_PLACEMENT_3D('',#5356,#4226,#4227);
#3351=AXIS2_PLACEMENT_3D('',#5358,#4228,#4229);
#3352=AXIS2_PLACEMENT_3D('',#5360,#4230,#4231);
#3353=AXIS2_PLACEMENT_3D('',#5361,#4232,#4233);
#3354=AXIS2_PLACEMENT_3D('',#5362,#4234,#4235);
#3355=AXIS2_PLACEMENT_3D('',#5365,#4236,#4237);
#3356=AXIS2_PLACEMENT_3D('',#5366,#4238,#4239);
#3357=AXIS2_PLACEMENT_3D('',#5368,#4240,#4241);
#3358=AXIS2_PLACEMENT_3D('',#5370,#4242,#4243);
#3359=AXIS2_PLACEMENT_3D('',#5371,#4244,#4245);
#3360=AXIS2_PLACEMENT_3D('',#5372,#4246,#4247);
#3361=AXIS2_PLACEMENT_3D('',#5376,#4249,#4250);
#3362=AXIS2_PLACEMENT_3D('',#5377,#4251,#4252);
#3363=AXIS2_PLACEMENT_3D('',#5378,#4253,#4254);
#3364=AXIS2_PLACEMENT_3D('',#5380,#4255,#4256);
#3365=AXIS2_PLACEMENT_3D('',#5382,#4257,#4258);
#3366=AXIS2_PLACEMENT_3D('',#5383,#4259,#4260);
#3367=AXIS2_PLACEMENT_3D('',#5384,#4261,#4262);
#3368=AXIS2_PLACEMENT_3D('',#5387,#4263,#4264);
#3369=AXIS2_PLACEMENT_3D('',#5388,#4265,#4266);
#3370=AXIS2_PLACEMENT_3D('',#5390,#4267,#4268);
#3371=AXIS2_PLACEMENT_3D('',#5392,#4269,#4270);
#3372=AXIS2_PLACEMENT_3D('',#5393,#4271,#4272);
#3373=AXIS2_PLACEMENT_3D('',#5394,#4273,#4274);
#3374=AXIS2_PLACEMENT_3D('',#5398,#4276,#4277);
#3375=AXIS2_PLACEMENT_3D('',#5399,#4278,#4279);
#3376=AXIS2_PLACEMENT_3D('',#5400,#4280,#4281);
#3377=AXIS2_PLACEMENT_3D('',#5402,#4282,#4283);
#3378=AXIS2_PLACEMENT_3D('',#5404,#4284,#4285);
#3379=AXIS2_PLACEMENT_3D('',#5405,#4286,#4287);
#3380=AXIS2_PLACEMENT_3D('',#5406,#4288,#4289);
#3381=AXIS2_PLACEMENT_3D('',#5408,#4291,#4292);
#3382=AXIS2_PLACEMENT_3D('',#5410,#4294,#4295);
#3383=AXIS2_PLACEMENT_3D('',#5414,#4297,#4298);
#3384=AXIS2_PLACEMENT_3D('',#5415,#4299,#4300);
#3385=AXIS2_PLACEMENT_3D('',#5416,#4301,#4302);
#3386=AXIS2_PLACEMENT_3D('',#5419,#4303,#4304);
#3387=AXIS2_PLACEMENT_3D('',#5421,#4305,#4306);
#3388=AXIS2_PLACEMENT_3D('',#5423,#4307,#4308);
#3389=AXIS2_PLACEMENT_3D('',#5424,#4309,#4310);
#3390=AXIS2_PLACEMENT_3D('',#5425,#4311,#4312);
#3391=AXIS2_PLACEMENT_3D('',#5426,#4313,#4314);
#3392=AXIS2_PLACEMENT_3D('',#5429,#4315,#4316);
#3393=AXIS2_PLACEMENT_3D('',#5430,#4317,#4318);
#3394=AXIS2_PLACEMENT_3D('',#5432,#4320,#4321);
#3395=AXIS2_PLACEMENT_3D('',#5433,#4322,#4323);
#3396=AXIS2_PLACEMENT_3D('',#5434,#4324,#4325);
#3397=AXIS2_PLACEMENT_3D('',#5437,#4326,#4327);
#3398=AXIS2_PLACEMENT_3D('',#5438,#4328,#4329);
#3399=AXIS2_PLACEMENT_3D('',#5440,#4330,#4331);
#3400=AXIS2_PLACEMENT_3D('',#5442,#4332,#4333);
#3401=AXIS2_PLACEMENT_3D('',#5443,#4334,#4335);
#3402=AXIS2_PLACEMENT_3D('',#5444,#4336,#4337);
#3403=AXIS2_PLACEMENT_3D('',#5448,#4339,#4340);
#3404=AXIS2_PLACEMENT_3D('',#5449,#4341,#4342);
#3405=AXIS2_PLACEMENT_3D('',#5450,#4343,#4344);
#3406=AXIS2_PLACEMENT_3D('',#5452,#4345,#4346);
#3407=AXIS2_PLACEMENT_3D('',#5454,#4347,#4348);
#3408=AXIS2_PLACEMENT_3D('',#5455,#4349,#4350);
#3409=AXIS2_PLACEMENT_3D('',#5456,#4351,#4352);
#3410=AXIS2_PLACEMENT_3D('',#5459,#4353,#4354);
#3411=AXIS2_PLACEMENT_3D('',#5460,#4355,#4356);
#3412=AXIS2_PLACEMENT_3D('',#5462,#4357,#4358);
#3413=AXIS2_PLACEMENT_3D('',#5464,#4359,#4360);
#3414=AXIS2_PLACEMENT_3D('',#5465,#4361,#4362);
#3415=AXIS2_PLACEMENT_3D('',#5466,#4363,#4364);
#3416=AXIS2_PLACEMENT_3D('',#5470,#4366,#4367);
#3417=AXIS2_PLACEMENT_3D('',#5471,#4368,#4369);
#3418=AXIS2_PLACEMENT_3D('',#5472,#4370,#4371);
#3419=AXIS2_PLACEMENT_3D('',#5474,#4372,#4373);
#3420=AXIS2_PLACEMENT_3D('',#5476,#4374,#4375);
#3421=AXIS2_PLACEMENT_3D('',#5477,#4376,#4377);
#3422=AXIS2_PLACEMENT_3D('',#5478,#4378,#4379);
#3423=AXIS2_PLACEMENT_3D('',#5481,#4380,#4381);
#3424=AXIS2_PLACEMENT_3D('',#5482,#4382,#4383);
#3425=AXIS2_PLACEMENT_3D('',#5484,#4384,#4385);
#3426=AXIS2_PLACEMENT_3D('',#5486,#4386,#4387);
#3427=AXIS2_PLACEMENT_3D('',#5487,#4388,#4389);
#3428=AXIS2_PLACEMENT_3D('',#5488,#4390,#4391);
#3429=AXIS2_PLACEMENT_3D('',#5492,#4393,#4394);
#3430=AXIS2_PLACEMENT_3D('',#5493,#4395,#4396);
#3431=AXIS2_PLACEMENT_3D('',#5494,#4397,#4398);
#3432=AXIS2_PLACEMENT_3D('',#5496,#4399,#4400);
#3433=AXIS2_PLACEMENT_3D('',#5498,#4401,#4402);
#3434=AXIS2_PLACEMENT_3D('',#5499,#4403,#4404);
#3435=AXIS2_PLACEMENT_3D('',#5500,#4405,#4406);
#3436=AXIS2_PLACEMENT_3D('',#5502,#4408,#4409);
#3437=AXIS2_PLACEMENT_3D('',#5504,#4411,#4412);
#3438=AXIS2_PLACEMENT_3D('',#5507,#4413,#4414);
#3439=AXIS2_PLACEMENT_3D('',#5508,#4415,#4416);
#3440=AXIS2_PLACEMENT_3D('',#5510,#4417,#4418);
#3441=AXIS2_PLACEMENT_3D('',#5512,#4419,#4420);
#3442=AXIS2_PLACEMENT_3D('',#5513,#4421,#4422);
#3443=AXIS2_PLACEMENT_3D('',#5514,#4423,#4424);
#3444=AXIS2_PLACEMENT_3D('',#5518,#4426,#4427);
#3445=AXIS2_PLACEMENT_3D('',#5519,#4428,#4429);
#3446=AXIS2_PLACEMENT_3D('',#5520,#4430,#4431);
#3447=AXIS2_PLACEMENT_3D('',#5522,#4432,#4433);
#3448=AXIS2_PLACEMENT_3D('',#5524,#4434,#4435);
#3449=AXIS2_PLACEMENT_3D('',#5525,#4436,#4437);
#3450=AXIS2_PLACEMENT_3D('',#5526,#4438,#4439);
#3451=AXIS2_PLACEMENT_3D('',#5528,#4441,#4442);
#3452=AXIS2_PLACEMENT_3D('',#5530,#4444,#4445);
#3453=AXIS2_PLACEMENT_3D('',#5533,#4446,#4447);
#3454=AXIS2_PLACEMENT_3D('',#5534,#4448,#4449);
#3455=AXIS2_PLACEMENT_3D('',#5536,#4450,#4451);
#3456=AXIS2_PLACEMENT_3D('',#5538,#4452,#4453);
#3457=AXIS2_PLACEMENT_3D('',#5539,#4454,#4455);
#3458=AXIS2_PLACEMENT_3D('',#5540,#4456,#4457);
#3459=AXIS2_PLACEMENT_3D('',#5544,#4459,#4460);
#3460=AXIS2_PLACEMENT_3D('',#5545,#4461,#4462);
#3461=AXIS2_PLACEMENT_3D('',#5546,#4463,#4464);
#3462=AXIS2_PLACEMENT_3D('',#5548,#4465,#4466);
#3463=AXIS2_PLACEMENT_3D('',#5550,#4467,#4468);
#3464=AXIS2_PLACEMENT_3D('',#5551,#4469,#4470);
#3465=AXIS2_PLACEMENT_3D('',#5552,#4471,#4472);
#3466=AXIS2_PLACEMENT_3D('',#5554,#4474,#4475);
#3467=AXIS2_PLACEMENT_3D('',#5557,#4476,#4477);
#3468=AXIS2_PLACEMENT_3D('',#5558,#4478,#4479);
#3469=AXIS2_PLACEMENT_3D('',#5560,#4480,#4481);
#3470=AXIS2_PLACEMENT_3D('',#5562,#4482,#4483);
#3471=AXIS2_PLACEMENT_3D('',#5563,#4484,#4485);
#3472=AXIS2_PLACEMENT_3D('',#5564,#4486,#4487);
#3473=AXIS2_PLACEMENT_3D('',#5568,#4489,#4490);
#3474=AXIS2_PLACEMENT_3D('',#5569,#4491,#4492);
#3475=AXIS2_PLACEMENT_3D('',#5570,#4493,#4494);
#3476=AXIS2_PLACEMENT_3D('',#5572,#4495,#4496);
#3477=AXIS2_PLACEMENT_3D('',#5574,#4497,#4498);
#3478=AXIS2_PLACEMENT_3D('',#5575,#4499,#4500);
#3479=AXIS2_PLACEMENT_3D('',#5576,#4501,#4502);
#3480=AXIS2_PLACEMENT_3D('',#5579,#4503,#4504);
#3481=AXIS2_PLACEMENT_3D('',#5580,#4505,#4506);
#3482=AXIS2_PLACEMENT_3D('',#5582,#4508,#4509);
#3483=AXIS2_PLACEMENT_3D('',#5584,#4510,#4511);
#3484=AXIS2_PLACEMENT_3D('',#5586,#4512,#4513);
#3485=AXIS2_PLACEMENT_3D('',#5587,#4514,#4515);
#3486=AXIS2_PLACEMENT_3D('',#5588,#4516,#4517);
#3487=AXIS2_PLACEMENT_3D('',#5592,#4519,#4520);
#3488=AXIS2_PLACEMENT_3D('',#5593,#4521,#4522);
#3489=AXIS2_PLACEMENT_3D('',#5594,#4523,#4524);
#3490=AXIS2_PLACEMENT_3D('',#5596,#4525,#4526);
#3491=AXIS2_PLACEMENT_3D('',#5598,#4527,#4528);
#3492=AXIS2_PLACEMENT_3D('',#5599,#4529,#4530);
#3493=AXIS2_PLACEMENT_3D('',#5600,#4531,#4532);
#3494=AXIS2_PLACEMENT_3D('',#5603,#4533,#4534);
#3495=AXIS2_PLACEMENT_3D('',#5604,#4535,#4536);
#3496=AXIS2_PLACEMENT_3D('',#5606,#4537,#4538);
#3497=AXIS2_PLACEMENT_3D('',#5608,#4539,#4540);
#3498=AXIS2_PLACEMENT_3D('',#5609,#4541,#4542);
#3499=AXIS2_PLACEMENT_3D('',#5610,#4543,#4544);
#3500=AXIS2_PLACEMENT_3D('',#5614,#4546,#4547);
#3501=AXIS2_PLACEMENT_3D('',#5615,#4548,#4549);
#3502=AXIS2_PLACEMENT_3D('',#5616,#4550,#4551);
#3503=AXIS2_PLACEMENT_3D('',#5618,#4552,#4553);
#3504=AXIS2_PLACEMENT_3D('',#5620,#4554,#4555);
#3505=AXIS2_PLACEMENT_3D('',#5621,#4556,#4557);
#3506=AXIS2_PLACEMENT_3D('',#5622,#4558,#4559);
#3507=AXIS2_PLACEMENT_3D('',#5624,#4561,#4562);
#3508=AXIS2_PLACEMENT_3D('',#5626,#4564,#4565);
#3509=AXIS2_PLACEMENT_3D('',#5629,#4566,#4567);
#3510=AXIS2_PLACEMENT_3D('',#5630,#4568,#4569);
#3511=AXIS2_PLACEMENT_3D('',#5631,#4570,#4571);
#3512=AXIS2_PLACEMENT_3D('',#5632,#4572,#4573);
#3513=AXIS2_PLACEMENT_3D('',#5635,#4574,#4575);
#3514=AXIS2_PLACEMENT_3D('',#5637,#4577,#4578);
#3515=AXIS2_PLACEMENT_3D('',#5638,#4579,#4580);
#3516=AXIS2_PLACEMENT_3D('',#5641,#4581,#4582);
#3517=AXIS2_PLACEMENT_3D('',#5642,#4583,#4584);
#3518=AXIS2_PLACEMENT_3D('',#5643,#4585,#4586);
#3519=AXIS2_PLACEMENT_3D('',#5644,#4587,#4588);
#3520=AXIS2_PLACEMENT_3D('',#5647,#4589,#4590);
#3521=AXIS2_PLACEMENT_3D('',#5648,#4591,#4592);
#3522=AXIS2_PLACEMENT_3D('',#5650,#4593,#4594);
#3523=AXIS2_PLACEMENT_3D('',#5652,#4595,#4596);
#3524=AXIS2_PLACEMENT_3D('',#5653,#4597,#4598);
#3525=AXIS2_PLACEMENT_3D('',#5654,#4599,#4600);
#3526=AXIS2_PLACEMENT_3D('',#5658,#4602,#4603);
#3527=AXIS2_PLACEMENT_3D('',#5659,#4604,#4605);
#3528=AXIS2_PLACEMENT_3D('',#5660,#4606,#4607);
#3529=AXIS2_PLACEMENT_3D('',#5662,#4608,#4609);
#3530=AXIS2_PLACEMENT_3D('',#5664,#4610,#4611);
#3531=AXIS2_PLACEMENT_3D('',#5665,#4612,#4613);
#3532=AXIS2_PLACEMENT_3D('',#5666,#4614,#4615);
#3533=AXIS2_PLACEMENT_3D('',#5668,#4617,#4618);
#3534=AXIS2_PLACEMENT_3D('',#5671,#4619,#4620);
#3535=AXIS2_PLACEMENT_3D('',#5672,#4621,#4622);
#3536=AXIS2_PLACEMENT_3D('',#5674,#4623,#4624);
#3537=AXIS2_PLACEMENT_3D('',#5676,#4625,#4626);
#3538=AXIS2_PLACEMENT_3D('',#5677,#4627,#4628);
#3539=AXIS2_PLACEMENT_3D('',#5678,#4629,#4630);
#3540=AXIS2_PLACEMENT_3D('',#5682,#4632,#4633);
#3541=AXIS2_PLACEMENT_3D('',#5683,#4634,#4635);
#3542=AXIS2_PLACEMENT_3D('',#5684,#4636,#4637);
#3543=AXIS2_PLACEMENT_3D('',#5686,#4638,#4639);
#3544=AXIS2_PLACEMENT_3D('',#5688,#4640,#4641);
#3545=AXIS2_PLACEMENT_3D('',#5689,#4642,#4643);
#3546=AXIS2_PLACEMENT_3D('',#5690,#4644,#4645);
#3547=AXIS2_PLACEMENT_3D('',#5692,#4647,#4648);
#3548=AXIS2_PLACEMENT_3D('',#5695,#4649,#4650);
#3549=AXIS2_PLACEMENT_3D('',#5696,#4651,#4652);
#3550=AXIS2_PLACEMENT_3D('',#5698,#4653,#4654);
#3551=AXIS2_PLACEMENT_3D('',#5700,#4655,#4656);
#3552=AXIS2_PLACEMENT_3D('',#5701,#4657,#4658);
#3553=AXIS2_PLACEMENT_3D('',#5702,#4659,#4660);
#3554=AXIS2_PLACEMENT_3D('',#5705,#4661,#4662);
#3555=AXIS2_PLACEMENT_3D('',#5707,#4664,#4665);
#3556=AXIS2_PLACEMENT_3D('',#5708,#4666,#4667);
#3557=AXIS2_PLACEMENT_3D('',#5711,#4668,#4669);
#3558=AXIS2_PLACEMENT_3D('',#5712,#4670,#4671);
#3559=AXIS2_PLACEMENT_3D('',#5713,#4672,#4673);
#3560=AXIS2_PLACEMENT_3D('',#5714,#4674,#4675);
#3561=AXIS2_PLACEMENT_3D('',#5716,#4677,#4678);
#3562=AXIS2_PLACEMENT_3D('',#5719,#4679,#4680);
#3563=AXIS2_PLACEMENT_3D('',#5720,#4681,#4682);
#3564=AXIS2_PLACEMENT_3D('',#5722,#4683,#4684);
#3565=AXIS2_PLACEMENT_3D('',#5724,#4685,#4686);
#3566=AXIS2_PLACEMENT_3D('',#5725,#4687,#4688);
#3567=AXIS2_PLACEMENT_3D('',#5726,#4689,#4690);
#3568=AXIS2_PLACEMENT_3D('',#5729,#4691,#4692);
#3569=AXIS2_PLACEMENT_3D('',#5731,#4694,#4695);
#3570=AXIS2_PLACEMENT_3D('',#5732,#4696,#4697);
#3571=AXIS2_PLACEMENT_3D('',#5735,#4698,#4699);
#3572=AXIS2_PLACEMENT_3D('',#5736,#4700,#4701);
#3573=AXIS2_PLACEMENT_3D('',#5737,#4702,#4703);
#3574=AXIS2_PLACEMENT_3D('',#5738,#4704,#4705);
#3575=AXIS2_PLACEMENT_3D('',#5740,#4707,#4708);
#3576=AXIS2_PLACEMENT_3D('',#5744,#4710,#4711);
#3577=AXIS2_PLACEMENT_3D('',#5745,#4712,#4713);
#3578=AXIS2_PLACEMENT_3D('',#5746,#4714,#4715);
#3579=AXIS2_PLACEMENT_3D('',#5750,#4717,#4718);
#3580=AXIS2_PLACEMENT_3D('',#5751,#4719,#4720);
#3581=AXIS2_PLACEMENT_3D('',#5752,#4721,#4722);
#3582=AXIS2_PLACEMENT_3D('',#5755,#4723,#4724);
#3583=AXIS2_PLACEMENT_3D('',#5756,#4725,#4726);
#3584=AXIS2_PLACEMENT_3D('',#5757,#4727,#4728);
#3585=AXIS2_PLACEMENT_3D('',#5758,#4729,#4730);
#3586=AXIS2_PLACEMENT_3D('',#5761,#4731,#4732);
#3587=AXIS2_PLACEMENT_3D('',#5762,#4733,#4734);
#3588=AXIS2_PLACEMENT_3D('',#5764,#4736,#4737);
#3589=AXIS2_PLACEMENT_3D('',#5765,#4738,#4739);
#3590=AXIS2_PLACEMENT_3D('',#5766,#4740,#4741);
#3591=AXIS2_PLACEMENT_3D('',#5770,#4743,#4744);
#3592=AXIS2_PLACEMENT_3D('',#5771,#4745,#4746);
#3593=AXIS2_PLACEMENT_3D('',#5772,#4747,#4748);
#3594=AXIS2_PLACEMENT_3D('',#5775,#4749,#4750);
#3595=AXIS2_PLACEMENT_3D('',#5776,#4751,#4752);
#3596=AXIS2_PLACEMENT_3D('',#5777,#4753,#4754);
#3597=AXIS2_PLACEMENT_3D('',#5778,#4755,#4756);
#3598=AXIS2_PLACEMENT_3D('',#5781,#4757,#4758);
#3599=AXIS2_PLACEMENT_3D('',#5782,#4759,#4760);
#3600=AXIS2_PLACEMENT_3D('',#5784,#4762,#4763);
#3601=AXIS2_PLACEMENT_3D('',#5787,#4764,#4765);
#3602=AXIS2_PLACEMENT_3D('',#5788,#4766,#4767);
#3603=AXIS2_PLACEMENT_3D('',#5789,#4768,#4769);
#3604=AXIS2_PLACEMENT_3D('',#5790,#4770,#4771);
#3605=AXIS2_PLACEMENT_3D('',#5793,#4772,#4773);
#3606=AXIS2_PLACEMENT_3D('',#5794,#4774,#4775);
#3607=AXIS2_PLACEMENT_3D('',#5796,#4776,#4777);
#3608=AXIS2_PLACEMENT_3D('',#5798,#4778,#4779);
#3609=AXIS2_PLACEMENT_3D('',#5799,#4780,#4781);
#3610=AXIS2_PLACEMENT_3D('',#5800,#4782,#4783);
#3611=AXIS2_PLACEMENT_3D('',#5803,#4784,#4785);
#3612=AXIS2_PLACEMENT_3D('',#5805,#4787,#4788);
#3613=AXIS2_PLACEMENT_3D('',#5806,#4789,#4790);
#3614=AXIS2_PLACEMENT_3D('',#5809,#4791,#4792);
#3615=AXIS2_PLACEMENT_3D('',#5810,#4793,#4794);
#3616=AXIS2_PLACEMENT_3D('',#5811,#4795,#4796);
#3617=AXIS2_PLACEMENT_3D('',#5812,#4797,#4798);
#3618=AXIS2_PLACEMENT_3D('',#5814,#4800,#4801);
#3619=AXIS2_PLACEMENT_3D('',#5817,#4802,#4803);
#3620=AXIS2_PLACEMENT_3D('',#5818,#4804,#4805);
#3621=AXIS2_PLACEMENT_3D('',#5820,#4806,#4807);
#3622=AXIS2_PLACEMENT_3D('',#5822,#4808,#4809);
#3623=AXIS2_PLACEMENT_3D('',#5823,#4810,#4811);
#3624=AXIS2_PLACEMENT_3D('',#5824,#4812,#4813);
#3625=AXIS2_PLACEMENT_3D('',#5827,#4814,#4815);
#3626=AXIS2_PLACEMENT_3D('',#5829,#4817,#4818);
#3627=AXIS2_PLACEMENT_3D('',#5830,#4819,#4820);
#3628=AXIS2_PLACEMENT_3D('',#5833,#4821,#4822);
#3629=AXIS2_PLACEMENT_3D('',#5834,#4823,#4824);
#3630=AXIS2_PLACEMENT_3D('',#5835,#4825,#4826);
#3631=AXIS2_PLACEMENT_3D('',#5836,#4827,#4828);
#3632=AXIS2_PLACEMENT_3D('',#5838,#4830,#4831);
#3633=AXIS2_PLACEMENT_3D('',#5841,#4832,#4833);
#3634=AXIS2_PLACEMENT_3D('',#5842,#4834,#4835);
#3635=AXIS2_PLACEMENT_3D('',#5844,#4836,#4837);
#3636=AXIS2_PLACEMENT_3D('',#5846,#4838,#4839);
#3637=AXIS2_PLACEMENT_3D('',#5847,#4840,#4841);
#3638=AXIS2_PLACEMENT_3D('',#5848,#4842,#4843);
#3639=AXIS2_PLACEMENT_3D('',#5852,#4845,#4846);
#3640=AXIS2_PLACEMENT_3D('',#5853,#4847,#4848);
#3641=AXIS2_PLACEMENT_3D('',#5854,#4849,#4850);
#3642=AXIS2_PLACEMENT_3D('',#5856,#4851,#4852);
#3643=AXIS2_PLACEMENT_3D('',#5858,#4853,#4854);
#3644=AXIS2_PLACEMENT_3D('',#5859,#4855,#4856);
#3645=AXIS2_PLACEMENT_3D('',#5860,#4857,#4858);
#3646=AXIS2_PLACEMENT_3D('',#5862,#4860,#4861);
#3647=AXIS2_PLACEMENT_3D('',#5864,#4863,#4864);
#3648=AXIS2_PLACEMENT_3D('',#5866,#4865,#4866);
#3649=AXIS2_PLACEMENT_3D('',#5868,#4867,#4868);
#3650=AXIS2_PLACEMENT_3D('',#5870,#4869,#4870);
#3651=AXIS2_PLACEMENT_3D('',#5871,#4871,#4872);
#3652=AXIS2_PLACEMENT_3D('',#5872,#4873,#4874);
#3653=AXIS2_PLACEMENT_3D('',#5874,#4875,#4876);
#3654=AXIS2_PLACEMENT_3D('',#5875,#4877,#4878);
#3655=AXIS2_PLACEMENT_3D('',#5879,#4880,#4881);
#3656=AXIS2_PLACEMENT_3D('',#5880,#4882,#4883);
#3657=AXIS2_PLACEMENT_3D('',#5881,#4884,#4885);
#3658=AXIS2_PLACEMENT_3D('',#5883,#4886,#4887);
#3659=AXIS2_PLACEMENT_3D('',#5885,#4888,#4889);
#3660=AXIS2_PLACEMENT_3D('',#5886,#4890,#4891);
#3661=AXIS2_PLACEMENT_3D('',#5887,#4892,#4893);
#3662=AXIS2_PLACEMENT_3D('',#5891,#4895,#4896);
#3663=AXIS2_PLACEMENT_3D('',#5892,#4897,#4898);
#3664=AXIS2_PLACEMENT_3D('',#5893,#4899,#4900);
#3665=AXIS2_PLACEMENT_3D('',#5895,#4901,#4902);
#3666=AXIS2_PLACEMENT_3D('',#5896,#4903,#4904);
#3667=AXIS2_PLACEMENT_3D('',#5897,#4905,#4906);
#3668=AXIS2_PLACEMENT_3D('',#5899,#4907,#4908);
#3669=AXIS2_PLACEMENT_3D('',#5900,#4909,#4910);
#3670=AXIS2_PLACEMENT_3D('',#5901,#4911,#4912);
#3671=DIRECTION('axis',(0.,0.,1.));
#3672=DIRECTION('refdir',(1.,0.,0.));
#3673=DIRECTION('center_axis',(0.,-1.,0.));
#3674=DIRECTION('ref_axis',(0.,0.,-1.));
#3675=DIRECTION('center_axis',(0.,1.,0.));
#3676=DIRECTION('ref_axis',(1.,0.,0.));
#3677=DIRECTION('center_axis',(-1.,0.,-1.22464679914735E-16));
#3678=DIRECTION('ref_axis',(-1.22464679914735E-16,0.,1.));
#3679=DIRECTION('center_axis',(0.,-1.,0.));
#3680=DIRECTION('ref_axis',(1.,0.,0.));
#3681=DIRECTION('center_axis',(0.,-1.,0.));
#3682=DIRECTION('ref_axis',(1.,0.,0.));
#3683=DIRECTION('center_axis',(0.,1.,0.));
#3684=DIRECTION('ref_axis',(1.,0.,0.));
#3685=DIRECTION('center_axis',(0.,-1.,0.));
#3686=DIRECTION('ref_axis',(1.,0.,0.));
#3687=DIRECTION('center_axis',(0.,1.,0.));
#3688=DIRECTION('ref_axis',(1.,0.,0.));
#3689=DIRECTION('',(0.,-1.,0.));
#3690=DIRECTION('center_axis',(0.,1.,0.));
#3691=DIRECTION('ref_axis',(1.,0.,0.));
#3692=DIRECTION('center_axis',(0.,1.,0.));
#3693=DIRECTION('ref_axis',(1.,0.,0.));
#3694=DIRECTION('center_axis',(0.,1.,0.));
#3695=DIRECTION('ref_axis',(0.,0.,1.));
#3696=DIRECTION('center_axis',(-1.,0.,1.22464679914735E-16));
#3697=DIRECTION('ref_axis',(-1.22464679914735E-16,0.,-1.));
#3698=DIRECTION('center_axis',(0.,1.,0.));
#3699=DIRECTION('ref_axis',(1.,0.,0.));
#3700=DIRECTION('center_axis',(0.,1.,0.));
#3701=DIRECTION('ref_axis',(1.,0.,0.));
#3702=DIRECTION('center_axis',(0.,1.,0.));
#3703=DIRECTION('ref_axis',(1.,0.,0.));
#3704=DIRECTION('',(0.,-1.,0.));
#3705=DIRECTION('center_axis',(0.,-1.,0.));
#3706=DIRECTION('ref_axis',(1.,0.,0.));
#3707=DIRECTION('center_axis',(0.,-1.,0.));
#3708=DIRECTION('ref_axis',(1.,0.,0.));
#3709=DIRECTION('center_axis',(0.,-1.,0.));
#3710=DIRECTION('ref_axis',(0.,0.,-1.));
#3711=DIRECTION('center_axis',(-1.,0.,-1.22464679914735E-16));
#3712=DIRECTION('ref_axis',(-1.22464679914735E-16,0.,1.));
#3713=DIRECTION('center_axis',(0.,-1.,0.));
#3714=DIRECTION('ref_axis',(1.,0.,0.));
#3715=DIRECTION('center_axis',(0.,1.,0.));
#3716=DIRECTION('ref_axis',(1.,0.,0.));
#3717=DIRECTION('center_axis',(0.,1.,0.));
#3718=DIRECTION('ref_axis',(1.,0.,0.));
#3719=DIRECTION('center_axis',(0.,1.,0.));
#3720=DIRECTION('ref_axis',(0.,0.,1.));
#3721=DIRECTION('center_axis',(-1.,0.,1.22464679914735E-16));
#3722=DIRECTION('ref_axis',(-1.22464679914735E-16,0.,-1.));
#3723=DIRECTION('center_axis',(-0.999817794280746,0.,-0.0190886940251065));
#3724=DIRECTION('ref_axis',(-0.0190886940251065,0.,0.999817794280746));
#3725=DIRECTION('center_axis',(-0.0190886940251094,-6.66906482178797E-16,
0.999817794280746));
#3726=DIRECTION('ref_axis',(5.18376698858909E-15,-1.,-5.68058643769923E-16));
#3727=DIRECTION('center_axis',(-0.0190886940251094,-6.66906482178797E-16,
0.999817794280746));
#3728=DIRECTION('ref_axis',(5.18376698858909E-15,-1.,-5.68058643769923E-16));
#3729=DIRECTION('center_axis',(0.999817794280746,0.,0.0190886940251065));
#3730=DIRECTION('ref_axis',(-0.0190886940251065,0.,0.999817794280746));
#3731=DIRECTION('center_axis',(2.17765605604743E-15,1.,2.26242688651424E-15));
#3732=DIRECTION('ref_axis',(0.0190886940251059,2.22044604925032E-15,-0.999817794280746));
#3733=DIRECTION('center_axis',(2.17765605604743E-15,1.,2.26242688651424E-15));
#3734=DIRECTION('ref_axis',(0.0190886940251059,2.22044604925032E-15,-0.999817794280746));
#3735=DIRECTION('center_axis',(0.0190886940251065,0.,-0.999817794280746));
#3736=DIRECTION('ref_axis',(-0.706977942286891,0.707106781186549,-0.0134977449891445));
#3737=DIRECTION('center_axis',(-0.01908869402511,8.50946788516097E-16,0.999817794280746));
#3738=DIRECTION('ref_axis',(2.62517019705874E-15,-1.,9.01222066986512E-16));
#3739=DIRECTION('',(-0.0190886940251065,0.,0.999817794280746));
#3740=DIRECTION('center_axis',(-0.01908869402511,8.50946788516097E-16,0.999817794280746));
#3741=DIRECTION('ref_axis',(2.62517019705874E-15,-1.,9.01222066986512E-16));
#3742=DIRECTION('center_axis',(-0.999817794280746,0.,-0.0190886940251065));
#3743=DIRECTION('ref_axis',(-0.0190886940251066,0.,0.999817794280746));
#3744=DIRECTION('center_axis',(-2.13527064081406E-15,1.,-4.48246835779509E-15));
#3745=DIRECTION('ref_axis',(-0.0190886940250964,4.44089209850065E-15,0.999817794280746));
#3746=DIRECTION('center_axis',(-2.13527064081406E-15,1.,-4.48246835779509E-15));
#3747=DIRECTION('ref_axis',(-0.0190886940250964,4.44089209850065E-15,0.999817794280746));
#3748=DIRECTION('center_axis',(0.999817794280746,0.,0.0190886940251065));
#3749=DIRECTION('ref_axis',(-0.0190886940251065,0.,0.999817794280746));
#3750=DIRECTION('center_axis',(0.999817794280746,1.55415085920718E-15,-0.0190886940251076));
#3751=DIRECTION('ref_axis',(-0.0190886940251076,0.,-0.999817794280746));
#3752=DIRECTION('center_axis',(0.,1.,0.));
#3753=DIRECTION('ref_axis',(0.889843600615573,0.,0.456265675285258));
#3754=DIRECTION('center_axis',(0.,1.,0.));
#3755=DIRECTION('ref_axis',(0.889843600615573,0.,0.456265675285258));
#3756=DIRECTION('center_axis',(-0.999817794280746,-1.55415085920718E-15,
0.0190886940251076));
#3757=DIRECTION('ref_axis',(-0.0190886940251076,7.53300259306592E-32,-0.999817794280746));
#3758=DIRECTION('center_axis',(-0.0190886940251027,-1.64693262078378E-15,
-0.999817794280746));
#3759=DIRECTION('ref_axis',(7.55625182946117E-14,1.,-3.08988540706886E-15));
#3760=DIRECTION('center_axis',(-0.0190886940251027,-1.64693262078378E-15,
-0.999817794280746));
#3761=DIRECTION('ref_axis',(7.55625182946117E-14,1.,-3.08988540706886E-15));
#3762=DIRECTION('center_axis',(-0.0190886940251076,-8.61050997389906E-17,
-0.999817794280746));
#3763=DIRECTION('ref_axis',(-0.706977942286893,0.707106781186546,0.0134977449891496));
#3764=DIRECTION('',(0.0190886940251076,8.61050997389906E-17,0.999817794280746));
#3765=DIRECTION('center_axis',(-0.0190886940251057,-2.13892732691768E-15,
-0.999817794280746));
#3766=DIRECTION('ref_axis',(5.02455396180406E-14,1.,-3.09861364394047E-15));
#3767=DIRECTION('center_axis',(-0.0190886940251057,-2.13892732691768E-15,
-0.999817794280746));
#3768=DIRECTION('ref_axis',(5.02455396180406E-14,1.,-3.09861364394047E-15));
#3769=DIRECTION('center_axis',(0.999817794280746,1.55415085920718E-15,-0.0190886940251076));
#3770=DIRECTION('ref_axis',(-0.0190886940251075,0.,-0.999817794280746));
#3771=DIRECTION('center_axis',(-0.999817794280746,-1.55415085920718E-15,
0.0190886940251076));
#3772=DIRECTION('ref_axis',(-0.0190886940251076,3.56826438618911E-32,-0.999817794280746));
#3773=DIRECTION('center_axis',(1.66503110346063E-15,-1.,-3.1789061425051E-17));
#3774=DIRECTION('ref_axis',(0.0190886940251052,-6.40949485492072E-30,0.999817794280746));
#3775=DIRECTION('center_axis',(1.66503110346063E-15,-1.,-3.1789061425051E-17));
#3776=DIRECTION('ref_axis',(0.0190886940251052,-6.40949485492072E-30,0.999817794280746));
#3777=DIRECTION('center_axis',(0.,1.,0.));
#3778=DIRECTION('ref_axis',(0.945817241700635,0.,-0.324699469204683));
#3779=DIRECTION('center_axis',(3.10808796458736E-15,1.,4.47828672205972E-16));
#3780=DIRECTION('ref_axis',(-0.599037137893893,2.22044604925032E-15,-0.80072124202115));
#3781=DIRECTION('center_axis',(3.10808796458736E-15,1.,4.47828672205972E-16));
#3782=DIRECTION('ref_axis',(-0.599037137893893,2.22044604925032E-15,-0.80072124202115));
#3783=DIRECTION('',(0.,-1.,0.));
#3784=DIRECTION('center_axis',(-0.95184299720759,0.,0.306585891173862));
#3785=DIRECTION('ref_axis',(0.306585891173862,0.,0.95184299720759));
#3786=DIRECTION('center_axis',(0.306585891173859,-6.66906482178797E-16,
0.951842997207591));
#3787=DIRECTION('ref_axis',(4.71844785465691E-15,-1.,-2.22044604925031E-15));
#3788=DIRECTION('center_axis',(0.306585891173859,-6.66906482178797E-16,
0.951842997207591));
#3789=DIRECTION('ref_axis',(4.71844785465691E-15,-1.,-2.22044604925031E-15));
#3790=DIRECTION('center_axis',(0.95184299720759,0.,-0.306585891173862));
#3791=DIRECTION('ref_axis',(0.306585891173862,0.,0.95184299720759));
#3792=DIRECTION('center_axis',(2.79427345346904E-15,1.,1.43275859184329E-15));
#3793=DIRECTION('ref_axis',(-0.306585891173863,2.22044604925032E-15,-0.95184299720759));
#3794=DIRECTION('center_axis',(2.79427345346904E-15,1.,1.43275859184329E-15));
#3795=DIRECTION('ref_axis',(-0.306585891173863,2.22044604925032E-15,-0.95184299720759));
#3796=DIRECTION('center_axis',(-0.306585891173862,0.,-0.95184299720759));
#3797=DIRECTION('ref_axis',(-0.673054637950413,0.707106781186549,0.216788962665162));
#3798=DIRECTION('center_axis',(0.306585891173859,8.50946788516097E-16,0.951842997207591));
#3799=DIRECTION('ref_axis',(2.77555756156288E-15,-1.,0.));
#3800=DIRECTION('',(0.306585891173862,0.,0.95184299720759));
#3801=DIRECTION('center_axis',(0.306585891173859,8.50946788516097E-16,0.951842997207591));
#3802=DIRECTION('ref_axis',(2.77555756156288E-15,-1.,0.));
#3803=DIRECTION('center_axis',(-0.95184299720759,0.,0.306585891173862));
#3804=DIRECTION('ref_axis',(0.306585891173862,0.,0.95184299720759));
#3805=DIRECTION('center_axis',(-3.47503088428196E-15,1.,-3.54627461449945E-15));
#3806=DIRECTION('ref_axis',(0.306585891173872,4.44089209850065E-15,0.951842997207587));
#3807=DIRECTION('center_axis',(-3.47503088428196E-15,1.,-3.54627461449945E-15));
#3808=DIRECTION('ref_axis',(0.306585891173872,4.44089209850065E-15,0.951842997207587));
#3809=DIRECTION('center_axis',(0.95184299720759,0.,-0.306585891173862));
#3810=DIRECTION('ref_axis',(0.306585891173862,0.,0.95184299720759));
#3811=DIRECTION('center_axis',(0.,1.,0.));
#3812=DIRECTION('ref_axis',(1.,0.,0.));
#3813=DIRECTION('',(0.,-1.,0.));
#3814=DIRECTION('center_axis',(0.,1.,0.));
#3815=DIRECTION('ref_axis',(0.945817241700635,0.,0.324699469204684));
#3816=DIRECTION('',(0.,-1.,0.));
#3817=DIRECTION('center_axis',(1.58513701699213E-15,-1.,5.10568073109661E-16));
#3818=DIRECTION('ref_axis',(0.306585891173863,6.40949485492072E-30,-0.95184299720759));
#3819=DIRECTION('center_axis',(1.58513701699213E-15,-1.,5.10568073109661E-16));
#3820=DIRECTION('ref_axis',(0.306585891173863,6.40949485492072E-30,-0.95184299720759));
#3821=DIRECTION('center_axis',(0.,1.,0.));
#3822=DIRECTION('ref_axis',(1.,0.,0.));
#3823=DIRECTION('',(0.,-1.,0.));
#3824=DIRECTION('center_axis',(0.,1.,0.));
#3825=DIRECTION('ref_axis',(0.456265675285256,0.,-0.889843600615574));
#3826=DIRECTION('center_axis',(0.,1.,0.));
#3827=DIRECTION('ref_axis',(0.456265675285256,0.,-0.889843600615574));
#3828=DIRECTION('center_axis',(0.951842997207591,1.55415085920718E-15,0.306585891173861));
#3829=DIRECTION('ref_axis',(0.306585891173861,0.,-0.951842997207591));
#3830=DIRECTION('center_axis',(0.306585891173863,-2.13892732691768E-15,
-0.95184299720759));
#3831=DIRECTION('ref_axis',(4.8529215894753E-14,1.,1.33839778340729E-14));
#3832=DIRECTION('center_axis',(-0.951842997207591,-1.55415085920718E-15,
-0.306585891173861));
#3833=DIRECTION('ref_axis',(0.306585891173861,-1.26871622620057E-31,-0.951842997207591));
#3834=DIRECTION('center_axis',(0.306585891173863,-2.13892732691768E-15,
-0.95184299720759));
#3835=DIRECTION('ref_axis',(4.8529215894753E-14,1.,1.33839778340729E-14));
#3836=DIRECTION('center_axis',(0.306585891173861,-8.61050997389906E-17,
-0.951842997207591));
#3837=DIRECTION('ref_axis',(-0.673054637950417,0.707106781186546,-0.216788962665157));
#3838=DIRECTION('center_axis',(0.306585891173866,-1.64693262078378E-15,
-0.951842997207589));
#3839=DIRECTION('ref_axis',(7.24716167809419E-14,1.,2.16126426891447E-14));
#3840=DIRECTION('center_axis',(0.306585891173866,-1.64693262078378E-15,
-0.951842997207589));
#3841=DIRECTION('ref_axis',(7.24716167809419E-14,1.,2.16126426891447E-14));
#3842=DIRECTION('',(-0.306585891173861,8.61050997389906E-17,0.951842997207591));
#3843=DIRECTION('center_axis',(0.951842997207591,1.55415085920718E-15,0.306585891173861));
#3844=DIRECTION('ref_axis',(0.306585891173861,0.,-0.951842997207591));
#3845=DIRECTION('center_axis',(-0.951842997207591,-1.55415085920718E-15,
-0.306585891173861));
#3846=DIRECTION('ref_axis',(0.306585891173861,3.17179056550143E-31,-0.951842997207591));
#3847=DIRECTION('center_axis',(0.800721242021151,1.55415085920718E-15,0.599037137893892));
#3848=DIRECTION('ref_axis',(0.599037137893892,0.,-0.800721242021151));
#3849=DIRECTION('center_axis',(1.3334687387975E-15,-1.,9.97597234643027E-16));
#3850=DIRECTION('ref_axis',(0.599037137893894,6.40949485492072E-30,-0.800721242021149));
#3851=DIRECTION('center_axis',(1.3334687387975E-15,-1.,9.97597234643027E-16));
#3852=DIRECTION('ref_axis',(0.599037137893894,6.40949485492072E-30,-0.800721242021149));
#3853=DIRECTION('center_axis',(-0.800721242021151,-1.55415085920718E-15,
-0.599037137893892));
#3854=DIRECTION('ref_axis',(0.599037137893892,-1.26871622620058E-31,-0.800721242021151));
#3855=DIRECTION('center_axis',(0.599037137893896,-1.64693262078378E-15,
-0.800721242021148));
#3856=DIRECTION('ref_axis',(6.15272910760602E-14,1.,4.39731055952853E-14));
#3857=DIRECTION('center_axis',(0.599037137893896,-1.64693262078378E-15,
-0.800721242021148));
#3858=DIRECTION('ref_axis',(6.15272910760602E-14,1.,4.39731055952853E-14));
#3859=DIRECTION('center_axis',(0.599037137893892,-8.61050997389906E-17,
-0.800721242021151));
#3860=DIRECTION('ref_axis',(-0.566195420073272,0.707106781186546,-0.423583222387352));
#3861=DIRECTION('',(-0.599037137893892,8.61050997389906E-17,0.800721242021151));
#3862=DIRECTION('center_axis',(0.599037137893893,-2.13892732691768E-15,
-0.80072124202115));
#3863=DIRECTION('ref_axis',(4.15539986208991E-14,1.,2.84162076399511E-14));
#3864=DIRECTION('center_axis',(0.599037137893893,-2.13892732691768E-15,
-0.80072124202115));
#3865=DIRECTION('ref_axis',(4.15539986208991E-14,1.,2.84162076399511E-14));
#3866=DIRECTION('center_axis',(0.800721242021151,1.55415085920718E-15,0.599037137893892));
#3867=DIRECTION('ref_axis',(0.599037137893892,0.,-0.800721242021151));
#3868=DIRECTION('center_axis',(-0.800721242021151,-1.55415085920718E-15,
-0.599037137893892));
#3869=DIRECTION('ref_axis',(0.599037137893892,3.80614867860172E-31,-0.800721242021151));
#3870=DIRECTION('center_axis',(1.3334687387975E-15,-1.,9.97597234643027E-16));
#3871=DIRECTION('ref_axis',(-0.599037137893894,-6.40949485492072E-30,0.800721242021149));
#3872=DIRECTION('center_axis',(1.3334687387975E-15,-1.,9.97597234643027E-16));
#3873=DIRECTION('ref_axis',(-0.599037137893894,-6.40949485492072E-30,0.800721242021149));
#3874=DIRECTION('center_axis',(0.,1.,0.));
#3875=DIRECTION('ref_axis',(0.945817241700635,0.,0.324699469204684));
#3876=DIRECTION('',(0.,-1.,0.));
#3877=DIRECTION('center_axis',(-0.777272204943423,0.,-0.629164461347262));
#3878=DIRECTION('ref_axis',(-0.629164461347262,0.,0.777272204943423));
#3879=DIRECTION('center_axis',(-0.629164461347264,-6.66906482178797E-16,
0.777272204943421));
#3880=DIRECTION('ref_axis',(4.43962936252414E-15,-1.,2.73565749650083E-15));
#3881=DIRECTION('center_axis',(-0.629164461347264,-6.66906482178797E-16,
0.777272204943421));
#3882=DIRECTION('ref_axis',(4.43962936252414E-15,-1.,2.73565749650083E-15));
#3883=DIRECTION('center_axis',(0.777272204943423,0.,0.629164461347262));
#3884=DIRECTION('ref_axis',(-0.629164461347262,0.,0.777272204943423));
#3885=DIRECTION('center_axis',(3.28865254131455E-16,1.,3.12291673918592E-15));
#3886=DIRECTION('ref_axis',(0.629164461347261,2.22044604925032E-15,-0.777272204943423));
#3887=DIRECTION('center_axis',(3.28865254131455E-16,1.,3.12291673918592E-15));
#3888=DIRECTION('ref_axis',(0.629164461347261,2.22044604925032E-15,-0.777272204943423));
#3889=DIRECTION('center_axis',(0.629164461347262,0.,-0.777272204943423));
#3890=DIRECTION('ref_axis',(-0.549614446943315,0.707106781186549,-0.444886457100227));
#3891=DIRECTION('center_axis',(-0.629164461347264,8.50946788516097E-16,
0.77727220494342));
#3892=DIRECTION('ref_axis',(1.51808609605959E-15,-1.,2.32360374902853E-15));
#3893=DIRECTION('',(-0.629164461347262,0.,0.777272204943423));
#3894=DIRECTION('center_axis',(-0.629164461347264,8.50946788516097E-16,
0.77727220494342));
#3895=DIRECTION('ref_axis',(1.51808609605959E-15,-1.,2.32360374902853E-15));
#3896=DIRECTION('center_axis',(-0.777272204943423,0.,-0.629164461347262));
#3897=DIRECTION('ref_axis',(-0.629164461347262,0.,0.777272204943423));
#3898=DIRECTION('center_axis',(1.06816048839575E-15,1.,-4.84880773584464E-15));
#3899=DIRECTION('ref_axis',(-0.629164461347254,4.44089209850065E-15,0.777272204943429));
#3900=DIRECTION('center_axis',(1.06816048839575E-15,1.,-4.84880773584464E-15));
#3901=DIRECTION('ref_axis',(-0.629164461347254,4.44089209850065E-15,0.777272204943429));
#3902=DIRECTION('center_axis',(0.777272204943423,0.,0.629164461347262));
#3903=DIRECTION('ref_axis',(-0.629164461347262,0.,0.777272204943423));
#3904=DIRECTION('center_axis',(-0.939446819572065,0.,-0.342694723034849));
#3905=DIRECTION('ref_axis',(-0.342694723034849,0.,0.939446819572065));
#3906=DIRECTION('center_axis',(-0.342694723034852,-6.66906482178797E-16,
0.939446819572064));
#3907=DIRECTION('ref_axis',(5.08734453487537E-15,-1.,1.14588673010097E-15));
#3908=DIRECTION('center_axis',(-0.342694723034852,-6.66906482178797E-16,
0.939446819572064));
#3909=DIRECTION('ref_axis',(5.08734453487537E-15,-1.,1.14588673010097E-15));
#3910=DIRECTION('center_axis',(0.939446819572065,0.,0.342694723034849));
#3911=DIRECTION('ref_axis',(-0.342694723034849,0.,0.939446819572065));
#3912=DIRECTION('center_axis',(1.32505583513788E-15,1.,2.84692612286122E-15));
#3913=DIRECTION('ref_axis',(0.342694723034849,2.22044604925032E-15,-0.939446819572065));
#3914=DIRECTION('center_axis',(1.32505583513788E-15,1.,2.84692612286122E-15));
#3915=DIRECTION('ref_axis',(0.342694723034849,2.22044604925032E-15,-0.939446819572065));
#3916=DIRECTION('center_axis',(0.342694723034849,0.,-0.939446819572065));
#3917=DIRECTION('ref_axis',(-0.664289216683542,0.707106781186549,-0.242321762534784));
#3918=DIRECTION('center_axis',(-0.342694723034853,8.50946788516097E-16,
0.939446819572064));
#3919=DIRECTION('ref_axis',(2.19030490799074E-15,-1.,1.70478273911386E-15));
#3920=DIRECTION('',(-0.342694723034849,0.,0.939446819572065));
#3921=DIRECTION('center_axis',(-0.342694723034853,8.50946788516097E-16,
0.939446819572064));
#3922=DIRECTION('ref_axis',(2.19030490799074E-15,-1.,1.70478273911386E-15));
#3923=DIRECTION('center_axis',(-0.939446819572065,0.,-0.342694723034849));
#3924=DIRECTION('ref_axis',(-0.342694723034849,0.,0.939446819572065));
#3925=DIRECTION('center_axis',(-5.64120691276248E-16,1.,-4.93291710186079E-15));
#3926=DIRECTION('ref_axis',(-0.34269472303484,4.44089209850065E-15,0.939446819572068));
#3927=DIRECTION('center_axis',(-5.64120691276248E-16,1.,-4.93291710186079E-15));
#3928=DIRECTION('ref_axis',(-0.34269472303484,4.44089209850065E-15,0.939446819572068));
#3929=DIRECTION('center_axis',(0.939446819572065,0.,0.342694723034849));
#3930=DIRECTION('ref_axis',(-0.342694723034849,0.,0.939446819572065));
#3931=DIRECTION('center_axis',(0.,1.,0.));
#3932=DIRECTION('ref_axis',(0.789140509396393,0.,0.614212712689668));
#3933=DIRECTION('',(0.,-1.,0.));
#3934=DIRECTION('center_axis',(0.562828915791512,1.55415085920718E-15,0.826573415704226));
#3935=DIRECTION('ref_axis',(0.826573415704226,0.,-0.562828915791512));
#3936=DIRECTION('center_axis',(0.,1.,0.));
#3937=DIRECTION('ref_axis',(0.104727989843082,0.,0.994500904043545));
#3938=DIRECTION('center_axis',(0.,1.,0.));
#3939=DIRECTION('ref_axis',(0.104727989843082,0.,0.994500904043545));
#3940=DIRECTION('center_axis',(-0.562828915791512,-1.55415085920718E-15,
-0.826573415704226));
#3941=DIRECTION('ref_axis',(0.826573415704226,0.,-0.562828915791512));
#3942=DIRECTION('center_axis',(0.826573415704229,-1.64693262078378E-15,
-0.562828915791508));
#3943=DIRECTION('ref_axis',(4.39155286888007E-14,1.,6.15684001971423E-14));
#3944=DIRECTION('center_axis',(0.826573415704229,-1.64693262078378E-15,
-0.562828915791508));
#3945=DIRECTION('ref_axis',(4.39155286888007E-14,1.,6.15684001971423E-14));
#3946=DIRECTION('center_axis',(0.826573415704226,-8.61050997389906E-17,
-0.562828915791512));
#3947=DIRECTION('ref_axis',(-0.397980143004052,0.707106781186546,-0.584475667392986));
#3948=DIRECTION('',(-0.826573415704226,8.61050997389906E-17,0.562828915791512));
#3949=DIRECTION('center_axis',(0.826573415704227,-2.13892732691768E-15,
-0.56282891579151));
#3950=DIRECTION('ref_axis',(3.00757608197486E-14,1.,4.03691004251491E-14));
#3951=DIRECTION('center_axis',(0.826573415704227,-2.13892732691768E-15,
-0.56282891579151));
#3952=DIRECTION('ref_axis',(3.00757608197486E-14,1.,4.03691004251491E-14));
#3953=DIRECTION('center_axis',(0.562828915791512,1.55415085920718E-15,0.826573415704226));
#3954=DIRECTION('ref_axis',(0.826573415704226,0.,-0.562828915791512));
#3955=DIRECTION('center_axis',(-0.562828915791512,-1.55415085920718E-15,
-0.826573415704226));
#3956=DIRECTION('ref_axis',(0.826573415704226,2.53743245240115E-31,-0.562828915791512));
#3957=DIRECTION('center_axis',(0.,1.,0.));
#3958=DIRECTION('ref_axis',(0.90661097921833,0.,-0.421967454148755));
#3959=DIRECTION('center_axis',(0.,1.,0.));
#3960=DIRECTION('ref_axis',(0.90661097921833,0.,-0.421967454148755));
#3961=DIRECTION('center_axis',(0.,1.,0.));
#3962=DIRECTION('ref_axis',(0.789140509396393,0.,0.614212712689668));
#3963=DIRECTION('',(0.,-1.,0.));
#3964=DIRECTION('center_axis',(0.,1.,0.));
#3965=DIRECTION('ref_axis',(0.546948158122427,0.,0.837166478262529));
#3966=DIRECTION('',(0.,-1.,0.));
#3967=DIRECTION('center_axis',(0.,1.,0.));
#3968=DIRECTION('ref_axis',(0.546948158122427,0.,0.837166478262529));
#3969=DIRECTION('',(0.,-1.,0.));
#3970=DIRECTION('center_axis',(0.,1.,0.));
#3971=DIRECTION('ref_axis',(0.994500904043544,0.,-0.104727989843084));
#3972=DIRECTION('center_axis',(0.,1.,0.));
#3973=DIRECTION('ref_axis',(0.994500904043544,0.,-0.104727989843084));
#3974=DIRECTION('center_axis',(0.263945343345422,1.55415085920718E-15,0.964537638314995));
#3975=DIRECTION('ref_axis',(0.964537638314995,0.,-0.263945343345422));
#3976=DIRECTION('center_axis',(0.964537638314995,-2.13892732691768E-15,
-0.26394534334542));
#3977=DIRECTION('ref_axis',(1.53383476602661E-14,1.,4.79473747881498E-14));
#3978=DIRECTION('center_axis',(-0.263945343345422,-1.55415085920718E-15,
-0.964537638314995));
#3979=DIRECTION('ref_axis',(0.964537638314995,1.26871622620057E-31,-0.263945343345422));
#3980=DIRECTION('center_axis',(0.964537638314995,-2.13892732691768E-15,
-0.26394534334542));
#3981=DIRECTION('ref_axis',(1.53383476602661E-14,1.,4.79473747881498E-14));
#3982=DIRECTION('center_axis',(0.964537638314995,-8.61050997389906E-17,
-0.263945343345422));
#3983=DIRECTION('ref_axis',(-0.186637542142161,0.707106781186546,-0.682031104762191));
#3984=DIRECTION('center_axis',(0.964537638314996,-1.64693262078378E-15,
-0.263945343345417));
#3985=DIRECTION('ref_axis',(2.15448373484729E-14,1.,7.24918033054785E-14));
#3986=DIRECTION('center_axis',(0.964537638314996,-1.64693262078378E-15,
-0.263945343345417));
#3987=DIRECTION('ref_axis',(2.15448373484729E-14,1.,7.24918033054785E-14));
#3988=DIRECTION('',(-0.964537638314995,8.61050997389906E-17,0.263945343345422));
#3989=DIRECTION('center_axis',(0.263945343345422,1.55415085920718E-15,0.964537638314995));
#3990=DIRECTION('ref_axis',(0.964537638314995,0.,-0.263945343345422));
#3991=DIRECTION('center_axis',(0.,1.,0.));
#3992=DIRECTION('ref_axis',(-0.223860377184281,0.,0.974621224644175));
#3993=DIRECTION('center_axis',(0.,1.,0.));
#3994=DIRECTION('ref_axis',(-0.223860377184281,0.,0.974621224644175));
#3995=DIRECTION('center_axis',(-0.263945343345422,-1.55415085920718E-15,
-0.964537638314995));
#3996=DIRECTION('ref_axis',(0.964537638314995,-3.80614867860172E-31,-0.263945343345422));
#3997=DIRECTION('center_axis',(-0.226936173216675,0.,-0.973909633018265));
#3998=DIRECTION('ref_axis',(-0.973909633018265,0.,0.226936173216675));
#3999=DIRECTION('center_axis',(-0.973909633018265,-6.66906482178797E-16,
0.226936173216672));
#4000=DIRECTION('ref_axis',(1.82321576475788E-15,-1.,4.88569494441538E-15));
#4001=DIRECTION('center_axis',(-0.973909633018265,-6.66906482178797E-16,
0.226936173216672));
#4002=DIRECTION('ref_axis',(1.82321576475788E-15,-1.,4.88569494441538E-15));
#4003=DIRECTION('center_axis',(0.226936173216675,0.,0.973909633018265));
#4004=DIRECTION('ref_axis',(-0.973909633018265,0.,0.226936173216675));
#4005=DIRECTION('center_axis',(-1.65861426771129E-15,1.,2.66641332621316E-15));
#4006=DIRECTION('ref_axis',(0.973909633018265,2.22044604925032E-15,-0.226936173216676));
#4007=DIRECTION('center_axis',(-1.65861426771129E-15,1.,2.66641332621316E-15));
#4008=DIRECTION('ref_axis',(0.973909633018265,2.22044604925032E-15,-0.226936173216676));
#4009=DIRECTION('center_axis',(0.973909633018265,0.,-0.226936173216675));
#4010=DIRECTION('ref_axis',(-0.160468106978039,0.707106781186549,-0.688658105770115));
#4011=DIRECTION('center_axis',(-0.973909633018266,8.50946788516097E-16,
0.226936173216672));
#4012=DIRECTION('ref_axis',(-2.29203726754646E-16,-1.,2.76607762530097E-15));
#4013=DIRECTION('',(-0.973909633018265,0.,0.226936173216675));
#4014=DIRECTION('center_axis',(-0.973909633018266,8.50946788516097E-16,
0.226936173216672));
#4015=DIRECTION('ref_axis',(-2.29203726754646E-16,-1.,2.76607762530097E-15));
#4016=DIRECTION('center_axis',(-0.226936173216675,0.,-0.973909633018265));
#4017=DIRECTION('ref_axis',(-0.973909633018265,0.,0.226936173216675));
#4018=DIRECTION('center_axis',(3.82112806467351E-15,1.,-3.17031285546414E-15));
#4019=DIRECTION('ref_axis',(-0.973909633018262,4.44089209850065E-15,0.226936173216685));
#4020=DIRECTION('center_axis',(3.82112806467351E-15,1.,-3.17031285546414E-15));
#4021=DIRECTION('ref_axis',(-0.973909633018262,4.44089209850065E-15,0.226936173216685));
#4022=DIRECTION('center_axis',(0.226936173216675,0.,0.973909633018265));
#4023=DIRECTION('ref_axis',(-0.973909633018265,0.,0.226936173216675));
#4024=DIRECTION('center_axis',(-0.530868086288252,0.,-0.847454467780216));
#4025=DIRECTION('ref_axis',(-0.847454467780216,0.,0.530868086288252));
#4026=DIRECTION('center_axis',(-0.847454467780217,-6.66906482178797E-16,
0.53086808628825));
#4027=DIRECTION('ref_axis',(3.3108114607961E-15,-1.,4.0289773250552E-15));
#4028=DIRECTION('center_axis',(-0.847454467780217,-6.66906482178797E-16,
0.53086808628825));
#4029=DIRECTION('ref_axis',(3.3108114607961E-15,-1.,4.0289773250552E-15));
#4030=DIRECTION('center_axis',(0.530868086288252,0.,0.847454467780216));
#4031=DIRECTION('ref_axis',(-0.847454467780216,0.,0.530868086288252));
#4032=DIRECTION('center_axis',(-7.02962980030298E-16,1.,3.06049086977391E-15));
#4033=DIRECTION('ref_axis',(0.847454467780216,2.22044604925032E-15,-0.530868086288252));
#4034=DIRECTION('center_axis',(-7.02962980030298E-16,1.,3.06049086977391E-15));
#4035=DIRECTION('ref_axis',(0.847454467780216,2.22044604925032E-15,-0.530868086288252));
#4036=DIRECTION('center_axis',(0.847454467780216,0.,-0.530868086288252));
#4037=DIRECTION('ref_axis',(-0.37538042372995,0.707106781186549,-0.599240800914224));
#4038=DIRECTION('center_axis',(-0.847454467780218,8.50946788516097E-16,
0.530868086288249));
#4039=DIRECTION('ref_axis',(6.8135910008759E-16,-1.,2.69062623830897E-15));
#4040=DIRECTION('',(-0.847454467780216,0.,0.530868086288252));
#4041=DIRECTION('center_axis',(-0.847454467780218,8.50946788516097E-16,
0.530868086288249));
#4042=DIRECTION('ref_axis',(6.8135910008759E-16,-1.,2.69062623830897E-15));
#4043=DIRECTION('center_axis',(-0.530868086288252,0.,-0.847454467780216));
#4044=DIRECTION('ref_axis',(-0.847454467780216,0.,0.530868086288252));
#4045=DIRECTION('center_axis',(2.58468990493239E-15,1.,-4.23925481464576E-15));
#4046=DIRECTION('ref_axis',(-0.847454467780211,4.44089209850065E-15,0.530868086288261));
#4047=DIRECTION('center_axis',(2.58468990493239E-15,1.,-4.23925481464576E-15));
#4048=DIRECTION('ref_axis',(-0.847454467780211,4.44089209850065E-15,0.530868086288261));
#4049=DIRECTION('center_axis',(0.530868086288252,0.,0.847454467780216));
#4050=DIRECTION('ref_axis',(-0.847454467780216,0.,0.530868086288252));
#4051=DIRECTION('center_axis',(0.,1.,0.));
#4052=DIRECTION('ref_axis',(0.245485487140799,0.,0.96940026593933));
#4053=DIRECTION('',(0.,-1.,0.));
#4054=DIRECTION('center_axis',(-0.0635408025861239,1.55415085920718E-15,
0.997979241470839));
#4055=DIRECTION('ref_axis',(0.997979241470839,0.,0.0635408025861238));
#4056=DIRECTION('center_axis',(0.,1.,0.));
#4057=DIRECTION('ref_axis',(-0.528189998792083,0.,0.849126212748152));
#4058=DIRECTION('center_axis',(0.,1.,0.));
#4059=DIRECTION('ref_axis',(-0.528189998792083,0.,0.849126212748152));
#4060=DIRECTION('center_axis',(0.0635408025861239,-1.55415085920718E-15,
-0.997979241470839));
#4061=DIRECTION('ref_axis',(0.997979241470839,4.75768584825216E-32,0.0635408025861239));
#4062=DIRECTION('center_axis',(0.997979241470839,-1.64693262078378E-15,
0.0635408025861287));
#4063=DIRECTION('ref_axis',(-3.16057142115775E-15,1.,7.55595946994431E-14));
#4064=DIRECTION('center_axis',(0.997979241470839,-1.64693262078378E-15,
0.0635408025861287));
#4065=DIRECTION('ref_axis',(-3.16057142115775E-15,1.,7.55595946994431E-14));
#4066=DIRECTION('center_axis',(0.997979241470839,-8.61050997389906E-17,
0.0635408025861239));
#4067=DIRECTION('ref_axis',(0.044930132390683,0.707106781186546,-0.705677889127438));
#4068=DIRECTION('',(-0.997979241470839,8.61050997389906E-17,-0.0635408025861239));
#4069=DIRECTION('center_axis',(0.997979241470839,-2.13892732691768E-15,
0.0635408025861258));
#4070=DIRECTION('ref_axis',(-1.06121346719198E-15,1.,5.03298071126798E-14));
#4071=DIRECTION('center_axis',(0.997979241470839,-2.13892732691768E-15,
0.0635408025861258));
#4072=DIRECTION('ref_axis',(-1.06121346719198E-15,1.,5.03298071126798E-14));
#4073=DIRECTION('center_axis',(-0.0635408025861239,1.55415085920718E-15,
0.997979241470839));
#4074=DIRECTION('ref_axis',(0.997979241470839,0.,0.0635408025861239));
#4075=DIRECTION('center_axis',(0.0635408025861239,-1.55415085920718E-15,
-0.997979241470839));
#4076=DIRECTION('ref_axis',(0.997979241470839,-1.26871622620057E-31,0.0635408025861239));
#4077=DIRECTION('center_axis',(-1.05816693051412E-16,-1.,1.66196929796831E-15));
#4078=DIRECTION('ref_axis',(-0.997979241470839,-6.40949485492072E-30,-0.0635408025861263));
#4079=DIRECTION('center_axis',(-1.05816693051412E-16,-1.,1.66196929796831E-15));
#4080=DIRECTION('ref_axis',(-0.997979241470839,-6.40949485492072E-30,-0.0635408025861263));
#4081=DIRECTION('center_axis',(0.,1.,0.));
#4082=DIRECTION('ref_axis',(-0.0825793454723327,0.,0.99658449300667));
#4083=DIRECTION('',(0.,-1.,0.));
#4084=DIRECTION('center_axis',(0.,1.,0.));
#4085=DIRECTION('ref_axis',(0.245485487140799,0.,0.969400265939331));
#4086=DIRECTION('',(0.,-1.,0.));
#4087=DIRECTION('center_axis',(-0.384141316620326,1.55415085920718E-15,
0.923274308569887));
#4088=DIRECTION('ref_axis',(0.923274308569887,0.,0.384141316620326));
#4089=DIRECTION('center_axis',(0.,1.,0.));
#4090=DIRECTION('ref_axis',(-0.775282038318497,0.,0.631615200150152));
#4091=DIRECTION('center_axis',(0.,1.,0.));
#4092=DIRECTION('ref_axis',(-0.775282038318497,0.,0.631615200150152));
#4093=DIRECTION('center_axis',(0.384141316620326,-1.55415085920718E-15,
-0.923274308569887));
#4094=DIRECTION('ref_axis',(0.923274308569887,0.,0.384141316620326));
#4095=DIRECTION('center_axis',(0.923274308569885,-1.64693262078378E-15,
0.38414131662033));
#4096=DIRECTION('ref_axis',(-2.75234832359874E-14,1.,7.04393315798117E-14));
#4097=DIRECTION('center_axis',(0.923274308569885,-1.64693262078378E-15,
0.38414131662033));
#4098=DIRECTION('ref_axis',(-2.75234832359874E-14,1.,7.04393315798117E-14));
#4099=DIRECTION('center_axis',(0.923274308569887,-8.61050997389906E-17,
0.384141316620326));
#4100=DIRECTION('ref_axis',(0.271628929916161,0.707106781186546,-0.652853524485089));
#4101=DIRECTION('',(-0.923274308569887,8.61050997389906E-17,-0.384141316620326));
#4102=DIRECTION('center_axis',(0.923274308569886,-2.13892732691768E-15,
0.384141316620328));
#4103=DIRECTION('ref_axis',(-1.73457756490563E-14,1.,4.72582238891297E-14));
#4104=DIRECTION('center_axis',(0.923274308569886,-2.13892732691768E-15,
0.384141316620328));
#4105=DIRECTION('ref_axis',(-1.73457756490563E-14,1.,4.72582238891297E-14));
#4106=DIRECTION('center_axis',(-0.384141316620326,1.55415085920718E-15,
0.923274308569887));
#4107=DIRECTION('ref_axis',(0.923274308569887,0.,0.384141316620326));
#4108=DIRECTION('center_axis',(0.384141316620326,-1.55415085920718E-15,
-0.923274308569887));
#4109=DIRECTION('ref_axis',(0.923274308569887,0.,0.384141316620326));
#4110=DIRECTION('center_axis',(-6.39723801632559E-16,-1.,1.53756059312874E-15));
#4111=DIRECTION('ref_axis',(-0.923274308569886,-6.40949485492072E-30,-0.384141316620328));
#4112=DIRECTION('center_axis',(-6.39723801632559E-16,-1.,1.53756059312874E-15));
#4113=DIRECTION('ref_axis',(-0.923274308569886,-6.40949485492072E-30,-0.384141316620328));
#4114=DIRECTION('center_axis',(0.,1.,0.));
#4115=DIRECTION('ref_axis',(-0.0825793454723328,0.,0.99658449300667));
#4116=DIRECTION('',(0.,-1.,0.));
#4117=DIRECTION('center_axis',(0.419103150278072,0.,-0.907938626464915));
#4118=DIRECTION('ref_axis',(-0.907938626464915,0.,-0.419103150278072));
#4119=DIRECTION('center_axis',(-0.907938626464913,-6.66906482178797E-16,
-0.419103150278075));
#4120=DIRECTION('ref_axis',(-1.562082527843E-15,-1.,4.97534209788185E-15));
#4121=DIRECTION('center_axis',(-0.907938626464913,-6.66906482178797E-16,
-0.419103150278075));
#4122=DIRECTION('ref_axis',(-1.562082527843E-15,-1.,4.97534209788185E-15));
#4123=DIRECTION('center_axis',(-0.419103150278072,0.,0.907938626464915));
#4124=DIRECTION('ref_axis',(-0.907938626464915,0.,-0.419103150278072));
#4125=DIRECTION('center_axis',(-2.94662467035908E-15,1.,1.08543280183245E-15));
#4126=DIRECTION('ref_axis',(0.907938626464915,2.22044604925032E-15,0.419103150278072));
#4127=DIRECTION('center_axis',(-2.94662467035908E-15,1.,1.08543280183245E-15));
#4128=DIRECTION('ref_axis',(0.907938626464915,2.22044604925032E-15,0.419103150278072));
#4129=DIRECTION('center_axis',(0.907938626464915,0.,0.419103150278072));
#4130=DIRECTION('ref_axis',(0.296350679578266,0.707106781186549,-0.642009559674541));
#4131=DIRECTION('center_axis',(-0.907938626464913,8.50946788516097E-16,
-0.419103150278075));
#4132=DIRECTION('ref_axis',(-1.87983398743302E-15,-1.,2.04204406349142E-15));
#4133=DIRECTION('',(-0.907938626464915,0.,-0.419103150278072));
#4134=DIRECTION('center_axis',(-0.907938626464913,8.50946788516097E-16,
-0.419103150278075));
#4135=DIRECTION('ref_axis',(-1.87983398743302E-15,-1.,2.04204406349142E-15));
#4136=DIRECTION('center_axis',(0.419103150278072,0.,-0.907938626464915));
#4137=DIRECTION('ref_axis',(-0.907938626464915,0.,-0.419103150278072));
#4138=DIRECTION('center_axis',(4.96265340645486E-15,1.,-1.54836867569172E-16));
#4139=DIRECTION('ref_axis',(-0.907938626464919,4.44089209850065E-15,-0.419103150278063));
#4140=DIRECTION('center_axis',(4.96265340645486E-15,1.,-1.54836867569172E-16));
#4141=DIRECTION('ref_axis',(-0.907938626464919,4.44089209850065E-15,-0.419103150278063));
#4142=DIRECTION('center_axis',(-0.419103150278072,0.,0.907938626464915));
#4143=DIRECTION('ref_axis',(-0.907938626464915,0.,-0.419103150278072));
#4144=DIRECTION('center_axis',(0.101587795500465,0.,-0.994826577753809));
#4145=DIRECTION('ref_axis',(-0.994826577753809,0.,-0.101587795500466));
#4146=DIRECTION('center_axis',(-0.994826577753809,-6.66906482178797E-16,
-0.101587795500468));
#4147=DIRECTION('ref_axis',(1.38046350500734E-16,-1.,5.21297170718019E-15));
#4148=DIRECTION('center_axis',(-0.994826577753809,-6.66906482178797E-16,
-0.101587795500468));
#4149=DIRECTION('ref_axis',(1.38046350500734E-16,-1.,5.21297170718019E-15));
#4150=DIRECTION('center_axis',(-0.101587795500465,0.,0.994826577753809));
#4151=DIRECTION('ref_axis',(-0.994826577753809,0.,-0.101587795500465));
#4152=DIRECTION('center_axis',(-2.43452896343371E-15,1.,1.98338852509158E-15));
#4153=DIRECTION('ref_axis',(0.994826577753809,2.22044604925032E-15,0.101587795500465));
#4154=DIRECTION('center_axis',(-2.43452896343371E-15,1.,1.98338852509158E-15));
#4155=DIRECTION('ref_axis',(0.994826577753809,2.22044604925032E-15,0.101587795500465));
#4156=DIRECTION('center_axis',(0.994826577753809,0.,0.101587795500465));
#4157=DIRECTION('ref_axis',(0.0718334190841678,0.707106781186549,-0.703448619234324));
#4158=DIRECTION('center_axis',(-0.994826577753809,8.50946788516097E-16,
-0.101587795500469));
#4159=DIRECTION('ref_axis',(-1.11492877334076E-15,-1.,2.54178158147503E-15));
#4160=DIRECTION('',(-0.994826577753809,0.,-0.101587795500465));
#4161=DIRECTION('center_axis',(-0.994826577753809,8.50946788516097E-16,
-0.101587795500469));
#4162=DIRECTION('ref_axis',(-1.11492877334076E-15,-1.,2.54178158147503E-15));
#4163=DIRECTION('center_axis',(0.101587795500465,0.,-0.994826577753809));
#4164=DIRECTION('ref_axis',(-0.994826577753809,0.,-0.101587795500465));
#4165=DIRECTION('center_axis',(4.64348770769637E-15,1.,-1.75781830592055E-15));
#4166=DIRECTION('ref_axis',(-0.99482657775381,4.44089209850065E-15,-0.101587795500455));
#4167=DIRECTION('center_axis',(4.64348770769637E-15,1.,-1.75781830592055E-15));
#4168=DIRECTION('ref_axis',(-0.99482657775381,4.44089209850065E-15,-0.101587795500455));
#4169=DIRECTION('center_axis',(-0.101587795500465,0.,0.994826577753809));
#4170=DIRECTION('ref_axis',(-0.994826577753809,0.,-0.101587795500465));
#4171=DIRECTION('center_axis',(0.,1.,0.));
#4172=DIRECTION('ref_axis',(-0.40169542465297,0.,0.915773326655057));
#4173=DIRECTION('',(0.,-1.,0.));
#4174=DIRECTION('center_axis',(0.,1.,0.));
#4175=DIRECTION('ref_axis',(-0.40169542465297,0.,0.915773326655057));
#4176=DIRECTION('',(0.,-1.,0.));
#4177=DIRECTION('center_axis',(0.,1.,0.));
#4178=DIRECTION('ref_axis',(0.631615200150154,0.,0.775282038318496));
#4179=DIRECTION('center_axis',(0.,1.,0.));
#4180=DIRECTION('ref_axis',(0.631615200150154,0.,0.775282038318496));
#4181=DIRECTION('center_axis',(0.,1.,0.));
#4182=DIRECTION('ref_axis',(-0.677281571625742,0.,0.735723910673131));
#4183=DIRECTION('',(0.,-1.,0.));
#4184=DIRECTION('center_axis',(0.,1.,0.));
#4185=DIRECTION('ref_axis',(-0.938360239252811,0.,0.34565888009627));
#4186=DIRECTION('center_axis',(0.,1.,0.));
#4187=DIRECTION('ref_axis',(-0.938360239252811,0.,0.34565888009627));
#4188=DIRECTION('center_axis',(-0.66311415843205,1.55415085920718E-15,0.748518278258423));
#4189=DIRECTION('ref_axis',(0.748518278258423,0.,0.66311415843205));
#4190=DIRECTION('center_axis',(0.748518278258422,-2.13892732691768E-15,
0.663114158432052));
#4191=DIRECTION('ref_axis',(-3.1750653891905E-14,1.,3.90654788202956E-14));
#4192=DIRECTION('center_axis',(0.66311415843205,-1.55415085920718E-15,-0.748518278258423));
#4193=DIRECTION('ref_axis',(0.748518278258423,-3.80614867860172E-31,0.66311415843205));
#4194=DIRECTION('center_axis',(0.748518278258422,-2.13892732691768E-15,
0.663114158432052));
#4195=DIRECTION('ref_axis',(-3.1750653891905E-14,1.,3.90654788202956E-14));
#4196=DIRECTION('center_axis',(0.748518278258423,-8.61050997389906E-17,
0.66311415843205));
#4197=DIRECTION('ref_axis',(0.468892518128113,0.707106781186546,-0.529282350398611));
#4198=DIRECTION('center_axis',(0.74851827825842,-1.64693262078378E-15,0.663114158432054));
#4199=DIRECTION('ref_axis',(-4.89037985713529E-14,1.,5.76858739046648E-14));
#4200=DIRECTION('center_axis',(0.74851827825842,-1.64693262078378E-15,0.663114158432054));
#4201=DIRECTION('ref_axis',(-4.89037985713529E-14,1.,5.76858739046648E-14));
#4202=DIRECTION('',(-0.748518278258423,8.61050997389906E-17,-0.66311415843205));
#4203=DIRECTION('center_axis',(-0.66311415843205,1.55415085920718E-15,0.748518278258423));
#4204=DIRECTION('ref_axis',(0.748518278258423,0.,0.66311415843205));
#4205=DIRECTION('center_axis',(0.66311415843205,-1.55415085920718E-15,-0.748518278258423));
#4206=DIRECTION('ref_axis',(0.748518278258423,-6.34358113100288E-31,0.66311415843205));
#4207=DIRECTION('center_axis',(0.983039686959935,0.,0.183392949323886));
#4208=DIRECTION('ref_axis',(0.183392949323886,0.,-0.983039686959935));
#4209=DIRECTION('center_axis',(1.36835828959329E-15,1.,4.77278732811949E-15));
#4210=DIRECTION('ref_axis',(0.183392949323876,4.44089209850065E-15,-0.983039686959937));
#4211=DIRECTION('center_axis',(1.36835828959329E-15,1.,4.77278732811949E-15));
#4212=DIRECTION('ref_axis',(0.183392949323876,4.44089209850065E-15,-0.983039686959937));
#4213=DIRECTION('center_axis',(-0.983039686959935,0.,-0.183392949323886));
#4214=DIRECTION('ref_axis',(0.183392949323886,0.,-0.983039686959935));
#4215=DIRECTION('center_axis',(0.18339294932389,8.50946788516097E-16,-0.983039686959934));
#4216=DIRECTION('ref_axis',(-2.44103002035724E-15,-1.,-1.32101938565019E-15));
#4217=DIRECTION('center_axis',(0.18339294932389,8.50946788516097E-16,-0.983039686959934));
#4218=DIRECTION('ref_axis',(-2.44103002035724E-15,-1.,-1.32101938565019E-15));
#4219=DIRECTION('center_axis',(-0.183392949323886,0.,0.983039686959935));
#4220=DIRECTION('ref_axis',(0.69511402882487,0.707106781186549,0.129678398088717));
#4221=DIRECTION('',(0.183392949323886,0.,-0.983039686959935));
#4222=DIRECTION('center_axis',(0.183392949323889,-6.66906482178797E-16,
-0.983039686959934));
#4223=DIRECTION('ref_axis',(-5.20656654312748E-15,-1.,-2.92908939319531E-16));
#4224=DIRECTION('center_axis',(0.183392949323889,-6.66906482178797E-16,
-0.983039686959934));
#4225=DIRECTION('ref_axis',(-5.20656654312748E-15,-1.,-2.92908939319531E-16));
#4226=DIRECTION('center_axis',(0.983039686959935,0.,0.183392949323886));
#4227=DIRECTION('ref_axis',(0.183392949323886,0.,-0.983039686959935));
#4228=DIRECTION('center_axis',(-0.983039686959935,0.,-0.183392949323886));
#4229=DIRECTION('ref_axis',(0.183392949323886,0.,-0.983039686959935));
#4230=DIRECTION('center_axis',(-1.77557243937984E-15,1.,-2.59000073895304E-15));
#4231=DIRECTION('ref_axis',(-0.183392949323886,2.22044604925032E-15,0.983039686959935));
#4232=DIRECTION('center_axis',(-1.77557243937984E-15,1.,-2.59000073895304E-15));
#4233=DIRECTION('ref_axis',(-0.183392949323886,2.22044604925032E-15,0.983039686959935));
#4234=DIRECTION('center_axis',(0.989323478504048,0.,-0.145736251086167));
#4235=DIRECTION('ref_axis',(-0.145736251086167,0.,-0.989323478504048));
#4236=DIRECTION('center_axis',(2.84393837518856E-15,1.,4.06987933559295E-15));
#4237=DIRECTION('ref_axis',(-0.145736251086177,4.44089209850065E-15,-0.989323478504047));
#4238=DIRECTION('center_axis',(2.84393837518856E-15,1.,4.06987933559295E-15));
#4239=DIRECTION('ref_axis',(-0.145736251086177,4.44089209850065E-15,-0.989323478504047));
#4240=DIRECTION('center_axis',(-0.989323478504048,0.,0.145736251086167));
#4241=DIRECTION('ref_axis',(-0.145736251086167,0.,-0.989323478504048));
#4242=DIRECTION('center_axis',(-0.145736251086163,8.50946788516097E-16,
-0.989323478504049));
#4243=DIRECTION('ref_axis',(-2.73770257409244E-15,-1.,-4.56841759646035E-16));
#4244=DIRECTION('center_axis',(-0.145736251086163,8.50946788516097E-16,
-0.989323478504049));
#4245=DIRECTION('ref_axis',(-2.73770257409244E-15,-1.,-4.56841759646035E-16));
#4246=DIRECTION('center_axis',(0.145736251086167,0.,0.989323478504048));
#4247=DIRECTION('ref_axis',(0.699557340437274,0.707106781186549,-0.103051091407737));
#4248=DIRECTION('',(-0.145736251086167,0.,-0.989323478504048));
#4249=DIRECTION('center_axis',(-0.145736251086164,-6.66906482178797E-16,
-0.989323478504049));
#4250=DIRECTION('ref_axis',(-5.019567783674E-15,-1.,1.4135310678757E-15));
#4251=DIRECTION('center_axis',(-0.145736251086164,-6.66906482178797E-16,
-0.989323478504049));
#4252=DIRECTION('ref_axis',(-5.019567783674E-15,-1.,1.4135310678757E-15));
#4253=DIRECTION('center_axis',(0.989323478504048,0.,-0.145736251086167));
#4254=DIRECTION('ref_axis',(-0.145736251086167,0.,-0.989323478504048));
#4255=DIRECTION('center_axis',(-0.989323478504048,0.,0.145736251086167));
#4256=DIRECTION('ref_axis',(-0.145736251086167,0.,-0.989323478504048));
#4257=DIRECTION('center_axis',(-2.5203388922317E-15,1.,-1.87313992631807E-15));
#4258=DIRECTION('ref_axis',(0.145736251086167,2.22044604925032E-15,0.989323478504048));
#4259=DIRECTION('center_axis',(-2.5203388922317E-15,1.,-1.87313992631807E-15));
#4260=DIRECTION('ref_axis',(0.145736251086167,2.22044604925032E-15,0.989323478504048));
#4261=DIRECTION('center_axis',(-0.888398720216818,1.55415085920718E-15,
-0.459072667360104));
#4262=DIRECTION('ref_axis',(-0.459072667360104,0.,0.888398720216818));
#4263=DIRECTION('center_axis',(-1.47948107134835E-15,-1.,-7.64509567918906E-16));
#4264=DIRECTION('ref_axis',(-0.459072667360106,6.40949485492072E-30,0.888398720216817));
#4265=DIRECTION('center_axis',(-1.47948107134835E-15,-1.,-7.64509567918906E-16));
#4266=DIRECTION('ref_axis',(-0.459072667360106,6.40949485492072E-30,0.888398720216817));
#4267=DIRECTION('center_axis',(0.888398720216818,-1.55415085920718E-15,
0.459072667360104));
#4268=DIRECTION('ref_axis',(-0.459072667360104,-5.0748649048023E-31,0.888398720216818));
#4269=DIRECTION('center_axis',(-0.459072667360108,-1.64693262078378E-15,
0.888398720216816));
#4270=DIRECTION('ref_axis',(-6.79258743194488E-14,1.,-3.32463104838836E-14));
#4271=DIRECTION('center_axis',(-0.459072667360108,-1.64693262078378E-15,
0.888398720216816));
#4272=DIRECTION('ref_axis',(-6.79258743194488E-14,1.,-3.32463104838836E-14));
#4273=DIRECTION('center_axis',(-0.459072667360104,-8.61050997389906E-17,
0.888398720216818));
#4274=DIRECTION('ref_axis',(0.628192759462764,0.707106781186546,0.324613396147725));
#4275=DIRECTION('',(0.459072667360104,8.61050997389906E-17,-0.888398720216818));
#4276=DIRECTION('center_axis',(-0.459072667360105,-2.13892732691768E-15,
0.888398720216817));
#4277=DIRECTION('ref_axis',(-4.5664410295135E-14,1.,-2.11890842279715E-14));
#4278=DIRECTION('center_axis',(-0.459072667360105,-2.13892732691768E-15,
0.888398720216817));
#4279=DIRECTION('ref_axis',(-4.5664410295135E-14,1.,-2.11890842279715E-14));
#4280=DIRECTION('center_axis',(-0.888398720216818,1.55415085920718E-15,
-0.459072667360104));
#4281=DIRECTION('ref_axis',(-0.459072667360104,0.,0.888398720216818));
#4282=DIRECTION('center_axis',(0.888398720216818,-1.55415085920718E-15,
0.459072667360104));
#4283=DIRECTION('ref_axis',(-0.459072667360104,5.07486490480229E-31,0.888398720216818));
#4284=DIRECTION('center_axis',(-1.47948107134835E-15,-1.,-7.64509567918906E-16));
#4285=DIRECTION('ref_axis',(0.459072667360106,-6.40949485492072E-30,-0.888398720216817));
#4286=DIRECTION('center_axis',(-1.47948107134835E-15,-1.,-7.64509567918906E-16));
#4287=DIRECTION('ref_axis',(0.459072667360106,-6.40949485492072E-30,-0.888398720216817));
#4288=DIRECTION('center_axis',(0.,1.,0.));
#4289=DIRECTION('ref_axis',(-0.986361303402722,0.,-0.164594590280734));
#4290=DIRECTION('',(0.,-1.,0.));
#4291=DIRECTION('center_axis',(0.,1.,0.));
#4292=DIRECTION('ref_axis',(-0.879473751206489,0.,-0.475947393037074));
#4293=DIRECTION('',(0.,-1.,0.));
#4294=DIRECTION('center_axis',(0.,1.,0.));
#4295=DIRECTION('ref_axis',(-0.986361303402722,0.,-0.164594590280734));
#4296=DIRECTION('',(0.,-1.,0.));
#4297=DIRECTION('center_axis',(0.,1.,0.));
#4298=DIRECTION('ref_axis',(-0.802608431845009,0.,-0.596506249029544));
#4299=DIRECTION('center_axis',(0.,1.,0.));
#4300=DIRECTION('ref_axis',(-0.802608431845009,0.,-0.596506249029544));
#4301=DIRECTION('center_axis',(-0.989323478504048,1.55415085920718E-15,
-0.145736251086165));
#4302=DIRECTION('ref_axis',(-0.145736251086165,0.,0.989323478504048));
#4303=DIRECTION('center_axis',(-0.145736251086167,-2.13892732691768E-15,
0.989323478504048));
#4304=DIRECTION('ref_axis',(-5.00702709909863E-14,1.,-5.21379141428718E-15));
#4305=DIRECTION('center_axis',(0.989323478504048,-1.55415085920718E-15,
0.145736251086165));
#4306=DIRECTION('ref_axis',(-0.145736251086165,9.5153716965043E-32,0.989323478504048));
#4307=DIRECTION('center_axis',(0.,1.,0.));
#4308=DIRECTION('ref_axis',(-0.303579363315035,0.,0.952806155610488));
#4309=DIRECTION('center_axis',(0.,1.,0.));
#4310=DIRECTION('ref_axis',(-0.303579363315035,0.,0.952806155610488));
#4311=DIRECTION('center_axis',(-0.145736251086167,-2.13892732691768E-15,
0.989323478504048));
#4312=DIRECTION('ref_axis',(-5.00702709909863E-14,1.,-5.21379141428718E-15));
#4313=DIRECTION('center_axis',(-0.145736251086165,-8.61050997389906E-17,
0.989323478504048));
#4314=DIRECTION('ref_axis',(0.699557340437277,0.707106781186546,0.103051091407732));
#4315=DIRECTION('center_axis',(-0.14573625108617,-1.64693262078378E-15,
0.989323478504048));
#4316=DIRECTION('ref_axis',(-7.50405224560562E-14,1.,-9.38943834180057E-15));
#4317=DIRECTION('center_axis',(-0.14573625108617,-1.64693262078378E-15,
0.989323478504048));
#4318=DIRECTION('ref_axis',(-7.50405224560562E-14,1.,-9.38943834180057E-15));
#4319=DIRECTION('',(0.145736251086165,8.61050997389906E-17,-0.989323478504048));
#4320=DIRECTION('center_axis',(-0.989323478504048,1.55415085920718E-15,
-0.145736251086165));
#4321=DIRECTION('ref_axis',(-0.145736251086165,0.,0.989323478504048));
#4322=DIRECTION('center_axis',(0.989323478504048,-1.55415085920718E-15,
0.145736251086165));
#4323=DIRECTION('ref_axis',(-0.145736251086165,0.,0.989323478504048));
#4324=DIRECTION('center_axis',(0.663114158432051,0.,0.748518278258422));
#4325=DIRECTION('ref_axis',(0.748518278258422,0.,-0.663114158432051));
#4326=DIRECTION('center_axis',(-1.85167969420872E-15,1.,4.60686288033536E-15));
#4327=DIRECTION('ref_axis',(0.748518278258415,4.44089209850065E-15,-0.663114158432059));
#4328=DIRECTION('center_axis',(-1.85167969420872E-15,1.,4.60686288033536E-15));
#4329=DIRECTION('ref_axis',(0.748518278258415,4.44089209850065E-15,-0.663114158432059));
#4330=DIRECTION('center_axis',(-0.663114158432051,0.,-0.748518278258422));
#4331=DIRECTION('ref_axis',(0.748518278258422,0.,-0.663114158432051));
#4332=DIRECTION('center_axis',(0.748518278258424,8.50946788516097E-16,-0.663114158432049));
#4333=DIRECTION('ref_axis',(-1.11492877334076E-15,-1.,-2.54178158147504E-15));
#4334=DIRECTION('center_axis',(0.748518278258424,8.50946788516097E-16,-0.663114158432049));
#4335=DIRECTION('ref_axis',(-1.11492877334076E-15,-1.,-2.54178158147504E-15));
#4336=DIRECTION('center_axis',(-0.748518278258422,0.,0.663114158432051));
#4337=DIRECTION('ref_axis',(0.468892518128116,0.707106781186549,0.529282350398606));
#4338=DIRECTION('',(0.748518278258422,0.,-0.663114158432051));
#4339=DIRECTION('center_axis',(0.748518278258424,-6.66906482178797E-16,
-0.663114158432049));
#4340=DIRECTION('ref_axis',(-3.92880417985934E-15,-1.,-3.42908566983497E-15));
#4341=DIRECTION('center_axis',(0.748518278258424,-6.66906482178797E-16,
-0.663114158432049));
#4342=DIRECTION('ref_axis',(-3.92880417985934E-15,-1.,-3.42908566983497E-15));
#4343=DIRECTION('center_axis',(0.663114158432051,0.,0.748518278258422));
#4344=DIRECTION('ref_axis',(0.748518278258422,0.,-0.663114158432051));
#4345=DIRECTION('center_axis',(-0.663114158432051,0.,-0.748518278258422));
#4346=DIRECTION('ref_axis',(0.748518278258422,0.,-0.663114158432051));
#4347=DIRECTION('center_axis',(1.89635240458182E-16,1.,-3.13445366704294E-15));
#4348=DIRECTION('ref_axis',(-0.748518278258422,2.22044604925032E-15,0.663114158432052));
#4349=DIRECTION('center_axis',(1.89635240458182E-16,1.,-3.13445366704294E-15));
#4350=DIRECTION('ref_axis',(-0.748518278258422,2.22044604925032E-15,0.663114158432052));
#4351=DIRECTION('center_axis',(0.870228291901354,0.,0.492648678039891));
#4352=DIRECTION('ref_axis',(0.492648678039891,0.,-0.870228291901354));
#4353=DIRECTION('center_axis',(-2.55504648945917E-16,1.,4.95848975621849E-15));
#4354=DIRECTION('ref_axis',(0.492648678039883,4.44089209850065E-15,-0.870228291901359));
#4355=DIRECTION('center_axis',(-2.55504648945917E-16,1.,4.95848975621849E-15));
#4356=DIRECTION('ref_axis',(0.492648678039883,4.44089209850065E-15,-0.870228291901359));
#4357=DIRECTION('center_axis',(-0.870228291901354,0.,-0.492648678039891));
#4358=DIRECTION('ref_axis',(0.492648678039891,0.,-0.870228291901354));
#4359=DIRECTION('center_axis',(0.492648678039894,8.50946788516097E-16,-0.870228291901352));
#4360=DIRECTION('ref_axis',(-1.87983398743301E-15,-1.,-2.04204406349142E-15));
#4361=DIRECTION('center_axis',(0.492648678039894,8.50946788516097E-16,-0.870228291901352));
#4362=DIRECTION('ref_axis',(-1.87983398743301E-15,-1.,-2.04204406349142E-15));
#4363=DIRECTION('center_axis',(-0.492648678039891,0.,0.870228291901354));
#4364=DIRECTION('ref_axis',(0.615344326383834,0.707106781186549,0.348355220984592));
#4365=DIRECTION('',(0.492648678039891,0.,-0.870228291901354));
#4366=DIRECTION('center_axis',(0.492648678039894,-6.66906482178797E-16,
-0.870228291901352));
#4367=DIRECTION('ref_axis',(-4.82935302942928E-15,-1.,-1.96760771798901E-15));
#4368=DIRECTION('center_axis',(0.492648678039894,-6.66906482178797E-16,
-0.870228291901352));
#4369=DIRECTION('ref_axis',(-4.82935302942928E-15,-1.,-1.96760771798901E-15));
#4370=DIRECTION('center_axis',(0.870228291901354,0.,0.492648678039891));
#4371=DIRECTION('ref_axis',(0.492648678039891,0.,-0.870228291901354));
#4372=DIRECTION('center_axis',(-0.870228291901354,0.,-0.492648678039891));
#4373=DIRECTION('ref_axis',(0.492648678039891,0.,-0.870228291901354));
#4374=DIRECTION('center_axis',(-8.38395161876123E-16,1.,-3.02619478352027E-15));
#4375=DIRECTION('ref_axis',(-0.492648678039891,2.22044604925032E-15,0.870228291901354));
#4376=DIRECTION('center_axis',(-8.38395161876123E-16,1.,-3.02619478352027E-15));
#4377=DIRECTION('ref_axis',(-0.492648678039891,2.22044604925032E-15,0.870228291901354));
#4378=DIRECTION('center_axis',(-0.419103150278073,1.55415085920718E-15,
-0.907938626464914));
#4379=DIRECTION('ref_axis',(-0.907938626464914,0.,0.419103150278073));
#4380=DIRECTION('center_axis',(-6.97946950697482E-16,-1.,-1.51202155207183E-15));
#4381=DIRECTION('ref_axis',(-0.907938626464915,6.40949485492072E-30,0.419103150278071));
#4382=DIRECTION('center_axis',(-6.97946950697482E-16,-1.,-1.51202155207183E-15));
#4383=DIRECTION('ref_axis',(-0.907938626464915,6.40949485492072E-30,0.419103150278071));
#4384=DIRECTION('center_axis',(0.419103150278073,-1.55415085920718E-15,
0.907938626464914));
#4385=DIRECTION('ref_axis',(-0.907938626464914,-3.80614867860172E-31,0.419103150278073));
#4386=DIRECTION('center_axis',(-0.907938626464916,-1.64693262078378E-15,
0.419103150278069));
#4387=DIRECTION('ref_axis',(-3.31827525124162E-14,1.,-6.79569459183686E-14));
#4388=DIRECTION('center_axis',(-0.907938626464916,-1.64693262078378E-15,
0.419103150278069));
#4389=DIRECTION('ref_axis',(-3.31827525124162E-14,1.,-6.79569459183686E-14));
#4390=DIRECTION('center_axis',(-0.907938626464914,-8.61050997389906E-17,
0.419103150278073));
#4391=DIRECTION('ref_axis',(0.296350679578271,0.707106781186546,0.642009559674541));
#4392=DIRECTION('',(0.907938626464914,8.61050997389906E-17,-0.419103150278073));
#4393=DIRECTION('center_axis',(-0.907938626464915,-2.13892732691768E-15,
0.419103150278071));
#4394=DIRECTION('ref_axis',(-2.30210310985165E-14,1.,-4.47688260420533E-14));
#4395=DIRECTION('center_axis',(-0.907938626464915,-2.13892732691768E-15,
0.419103150278071));
#4396=DIRECTION('ref_axis',(-2.30210310985165E-14,1.,-4.47688260420533E-14));
#4397=DIRECTION('center_axis',(-0.419103150278073,1.55415085920718E-15,
-0.907938626464914));
#4398=DIRECTION('ref_axis',(-0.907938626464914,0.,0.419103150278073));
#4399=DIRECTION('center_axis',(0.419103150278073,-1.55415085920718E-15,
0.907938626464914));
#4400=DIRECTION('ref_axis',(-0.907938626464914,1.26871622620057E-31,0.419103150278073));
#4401=DIRECTION('center_axis',(0.,1.,0.));
#4402=DIRECTION('ref_axis',(-0.963699547368429,0.,0.266989105399238));
#4403=DIRECTION('center_axis',(0.,1.,0.));
#4404=DIRECTION('ref_axis',(-0.963699547368429,0.,0.266989105399238));
#4405=DIRECTION('center_axis',(0.,1.,0.));
#4406=DIRECTION('ref_axis',(-0.677281571625741,0.,-0.735723910673132));
#4407=DIRECTION('',(0.,-1.,0.));
#4408=DIRECTION('center_axis',(0.,1.,0.));
#4409=DIRECTION('ref_axis',(-0.401695424652969,0.,-0.915773326655058));
#4410=DIRECTION('',(0.,-1.,0.));
#4411=DIRECTION('center_axis',(-0.691202175667641,1.55415085920718E-15,
-0.722661436879207));
#4412=DIRECTION('ref_axis',(-0.722661436879207,0.,0.691202175667641));
#4413=DIRECTION('center_axis',(0.,1.,0.));
#4414=DIRECTION('ref_axis',(-0.266989105399236,0.,-0.963699547368429));
#4415=DIRECTION('center_axis',(0.,1.,0.));
#4416=DIRECTION('ref_axis',(-0.266989105399236,0.,-0.963699547368429));
#4417=DIRECTION('center_axis',(0.691202175667641,-1.55415085920718E-15,
0.722661436879207));
#4418=DIRECTION('ref_axis',(-0.722661436879207,6.34358113100287E-31,0.691202175667641));
#4419=DIRECTION('center_axis',(-0.72266143687921,-1.64693262078378E-15,
0.691202175667637));
#4420=DIRECTION('ref_axis',(-5.3450403721794E-14,1.,-5.35004290153787E-14));
#4421=DIRECTION('center_axis',(-0.72266143687921,-1.64693262078378E-15,
0.691202175667637));
#4422=DIRECTION('ref_axis',(-5.3450403721794E-14,1.,-5.35004290153787E-14));
#4423=DIRECTION('center_axis',(-0.722661436879207,-8.61050997389906E-17,
0.691202175667641));
#4424=DIRECTION('ref_axis',(0.488753745585485,0.707106781186546,0.510998802519302));
#4425=DIRECTION('',(0.722661436879207,8.61050997389906E-17,-0.691202175667641));
#4426=DIRECTION('center_axis',(-0.722661436879208,-2.13892732691768E-15,
0.691202175667639));
#4427=DIRECTION('ref_axis',(-3.6310102187475E-14,1.,-3.48682109830376E-14));
#4428=DIRECTION('center_axis',(-0.722661436879208,-2.13892732691768E-15,
0.691202175667639));
#4429=DIRECTION('ref_axis',(-3.6310102187475E-14,1.,-3.48682109830376E-14));
#4430=DIRECTION('center_axis',(-0.691202175667641,1.55415085920718E-15,
-0.722661436879207));
#4431=DIRECTION('ref_axis',(-0.722661436879207,0.,0.691202175667641));
#4432=DIRECTION('center_axis',(0.691202175667641,-1.55415085920718E-15,
0.722661436879207));
#4433=DIRECTION('ref_axis',(-0.722661436879207,0.,0.691202175667641));
#4434=DIRECTION('center_axis',(-1.15108285514583E-15,-1.,-1.20347304934799E-15));
#4435=DIRECTION('ref_axis',(0.722661436879209,-6.40949485492072E-30,-0.691202175667639));
#4436=DIRECTION('center_axis',(-1.15108285514583E-15,-1.,-1.20347304934799E-15));
#4437=DIRECTION('ref_axis',(0.722661436879209,-6.40949485492072E-30,-0.691202175667639));
#4438=DIRECTION('center_axis',(0.,1.,0.));
#4439=DIRECTION('ref_axis',(-0.677281571625741,0.,-0.735723910673132));
#4440=DIRECTION('',(0.,-1.,0.));
#4441=DIRECTION('center_axis',(0.,1.,0.));
#4442=DIRECTION('ref_axis',(-0.879473751206489,0.,-0.475947393037074));
#4443=DIRECTION('',(0.,-1.,0.));
#4444=DIRECTION('center_axis',(-0.101587795500467,1.55415085920718E-15,
-0.994826577753809));
#4445=DIRECTION('ref_axis',(-0.994826577753809,0.,0.101587795500467));
#4446=DIRECTION('center_axis',(0.,1.,0.));
#4447=DIRECTION('ref_axis',(0.381224594568927,0.,-0.924482454401249));
#4448=DIRECTION('center_axis',(0.,1.,0.));
#4449=DIRECTION('ref_axis',(0.381224594568927,0.,-0.924482454401249));
#4450=DIRECTION('center_axis',(0.101587795500467,-1.55415085920718E-15,
0.994826577753809));
#4451=DIRECTION('ref_axis',(-0.994826577753809,2.53743245240115E-31,0.101587795500467));
#4452=DIRECTION('center_axis',(-0.99482657775381,-1.64693262078378E-15,
0.101587795500462));
#4453=DIRECTION('ref_axis',(-9.31923518486262E-15,1.,-7.50492732704426E-14));
#4454=DIRECTION('center_axis',(-0.99482657775381,-1.64693262078378E-15,
0.101587795500462));
#4455=DIRECTION('ref_axis',(-9.31923518486262E-15,1.,-7.50492732704426E-14));
#4456=DIRECTION('center_axis',(-0.994826577753809,-8.61050997389906E-17,
0.101587795500467));
#4457=DIRECTION('ref_axis',(0.0718334190841732,0.707106781186546,0.703448619234326));
#4458=DIRECTION('',(0.994826577753809,8.61050997389906E-17,-0.101587795500467));
#4459=DIRECTION('center_axis',(-0.994826577753809,-2.13892732691768E-15,
0.101587795500465));
#4460=DIRECTION('ref_axis',(-7.23727408193191E-15,1.,-4.98180441395033E-14));
#4461=DIRECTION('center_axis',(-0.994826577753809,-2.13892732691768E-15,
0.101587795500465));
#4462=DIRECTION('ref_axis',(-7.23727408193191E-15,1.,-4.98180441395033E-14));
#4463=DIRECTION('center_axis',(-0.101587795500467,1.55415085920718E-15,
-0.994826577753809));
#4464=DIRECTION('ref_axis',(-0.994826577753809,0.,0.101587795500467));
#4465=DIRECTION('center_axis',(0.101587795500467,-1.55415085920718E-15,
0.994826577753809));
#4466=DIRECTION('ref_axis',(-0.994826577753809,1.26871622620057E-31,0.101587795500467));
#4467=DIRECTION('center_axis',(-1.69177664378297E-16,-1.,-1.65671905819699E-15));
#4468=DIRECTION('ref_axis',(0.994826577753809,-6.40949485492072E-30,-0.101587795500464));
#4469=DIRECTION('center_axis',(-1.69177664378297E-16,-1.,-1.65671905819699E-15));
#4470=DIRECTION('ref_axis',(0.994826577753809,-6.40949485492072E-30,-0.101587795500464));
#4471=DIRECTION('center_axis',(0.,1.,0.));
#4472=DIRECTION('ref_axis',(-0.401695424652969,0.,-0.915773326655058));
#4473=DIRECTION('',(0.,-1.,0.));
#4474=DIRECTION('center_axis',(0.063540802586125,0.,0.997979241470839));
#4475=DIRECTION('ref_axis',(0.997979241470839,0.,-0.0635408025861249));
#4476=DIRECTION('center_axis',(-4.29082920384694E-15,1.,2.49813691209487E-15));
#4477=DIRECTION('ref_axis',(0.997979241470838,4.44089209850065E-15,-0.0635408025861351));
#4478=DIRECTION('center_axis',(-4.29082920384694E-15,1.,2.49813691209487E-15));
#4479=DIRECTION('ref_axis',(0.997979241470838,4.44089209850065E-15,-0.0635408025861351));
#4480=DIRECTION('center_axis',(-0.063540802586125,0.,-0.997979241470839));
#4481=DIRECTION('ref_axis',(0.997979241470839,0.,-0.063540802586125));
#4482=DIRECTION('center_axis',(0.997979241470839,8.50946788516097E-16,-0.0635408025861214));
#4483=DIRECTION('ref_axis',(6.81359100087592E-16,-1.,-2.69062623830897E-15));
#4484=DIRECTION('center_axis',(0.997979241470839,8.50946788516097E-16,-0.0635408025861214));
#4485=DIRECTION('ref_axis',(6.81359100087592E-16,-1.,-2.69062623830897E-15));
#4486=DIRECTION('center_axis',(-0.997979241470839,0.,0.063540802586125));
#4487=DIRECTION('ref_axis',(0.0449301323906879,0.707106781186549,0.705677889127436));
#4488=DIRECTION('',(0.997979241470839,0.,-0.0635408025861249));
#4489=DIRECTION('center_axis',(0.997979241470839,-6.66906482178797E-16,
-0.063540802586122));
#4490=DIRECTION('ref_axis',(-9.94190520498276E-16,-1.,-5.11915188519535E-15));
#4491=DIRECTION('center_axis',(0.997979241470839,-6.66906482178797E-16,
-0.063540802586122));
#4492=DIRECTION('ref_axis',(-9.94190520498276E-16,-1.,-5.11915188519535E-15));
#4493=DIRECTION('center_axis',(0.063540802586125,0.,0.997979241470839));
#4494=DIRECTION('ref_axis',(0.997979241470839,0.,-0.0635408025861249));
#4495=DIRECTION('center_axis',(-0.063540802586125,0.,-0.997979241470839));
#4496=DIRECTION('ref_axis',(0.997979241470839,0.,-0.063540802586125));
#4497=DIRECTION('center_axis',(2.0748701398892E-15,1.,-2.35704798802628E-15));
#4498=DIRECTION('ref_axis',(-0.997979241470839,2.22044604925032E-15,0.0635408025861255));
#4499=DIRECTION('center_axis',(2.0748701398892E-15,1.,-2.35704798802628E-15));
#4500=DIRECTION('ref_axis',(-0.997979241470839,2.22044604925032E-15,0.0635408025861255));
#4501=DIRECTION('center_axis',(0.,1.,0.));
#4502=DIRECTION('ref_axis',(-0.0825793454723323,0.,-0.99658449300667));
#4503=DIRECTION('center_axis',(-3.24719651283322E-15,1.,3.75601092852517E-15));
#4504=DIRECTION('ref_axis',(0.923274308569882,4.44089209850065E-15,-0.384141316620337));
#4505=DIRECTION('center_axis',(-3.24719651283322E-15,1.,3.75601092852517E-15));
#4506=DIRECTION('ref_axis',(0.923274308569882,4.44089209850065E-15,-0.384141316620337));
#4507=DIRECTION('',(0.,-1.,0.));
#4508=DIRECTION('center_axis',(0.384141316620327,0.,0.923274308569886));
#4509=DIRECTION('ref_axis',(0.923274308569886,0.,-0.384141316620327));
#4510=DIRECTION('center_axis',(-0.384141316620327,0.,-0.923274308569886));
#4511=DIRECTION('ref_axis',(0.923274308569886,0.,-0.384141316620327));
#4512=DIRECTION('center_axis',(0.923274308569888,8.50946788516097E-16,-0.384141316620324));
#4513=DIRECTION('ref_axis',(-2.29203726754645E-16,-1.,-2.76607762530097E-15));
#4514=DIRECTION('center_axis',(0.923274308569888,8.50946788516097E-16,-0.384141316620324));
#4515=DIRECTION('ref_axis',(-2.29203726754645E-16,-1.,-2.76607762530097E-15));
#4516=DIRECTION('center_axis',(-0.923274308569886,0.,0.384141316620327));
#4517=DIRECTION('ref_axis',(0.271628929916165,0.707106781186549,0.652853524485085));
#4518=DIRECTION('',(0.923274308569886,0.,-0.384141316620327));
#4519=DIRECTION('center_axis',(0.923274308569887,-6.66906482178797E-16,
-0.384141316620325));
#4520=DIRECTION('ref_axis',(-2.60250843572368E-15,-1.,-4.51896898160795E-15));
#4521=DIRECTION('center_axis',(0.923274308569887,-6.66906482178797E-16,
-0.384141316620325));
#4522=DIRECTION('ref_axis',(-2.60250843572368E-15,-1.,-4.51896898160795E-15));
#4523=DIRECTION('center_axis',(0.384141316620327,0.,0.923274308569886));
#4524=DIRECTION('ref_axis',(0.923274308569886,0.,-0.384141316620327));
#4525=DIRECTION('center_axis',(-0.384141316620327,0.,-0.923274308569886));
#4526=DIRECTION('ref_axis',(0.923274308569886,0.,-0.384141316620327));
#4527=DIRECTION('center_axis',(1.19711572199491E-15,1.,-2.90304585968172E-15));
#4528=DIRECTION('ref_axis',(-0.923274308569886,2.22044604925032E-15,0.384141316620328));
#4529=DIRECTION('center_axis',(1.19711572199491E-15,1.,-2.90304585968172E-15));
#4530=DIRECTION('ref_axis',(-0.923274308569886,2.22044604925032E-15,0.384141316620328));
#4531=DIRECTION('center_axis',(0.226936173216674,1.55415085920718E-15,-0.973909633018265));
#4532=DIRECTION('ref_axis',(-0.973909633018265,0.,-0.226936173216674));
#4533=DIRECTION('center_axis',(3.77924646938208E-16,-1.,-1.62188534772167E-15));
#4534=DIRECTION('ref_axis',(-0.973909633018264,6.40949485492072E-30,-0.226936173216676));
#4535=DIRECTION('center_axis',(3.77924646938208E-16,-1.,-1.62188534772167E-15));
#4536=DIRECTION('ref_axis',(-0.973909633018264,6.40949485492072E-30,-0.226936173216676));
#4537=DIRECTION('center_axis',(-0.226936173216674,-1.55415085920718E-15,
0.973909633018265));
#4538=DIRECTION('ref_axis',(-0.973909633018265,6.34358113100287E-32,-0.226936173216674));
#4539=DIRECTION('center_axis',(-0.973909633018264,-1.64693262078378E-15,
-0.226936173216679));
#4540=DIRECTION('ref_axis',(1.55541658778037E-14,1.,-7.40088473542056E-14));
#4541=DIRECTION('center_axis',(-0.973909633018264,-1.64693262078378E-15,
-0.226936173216679));
#4542=DIRECTION('ref_axis',(1.55541658778037E-14,1.,-7.40088473542056E-14));
#4543=DIRECTION('center_axis',(-0.973909633018265,-8.61050997389906E-17,
-0.226936173216674));
#4544=DIRECTION('ref_axis',(-0.160468106978035,0.707106781186546,0.688658105770119));
#4545=DIRECTION('',(0.973909633018265,8.61050997389906E-17,0.226936173216674));
#4546=DIRECTION('center_axis',(-0.973909633018265,-2.13892732691768E-15,
-0.226936173216676));
#4547=DIRECTION('ref_axis',(9.33075387930787E-15,1.,-4.94687041478376E-14));
#4548=DIRECTION('center_axis',(-0.973909633018265,-2.13892732691768E-15,
-0.226936173216676));
#4549=DIRECTION('ref_axis',(9.33075387930787E-15,1.,-4.94687041478376E-14));
#4550=DIRECTION('center_axis',(0.226936173216674,1.55415085920718E-15,-0.973909633018265));
#4551=DIRECTION('ref_axis',(-0.973909633018265,0.,-0.226936173216674));
#4552=DIRECTION('center_axis',(-0.226936173216674,-1.55415085920718E-15,
0.973909633018265));
#4553=DIRECTION('ref_axis',(-0.973909633018265,2.53743245240115E-31,-0.226936173216674));
#4554=DIRECTION('center_axis',(0.,1.,0.));
#4555=DIRECTION('ref_axis',(-0.92448245440125,0.,-0.381224594568925));
#4556=DIRECTION('center_axis',(0.,1.,0.));
#4557=DIRECTION('ref_axis',(-0.92448245440125,0.,-0.381224594568925));
#4558=DIRECTION('center_axis',(0.,1.,0.));
#4559=DIRECTION('ref_axis',(-0.0825793454723323,0.,-0.99658449300667));
#4560=DIRECTION('',(0.,-1.,0.));
#4561=DIRECTION('center_axis',(0.,1.,0.));
#4562=DIRECTION('ref_axis',(0.245485487140799,0.,-0.96940026593933));
#4563=DIRECTION('',(0.,-1.,0.));
#4564=DIRECTION('center_axis',(-0.80072124202115,0.,0.599037137893893));
#4565=DIRECTION('ref_axis',(0.599037137893893,0.,0.80072124202115));
#4566=DIRECTION('center_axis',(0.599037137893891,-6.66906482178797E-16,
0.800721242021152));
#4567=DIRECTION('ref_axis',(3.74181168141067E-15,-1.,-3.63221367152408E-15));
#4568=DIRECTION('center_axis',(0.599037137893891,-6.66906482178797E-16,
0.800721242021152));
#4569=DIRECTION('ref_axis',(3.74181168141067E-15,-1.,-3.63221367152408E-15));
#4570=DIRECTION('center_axis',(0.80072124202115,0.,-0.599037137893893));
#4571=DIRECTION('ref_axis',(0.599037137893893,0.,0.80072124202115));
#4572=DIRECTION('center_axis',(-0.599037137893893,0.,-0.80072124202115));
#4573=DIRECTION('ref_axis',(-0.566195420073267,0.707106781186549,0.423583222387355));
#4574=DIRECTION('center_axis',(0.59903713789389,8.50946788516097E-16,0.800721242021152));
#4575=DIRECTION('ref_axis',(2.62517019705874E-15,-1.,-9.01222066986512E-16));
#4576=DIRECTION('',(0.599037137893893,0.,0.80072124202115));
#4577=DIRECTION('center_axis',(0.59903713789389,8.50946788516097E-16,0.800721242021152));
#4578=DIRECTION('ref_axis',(2.62517019705874E-15,-1.,-9.01222066986512E-16));
#4579=DIRECTION('center_axis',(-0.80072124202115,0.,0.599037137893893));
#4580=DIRECTION('ref_axis',(0.599037137893893,0.,0.80072124202115));
#4581=DIRECTION('center_axis',(-4.4382176107781E-15,1.,-2.22578699060262E-15));
#4582=DIRECTION('ref_axis',(0.599037137893901,4.44089209850065E-15,0.800721242021144));
#4583=DIRECTION('center_axis',(-4.4382176107781E-15,1.,-2.22578699060262E-15));
#4584=DIRECTION('ref_axis',(0.599037137893901,4.44089209850065E-15,0.800721242021144));
#4585=DIRECTION('center_axis',(0.80072124202115,0.,-0.599037137893893));
#4586=DIRECTION('ref_axis',(0.599037137893893,0.,0.80072124202115));
#4587=DIRECTION('center_axis',(0.939446819572065,1.55415085920718E-15,-0.34269472303485));
#4588=DIRECTION('ref_axis',(-0.34269472303485,0.,-0.939446819572065));
#4589=DIRECTION('center_axis',(1.56449323424967E-15,-1.,-5.70701357896249E-16));
#4590=DIRECTION('ref_axis',(-0.342694723034848,6.40949485492072E-30,-0.939446819572065));
#4591=DIRECTION('center_axis',(1.56449323424967E-15,-1.,-5.70701357896249E-16));
#4592=DIRECTION('ref_axis',(-0.342694723034848,6.40949485492072E-30,-0.939446819572065));
#4593=DIRECTION('center_axis',(-0.939446819572065,-1.55415085920718E-15,
0.34269472303485));
#4594=DIRECTION('ref_axis',(-0.34269472303485,1.26871622620057E-31,-0.939446819572065));
#4595=DIRECTION('center_axis',(-0.342694723034846,-1.64693262078378E-15,
-0.939446819572066));
#4596=DIRECTION('ref_axis',(7.04650484777848E-14,1.,-2.74575764749145E-14));
#4597=DIRECTION('center_axis',(-0.342694723034846,-1.64693262078378E-15,
-0.939446819572066));
#4598=DIRECTION('ref_axis',(7.04650484777848E-14,1.,-2.74575764749145E-14));
#4599=DIRECTION('center_axis',(-0.34269472303485,-8.61050997389906E-17,
-0.939446819572065));
#4600=DIRECTION('ref_axis',(-0.664289216683543,0.707106781186546,0.24232176253479));
#4601=DIRECTION('',(0.34269472303485,8.61050997389906E-17,0.939446819572065));
#4602=DIRECTION('center_axis',(-0.342694723034849,-2.13892732691768E-15,
-0.939446819572065));
#4603=DIRECTION('ref_axis',(4.65169794838372E-14,1.,-1.92454222536884E-14));
#4604=DIRECTION('center_axis',(-0.342694723034849,-2.13892732691768E-15,
-0.939446819572065));
#4605=DIRECTION('ref_axis',(4.65169794838372E-14,1.,-1.92454222536884E-14));
#4606=DIRECTION('center_axis',(0.939446819572065,1.55415085920718E-15,-0.34269472303485));
#4607=DIRECTION('ref_axis',(-0.34269472303485,0.,-0.939446819572065));
#4608=DIRECTION('center_axis',(-0.939446819572065,-1.55415085920718E-15,
0.34269472303485));
#4609=DIRECTION('ref_axis',(-0.34269472303485,-2.53743245240115E-31,-0.939446819572065));
#4610=DIRECTION('center_axis',(1.56449323424967E-15,-1.,-5.70701357896249E-16));
#4611=DIRECTION('ref_axis',(0.342694723034848,-6.40949485492072E-30,0.939446819572065));
#4612=DIRECTION('center_axis',(1.56449323424967E-15,-1.,-5.70701357896249E-16));
#4613=DIRECTION('ref_axis',(0.342694723034848,-6.40949485492072E-30,0.939446819572065));
#4614=DIRECTION('center_axis',(0.,1.,0.));
#4615=DIRECTION('ref_axis',(0.945817241700635,0.,-0.324699469204684));
#4616=DIRECTION('',(0.,-1.,0.));
#4617=DIRECTION('center_axis',(0.530868086288251,1.55415085920718E-15,-0.847454467780217));
#4618=DIRECTION('ref_axis',(-0.847454467780217,0.,-0.530868086288251));
#4619=DIRECTION('center_axis',(8.84072958653862E-16,-1.,-1.41129519367658E-15));
#4620=DIRECTION('ref_axis',(-0.847454467780215,6.40949485492072E-30,-0.530868086288253));
#4621=DIRECTION('center_axis',(8.84072958653862E-16,-1.,-1.41129519367658E-15));
#4622=DIRECTION('ref_axis',(-0.847454467780215,6.40949485492072E-30,-0.530868086288253));
#4623=DIRECTION('center_axis',(-0.530868086288251,-1.55415085920718E-15,
0.847454467780217));
#4624=DIRECTION('ref_axis',(-0.847454467780216,2.53743245240115E-31,-0.530868086288251));
#4625=DIRECTION('center_axis',(-0.847454467780214,-1.64693262078378E-15,
-0.530868086288255));
#4626=DIRECTION('ref_axis',(3.87420317198594E-14,1.,-6.49484144615537E-14));
#4627=DIRECTION('center_axis',(-0.847454467780214,-1.64693262078378E-15,
-0.530868086288255));
#4628=DIRECTION('ref_axis',(3.87420317198594E-14,1.,-6.49484144615537E-14));
#4629=DIRECTION('center_axis',(-0.847454467780217,-8.61050997389906E-17,
-0.530868086288251));
#4630=DIRECTION('ref_axis',(-0.375380423729947,0.707106781186546,0.599240800914229));
#4631=DIRECTION('',(0.847454467780217,8.61050997389906E-17,0.530868086288251));
#4632=DIRECTION('center_axis',(-0.847454467780216,-2.13892732691768E-15,
-0.530868086288252));
#4633=DIRECTION('ref_axis',(2.48876498761608E-14,1.,-4.37586624757217E-14));
#4634=DIRECTION('center_axis',(-0.847454467780216,-2.13892732691768E-15,
-0.530868086288252));
#4635=DIRECTION('ref_axis',(2.48876498761608E-14,1.,-4.37586624757217E-14));
#4636=DIRECTION('center_axis',(0.530868086288251,1.55415085920718E-15,-0.847454467780217));
#4637=DIRECTION('ref_axis',(-0.847454467780217,0.,-0.530868086288251));
#4638=DIRECTION('center_axis',(-0.530868086288251,-1.55415085920718E-15,
0.847454467780217));
#4639=DIRECTION('ref_axis',(-0.847454467780217,3.80614867860172E-31,-0.530868086288251));
#4640=DIRECTION('center_axis',(0.,1.,0.));
#4641=DIRECTION('ref_axis',(-0.750608021518122,0.,-0.660747756736752));
#4642=DIRECTION('center_axis',(0.,1.,0.));
#4643=DIRECTION('ref_axis',(-0.750608021518122,0.,-0.660747756736752));
#4644=DIRECTION('center_axis',(0.,1.,0.));
#4645=DIRECTION('ref_axis',(0.245485487140799,0.,-0.96940026593933));
#4646=DIRECTION('',(0.,-1.,0.));
#4647=DIRECTION('center_axis',(-0.562828915791511,0.,0.826573415704227));
#4648=DIRECTION('ref_axis',(0.826573415704227,0.,0.562828915791511));
#4649=DIRECTION('center_axis',(0.826573415704225,-6.66906482178797E-16,
0.562828915791513));
#4650=DIRECTION('ref_axis',(2.35969215229319E-15,-1.,-4.65037458288616E-15));
#4651=DIRECTION('center_axis',(0.826573415704225,-6.66906482178797E-16,
0.562828915791513));
#4652=DIRECTION('ref_axis',(2.35969215229319E-15,-1.,-4.65037458288616E-15));
#4653=DIRECTION('center_axis',(0.562828915791511,0.,-0.826573415704227));
#4654=DIRECTION('ref_axis',(0.826573415704227,0.,0.562828915791511));
#4655=DIRECTION('center_axis',(3.08509291778888E-15,1.,-5.85630432842671E-16));
#4656=DIRECTION('ref_axis',(-0.826573415704227,2.22044604925032E-15,-0.56282891579151));
#4657=DIRECTION('center_axis',(3.08509291778888E-15,1.,-5.85630432842671E-16));
#4658=DIRECTION('ref_axis',(-0.826573415704227,2.22044604925032E-15,-0.56282891579151));
#4659=DIRECTION('center_axis',(-0.826573415704227,0.,-0.562828915791511));
#4660=DIRECTION('ref_axis',(-0.397980143004046,0.707106781186549,0.584475667392987));
#4661=DIRECTION('center_axis',(0.826573415704225,8.50946788516097E-16,0.562828915791514));
#4662=DIRECTION('ref_axis',(2.19030490799074E-15,-1.,-1.70478273911385E-15));
#4663=DIRECTION('',(0.826573415704227,0.,0.562828915791511));
#4664=DIRECTION('center_axis',(0.826573415704225,8.50946788516097E-16,0.562828915791514));
#4665=DIRECTION('ref_axis',(2.19030490799074E-15,-1.,-1.70478273911385E-15));
#4666=DIRECTION('center_axis',(-0.562828915791511,0.,0.826573415704227));
#4667=DIRECTION('ref_axis',(0.826573415704227,0.,0.562828915791511));
#4668=DIRECTION('center_axis',(-4.92045459310468E-15,1.,-6.64100809630401E-16));
#4669=DIRECTION('ref_axis',(0.826573415704233,4.44089209850065E-15,0.562828915791502));
#4670=DIRECTION('center_axis',(-4.92045459310468E-15,1.,-6.64100809630401E-16));
#4671=DIRECTION('ref_axis',(0.826573415704233,4.44089209850065E-15,0.562828915791502));
#4672=DIRECTION('center_axis',(0.562828915791511,0.,-0.826573415704227));
#4673=DIRECTION('ref_axis',(0.826573415704227,0.,0.562828915791511));
#4674=DIRECTION('center_axis',(0.,1.,0.));
#4675=DIRECTION('ref_axis',(0.789140509396394,0.,-0.614212712689668));
#4676=DIRECTION('',(0.,-1.,0.));
#4677=DIRECTION('center_axis',(-0.263945343345421,0.,0.964537638314995));
#4678=DIRECTION('ref_axis',(0.964537638314995,0.,0.263945343345421));
#4679=DIRECTION('center_axis',(0.964537638314994,-6.66906482178797E-16,
0.263945343345424));
#4680=DIRECTION('ref_axis',(7.21863364078486E-16,-1.,-5.16459525019619E-15));
#4681=DIRECTION('center_axis',(0.964537638314994,-6.66906482178797E-16,
0.263945343345424));
#4682=DIRECTION('ref_axis',(7.21863364078486E-16,-1.,-5.16459525019619E-15));
#4683=DIRECTION('center_axis',(0.263945343345421,0.,-0.964537638314995));
#4684=DIRECTION('ref_axis',(0.964537638314995,0.,0.263945343345421));
#4685=DIRECTION('center_axis',(2.72778018319911E-15,1.,-1.55562739350038E-15));
#4686=DIRECTION('ref_axis',(-0.964537638314995,2.22044604925032E-15,-0.26394534334542));
#4687=DIRECTION('center_axis',(2.72778018319911E-15,1.,-1.55562739350038E-15));
#4688=DIRECTION('ref_axis',(-0.964537638314995,2.22044604925032E-15,-0.26394534334542));
#4689=DIRECTION('center_axis',(-0.964537638314995,0.,-0.263945343345421));
#4690=DIRECTION('ref_axis',(-0.186637542142155,0.707106781186549,0.68203110476219));
#4691=DIRECTION('center_axis',(0.964537638314994,8.50946788516097E-16,0.263945343345424));
#4692=DIRECTION('ref_axis',(1.51808609605959E-15,-1.,-2.32360374902852E-15));
#4693=DIRECTION('',(0.964537638314995,0.,0.263945343345421));
#4694=DIRECTION('center_axis',(0.964537638314994,8.50946788516097E-16,0.263945343345424));
#4695=DIRECTION('ref_axis',(1.51808609605959E-15,-1.,-2.32360374902852E-15));
#4696=DIRECTION('center_axis',(-0.263945343345421,0.,0.964537638314995));
#4697=DIRECTION('ref_axis',(0.964537638314995,0.,0.263945343345421));
#4698=DIRECTION('center_axis',(-4.86948397154888E-15,1.,9.69550998651052E-16));
#4699=DIRECTION('ref_axis',(0.964537638314998,4.44089209850065E-15,0.263945343345411));
#4700=DIRECTION('center_axis',(-4.86948397154888E-15,1.,9.69550998651052E-16));
#4701=DIRECTION('ref_axis',(0.964537638314998,4.44089209850065E-15,0.263945343345411));
#4702=DIRECTION('center_axis',(0.263945343345421,0.,-0.964537638314995));
#4703=DIRECTION('ref_axis',(0.964537638314995,0.,0.263945343345421));
#4704=DIRECTION('center_axis',(0.,1.,0.));
#4705=DIRECTION('ref_axis',(0.546948158122427,0.,-0.837166478262529));
#4706=DIRECTION('',(0.,-1.,0.));
#4707=DIRECTION('center_axis',(0.,1.,0.));
#4708=DIRECTION('ref_axis',(0.546948158122427,0.,-0.837166478262529));
#4709=DIRECTION('',(0.,-1.,0.));
#4710=DIRECTION('center_axis',(1.29441824749402E-15,-1.,-1.04776930689542E-15));
#4711=DIRECTION('ref_axis',(0.629164461347261,-6.40949485492072E-30,0.777272204943423));
#4712=DIRECTION('center_axis',(1.29441824749402E-15,-1.,-1.04776930689542E-15));
#4713=DIRECTION('ref_axis',(0.629164461347261,-6.40949485492072E-30,0.777272204943423));
#4714=DIRECTION('center_axis',(0.,1.,0.));
#4715=DIRECTION('ref_axis',(0.789140509396394,0.,-0.614212712689668));
#4716=DIRECTION('',(0.,-1.,0.));
#4717=DIRECTION('center_axis',(0.,1.,0.));
#4718=DIRECTION('ref_axis',(0.982455810397036,0.,-0.186495524388935));
#4719=DIRECTION('center_axis',(0.,1.,0.));
#4720=DIRECTION('ref_axis',(0.982455810397036,0.,-0.186495524388935));
#4721=DIRECTION('center_axis',(0.777272204943422,1.55415085920718E-15,-0.629164461347263));
#4722=DIRECTION('ref_axis',(-0.629164461347263,0.,-0.777272204943422));
#4723=DIRECTION('center_axis',(-0.629164461347261,-2.13892732691768E-15,
-0.777272204943423));
#4724=DIRECTION('ref_axis',(3.77475828372553E-14,1.,-3.33066907387547E-14));
#4725=DIRECTION('center_axis',(-0.777272204943422,-1.55415085920718E-15,
0.629164461347263));
#4726=DIRECTION('ref_axis',(-0.629164461347263,-1.26871622620057E-31,-0.777272204943422));
#4727=DIRECTION('center_axis',(-0.629164461347261,-2.13892732691768E-15,
-0.777272204943423));
#4728=DIRECTION('ref_axis',(3.77475828372553E-14,1.,-3.33066907387547E-14));
#4729=DIRECTION('center_axis',(-0.629164461347263,-8.61050997389906E-17,
-0.777272204943422));
#4730=DIRECTION('ref_axis',(-0.549614446943314,0.707106781186546,0.444886457100232));
#4731=DIRECTION('center_axis',(-0.629164461347259,-1.64693262078378E-15,
-0.777272204943425));
#4732=DIRECTION('ref_axis',(5.77315972805082E-14,1.,-4.88498130835069E-14));
#4733=DIRECTION('center_axis',(-0.629164461347259,-1.64693262078378E-15,
-0.777272204943425));
#4734=DIRECTION('ref_axis',(5.77315972805082E-14,1.,-4.88498130835069E-14));
#4735=DIRECTION('',(0.629164461347263,8.61050997389906E-17,0.777272204943422));
#4736=DIRECTION('center_axis',(0.777272204943422,1.55415085920718E-15,-0.629164461347263));
#4737=DIRECTION('ref_axis',(-0.629164461347263,0.,-0.777272204943422));
#4738=DIRECTION('center_axis',(-0.777272204943422,-1.55415085920718E-15,
0.629164461347263));
#4739=DIRECTION('ref_axis',(-0.629164461347263,6.34358113100287E-31,-0.777272204943422));
#4740=DIRECTION('center_axis',(0.,1.,0.));
#4741=DIRECTION('ref_axis',(-0.677281571625741,0.,0.735723910673131));
#4742=DIRECTION('',(0.,-1.,0.));
#4743=DIRECTION('center_axis',(0.,1.,0.));
#4744=DIRECTION('ref_axis',(0.345658880096272,0.,0.93836023925281));
#4745=DIRECTION('center_axis',(0.,1.,0.));
#4746=DIRECTION('ref_axis',(0.345658880096272,0.,0.93836023925281));
#4747=DIRECTION('center_axis',(-0.870228291901353,1.55415085920718E-15,
0.492648678039893));
#4748=DIRECTION('ref_axis',(0.492648678039893,0.,0.870228291901353));
#4749=DIRECTION('center_axis',(0.492648678039891,-2.13892732691768E-15,
0.870228291901354));
#4750=DIRECTION('ref_axis',(-4.27148561234098E-14,1.,2.66393829579233E-14));
#4751=DIRECTION('center_axis',(0.870228291901353,-1.55415085920718E-15,
-0.492648678039893));
#4752=DIRECTION('ref_axis',(0.492648678039893,1.26871622620057E-31,0.870228291901353));
#4753=DIRECTION('center_axis',(0.492648678039891,-2.13892732691768E-15,
0.870228291901354));
#4754=DIRECTION('ref_axis',(-4.27148561234098E-14,1.,2.66393829579233E-14));
#4755=DIRECTION('center_axis',(0.492648678039893,-8.61050997389906E-17,
0.870228291901353));
#4756=DIRECTION('ref_axis',(0.615344326383834,0.707106781186546,-0.348355220984598));
#4757=DIRECTION('center_axis',(0.492648678039888,-1.64693262078378E-15,
0.870228291901355));
#4758=DIRECTION('ref_axis',(-6.49846285108934E-14,1.,3.86812567033897E-14));
#4759=DIRECTION('center_axis',(0.492648678039888,-1.64693262078378E-15,
0.870228291901355));
#4760=DIRECTION('ref_axis',(-6.49846285108934E-14,1.,3.86812567033897E-14));
#4761=DIRECTION('',(-0.492648678039893,8.61050997389906E-17,-0.870228291901353));
#4762=DIRECTION('center_axis',(-0.870228291901353,1.55415085920718E-15,
0.492648678039893));
#4763=DIRECTION('ref_axis',(0.492648678039893,0.,0.870228291901353));
#4764=DIRECTION('center_axis',(0.,1.,0.));
#4765=DIRECTION('ref_axis',(-0.999752548104785,0.,0.0222450569338171));
#4766=DIRECTION('center_axis',(0.,1.,0.));
#4767=DIRECTION('ref_axis',(-0.999752548104785,0.,0.0222450569338171));
#4768=DIRECTION('center_axis',(0.870228291901353,-1.55415085920718E-15,
-0.492648678039893));
#4769=DIRECTION('ref_axis',(0.492648678039893,2.53743245240115E-31,0.870228291901353));
#4770=DIRECTION('center_axis',(0.888398720216817,0.,-0.459072667360105));
#4771=DIRECTION('ref_axis',(-0.459072667360105,0.,-0.888398720216817));
#4772=DIRECTION('center_axis',(-0.459072667360102,-6.66906482178797E-16,
-0.888398720216818));
#4773=DIRECTION('ref_axis',(-4.28862096824034E-15,-1.,2.96679305067222E-15));
#4774=DIRECTION('center_axis',(-0.459072667360102,-6.66906482178797E-16,
-0.888398720216818));
#4775=DIRECTION('ref_axis',(-4.28862096824034E-15,-1.,2.96679305067222E-15));
#4776=DIRECTION('center_axis',(-0.888398720216817,0.,0.459072667360105));
#4777=DIRECTION('ref_axis',(-0.459072667360105,0.,-0.888398720216817));
#4778=DIRECTION('center_axis',(-2.991987519023E-15,1.,-9.5329533790593E-16));
#4779=DIRECTION('ref_axis',(0.459072667360105,2.22044604925032E-15,0.888398720216817));
#4780=DIRECTION('center_axis',(-2.991987519023E-15,1.,-9.5329533790593E-16));
#4781=DIRECTION('ref_axis',(0.459072667360105,2.22044604925032E-15,0.888398720216817));
#4782=DIRECTION('center_axis',(0.459072667360105,0.,0.888398720216817));
#4783=DIRECTION('ref_axis',(0.628192759462759,0.707106781186549,-0.324613396147729));
#4784=DIRECTION('center_axis',(-0.459072667360102,8.50946788516097E-16,
-0.888398720216819));
#4785=DIRECTION('ref_axis',(-2.73770257409244E-15,-1.,4.56841759646034E-16));
#4786=DIRECTION('',(-0.459072667360105,0.,-0.888398720216817));
#4787=DIRECTION('center_axis',(-0.459072667360102,8.50946788516097E-16,
-0.888398720216819));
#4788=DIRECTION('ref_axis',(-2.73770257409244E-15,-1.,4.56841759646034E-16));
#4789=DIRECTION('center_axis',(0.888398720216817,0.,-0.459072667360105));
#4790=DIRECTION('ref_axis',(-0.459072667360105,0.,-0.888398720216817));
#4791=DIRECTION('center_axis',(4.01133360958157E-15,1.,2.92593676637038E-15));
#4792=DIRECTION('ref_axis',(-0.459072667360114,4.44089209850065E-15,-0.888398720216812));
#4793=DIRECTION('center_axis',(4.01133360958157E-15,1.,2.92593676637038E-15));
#4794=DIRECTION('ref_axis',(-0.459072667360114,4.44089209850065E-15,-0.888398720216812));
#4795=DIRECTION('center_axis',(-0.888398720216817,0.,0.459072667360105));
#4796=DIRECTION('ref_axis',(-0.459072667360105,0.,-0.888398720216817));
#4797=DIRECTION('center_axis',(0.,1.,0.));
#4798=DIRECTION('ref_axis',(-0.986361303402722,0.,0.164594590280734));
#4799=DIRECTION('',(0.,-1.,0.));
#4800=DIRECTION('center_axis',(0.69120217566764,0.,-0.722661436879208));
#4801=DIRECTION('ref_axis',(-0.722661436879208,0.,-0.69120217566764));
#4802=DIRECTION('center_axis',(-0.722661436879206,-6.66906482178797E-16,
-0.691202175667642));
#4803=DIRECTION('ref_axis',(-3.09293552608717E-15,-1.,4.19855697189113E-15));
#4804=DIRECTION('center_axis',(-0.722661436879206,-6.66906482178797E-16,
-0.691202175667642));
#4805=DIRECTION('ref_axis',(-3.09293552608717E-15,-1.,4.19855697189113E-15));
#4806=DIRECTION('center_axis',(-0.69120217566764,0.,0.722661436879208));
#4807=DIRECTION('ref_axis',(-0.722661436879208,0.,-0.69120217566764));
#4808=DIRECTION('center_axis',(-3.13940787265841E-15,1.,6.98535922695432E-17));
#4809=DIRECTION('ref_axis',(0.722661436879209,2.22044604925032E-15,0.691202175667639));
#4810=DIRECTION('center_axis',(-3.13940787265841E-15,1.,6.98535922695432E-17));
#4811=DIRECTION('ref_axis',(0.722661436879209,2.22044604925032E-15,0.691202175667639));
#4812=DIRECTION('center_axis',(0.722661436879208,0.,0.69120217566764));
#4813=DIRECTION('ref_axis',(0.48875374558548,0.707106781186549,-0.510998802519304));
#4814=DIRECTION('center_axis',(-0.722661436879206,8.50946788516097E-16,
-0.691202175667642));
#4815=DIRECTION('ref_axis',(-2.44103002035724E-15,-1.,1.32101938565019E-15));
#4816=DIRECTION('',(-0.722661436879208,0.,-0.69120217566764));
#4817=DIRECTION('center_axis',(-0.722661436879206,8.50946788516097E-16,
-0.691202175667642));
#4818=DIRECTION('ref_axis',(-2.44103002035724E-15,-1.,1.32101938565019E-15));
#4819=DIRECTION('center_axis',(0.69120217566764,0.,-0.722661436879208));
#4820=DIRECTION('ref_axis',(-0.722661436879208,0.,-0.691202175667639));
#4821=DIRECTION('center_axis',(4.74403860512242E-15,1.,1.46492354792487E-15));
#4822=DIRECTION('ref_axis',(-0.722661436879215,4.44089209850065E-15,-0.691202175667632));
#4823=DIRECTION('center_axis',(4.74403860512242E-15,1.,1.46492354792487E-15));
#4824=DIRECTION('ref_axis',(-0.722661436879215,4.44089209850065E-15,-0.691202175667632));
#4825=DIRECTION('center_axis',(-0.69120217566764,0.,0.722661436879208));
#4826=DIRECTION('ref_axis',(-0.722661436879208,0.,-0.69120217566764));
#4827=DIRECTION('center_axis',(0.,1.,0.));
#4828=DIRECTION('ref_axis',(-0.879473751206489,0.,0.475947393037073));
#4829=DIRECTION('',(0.,-1.,0.));
#4830=DIRECTION('center_axis',(-0.983039686959934,1.55415085920718E-15,
0.183392949323888));
#4831=DIRECTION('ref_axis',(0.183392949323888,0.,0.983039686959934));
#4832=DIRECTION('center_axis',(0.,1.,0.));
#4833=DIRECTION('ref_axis',(-0.952806155610488,0.,-0.303579363315037));
#4834=DIRECTION('center_axis',(0.,1.,0.));
#4835=DIRECTION('ref_axis',(-0.952806155610488,0.,-0.303579363315037));
#4836=DIRECTION('center_axis',(0.983039686959934,-1.55415085920718E-15,
-0.183392949323888));
#4837=DIRECTION('ref_axis',(0.183392949323888,6.34358113100287E-32,0.983039686959934));
#4838=DIRECTION('center_axis',(0.183392949323883,-1.64693262078378E-15,
0.983039686959935));
#4839=DIRECTION('ref_axis',(-7.40233656108743E-14,1.,1.54849251367636E-14));
#4840=DIRECTION('center_axis',(0.183392949323883,-1.64693262078378E-15,
0.983039686959935));
#4841=DIRECTION('ref_axis',(-7.40233656108743E-14,1.,1.54849251367636E-14));
#4842=DIRECTION('center_axis',(0.183392949323888,-8.61050997389906E-17,
0.983039686959935));
#4843=DIRECTION('ref_axis',(0.695114028824872,0.707106781186546,-0.129678398088723));
#4844=DIRECTION('',(-0.183392949323888,8.61050997389906E-17,-0.983039686959934));
#4845=DIRECTION('center_axis',(0.183392949323886,-2.13892732691768E-15,
0.983039686959935));
#4846=DIRECTION('ref_axis',(-4.9050240904661E-14,1.,1.13264965994444E-14));
#4847=DIRECTION('center_axis',(0.183392949323886,-2.13892732691768E-15,
0.983039686959935));
#4848=DIRECTION('ref_axis',(-4.9050240904661E-14,1.,1.13264965994444E-14));
#4849=DIRECTION('center_axis',(-0.983039686959934,1.55415085920718E-15,
0.183392949323888));
#4850=DIRECTION('ref_axis',(0.183392949323888,0.,0.983039686959934));
#4851=DIRECTION('center_axis',(0.983039686959934,-1.55415085920718E-15,
-0.183392949323888));
#4852=DIRECTION('ref_axis',(0.183392949323887,-1.26871622620057E-31,0.983039686959934));
#4853=DIRECTION('center_axis',(0.,1.,0.));
#4854=DIRECTION('ref_axis',(0.0222450569338192,0.,0.999752548104785));
#4855=DIRECTION('center_axis',(0.,1.,0.));
#4856=DIRECTION('ref_axis',(0.0222450569338192,0.,0.999752548104785));
#4857=DIRECTION('center_axis',(0.,1.,0.));
#4858=DIRECTION('ref_axis',(-0.879473751206489,0.,0.475947393037074));
#4859=DIRECTION('',(0.,-1.,0.));
#4860=DIRECTION('center_axis',(0.,1.,0.));
#4861=DIRECTION('ref_axis',(-0.986361303402722,0.,0.164594590280734));
#4862=DIRECTION('',(0.,-1.,0.));
#4863=DIRECTION('center_axis',(0.,-1.,0.));
#4864=DIRECTION('ref_axis',(0.,0.,-1.));
#4865=DIRECTION('center_axis',(0.,1.,0.));
#4866=DIRECTION('ref_axis',(1.,0.,0.));
#4867=DIRECTION('center_axis',(-1.,0.,-1.22464679914735E-16));
#4868=DIRECTION('ref_axis',(-1.22464679914735E-16,0.,1.));
#4869=DIRECTION('center_axis',(0.,-1.,0.));
#4870=DIRECTION('ref_axis',(1.,0.,0.));
#4871=DIRECTION('center_axis',(0.,-1.,0.));
#4872=DIRECTION('ref_axis',(1.,0.,0.));
#4873=DIRECTION('center_axis',(0.,1.,0.));
#4874=DIRECTION('ref_axis',(1.,0.,0.));
#4875=DIRECTION('center_axis',(0.,-1.,0.));
#4876=DIRECTION('ref_axis',(1.,0.,0.));
#4877=DIRECTION('center_axis',(0.,1.,0.));
#4878=DIRECTION('ref_axis',(1.,0.,0.));
#4879=DIRECTION('',(0.,-1.,0.));
#4880=DIRECTION('center_axis',(0.,1.,0.));
#4881=DIRECTION('ref_axis',(1.,0.,0.));
#4882=DIRECTION('center_axis',(0.,1.,0.));
#4883=DIRECTION('ref_axis',(1.,0.,0.));
#4884=DIRECTION('center_axis',(0.,1.,0.));
#4885=DIRECTION('ref_axis',(0.,0.,1.));
#4886=DIRECTION('center_axis',(-1.,0.,1.22464679914735E-16));
#4887=DIRECTION('ref_axis',(-1.22464679914735E-16,0.,-1.));
#4888=DIRECTION('center_axis',(0.,1.,0.));
#4889=DIRECTION('ref_axis',(1.,0.,0.));
#4890=DIRECTION('center_axis',(0.,1.,0.));
#4891=DIRECTION('ref_axis',(1.,0.,0.));
#4892=DIRECTION('center_axis',(0.,1.,0.));
#4893=DIRECTION('ref_axis',(1.,0.,0.));
#4894=DIRECTION('',(0.,-1.,0.));
#4895=DIRECTION('center_axis',(0.,-1.,0.));
#4896=DIRECTION('ref_axis',(1.,0.,0.));
#4897=DIRECTION('center_axis',(0.,-1.,0.));
#4898=DIRECTION('ref_axis',(1.,0.,0.));
#4899=DIRECTION('center_axis',(0.,-1.,0.));
#4900=DIRECTION('ref_axis',(0.,0.,-1.));
#4901=DIRECTION('center_axis',(-1.,0.,-1.22464679914735E-16));
#4902=DIRECTION('ref_axis',(-1.22464679914735E-16,0.,1.));
#4903=DIRECTION('center_axis',(0.,-1.,0.));
#4904=DIRECTION('ref_axis',(1.,0.,0.));
#4905=DIRECTION('center_axis',(0.,1.,0.));
#4906=DIRECTION('ref_axis',(1.,0.,0.));
#4907=DIRECTION('center_axis',(0.,1.,0.));
#4908=DIRECTION('ref_axis',(1.,0.,0.));
#4909=DIRECTION('center_axis',(0.,1.,0.));
#4910=DIRECTION('ref_axis',(0.,0.,1.));
#4911=DIRECTION('center_axis',(-1.,0.,1.22464679914735E-16));
#4912=DIRECTION('ref_axis',(-1.22464679914735E-16,0.,-1.));
#4913=CARTESIAN_POINT('',(0.,0.,0.));
#4914=CARTESIAN_POINT('Origin',(0.,9.7,0.));
#4915=CARTESIAN_POINT('',(-1.09605888523688E-15,11.4,8.95));
#4916=CARTESIAN_POINT('Origin',(0.,11.4,0.));
#4917=CARTESIAN_POINT('',(-8.87868929381831E-16,9.7,7.25));
#4918=CARTESIAN_POINT('Origin',(-1.09605888523688E-15,9.7,8.95));
#4919=CARTESIAN_POINT('',(-7.25,9.7,-8.87868929381831E-16));
#4920=CARTESIAN_POINT('Origin',(0.,9.7,0.));
#4921=CARTESIAN_POINT('Origin',(0.,9.7,0.));
#4922=CARTESIAN_POINT('Origin',(0.,11.4,0.));
#4923=CARTESIAN_POINT('',(-1.46957615897682E-15,11.4,-12.));
#4924=CARTESIAN_POINT('Origin',(0.,11.4,0.));
#4925=CARTESIAN_POINT('Origin',(0.,0.,0.));
#4926=CARTESIAN_POINT('',(-7.25,1.7,8.87868929381831E-16));
#4927=CARTESIAN_POINT('',(-7.25,0.,8.87868929381831E-16));
#4928=CARTESIAN_POINT('',(-8.87868929381831E-16,1.7,7.25));
#4929=CARTESIAN_POINT('Origin',(0.,1.7,0.));
#4930=CARTESIAN_POINT('Origin',(0.,1.7,0.));
#4931=CARTESIAN_POINT('Origin',(0.,9.7,0.));
#4932=CARTESIAN_POINT('',(-1.67776611483187E-15,9.7,-13.7));
#4933=CARTESIAN_POINT('Origin',(-1.46957615897682E-15,9.7,-12.));
#4934=CARTESIAN_POINT('',(-13.7,9.7,1.67776611483187E-15));
#4935=CARTESIAN_POINT('Origin',(0.,9.7,0.));
#4936=CARTESIAN_POINT('Origin',(0.,9.7,0.));
#4937=CARTESIAN_POINT('Origin',(0.,0.,0.));
#4938=CARTESIAN_POINT('',(-13.7,1.7,-1.67776611483187E-15));
#4939=CARTESIAN_POINT('',(-13.7,0.,1.67776611483187E-15));
#4940=CARTESIAN_POINT('',(-1.67776611483187E-15,1.7,-13.7));
#4941=CARTESIAN_POINT('Origin',(0.,1.7,0.));
#4942=CARTESIAN_POINT('Origin',(0.,1.7,0.));
#4943=CARTESIAN_POINT('Origin',(0.,1.7,0.));
#4944=CARTESIAN_POINT('',(-1.09605888523688E-15,0.,8.95));
#4945=CARTESIAN_POINT('Origin',(-1.09605888523688E-15,1.7,8.95));
#4946=CARTESIAN_POINT('Origin',(0.,0.,0.));
#4947=CARTESIAN_POINT('Origin',(0.,0.,0.));
#4948=CARTESIAN_POINT('',(-1.46957615897682E-15,0.,-12.));
#4949=CARTESIAN_POINT('Origin',(0.,0.,0.));
#4950=CARTESIAN_POINT('Origin',(0.,1.7,0.));
#4951=CARTESIAN_POINT('Origin',(-1.46957615897682E-15,1.7,-12.));
#4952=CARTESIAN_POINT('Origin',(2.23371654398685,21.1,-8.58386552889693));
#4953=CARTESIAN_POINT('',(2.23371654398685,22.8,-8.58386552889692));
#4954=CARTESIAN_POINT('',(2.5872055151303,22.9464466094067,-8.57711665640235));
#4955=CARTESIAN_POINT('Origin',(2.23371654398685,23.3,-8.58386552889692));
#4956=CARTESIAN_POINT('Origin',(2.23371654398685,23.3,-8.58386552889692));
#4957=CARTESIAN_POINT('',(2.20126576414417,21.1,-6.88417527861965));
#4958=CARTESIAN_POINT('Origin',(2.23371654398685,21.1,-8.58386552889693));
#4959=CARTESIAN_POINT('',(1.7188127962813,21.1,-6.54661611608162));
#4960=CARTESIAN_POINT('Origin',(2.19172141713162,21.1,-6.38426638147928));
#4961=CARTESIAN_POINT('Origin',(2.19172141713162,21.1,-6.38426638147928));
#4962=CARTESIAN_POINT('Origin',(2.32101779206509,23.3,-13.15648538318));
#4963=CARTESIAN_POINT('',(2.29524805513119,22.8,-11.806731360901));
#4964=CARTESIAN_POINT('',(2.64873702627464,22.9464466094067,-11.7999824884064));
#4965=CARTESIAN_POINT('Origin',(2.29524805513119,23.3,-11.806731360901));
#4966=CARTESIAN_POINT('',(2.67450676320853,22.9464466094067,-13.1497365106854));
#4967=CARTESIAN_POINT('Origin',(2.29524805513119,23.3,-11.806731360901));
#4968=CARTESIAN_POINT('Origin',(2.29524805513119,21.1,-11.806731360901));
#4969=CARTESIAN_POINT('',(2.32769883497387,21.1,-13.5064216111783));
#4970=CARTESIAN_POINT('',(1.86433456113611,21.1,-14.168680242921));
#4971=CARTESIAN_POINT('Origin',(2.33724318198642,21.1,-14.0063305083186));
#4972=CARTESIAN_POINT('Origin',(2.33724318198642,21.1,-14.0063305083186));
#4973=CARTESIAN_POINT('Origin',(2.29524805513119,21.1,-11.806731360901));
#4974=CARTESIAN_POINT('Origin',(-2.29524805513117,1.7,-11.806731360901));
#4975=CARTESIAN_POINT('',(-2.83724318198642,1.7,-14.0063305083187));
#4976=CARTESIAN_POINT('',(-2.32769883497385,1.7,-13.5064216111783));
#4977=CARTESIAN_POINT('Origin',(-2.33724318198642,1.7,-14.0063305083187));
#4978=CARTESIAN_POINT('Origin',(-2.33724318198642,1.7,-14.0063305083187));
#4979=CARTESIAN_POINT('',(-2.29524805513116,-2.77555756156284E-16,-11.806731360901));
#4980=CARTESIAN_POINT('Origin',(-2.29524805513117,1.7,-11.806731360901));
#4981=CARTESIAN_POINT('',(-1.94175908398772,-0.853553390593274,-11.8134802333956));
#4982=CARTESIAN_POINT('Origin',(-2.2952480551312,-0.5,-11.806731360901));
#4983=CARTESIAN_POINT('Origin',(-2.2952480551312,-0.5,-11.806731360901));
#4984=CARTESIAN_POINT('Origin',(-2.27986517734508,-0.5,-11.0010149029));
#4985=CARTESIAN_POINT('',(-1.88022757284337,-0.853553390593273,-8.5906144013915));
#4986=CARTESIAN_POINT('',(-1.92637620620163,-0.853553390593274,-11.0077637753946));
#4987=CARTESIAN_POINT('',(-2.23371654398682,0.,-8.58386552889693));
#4988=CARTESIAN_POINT('Origin',(-2.23371654398684,-0.5,-8.58386552889693));
#4989=CARTESIAN_POINT('Origin',(-2.23371654398684,-0.5,-8.58386552889693));
#4990=CARTESIAN_POINT('Origin',(-2.23371654398682,1.7,-8.58386552889693));
#4991=CARTESIAN_POINT('',(-2.20126576414414,1.7,-6.88417527861966));
#4992=CARTESIAN_POINT('Origin',(-2.23371654398682,1.7,-8.58386552889693));
#4993=CARTESIAN_POINT('',(-2.66463003798193,1.7,-6.22191664687694));
#4994=CARTESIAN_POINT('Origin',(-2.19172141713162,1.7,-6.38426638147928));
#4995=CARTESIAN_POINT('Origin',(-2.19172141713162,1.7,-6.38426638147928));
#4996=CARTESIAN_POINT('Origin',(-2.19172141713161,0.,-6.38426638147928));
#4997=CARTESIAN_POINT('',(-2.49123998607856,21.1,-6.78462700248986));
#4998=CARTESIAN_POINT('',(-2.66463003798193,21.1,-6.22191664687694));
#4999=CARTESIAN_POINT('Origin',(-2.19172141713161,21.1,-6.38426638147929));
#5000=CARTESIAN_POINT('Origin',(-2.19172141713161,21.1,-6.38426638147929));
#5001=CARTESIAN_POINT('',(-2.66463003798193,0.,-6.22191664687694));
#5002=CARTESIAN_POINT('Origin',(-0.674488960582493,21.1,-8.8440545938567));
#5003=CARTESIAN_POINT('',(-0.674488960582496,22.8,-8.8440545938567));
#5004=CARTESIAN_POINT('',(-0.337961641607288,22.9464466094067,-8.95244907518927));
#5005=CARTESIAN_POINT('Origin',(-0.674488960582498,23.3,-8.8440545938567));
#5006=CARTESIAN_POINT('Origin',(-0.674488960582498,23.3,-8.8440545938567));
#5007=CARTESIAN_POINT('',(-0.153292945586927,21.1,-7.22592149860379));
#5008=CARTESIAN_POINT('Origin',(-0.674488960582493,21.1,-8.8440545938567));
#5009=CARTESIAN_POINT('',(-0.5,21.1,-6.75));
#5010=CARTESIAN_POINT('Origin',(4.44089209850063E-15,21.1,-6.75));
#5011=CARTESIAN_POINT('Origin',(4.44089209850063E-15,21.1,-6.75));
#5012=CARTESIAN_POINT('Origin',(-2.07664517448864,23.3,-13.1972639606922));
#5013=CARTESIAN_POINT('',(-1.66275422140392,22.8,-11.912275914462));
#5014=CARTESIAN_POINT('',(-1.32622690242872,22.9464466094067,-12.0206703957945));
#5015=CARTESIAN_POINT('Origin',(-1.66275422140392,23.3,-11.912275914462));
#5016=CARTESIAN_POINT('',(-1.74011785551343,22.9464466094067,-13.3056584420248));
#5017=CARTESIAN_POINT('Origin',(-1.66275422140392,23.3,-11.912275914462));
#5018=CARTESIAN_POINT('Origin',(-1.66275422140392,21.1,-11.912275914462));
#5019=CARTESIAN_POINT('',(-2.18395023639949,21.1,-13.5304090097149));
#5020=CARTESIAN_POINT('',(-2.83724318198642,21.1,-14.0063305083187));
#5021=CARTESIAN_POINT('Origin',(-2.33724318198642,21.1,-14.0063305083186));
#5022=CARTESIAN_POINT('Origin',(-2.33724318198642,21.1,-14.0063305083186));
#5023=CARTESIAN_POINT('Origin',(-1.66275422140392,21.1,-11.912275914462));
#5024=CARTESIAN_POINT('Origin',(-2.33724318198642,11.4,-14.0063305083187));
#5025=CARTESIAN_POINT('',(-2.83724318198642,11.4,-14.0063305083187));
#5026=CARTESIAN_POINT('Origin',(2.33724318198643,0.,-14.0063305083187));
#5027=CARTESIAN_POINT('',(1.86433456113611,1.7,-14.168680242921));
#5028=CARTESIAN_POINT('',(1.86433456113611,0.,-14.168680242921));
#5029=CARTESIAN_POINT('',(2.18395023639951,1.7,-13.5304090097149));
#5030=CARTESIAN_POINT('Origin',(2.33724318198641,1.7,-14.0063305083187));
#5031=CARTESIAN_POINT('Origin',(2.33724318198641,1.7,-14.0063305083187));
#5032=CARTESIAN_POINT('Origin',(0.,0.,-6.75));
#5033=CARTESIAN_POINT('',(-0.5,1.7,-6.75));
#5034=CARTESIAN_POINT('',(-0.5,0.,-6.75));
#5035=CARTESIAN_POINT('',(0.153292945586959,1.7,-7.22592149860378));
#5036=CARTESIAN_POINT('Origin',(4.53757762199175E-16,1.7,-6.75));
#5037=CARTESIAN_POINT('Origin',(4.53757762199175E-16,1.7,-6.75));
#5038=CARTESIAN_POINT('Origin',(0.674488960582523,1.7,-8.84405459385669));
#5039=CARTESIAN_POINT('',(0.674488960582526,0.,-8.84405459385669));
#5040=CARTESIAN_POINT('',(1.01101627955773,-0.853553390593273,-8.73566011252411));
#5041=CARTESIAN_POINT('Origin',(0.674488960582503,-0.5,-8.8440545938567));
#5042=CARTESIAN_POINT('Origin',(0.674488960582523,1.7,-8.84405459385669));
#5043=CARTESIAN_POINT('Origin',(0.674488960582503,-0.5,-8.8440545938567));
#5044=CARTESIAN_POINT('Origin',(1.41568790619859,-0.5,-11.1452205843106));
#5045=CARTESIAN_POINT('',(1.66275422140395,-2.77555756156284E-16,-11.912275914462));
#5046=CARTESIAN_POINT('',(1.99928154037916,-0.853553390593274,-11.8038814331294));
#5047=CARTESIAN_POINT('Origin',(1.66275422140391,-0.5,-11.912275914462));
#5048=CARTESIAN_POINT('Origin',(1.66275422140391,-0.5,-11.912275914462));
#5049=CARTESIAN_POINT('',(1.7522152251738,-0.853553390593274,-11.0368261029781));
#5050=CARTESIAN_POINT('Origin',(1.66275422140394,1.7,-11.912275914462));
#5051=CARTESIAN_POINT('Origin',(1.66275422140394,1.7,-11.912275914462));
#5052=CARTESIAN_POINT('Origin',(5.4405712777599,1.7,-10.7269405346856));
#5053=CARTESIAN_POINT('',(6.45893441217951,1.7,-12.0881666461216));
#5054=CARTESIAN_POINT('',(6.36388272642825,1.69999999999999,-12.795633623477));
#5055=CARTESIAN_POINT('Origin',(6.75845298112644,1.7,-12.4885272671322));
#5056=CARTESIAN_POINT('Origin',(6.75845298112644,1.7,-12.4885272671322));
#5057=CARTESIAN_POINT('',(5.4405712777599,-2.77555756156284E-16,-10.7269405346856));
#5058=CARTESIAN_POINT('Origin',(5.4405712777599,1.7,-10.7269405346856));
#5059=CARTESIAN_POINT('',(5.72366898779654,-0.853553390593274,-10.5151489234919));
#5060=CARTESIAN_POINT('Origin',(5.44057127775987,-0.5,-10.7269405346856));
#5061=CARTESIAN_POINT('Origin',(5.44057127775987,-0.5,-10.7269405346856));
#5062=CARTESIAN_POINT('Origin',(4.95782923844448,-0.5,-10.0816686794956));
#5063=CARTESIAN_POINT('',(3.79270083053484,-0.853553390593273,-7.93406150273212));
#5064=CARTESIAN_POINT('',(5.24092694848111,-0.853553390593274,-9.86987706830197));
#5065=CARTESIAN_POINT('',(3.5096031204982,0.,-8.1458531139258));
#5066=CARTESIAN_POINT('Origin',(3.50960312049818,-0.5,-8.14585311392581));
#5067=CARTESIAN_POINT('Origin',(3.50960312049818,-0.5,-8.14585311392581));
#5068=CARTESIAN_POINT('Origin',(3.5096031204982,1.7,-8.1458531139258));
#5069=CARTESIAN_POINT('',(2.49123998607858,1.7,-6.78462700248984));
#5070=CARTESIAN_POINT('Origin',(3.5096031204982,1.7,-8.1458531139258));
#5071=CARTESIAN_POINT('',(1.7188127962813,1.7,-6.54661611608162));
#5072=CARTESIAN_POINT('Origin',(2.19172141713161,1.7,-6.38426638147929));
#5073=CARTESIAN_POINT('Origin',(2.19172141713161,1.7,-6.38426638147929));
#5074=CARTESIAN_POINT('Origin',(2.19172141713161,0.,-6.38426638147928));
#5075=CARTESIAN_POINT('',(1.7188127962813,0.,-6.54661611608162));
#5076=CARTESIAN_POINT('Origin',(7.03503554323605,21.1,-5.40189891820191));
#5077=CARTESIAN_POINT('',(7.03503554323605,22.8,-5.40189891820191));
#5078=CARTESIAN_POINT('',(7.3098427667077,22.9464466094067,-5.17945568965179));
#5079=CARTESIAN_POINT('Origin',(7.03503554323604,23.3,-5.40189891820191));
#5080=CARTESIAN_POINT('Origin',(7.03503554323604,23.3,-5.40189891820191));
#5081=CARTESIAN_POINT('',(5.9654559589457,21.1,-4.08053616979809));
#5082=CARTESIAN_POINT('Origin',(7.03503554323605,21.1,-5.40189891820191));
#5083=CARTESIAN_POINT('',(5.37739964921086,21.1,-4.11048330645764));
#5084=CARTESIAN_POINT('Origin',(5.65087372827207,21.1,-3.69190006732638));
#5085=CARTESIAN_POINT('Origin',(5.65087372827207,21.1,-3.69190006732638));
#5086=CARTESIAN_POINT('Origin',(9.9124897394133,23.3,-8.95671694288361));
#5087=CARTESIAN_POINT('',(9.0631177165945,22.8,-7.90739946620998));
#5088=CARTESIAN_POINT('',(9.33792494006615,22.9464466094067,-7.68495623765988));
#5089=CARTESIAN_POINT('Origin',(9.0631177165945,23.3,-7.90739946620999));
#5090=CARTESIAN_POINT('',(10.187296962885,22.9464466094067,-8.73427371433349));
#5091=CARTESIAN_POINT('Origin',(9.0631177165945,23.3,-7.90739946620999));
#5092=CARTESIAN_POINT('Origin',(9.0631177165945,21.1,-7.90739946620999));
#5093=CARTESIAN_POINT('',(10.1326973008848,21.1,-9.2287622146138));
#5094=CARTESIAN_POINT('',(10.1738054524973,21.1,-10.0359815562168));
#5095=CARTESIAN_POINT('Origin',(10.4472795315585,21.1,-9.61739831708552));
#5096=CARTESIAN_POINT('Origin',(10.4472795315585,21.1,-9.61739831708552));
#5097=CARTESIAN_POINT('Origin',(9.0631177165945,21.1,-7.90739946620999));
#5098=CARTESIAN_POINT('Origin',(4.89986420133193,21.1,-7.3934814414842));
#5099=CARTESIAN_POINT('',(4.89986420133193,22.8,-7.3934814414842));
#5100=CARTESIAN_POINT('',(5.2320088096737,22.9464466094067,-7.2723205602168));
#5101=CARTESIAN_POINT('Origin',(4.89986420133193,23.3,-7.3934814414842));
#5102=CARTESIAN_POINT('Origin',(4.89986420133193,23.3,-7.3934814414842));
#5103=CARTESIAN_POINT('',(4.31728317217269,21.1,-5.79642184821169));
#5104=CARTESIAN_POINT('Origin',(4.89986420133193,21.1,-7.3934814414842));
#5105=CARTESIAN_POINT('',(3.75136555595706,21.1,-5.63380479477049));
#5106=CARTESIAN_POINT('Origin',(4.14593581065526,21.1,-5.32669843842565));
#5107=CARTESIAN_POINT('Origin',(4.14593581065526,21.1,-5.32669843842565));
#5108=CARTESIAN_POINT('Origin',(6.46716246654683,23.3,-11.6899974704959));
#5109=CARTESIAN_POINT('',(6.00452459044978,22.8,-10.4217442640736));
#5110=CARTESIAN_POINT('',(6.33666919879155,22.9464466094067,-10.3005833828062));
#5111=CARTESIAN_POINT('Origin',(6.00452459044978,23.3,-10.4217442640736));
#5112=CARTESIAN_POINT('',(6.7993070748886,22.9464466094067,-11.5688365892285));
#5113=CARTESIAN_POINT('Origin',(6.00452459044978,23.3,-10.4217442640736));
#5114=CARTESIAN_POINT('Origin',(6.00452459044978,21.1,-10.4217442640736));
#5115=CARTESIAN_POINT('',(6.58710561960902,21.1,-12.0188038573461));
#5116=CARTESIAN_POINT('',(6.36388272642825,21.1,-12.795633623477));
#5117=CARTESIAN_POINT('Origin',(6.75845298112644,21.1,-12.4885272671321));
#5118=CARTESIAN_POINT('Origin',(6.75845298112644,21.1,-12.4885272671321));
#5119=CARTESIAN_POINT('Origin',(6.00452459044978,21.1,-10.4217442640736));
#5120=CARTESIAN_POINT('Origin',(6.75845298112645,11.4,-12.4885272671321));
#5121=CARTESIAN_POINT('',(6.36388272642825,11.4,-12.795633623477));
#5122=CARTESIAN_POINT('Origin',(8.62881801700919,1.7,-8.37917470234419));
#5123=CARTESIAN_POINT('',(10.1738054524973,1.7,-10.0359815562168));
#5124=CARTESIAN_POINT('',(10.0339928237064,1.7,-9.33598385918975));
#5125=CARTESIAN_POINT('Origin',(10.4472795315585,1.7,-9.61739831708551));
#5126=CARTESIAN_POINT('Origin',(10.4472795315585,1.7,-9.61739831708551));
#5127=CARTESIAN_POINT('',(8.62881801700918,-2.77555756156284E-16,-8.37917470234418));
#5128=CARTESIAN_POINT('Origin',(8.62881801700919,1.7,-8.37917470234419));
#5129=CARTESIAN_POINT('',(8.82780808851121,-0.853553390593274,-8.08693686864769));
#5130=CARTESIAN_POINT('Origin',(8.62881801700916,-0.5,-8.37917470234421));
#5131=CARTESIAN_POINT('Origin',(8.62881801700916,-0.5,-8.37917470234421));
#5132=CARTESIAN_POINT('Origin',(7.96271284405803,-0.5,-7.92561154004988));
#5133=CARTESIAN_POINT('',(6.1633873967066,-0.853553390593273,-6.27268421947046));
#5134=CARTESIAN_POINT('',(8.16170291556006,-0.853553390593274,-7.63337370635338));
#5135=CARTESIAN_POINT('',(5.96439732520457,0.,-6.56492205316695));
#5136=CARTESIAN_POINT('Origin',(5.96439732520456,-0.5,-6.56492205316697));
#5137=CARTESIAN_POINT('Origin',(5.96439732520456,-0.5,-6.56492205316697));
#5138=CARTESIAN_POINT('Origin',(5.96439732520457,1.7,-6.56492205316696));
#5139=CARTESIAN_POINT('',(4.55922251850739,1.7,-5.60811289632139));
#5140=CARTESIAN_POINT('Origin',(5.96439732520457,1.7,-6.56492205316696));
#5141=CARTESIAN_POINT('',(3.75136555595706,1.7,-5.63380479477049));
#5142=CARTESIAN_POINT('Origin',(4.14593581065526,1.7,-5.32669843842565));
#5143=CARTESIAN_POINT('Origin',(4.14593581065526,1.7,-5.32669843842565));
#5144=CARTESIAN_POINT('Origin',(4.14593581065526,0.,-5.32669843842566));
#5145=CARTESIAN_POINT('',(3.75136555595706,0.,-5.63380479477049));
#5146=CARTESIAN_POINT('Origin',(10.4472795315585,0.,-9.61739831708552));
#5147=CARTESIAN_POINT('',(10.1738054524973,0.,-10.0359815562168));
#5148=CARTESIAN_POINT('Origin',(5.65087372827207,0.,-3.69190006732638));
#5149=CARTESIAN_POINT('',(5.37739964921086,1.7,-4.11048330645764));
#5150=CARTESIAN_POINT('',(5.37739964921086,0.,-4.11048330645764));
#5151=CARTESIAN_POINT('',(6.13314254742957,1.7,-3.82387273899906));
#5152=CARTESIAN_POINT('Origin',(5.65087372827207,1.7,-3.69190006732638));
#5153=CARTESIAN_POINT('Origin',(5.65087372827207,1.7,-3.69190006732638));
#5154=CARTESIAN_POINT('Origin',(7.77285653256506,1.7,-4.27257982268628));
#5155=CARTESIAN_POINT('',(7.77285653256507,0.,-4.27257982268628));
#5156=CARTESIAN_POINT('',(7.86617530363614,-0.853553390593273,-3.93156427030518));
#5157=CARTESIAN_POINT('Origin',(7.77285653256506,-0.5,-4.2725798226863));
#5158=CARTESIAN_POINT('Origin',(7.77285653256506,1.7,-4.27257982268628));
#5159=CARTESIAN_POINT('Origin',(7.77285653256506,-0.5,-4.2725798226863));
#5160=CARTESIAN_POINT('Origin',(10.1047129587979,-0.5,-4.91069141170573));
#5161=CARTESIAN_POINT('',(10.8819984342088,-2.77555756156284E-16,-5.12339527471222));
#5162=CARTESIAN_POINT('',(10.9753172052799,-0.853553390593274,-4.78237972233112));
#5163=CARTESIAN_POINT('Origin',(10.8819984342088,-0.5,-5.12339527471226));
#5164=CARTESIAN_POINT('Origin',(10.8819984342088,-0.5,-5.12339527471226));
#5165=CARTESIAN_POINT('',(10.198031729869,-0.853553390593274,-4.56967585932464));
#5166=CARTESIAN_POINT('Origin',(10.8819984342088,1.7,-5.12339527471222));
#5167=CARTESIAN_POINT('',(12.8812384949314,1.7,-6.18877516304183));
#5168=CARTESIAN_POINT('',(12.5217124193443,1.7,-5.57210235839944));
#5169=CARTESIAN_POINT('Origin',(13.0039812385018,1.7,-5.70407503007216));
#5170=CARTESIAN_POINT('Origin',(13.0039812385018,1.7,-5.70407503007216));
#5171=CARTESIAN_POINT('Origin',(10.8819984342088,1.7,-5.12339527471222));
#5172=CARTESIAN_POINT('Origin',(8.86954652043521,21.1,0.0581510008615641));
#5173=CARTESIAN_POINT('',(8.8695465204352,22.8,0.0581510008615617));
#5174=CARTESIAN_POINT('',(8.94978057392422,22.9464466094067,0.40248005374662));
#5175=CARTESIAN_POINT('Origin',(8.8695465204352,23.3,0.0581510008615593));
#5176=CARTESIAN_POINT('Origin',(8.8695465204352,23.3,0.0581510008615593));
#5177=CARTESIAN_POINT('',(7.21390014430415,21.1,0.443942495329913));
#5178=CARTESIAN_POINT('Origin',(8.86954652043521,21.1,0.0581510008615641));
#5179=CARTESIAN_POINT('',(6.76823500053119,21.1,0.0591183354349108));
#5180=CARTESIAN_POINT('Origin',(6.72694532779502,21.1,0.55741058193825));
#5181=CARTESIAN_POINT('Origin',(6.72694532779502,21.1,0.55741058193825));
#5182=CARTESIAN_POINT('Origin',(13.3236766126292,23.3,-0.979730958472937));
#5183=CARTESIAN_POINT('',(12.0088986080545,22.8,-0.673367124630424));
#5184=CARTESIAN_POINT('',(12.0891326615435,22.9464466094067,-0.329038071745368));
#5185=CARTESIAN_POINT('Origin',(12.0088986080545,23.3,-0.673367124630425));
#5186=CARTESIAN_POINT('',(13.4039106661182,22.9464466094067,-0.63540190558788));
#5187=CARTESIAN_POINT('Origin',(12.0088986080545,23.3,-0.673367124630425));
#5188=CARTESIAN_POINT('Origin',(12.0088986080545,21.1,-0.673367124630425));
#5189=CARTESIAN_POINT('',(13.6645449841856,21.1,-1.05915861909877));
#5190=CARTESIAN_POINT('',(14.1927894734309,21.1,-1.67091895221045));
#5191=CARTESIAN_POINT('Origin',(14.1514998006947,21.1,-1.17262670570711));
#5192=CARTESIAN_POINT('Origin',(14.1514998006947,21.1,-1.17262670570711));
#5193=CARTESIAN_POINT('Origin',(12.0088986080545,21.1,-0.673367124630425));
#5194=CARTESIAN_POINT('Origin',(8.40785162420696,21.1,-2.82493682803454));
#5195=CARTESIAN_POINT('',(8.40785162420696,22.8,-2.82493682803455));
#5196=CARTESIAN_POINT('',(8.59554183607193,22.9464466094067,-2.52531642757743));
#5197=CARTESIAN_POINT('Origin',(8.40785162420696,23.3,-2.82493682803455));
#5198=CARTESIAN_POINT('Origin',(8.40785162420696,23.3,-2.82493682803455));
#5199=CARTESIAN_POINT('',(6.96717902898059,21.1,-1.92246108134451));
#5200=CARTESIAN_POINT('Origin',(8.40785162420696,21.1,-2.82493682803454));
#5201=CARTESIAN_POINT('',(6.42070905152008,21.1,-2.14172717117006));
#5202=CARTESIAN_POINT('Origin',(6.54345179509048,21.1,-1.65702703820039));
#5203=CARTESIAN_POINT('Origin',(6.54345179509048,21.1,-1.65702703820039));
#5204=CARTESIAN_POINT('Origin',(12.2836449408886,23.3,-5.25283715672714));
#5205=CARTESIAN_POINT('',(11.1395814093853,22.8,-4.536165240238));
#5206=CARTESIAN_POINT('',(11.3272716212503,22.9464466094067,-4.23654483978089));
#5207=CARTESIAN_POINT('Origin',(11.1395814093853,23.3,-4.536165240238));
#5208=CARTESIAN_POINT('',(12.4713351527536,22.9464466094067,-4.95321675627003));
#5209=CARTESIAN_POINT('Origin',(11.1395814093853,23.3,-4.536165240238));
#5210=CARTESIAN_POINT('Origin',(11.1395814093853,21.1,-4.53616524023801));
#5211=CARTESIAN_POINT('',(12.5802540046117,21.1,-5.43864098692803));
#5212=CARTESIAN_POINT('',(12.8812384949314,21.1,-6.18877516304183));
#5213=CARTESIAN_POINT('Origin',(13.0039812385018,21.1,-5.70407503007216));
#5214=CARTESIAN_POINT('Origin',(13.0039812385018,21.1,-5.70407503007216));
#5215=CARTESIAN_POINT('Origin',(11.1395814093853,21.1,-4.53616524023801));
#5216=CARTESIAN_POINT('Origin',(13.0039812385018,11.4,-5.70407503007216));
#5217=CARTESIAN_POINT('',(12.8812384949314,11.4,-6.18877516304183));
#5218=CARTESIAN_POINT('Origin',(11.9559454694589,1.7,-1.31241647139657));
#5219=CARTESIAN_POINT('',(14.1927894734309,1.7,-1.67091895221045));
#5220=CARTESIAN_POINT('',(13.6525101799593,1.7,-1.20439710700016));
#5221=CARTESIAN_POINT('Origin',(14.1514998006947,1.7,-1.17262670570711));
#5222=CARTESIAN_POINT('Origin',(14.1514998006947,1.7,-1.17262670570711));
#5223=CARTESIAN_POINT('',(11.9559454694589,-2.77555756156284E-16,-1.31241647139657));
#5224=CARTESIAN_POINT('Origin',(11.9559454694589,1.7,-1.31241647139657));
#5225=CARTESIAN_POINT('',(11.9334804032635,-0.853553390593274,-0.959577526832848));
#5226=CARTESIAN_POINT('Origin',(11.9559454694589,-0.5,-1.31241647139661));
#5227=CARTESIAN_POINT('Origin',(11.9559454694589,-0.5,-1.31241647139661));
#5228=CARTESIAN_POINT('Origin',(11.1517106336757,-0.5,-1.36362167167515));
#5229=CARTESIAN_POINT('',(8.71654106013098,-0.853553390593273,-1.16439832794717));
#5230=CARTESIAN_POINT('',(11.1292455674804,-0.853553390593274,-1.01078272711143));
#5231=CARTESIAN_POINT('',(8.73900612632633,0.,-1.51723727251089));
#5232=CARTESIAN_POINT('Origin',(8.73900612632633,-0.5,-1.51723727251091));
#5233=CARTESIAN_POINT('Origin',(8.73900612632633,-0.5,-1.51723727251091));
#5234=CARTESIAN_POINT('Origin',(8.73900612632632,1.7,-1.51723727251089));
#5235=CARTESIAN_POINT('',(7.0424414158259,1.7,-1.6252566369073));
#5236=CARTESIAN_POINT('Origin',(8.73900612632632,1.7,-1.51723727251089));
#5237=CARTESIAN_POINT('',(6.42070905152008,1.7,-2.14172717117006));
#5238=CARTESIAN_POINT('Origin',(6.54345179509048,1.7,-1.6570270382004));
#5239=CARTESIAN_POINT('Origin',(6.54345179509048,1.7,-1.6570270382004));
#5240=CARTESIAN_POINT('Origin',(14.1514998006947,0.,-1.17262670570711));
#5241=CARTESIAN_POINT('',(14.1927894734309,0.,-1.67091895221045));
#5242=CARTESIAN_POINT('Origin',(6.54345179509048,0.,-1.65702703820039));
#5243=CARTESIAN_POINT('',(6.42070905152008,0.,-2.14172717117006));
#5244=CARTESIAN_POINT('Origin',(11.7342802974847,1.7,2.64078302083464));
#5245=CARTESIAN_POINT('',(13.966331488665,1.7,3.02800725407183));
#5246=CARTESIAN_POINT('',(13.3038466220535,1.7,3.29382325908919));
#5247=CARTESIAN_POINT('Origin',(13.7654837763385,1.7,3.48589391739935));
#5248=CARTESIAN_POINT('Origin',(13.7654837763385,1.7,3.48589391739935));
#5249=CARTESIAN_POINT('',(11.7342802974847,-2.77555756156284E-16,2.64078302083465));
#5250=CARTESIAN_POINT('Origin',(11.7342802974847,1.7,2.64078302083464));
#5251=CARTESIAN_POINT('',(11.5984658325267,-0.853553390593274,2.96720978307719));
#5252=CARTESIAN_POINT('Origin',(11.7342802974847,-0.5,2.64078302083461));
#5253=CARTESIAN_POINT('Origin',(11.7342802974847,-0.5,2.64078302083461));
#5254=CARTESIAN_POINT('Origin',(10.9902474247757,-0.5,2.33121763525173));
#5255=CARTESIAN_POINT('',(8.62233434169068,-0.853553390593273,1.72894824074553));
#5256=CARTESIAN_POINT('',(10.8544329598177,-0.853553390593274,2.65764439749428));
#5257=CARTESIAN_POINT('',(8.75814880664876,0.,1.40252147850299));
#5258=CARTESIAN_POINT('Origin',(8.75814880664877,-0.5,1.40252147850297));
#5259=CARTESIAN_POINT('Origin',(8.75814880664877,-0.5,1.40252147850297));
#5260=CARTESIAN_POINT('Origin',(8.75814880664876,1.7,1.40252147850299));
#5261=CARTESIAN_POINT('',(7.18858248207995,1.7,0.749481240248433));
#5262=CARTESIAN_POINT('Origin',(8.75814880664876,1.7,1.40252147850299));
#5263=CARTESIAN_POINT('',(6.76823500053119,1.7,0.0591183354349108));
#5264=CARTESIAN_POINT('Origin',(6.72694532779502,1.7,0.557410581938234));
#5265=CARTESIAN_POINT('Origin',(6.72694532779502,1.7,0.557410581938234));
#5266=CARTESIAN_POINT('Origin',(6.72694532779502,0.,0.557410581938246));
#5267=CARTESIAN_POINT('',(6.76823500053119,0.,0.0591183354349108));
#5268=CARTESIAN_POINT('Origin',(6.96360137526645,21.1,5.49367753908552));
#5269=CARTESIAN_POINT('',(6.96360137526645,22.8,5.49367753908551));
#5270=CARTESIAN_POINT('',(6.81542603547731,22.9464466094067,5.81468231892278));
#5271=CARTESIAN_POINT('Origin',(6.96360137526645,23.3,5.49367753908551));
#5272=CARTESIAN_POINT('Origin',(6.96360137526645,23.3,5.49367753908551));
#5273=CARTESIAN_POINT('',(5.42010571027609,21.1,4.78120218361279));
#5274=CARTESIAN_POINT('Origin',(6.96360137526645,21.1,5.49367753908552));
#5275=CARTESIAN_POINT('',(5.30477718285651,21.1,4.20378865313719));
#5276=CARTESIAN_POINT('Origin',(4.96613639704363,21.1,4.57165060847376));
#5277=CARTESIAN_POINT('Origin',(4.96613639704363,21.1,4.57165060847376));
#5278=CARTESIAN_POINT('Origin',(11.1160161588327,23.3,7.41042616760211));
#5279=CARTESIAN_POINT('',(9.89029901310509,22.8,6.84463691472671));
#5280=CARTESIAN_POINT('',(9.74212367331596,22.9464466094067,7.16564169456398));
#5281=CARTESIAN_POINT('Origin',(9.89029901310509,23.3,6.84463691472671));
#5282=CARTESIAN_POINT('',(10.9678408190436,22.9464466094067,7.73143094743938));
#5283=CARTESIAN_POINT('Origin',(9.89029901310509,23.3,6.84463691472671));
#5284=CARTESIAN_POINT('Origin',(9.89029901310509,21.1,6.84463691472671));
#5285=CARTESIAN_POINT('',(11.4337946780954,21.1,7.55711227019943));
#5286=CARTESIAN_POINT('',(12.2264047771408,21.1,7.3988018900019));
#5287=CARTESIAN_POINT('Origin',(11.8877639913279,21.1,7.76666384533846));
#5288=CARTESIAN_POINT('Origin',(11.8877639913279,21.1,7.76666384533846));
#5289=CARTESIAN_POINT('Origin',(9.89029901310509,21.1,6.84463691472671));
#5290=CARTESIAN_POINT('Origin',(8.37008842598002,21.1,2.93493726650857));
#5291=CARTESIAN_POINT('',(8.37008842598001,22.8,2.93493726650857));
#5292=CARTESIAN_POINT('',(8.33417171643793,22.9464466094067,3.28666157612573));
#5293=CARTESIAN_POINT('Origin',(8.37008842598001,23.3,2.93493726650857));
#5294=CARTESIAN_POINT('Origin',(8.37008842598001,23.3,2.93493726650857));
#5295=CARTESIAN_POINT('',(6.67888324379854,21.1,2.76223801415778));
#5296=CARTESIAN_POINT('Origin',(8.37008842598002,21.1,2.93493726650857));
#5297=CARTESIAN_POINT('',(6.38231766724812,21.1,2.25355745308002));
#5298=CARTESIAN_POINT('Origin',(6.18146995492163,21.1,2.71144411640755));
#5299=CARTESIAN_POINT('Origin',(6.18146995492163,21.1,2.71144411640755));
#5300=CARTESIAN_POINT('Origin',(12.9198811852477,23.3,3.39954429122396));
#5301=CARTESIAN_POINT('',(11.5768653052801,22.8,3.26240076729833));
#5302=CARTESIAN_POINT('',(11.540948595738,22.9464466094067,3.61412507691549));
#5303=CARTESIAN_POINT('Origin',(11.5768653052801,23.3,3.26240076729833));
#5304=CARTESIAN_POINT('',(12.8839644757057,22.9464466094067,3.75126860084112));
#5305=CARTESIAN_POINT('Origin',(11.5768653052801,23.3,3.26240076729833));
#5306=CARTESIAN_POINT('Origin',(11.5768653052801,21.1,3.26240076729833));
#5307=CARTESIAN_POINT('',(13.2680704874616,21.1,3.43510001964912));
#5308=CARTESIAN_POINT('',(13.966331488665,21.1,3.02800725407183));
#5309=CARTESIAN_POINT('Origin',(13.7654837763385,21.1,3.48589391739935));
#5310=CARTESIAN_POINT('Origin',(13.7654837763385,21.1,3.48589391739935));
#5311=CARTESIAN_POINT('Origin',(11.5768653052801,21.1,3.26240076729833));
#5312=CARTESIAN_POINT('Origin',(13.7654837763385,11.4,3.48589391739936));
#5313=CARTESIAN_POINT('',(13.966331488665,11.4,3.02800725407183));
#5314=CARTESIAN_POINT('Origin',(6.18146995492164,0.,2.71144411640755));
#5315=CARTESIAN_POINT('',(6.38231766724812,1.7,2.25355745308002));
#5316=CARTESIAN_POINT('',(6.38231766724812,0.,2.25355745308002));
#5317=CARTESIAN_POINT('',(6.55572909405083,1.7,3.04300119562359));
#5318=CARTESIAN_POINT('Origin',(6.18146995492163,1.7,2.71144411640755));
#5319=CARTESIAN_POINT('Origin',(6.18146995492163,1.7,2.71144411640755));
#5320=CARTESIAN_POINT('Origin',(11.8877639913279,0.,7.76666384533847));
#5321=CARTESIAN_POINT('',(12.2264047771408,1.7,7.3988018900019));
#5322=CARTESIAN_POINT('',(12.2264047771408,0.,7.3988018900019));
#5323=CARTESIAN_POINT('',(11.5135048521987,1.7,7.43510676612244));
#5324=CARTESIAN_POINT('Origin',(11.8877639913279,1.7,7.76666384533847));
#5325=CARTESIAN_POINT('Origin',(11.8877639913279,1.7,7.76666384533847));
#5326=CARTESIAN_POINT('Origin',(7.82821016709015,1.7,4.17029526495808));
#5327=CARTESIAN_POINT('',(7.82821016709015,0.,4.17029526495808));
#5328=CARTESIAN_POINT('',(7.59376390802609,-0.853553390593273,4.43493644015738));
#5329=CARTESIAN_POINT('Origin',(7.82821016709016,-0.5,4.17029526495806));
#5330=CARTESIAN_POINT('Origin',(7.82821016709015,1.7,4.17029526495808));
#5331=CARTESIAN_POINT('Origin',(7.82821016709016,-0.5,4.17029526495806));
#5332=CARTESIAN_POINT('Origin',(9.63782037614206,-0.5,5.77343333883049));
#5333=CARTESIAN_POINT('',(10.2410237791594,-2.77555756156284E-16,6.30781269678796));
#5334=CARTESIAN_POINT('',(10.0065775200953,-0.853553390593274,6.57245387198727));
#5335=CARTESIAN_POINT('Origin',(10.2410237791594,-0.5,6.30781269678794));
#5336=CARTESIAN_POINT('Origin',(10.2410237791594,-0.5,6.30781269678794));
#5337=CARTESIAN_POINT('',(9.40337411707801,-0.853553390593274,6.0380745140298));
#5338=CARTESIAN_POINT('Origin',(10.2410237791594,1.7,6.30781269678796));
#5339=CARTESIAN_POINT('Origin',(10.2410237791594,1.7,6.30781269678796));
#5340=CARTESIAN_POINT('Origin',(-4.20726797419396,21.1,11.2679175208372));
#5341=CARTESIAN_POINT('',(-4.51903598804457,21.1,12.939084988669));
#5342=CARTESIAN_POINT('',(-4.17099558710326,21.1,13.6685785286675));
#5343=CARTESIAN_POINT('Origin',(-4.6107324627065,21.1,13.430604832149));
#5344=CARTESIAN_POINT('Origin',(-4.6107324627065,21.1,13.430604832149));
#5345=CARTESIAN_POINT('',(-4.20726797419396,22.8,11.2679175208372));
#5346=CARTESIAN_POINT('Origin',(-4.20726797419396,21.1,11.2679175208372));
#5347=CARTESIAN_POINT('',(-4.55482498860639,22.9464466094067,11.2030783217928));
#5348=CARTESIAN_POINT('Origin',(-4.20726797419396,23.3,11.2679175208372));
#5349=CARTESIAN_POINT('Origin',(-4.20726797419396,23.3,11.2679175208372));
#5350=CARTESIAN_POINT('Origin',(-4.4548484557812,23.3,12.5950210982331));
#5351=CARTESIAN_POINT('',(-3.96366640592523,22.9464466094067,8.03429593291129));
#5352=CARTESIAN_POINT('',(-4.80240547019364,22.9464466094067,12.5301818991887));
#5353=CARTESIAN_POINT('',(-3.6161093915128,22.8,8.09913513195566));
#5354=CARTESIAN_POINT('Origin',(-3.6161093915128,23.3,8.09913513195566));
#5355=CARTESIAN_POINT('Origin',(-3.6161093915128,23.3,8.09913513195566));
#5356=CARTESIAN_POINT('Origin',(-3.6161093915128,21.1,8.09913513195566));
#5357=CARTESIAN_POINT('',(-3.30434137766219,21.1,6.42796766412377));
#5358=CARTESIAN_POINT('Origin',(-3.6161093915128,21.1,8.09913513195566));
#5359=CARTESIAN_POINT('',(-2.772908027397,21.1,6.17442151716234));
#5360=CARTESIAN_POINT('Origin',(-3.21264490300025,21.1,5.9364478206438));
#5361=CARTESIAN_POINT('Origin',(-3.21264490300025,21.1,5.9364478206438));
#5362=CARTESIAN_POINT('Origin',(-0.320619752389571,21.1,12.0234883472911));
#5363=CARTESIAN_POINT('',(-0.0728681255430886,21.1,13.705338260748));
#5364=CARTESIAN_POINT('',(0.493180651701358,21.1,14.2822972951404));
#5365=CARTESIAN_POINT('Origin',(0.,21.1,14.2));
#5366=CARTESIAN_POINT('Origin',(0.,21.1,14.2));
#5367=CARTESIAN_POINT('',(-0.320619752389572,22.8,12.0234883472911));
#5368=CARTESIAN_POINT('Origin',(-0.320619752389571,21.1,12.0234883472911));
#5369=CARTESIAN_POINT('',(-0.670398422608207,22.9464466094067,12.075013892995));
#5370=CARTESIAN_POINT('Origin',(-0.320619752389571,23.3,12.0234883472911));
#5371=CARTESIAN_POINT('Origin',(-0.320619752389571,23.3,12.0234883472911));
#5372=CARTESIAN_POINT('Origin',(-0.123875813423246,23.3,13.3590750432716));
#5373=CARTESIAN_POINT('',(-1.14017240222403,22.9464466094067,8.88597599638114));
#5374=CARTESIAN_POINT('',(-0.473654483641883,22.9464466094067,13.4106005889754));
#5375=CARTESIAN_POINT('',(-0.790393732005389,22.8,8.83445045067728));
#5376=CARTESIAN_POINT('Origin',(-0.790393732005387,23.3,8.83445045067728));
#5377=CARTESIAN_POINT('Origin',(-0.790393732005387,23.3,8.83445045067728));
#5378=CARTESIAN_POINT('Origin',(-0.790393732005392,21.1,8.83445045067728));
#5379=CARTESIAN_POINT('',(-1.03814535885188,21.1,7.1526005372204));
#5380=CARTESIAN_POINT('Origin',(-0.790393732005392,21.1,8.83445045067728));
#5381=CARTESIAN_POINT('',(-0.617832832693593,21.1,6.74023609310874));
#5382=CARTESIAN_POINT('Origin',(-1.11101348439496,21.1,6.65793879796837));
#5383=CARTESIAN_POINT('Origin',(-1.11101348439496,21.1,6.65793879796837));
#5384=CARTESIAN_POINT('Origin',(-3.60077259451429,1.7,11.476127647672));
#5385=CARTESIAN_POINT('',(-4.38119612902647,1.7,12.9864054720406));
#5386=CARTESIAN_POINT('',(-4.17099558710326,1.7,13.6685785286675));
#5387=CARTESIAN_POINT('Origin',(-4.61073246270649,1.7,13.430604832149));
#5388=CARTESIAN_POINT('Origin',(-4.61073246270649,1.7,13.430604832149));
#5389=CARTESIAN_POINT('',(-3.60077259451429,-2.77555756156284E-16,11.476127647672));
#5390=CARTESIAN_POINT('Origin',(-3.60077259451429,1.7,11.476127647672));
#5391=CARTESIAN_POINT('',(-3.91486897424568,-0.853553390593274,11.3138209495981));
#5392=CARTESIAN_POINT('Origin',(-3.60077259451426,-0.5,11.476127647672));
#5393=CARTESIAN_POINT('Origin',(-3.60077259451426,-0.5,11.476127647672));
#5394=CARTESIAN_POINT('Origin',(-3.23082278403252,-0.5,10.7601997313653));
#5395=CARTESIAN_POINT('',(-2.43506973231859,-0.853553390593273,8.4501092843715));
#5396=CARTESIAN_POINT('',(-3.54491916376391,-0.853553390593274,10.5978930332915));
#5397=CARTESIAN_POINT('',(-2.12097335258721,0.,8.61241598244536));
#5398=CARTESIAN_POINT('Origin',(-2.12097335258719,-0.5,8.61241598244537));
#5399=CARTESIAN_POINT('Origin',(-2.12097335258719,-0.5,8.61241598244537));
#5400=CARTESIAN_POINT('Origin',(-2.12097335258721,1.7,8.61241598244536));
#5401=CARTESIAN_POINT('',(-1.34054981807503,1.7,7.10213815807677));
#5402=CARTESIAN_POINT('Origin',(-2.12097335258721,1.7,8.61241598244536));
#5403=CARTESIAN_POINT('',(-0.617832832693593,1.7,6.74023609310874));
#5404=CARTESIAN_POINT('Origin',(-1.11101348439495,1.7,6.65793879796838));
#5405=CARTESIAN_POINT('Origin',(-1.11101348439495,1.7,6.65793879796838));
#5406=CARTESIAN_POINT('Origin',(-1.11101348439495,0.,6.65793879796837));
#5407=CARTESIAN_POINT('',(-0.617832832693593,0.,6.74023609310874));
#5408=CARTESIAN_POINT('Origin',(-4.61073246270651,0.,13.430604832149));
#5409=CARTESIAN_POINT('',(-4.17099558710326,0.,13.6685785286675));
#5410=CARTESIAN_POINT('Origin',(-3.60822483003176E-15,0.,14.2));
#5411=CARTESIAN_POINT('',(0.493180651701358,1.7,14.2822972951404));
#5412=CARTESIAN_POINT('',(0.493180651701358,0.,14.2822972951404));
#5413=CARTESIAN_POINT('',(0.0728681255430705,1.7,13.705338260748));
#5414=CARTESIAN_POINT('Origin',(-3.88578058618805E-15,1.7,14.2));
#5415=CARTESIAN_POINT('Origin',(-3.88578058618805E-15,1.7,14.2));
#5416=CARTESIAN_POINT('Origin',(0.79039373200536,1.7,8.83445045067728));
#5417=CARTESIAN_POINT('',(0.790393732005357,0.,8.83445045067728));
#5418=CARTESIAN_POINT('',(0.440615061786722,-0.853553390593273,8.78292490497341));
#5419=CARTESIAN_POINT('Origin',(0.790393732005382,-0.5,8.83445045067728));
#5420=CARTESIAN_POINT('',(1.03814535885184,1.7,7.15260053722039));
#5421=CARTESIAN_POINT('Origin',(0.79039373200536,1.7,8.83445045067728));
#5422=CARTESIAN_POINT('',(1.60419413609631,1.7,6.57564150282801));
#5423=CARTESIAN_POINT('Origin',(1.11101348439495,1.7,6.65793879796837));
#5424=CARTESIAN_POINT('Origin',(1.11101348439495,1.7,6.65793879796837));
#5425=CARTESIAN_POINT('Origin',(0.790393732005382,-0.5,8.83445045067728));
#5426=CARTESIAN_POINT('Origin',(0.438063247293499,-0.5,11.2262288731376));
#5427=CARTESIAN_POINT('',(0.320619752389546,-2.77555756156284E-16,12.0234883472911));
#5428=CARTESIAN_POINT('',(-0.0291589178290938,-0.853553390593274,11.9719628015872));
#5429=CARTESIAN_POINT('Origin',(0.320619752389584,-0.5,12.0234883472911));
#5430=CARTESIAN_POINT('Origin',(0.320619752389584,-0.5,12.0234883472911));
#5431=CARTESIAN_POINT('',(0.0882845770748601,-0.853553390593274,11.1747033274338));
#5432=CARTESIAN_POINT('Origin',(0.32061975238955,1.7,12.0234883472911));
#5433=CARTESIAN_POINT('Origin',(0.32061975238955,1.7,12.0234883472911));
#5434=CARTESIAN_POINT('Origin',(-10.2410237791594,21.1,6.30781269678794));
#5435=CARTESIAN_POINT('',(-11.5135048521987,21.1,7.43510676612243));
#5436=CARTESIAN_POINT('',(-11.6869162790014,21.1,8.22455050866599));
#5437=CARTESIAN_POINT('Origin',(-11.8877639913279,21.1,7.76666384533846));
#5438=CARTESIAN_POINT('Origin',(-11.8877639913279,21.1,7.76666384533846));
#5439=CARTESIAN_POINT('',(-10.2410237791594,22.8,6.30781269678794));
#5440=CARTESIAN_POINT('Origin',(-10.2410237791594,21.1,6.30781269678794));
#5441=CARTESIAN_POINT('',(-10.4754700382234,22.9464466094067,6.04317152158864));
#5442=CARTESIAN_POINT('Origin',(-10.2410237791594,23.3,6.30781269678794));
#5443=CARTESIAN_POINT('Origin',(-10.2410237791594,23.3,6.30781269678794));
#5444=CARTESIAN_POINT('Origin',(-11.2515234548082,23.3,7.20301681067121));
#5445=CARTESIAN_POINT('',(-8.06265642615422,22.9464466094067,3.90565408975875));
#5446=CARTESIAN_POINT('',(-11.4859697138723,22.9464466094067,6.93837563547191));
#5447=CARTESIAN_POINT('',(-7.82821016709017,22.8,4.17029526495805));
#5448=CARTESIAN_POINT('Origin',(-7.82821016709017,23.3,4.17029526495806));
#5449=CARTESIAN_POINT('Origin',(-7.82821016709017,23.3,4.17029526495806));
#5450=CARTESIAN_POINT('Origin',(-7.82821016709017,21.1,4.17029526495805));
#5451=CARTESIAN_POINT('',(-6.55572909405085,21.1,3.04300119562356));
#5452=CARTESIAN_POINT('Origin',(-7.82821016709017,21.1,4.17029526495805));
#5453=CARTESIAN_POINT('',(-5.98062224259515,21.1,3.16933077973507));
#5454=CARTESIAN_POINT('Origin',(-6.18146995492164,21.1,2.71144411640754));
#5455=CARTESIAN_POINT('Origin',(-6.18146995492164,21.1,2.71144411640754));
#5456=CARTESIAN_POINT('Origin',(-7.63799342850553,21.1,9.29129299124581));
#5457=CARTESIAN_POINT('',(-8.47549618117334,21.1,10.7706810874781));
#5458=CARTESIAN_POINT('',(-8.38317973438041,21.1,11.5736571887654));
#5459=CARTESIAN_POINT('Origin',(-8.72182052019328,21.1,11.2057952334288));
#5460=CARTESIAN_POINT('Origin',(-8.72182052019328,21.1,11.2057952334288));
#5461=CARTESIAN_POINT('',(-7.63799342850553,22.8,9.29129299124581));
#5462=CARTESIAN_POINT('Origin',(-7.63799342850553,21.1,9.29129299124581));
#5463=CARTESIAN_POINT('',(-7.94566559169744,22.9464466094067,9.11711538075351));
#5464=CARTESIAN_POINT('Origin',(-7.63799342850552,23.3,9.29129299124581));
#5465=CARTESIAN_POINT('Origin',(-7.63799342850552,23.3,9.29129299124581));
#5466=CARTESIAN_POINT('Origin',(-8.30306914385938,23.3,10.4661011853126));
#5467=CARTESIAN_POINT('',(-6.35763565192332,22.9464466094067,6.31197524016443));
#5468=CARTESIAN_POINT('',(-8.61074130705129,22.9464466094067,10.2919235748203));
#5469=CARTESIAN_POINT('',(-6.0499634887314,22.8,6.48615285065673));
#5470=CARTESIAN_POINT('Origin',(-6.0499634887314,23.3,6.48615285065673));
#5471=CARTESIAN_POINT('Origin',(-6.0499634887314,23.3,6.48615285065673));
#5472=CARTESIAN_POINT('Origin',(-6.0499634887314,21.1,6.48615285065673));
#5473=CARTESIAN_POINT('',(-5.21246073606359,21.1,5.00676475442442));
#5474=CARTESIAN_POINT('Origin',(-6.0499634887314,21.1,6.48615285065673));
#5475=CARTESIAN_POINT('',(-4.62749561123077,21.1,4.93951256381032));
#5476=CARTESIAN_POINT('Origin',(-4.96613639704364,21.1,4.57165060847375));
#5477=CARTESIAN_POINT('Origin',(-4.96613639704364,21.1,4.57165060847375));
#5478=CARTESIAN_POINT('Origin',(-9.8902990131051,1.7,6.84463691472669));
#5479=CARTESIAN_POINT('',(-11.4337946780955,1.7,7.55711227019941));
#5480=CARTESIAN_POINT('',(-11.6869162790014,1.7,8.22455050866599));
#5481=CARTESIAN_POINT('Origin',(-11.8877639913279,1.7,7.76666384533848));
#5482=CARTESIAN_POINT('Origin',(-11.8877639913279,1.7,7.76666384533848));
#5483=CARTESIAN_POINT('',(-9.8902990131051,-2.77555756156284E-16,6.84463691472669));
#5484=CARTESIAN_POINT('Origin',(-9.8902990131051,1.7,6.84463691472669));
#5485=CARTESIAN_POINT('',(-10.0384743528942,-0.853553390593274,6.52363213488942));
#5486=CARTESIAN_POINT('Origin',(-9.89029901310509,-0.5,6.84463691472672));
#5487=CARTESIAN_POINT('Origin',(-9.89029901310509,-0.5,6.84463691472672));
#5488=CARTESIAN_POINT('Origin',(-9.15862460364544,-0.5,6.50689707081639));
#5489=CARTESIAN_POINT('',(-7.11177671505559,-0.853553390593273,5.17267275924821));
#5490=CARTESIAN_POINT('',(-9.30679994343458,-0.853553390593274,6.18589229097911));
#5491=CARTESIAN_POINT('',(-6.96360137526646,0.,5.49367753908548));
#5492=CARTESIAN_POINT('Origin',(-6.96360137526645,-0.5,5.49367753908551));
#5493=CARTESIAN_POINT('Origin',(-6.96360137526645,-0.5,5.49367753908551));
#5494=CARTESIAN_POINT('Origin',(-6.96360137526646,1.7,5.49367753908549));
#5495=CARTESIAN_POINT('',(-5.42010571027611,1.7,4.78120218361276));
#5496=CARTESIAN_POINT('Origin',(-6.96360137526646,1.7,5.49367753908549));
#5497=CARTESIAN_POINT('',(-4.62749561123077,1.7,4.93951256381032));
#5498=CARTESIAN_POINT('Origin',(-4.96613639704364,1.7,4.57165060847375));
#5499=CARTESIAN_POINT('Origin',(-4.96613639704364,1.7,4.57165060847375));
#5500=CARTESIAN_POINT('Origin',(-4.96613639704364,0.,4.57165060847375));
#5501=CARTESIAN_POINT('',(-4.62749561123077,0.,4.93951256381032));
#5502=CARTESIAN_POINT('Origin',(-11.8877639913279,0.,7.76666384533846));
#5503=CARTESIAN_POINT('',(-11.6869162790014,0.,8.22455050866599));
#5504=CARTESIAN_POINT('Origin',(-7.13196535905904,1.7,9.68515044695997));
#5505=CARTESIAN_POINT('',(-8.38317973438041,1.7,11.5736571887654));
#5506=CARTESIAN_POINT('',(-8.36048980175369,1.7,10.860194145595));
#5507=CARTESIAN_POINT('Origin',(-8.72182052019329,1.7,11.2057952334288));
#5508=CARTESIAN_POINT('Origin',(-8.72182052019329,1.7,11.2057952334288));
#5509=CARTESIAN_POINT('',(-7.13196535905904,-2.77555756156284E-16,9.68515044695997));
#5510=CARTESIAN_POINT('Origin',(-7.13196535905904,1.7,9.68515044695997));
#5511=CARTESIAN_POINT('',(-7.37634223185179,-0.853553390593274,9.42965104570032));
#5512=CARTESIAN_POINT('Origin',(-7.13196535905901,-0.5,9.68515044696));
#5513=CARTESIAN_POINT('Origin',(-7.13196535905901,-0.5,9.68515044696));
#5514=CARTESIAN_POINT('Origin',(-6.54959903532791,-0.5,9.12813598699812));
#5515=CARTESIAN_POINT('',(-5.04687693692726,-0.853553390593273,7.20159320585294));
#5516=CARTESIAN_POINT('',(-6.79397590812065,-0.853553390593274,8.87263658573847));
#5517=CARTESIAN_POINT('',(-4.80250006413452,0.,7.45709260711259));
#5518=CARTESIAN_POINT('Origin',(-4.80250006413451,-0.5,7.4570926071126));
#5519=CARTESIAN_POINT('Origin',(-4.80250006413451,-0.5,7.4570926071126));
#5520=CARTESIAN_POINT('Origin',(-4.80250006413452,1.7,7.45709260711259));
#5521=CARTESIAN_POINT('',(-3.57397562143987,1.7,6.2820489084776));
#5522=CARTESIAN_POINT('Origin',(-4.80250006413452,1.7,7.45709260711259));
#5523=CARTESIAN_POINT('',(-2.772908027397,1.7,6.17442151716234));
#5524=CARTESIAN_POINT('Origin',(-3.21264490300024,1.7,5.93644782064381));
#5525=CARTESIAN_POINT('Origin',(-3.21264490300024,1.7,5.93644782064381));
#5526=CARTESIAN_POINT('Origin',(-8.72182052019329,0.,11.2057952334288));
#5527=CARTESIAN_POINT('',(-8.38317973438041,0.,11.5736571887654));
#5528=CARTESIAN_POINT('Origin',(-3.21264490300025,0.,5.9364478206438));
#5529=CARTESIAN_POINT('',(-2.772908027397,0.,6.17442151716234));
#5530=CARTESIAN_POINT('Origin',(-11.5768653052801,1.7,3.26240076729831));
#5531=CARTESIAN_POINT('',(-13.7241941036023,1.7,3.98418616390268));
#5532=CARTESIAN_POINT('',(-13.2680704874616,1.7,3.4351000196491));
#5533=CARTESIAN_POINT('Origin',(-13.7654837763385,1.7,3.48589391739934));
#5534=CARTESIAN_POINT('Origin',(-13.7654837763385,1.7,3.48589391739934));
#5535=CARTESIAN_POINT('',(-11.5768653052801,-2.77555756156284E-16,3.26240076729831));
#5536=CARTESIAN_POINT('Origin',(-11.5768653052801,1.7,3.26240076729831));
#5537=CARTESIAN_POINT('',(-11.6127820148222,-0.853553390593274,2.91067645768114));
#5538=CARTESIAN_POINT('Origin',(-11.5768653052801,-0.5,3.26240076729834));
#5539=CARTESIAN_POINT('Origin',(-11.5768653052801,-0.5,3.26240076729834));
#5540=CARTESIAN_POINT('Origin',(-10.7751710854551,-0.5,3.18053489210086));
#5541=CARTESIAN_POINT('',(-8.40600513552211,-0.853553390593273,2.58321295689138));
#5542=CARTESIAN_POINT('',(-10.8110877949972,-0.853553390593274,2.8288105824837));
#5543=CARTESIAN_POINT('',(-8.37008842598002,0.,2.93493726650854));
#5544=CARTESIAN_POINT('Origin',(-8.37008842598002,-0.5,2.93493726650856));
#5545=CARTESIAN_POINT('Origin',(-8.37008842598002,-0.5,2.93493726650856));
#5546=CARTESIAN_POINT('Origin',(-8.37008842598002,1.7,2.93493726650854));
#5547=CARTESIAN_POINT('',(-6.67888324379854,1.7,2.76223801415775));
#5548=CARTESIAN_POINT('Origin',(-8.37008842598002,1.7,2.93493726650854));
#5549=CARTESIAN_POINT('',(-5.98062224259515,1.7,3.16933077973507));
#5550=CARTESIAN_POINT('Origin',(-6.18146995492164,1.7,2.71144411640755));
#5551=CARTESIAN_POINT('Origin',(-6.18146995492164,1.7,2.71144411640755));
#5552=CARTESIAN_POINT('Origin',(-6.18146995492164,0.,2.71144411640754));
#5553=CARTESIAN_POINT('',(-5.98062224259515,0.,3.16933077973507));
#5554=CARTESIAN_POINT('Origin',(-11.9559454694589,21.1,-1.3124164713966));
#5555=CARTESIAN_POINT('',(-13.6525101799593,21.1,-1.20439710700019));
#5556=CARTESIAN_POINT('',(-14.2742425442651,21.1,-0.687926572737456));
#5557=CARTESIAN_POINT('Origin',(-14.1514998006947,21.1,-1.17262670570712));
#5558=CARTESIAN_POINT('Origin',(-14.1514998006947,21.1,-1.17262670570712));
#5559=CARTESIAN_POINT('',(-11.9559454694589,22.8,-1.3124164713966));
#5560=CARTESIAN_POINT('Origin',(-11.9559454694589,21.1,-1.3124164713966));
#5561=CARTESIAN_POINT('',(-11.9784105356542,22.9464466094067,-1.66525541596031));
#5562=CARTESIAN_POINT('Origin',(-11.9559454694589,23.3,-1.3124164713966));
#5563=CARTESIAN_POINT('Origin',(-11.9559454694589,23.3,-1.3124164713966));
#5564=CARTESIAN_POINT('Origin',(-13.3032174454445,23.3,-1.22663638790533));
#5565=CARTESIAN_POINT('',(-8.76147119252166,22.9464466094067,-1.87007621707464));
#5566=CARTESIAN_POINT('',(-13.3256825116398,22.9464466094067,-1.57947533246905));
#5567=CARTESIAN_POINT('',(-8.73900612632633,22.8,-1.51723727251092));
#5568=CARTESIAN_POINT('Origin',(-8.73900612632632,23.3,-1.51723727251092));
#5569=CARTESIAN_POINT('Origin',(-8.73900612632632,23.3,-1.51723727251092));
#5570=CARTESIAN_POINT('Origin',(-8.73900612632633,21.1,-1.51723727251092));
#5571=CARTESIAN_POINT('',(-7.0424414158259,21.1,-1.62525663690734));
#5572=CARTESIAN_POINT('Origin',(-8.73900612632633,21.1,-1.51723727251092));
#5573=CARTESIAN_POINT('',(-6.66619453866088,21.1,-1.17232690523073));
#5574=CARTESIAN_POINT('Origin',(-6.54345179509048,21.1,-1.6570270382004));
#5575=CARTESIAN_POINT('Origin',(-6.54345179509048,21.1,-1.6570270382004));
#5576=CARTESIAN_POINT('Origin',(-13.7654837763385,11.4,3.48589391739935));
#5577=CARTESIAN_POINT('',(-13.3038466220535,21.1,3.29382325908918));
#5578=CARTESIAN_POINT('',(-13.7241941036023,21.1,3.98418616390268));
#5579=CARTESIAN_POINT('Origin',(-13.7654837763385,21.1,3.48589391739935));
#5580=CARTESIAN_POINT('Origin',(-13.7654837763385,21.1,3.48589391739935));
#5581=CARTESIAN_POINT('',(-13.7241941036023,11.4,3.98418616390268));
#5582=CARTESIAN_POINT('Origin',(-11.7342802974847,21.1,2.64078302083462));
#5583=CARTESIAN_POINT('',(-11.7342802974847,22.8,2.64078302083462));
#5584=CARTESIAN_POINT('Origin',(-11.7342802974847,21.1,2.64078302083462));
#5585=CARTESIAN_POINT('',(-11.8700947624428,22.9464466094067,2.31435625859208));
#5586=CARTESIAN_POINT('Origin',(-11.7342802974847,23.3,2.64078302083462));
#5587=CARTESIAN_POINT('Origin',(-11.7342802974847,23.3,2.64078302083462));
#5588=CARTESIAN_POINT('Origin',(-12.9807006140541,23.3,3.15937379827207));
#5589=CARTESIAN_POINT('',(-8.89396327160685,22.9464466094067,1.07609471626042));
#5590=CARTESIAN_POINT('',(-13.1165150790122,22.9464466094067,2.83294703602952));
#5591=CARTESIAN_POINT('',(-8.75814880664877,22.8,1.40252147850296));
#5592=CARTESIAN_POINT('Origin',(-8.75814880664877,23.3,1.40252147850296));
#5593=CARTESIAN_POINT('Origin',(-8.75814880664877,23.3,1.40252147850296));
#5594=CARTESIAN_POINT('Origin',(-8.75814880664877,21.1,1.40252147850296));
#5595=CARTESIAN_POINT('',(-7.18858248207996,21.1,0.749481240248402));
#5596=CARTESIAN_POINT('Origin',(-8.75814880664877,21.1,1.40252147850296));
#5597=CARTESIAN_POINT('',(-6.68565565505885,21.1,1.05570282844158));
#5598=CARTESIAN_POINT('Origin',(-6.72694532779502,21.1,0.557410581938238));
#5599=CARTESIAN_POINT('Origin',(-6.72694532779502,21.1,0.557410581938238));
#5600=CARTESIAN_POINT('Origin',(-12.0088986080545,1.7,-0.673367124630447));
#5601=CARTESIAN_POINT('',(-13.6645449841856,1.7,-1.05915861909879));
#5602=CARTESIAN_POINT('',(-14.2742425442651,1.7,-0.687926572737456));
#5603=CARTESIAN_POINT('Origin',(-14.1514998006947,1.7,-1.1726267057071));
#5604=CARTESIAN_POINT('Origin',(-14.1514998006947,1.7,-1.1726267057071));
#5605=CARTESIAN_POINT('',(-12.0088986080545,-2.77555756156284E-16,-0.673367124630451));
#5606=CARTESIAN_POINT('Origin',(-12.0088986080545,1.7,-0.673367124630447));
#5607=CARTESIAN_POINT('',(-11.9286645545655,-0.853553390593274,-1.01769617751551));
#5608=CARTESIAN_POINT('Origin',(-12.0088986080545,-0.5,-0.673367124630414));
#5609=CARTESIAN_POINT('Origin',(-12.0088986080545,-0.5,-0.673367124630414));
#5610=CARTESIAN_POINT('Origin',(-11.2240605861497,-0.5,-0.490487593257456));
#5611=CARTESIAN_POINT('',(-8.78931246694618,-0.853553390593273,-0.286178052023527));
#5612=CARTESIAN_POINT('',(-11.1438265326607,-0.853553390593274,-0.834816646142515));
#5613=CARTESIAN_POINT('',(-8.8695465204352,0.,0.0581510008615302));
#5614=CARTESIAN_POINT('Origin',(-8.8695465204352,-0.5,0.0581510008615543));
#5615=CARTESIAN_POINT('Origin',(-8.8695465204352,-0.5,0.0581510008615543));
#5616=CARTESIAN_POINT('Origin',(-8.8695465204352,1.7,0.0581510008615327));
#5617=CARTESIAN_POINT('',(-7.21390014430415,1.7,0.443942495329879));
#5618=CARTESIAN_POINT('Origin',(-8.8695465204352,1.7,0.058151000861533));
#5619=CARTESIAN_POINT('',(-6.68565565505885,1.7,1.05570282844158));
#5620=CARTESIAN_POINT('Origin',(-6.72694532779502,1.7,0.557410581938242));
#5621=CARTESIAN_POINT('Origin',(-6.72694532779502,1.7,0.557410581938242));
#5622=CARTESIAN_POINT('Origin',(-6.72694532779502,0.,0.557410581938243));
#5623=CARTESIAN_POINT('',(-6.68565565505885,0.,1.05570282844158));
#5624=CARTESIAN_POINT('Origin',(-14.1514998006947,0.,-1.17262670570712));
#5625=CARTESIAN_POINT('',(-14.2742425442651,0.,-0.687926572737456));
#5626=CARTESIAN_POINT('Origin',(-3.50960312049818,21.1,-8.14585311392582));
#5627=CARTESIAN_POINT('',(-3.50960312049818,22.8,-8.14585311392582));
#5628=CARTESIAN_POINT('',(-3.22650541046154,22.9464466094067,-8.35764472511948));
#5629=CARTESIAN_POINT('Origin',(-3.50960312049818,23.3,-8.14585311392581));
#5630=CARTESIAN_POINT('Origin',(-3.50960312049818,23.3,-8.14585311392581));
#5631=CARTESIAN_POINT('Origin',(-3.50960312049818,21.1,-8.14585311392582));
#5632=CARTESIAN_POINT('Origin',(-6.24927141391663,23.3,-11.8079142114142));
#5633=CARTESIAN_POINT('',(-5.44057127775988,22.8,-10.7269405346856));
#5634=CARTESIAN_POINT('',(-5.15747356772325,22.9464466094067,-10.9387321458793));
#5635=CARTESIAN_POINT('Origin',(-5.44057127775988,23.3,-10.7269405346856));
#5636=CARTESIAN_POINT('',(-5.96617370388,22.9464466094067,-12.0197058226078));
#5637=CARTESIAN_POINT('Origin',(-5.44057127775988,23.3,-10.7269405346856));
#5638=CARTESIAN_POINT('Origin',(-5.44057127775988,21.1,-10.7269405346856));
#5639=CARTESIAN_POINT('',(-6.45893441217949,21.1,-12.0881666461216));
#5640=CARTESIAN_POINT('',(-7.23136160197676,21.1,-12.3261775325298));
#5641=CARTESIAN_POINT('Origin',(-6.75845298112644,21.1,-12.4885272671321));
#5642=CARTESIAN_POINT('Origin',(-6.75845298112644,21.1,-12.4885272671321));
#5643=CARTESIAN_POINT('Origin',(-5.44057127775988,21.1,-10.7269405346856));
#5644=CARTESIAN_POINT('Origin',(-6.00452459044976,1.7,-10.4217442640736));
#5645=CARTESIAN_POINT('',(-6.58710561960901,1.7,-12.0188038573461));
#5646=CARTESIAN_POINT('',(-7.23136160197676,1.7,-12.3261775325298));
#5647=CARTESIAN_POINT('Origin',(-6.75845298112646,1.7,-12.4885272671321));
#5648=CARTESIAN_POINT('Origin',(-6.75845298112646,1.7,-12.4885272671321));
#5649=CARTESIAN_POINT('',(-6.00452459044976,-2.77555756156284E-16,-10.4217442640736));
#5650=CARTESIAN_POINT('Origin',(-6.00452459044976,1.7,-10.4217442640736));
#5651=CARTESIAN_POINT('',(-5.67237998210799,-0.853553390593274,-10.542905145341));
#5652=CARTESIAN_POINT('Origin',(-6.00452459044979,-0.5,-10.4217442640736));
#5653=CARTESIAN_POINT('Origin',(-6.00452459044979,-0.5,-10.4217442640736));
#5654=CARTESIAN_POINT('Origin',(-5.72835949317029,-0.5,-9.66467855842626));
#5655=CARTESIAN_POINT('',(-4.56771959299013,-0.853553390593273,-7.5146423227516));
#5656=CARTESIAN_POINT('',(-5.39621488482852,-0.853553390593274,-9.78583943969365));
#5657=CARTESIAN_POINT('',(-4.8998642013319,0.,-7.39348144148421));
#5658=CARTESIAN_POINT('Origin',(-4.89986420133192,-0.5,-7.3934814414842));
#5659=CARTESIAN_POINT('Origin',(-4.89986420133192,-0.5,-7.3934814414842));
#5660=CARTESIAN_POINT('Origin',(-4.8998642013319,1.7,-7.39348144148421));
#5661=CARTESIAN_POINT('',(-4.31728317217265,1.7,-5.7964218482117));
#5662=CARTESIAN_POINT('Origin',(-4.8998642013319,1.7,-7.39348144148421));
#5663=CARTESIAN_POINT('',(-4.54050606535345,1.7,-5.01959208208082));
#5664=CARTESIAN_POINT('Origin',(-4.14593581065527,1.7,-5.32669843842565));
#5665=CARTESIAN_POINT('Origin',(-4.14593581065527,1.7,-5.32669843842565));
#5666=CARTESIAN_POINT('Origin',(-6.75845298112644,0.,-12.4885272671321));
#5667=CARTESIAN_POINT('',(-7.23136160197676,0.,-12.3261775325298));
#5668=CARTESIAN_POINT('Origin',(-11.1395814093853,1.7,-4.53616524023803));
#5669=CARTESIAN_POINT('',(-12.5802540046117,1.7,-5.43864098692805));
#5670=CARTESIAN_POINT('',(-13.277455317563,1.69999999999999,-5.2854917909409));
#5671=CARTESIAN_POINT('Origin',(-13.0039812385018,1.7,-5.70407503007215));
#5672=CARTESIAN_POINT('Origin',(-13.0039812385018,1.7,-5.70407503007215));
#5673=CARTESIAN_POINT('',(-11.1395814093853,-2.77555756156284E-16,-4.53616524023803));
#5674=CARTESIAN_POINT('Origin',(-11.1395814093853,1.7,-4.53616524023803));
#5675=CARTESIAN_POINT('',(-10.9518911975204,-0.853553390593274,-4.83578564069515));
#5676=CARTESIAN_POINT('Origin',(-11.1395814093854,-0.5,-4.536165240238));
#5677=CARTESIAN_POINT('Origin',(-11.1395814093854,-0.5,-4.536165240238));
#5678=CARTESIAN_POINT('Origin',(-10.4566489630907,-0.5,-4.10835813718716));
#5679=CARTESIAN_POINT('',(-8.22016141234197,-0.853553390593273,-3.12455722849168));
#5680=CARTESIAN_POINT('',(-10.2689587512258,-0.853553390593274,-4.40797853764428));
#5681=CARTESIAN_POINT('',(-8.40785162420694,0.,-2.82493682803457));
#5682=CARTESIAN_POINT('Origin',(-8.40785162420695,-0.5,-2.82493682803455));
#5683=CARTESIAN_POINT('Origin',(-8.40785162420695,-0.5,-2.82493682803455));
#5684=CARTESIAN_POINT('Origin',(-8.40785162420694,1.7,-2.82493682803457));
#5685=CARTESIAN_POINT('',(-6.96717902898057,1.7,-1.92246108134454));
#5686=CARTESIAN_POINT('Origin',(-8.40785162420694,1.7,-2.82493682803457));
#5687=CARTESIAN_POINT('',(-6.66619453866088,1.7,-1.17232690523073));
#5688=CARTESIAN_POINT('Origin',(-6.54345179509048,1.7,-1.65702703820039));
#5689=CARTESIAN_POINT('Origin',(-6.54345179509048,1.7,-1.65702703820039));
#5690=CARTESIAN_POINT('Origin',(-6.54345179509048,0.,-1.65702703820039));
#5691=CARTESIAN_POINT('',(-6.66619453866088,0.,-1.17232690523073));
#5692=CARTESIAN_POINT('Origin',(-5.96439732520456,21.1,-6.56492205316698));
#5693=CARTESIAN_POINT('',(-5.96439732520456,22.8,-6.56492205316698));
#5694=CARTESIAN_POINT('',(-5.76540725370253,22.9464466094067,-6.85715988686347));
#5695=CARTESIAN_POINT('Origin',(-5.96439732520456,23.3,-6.56492205316698));
#5696=CARTESIAN_POINT('Origin',(-5.96439732520456,23.3,-6.56492205316698));
#5697=CARTESIAN_POINT('',(-4.55922251850737,21.1,-5.60811289632141));
#5698=CARTESIAN_POINT('Origin',(-5.96439732520456,21.1,-6.56492205316698));
#5699=CARTESIAN_POINT('',(-4.54050606535345,21.1,-5.01959208208082));
#5700=CARTESIAN_POINT('Origin',(-4.14593581065525,21.1,-5.32669843842566));
#5701=CARTESIAN_POINT('Origin',(-4.14593581065525,21.1,-5.32669843842566));
#5702=CARTESIAN_POINT('Origin',(-9.74469212820987,23.3,-9.13899373866274));
#5703=CARTESIAN_POINT('',(-8.62881801700917,22.8,-8.3791747023442));
#5704=CARTESIAN_POINT('',(-8.42982794550715,22.9464466094067,-8.67141253604069));
#5705=CARTESIAN_POINT('Origin',(-8.62881801700917,23.3,-8.3791747023442));
#5706=CARTESIAN_POINT('',(-9.54570205670785,22.9464466094067,-9.43123157235923));
#5707=CARTESIAN_POINT('Origin',(-8.62881801700917,23.3,-8.3791747023442));
#5708=CARTESIAN_POINT('Origin',(-8.62881801700917,21.1,-8.3791747023442));
#5709=CARTESIAN_POINT('',(-10.0339928237064,21.1,-9.33598385918977));
#5710=CARTESIAN_POINT('',(-10.8418497862567,21.1,-9.31029196074069));
#5711=CARTESIAN_POINT('Origin',(-10.4472795315585,21.1,-9.61739831708552));
#5712=CARTESIAN_POINT('Origin',(-10.4472795315585,21.1,-9.61739831708552));
#5713=CARTESIAN_POINT('Origin',(-8.62881801700917,21.1,-8.3791747023442));
#5714=CARTESIAN_POINT('Origin',(-4.14593581065526,11.4,-5.32669843842566));
#5715=CARTESIAN_POINT('',(-4.54050606535345,11.4,-5.01959208208082));
#5716=CARTESIAN_POINT('Origin',(-7.77285653256506,21.1,-4.27257982268631));
#5717=CARTESIAN_POINT('',(-7.77285653256506,22.8,-4.27257982268631));
#5718=CARTESIAN_POINT('',(-7.67953776149397,22.9464466094067,-4.6135953750674));
#5719=CARTESIAN_POINT('Origin',(-7.77285653256506,23.3,-4.27257982268631));
#5720=CARTESIAN_POINT('Origin',(-7.77285653256506,23.3,-4.27257982268631));
#5721=CARTESIAN_POINT('',(-6.13314254742956,21.1,-3.8238727389991));
#5722=CARTESIAN_POINT('Origin',(-7.77285653256506,21.1,-4.27257982268631));
#5723=CARTESIAN_POINT('',(-5.92434780733328,21.1,-3.27331682819512));
#5724=CARTESIAN_POINT('Origin',(-5.65087372827207,21.1,-3.69190006732639));
#5725=CARTESIAN_POINT('Origin',(-5.65087372827207,21.1,-3.69190006732639));
#5726=CARTESIAN_POINT('Origin',(-12.1841242459341,23.3,-5.47972148822856));
#5727=CARTESIAN_POINT('',(-10.8819984342088,22.8,-5.12339527471224));
#5728=CARTESIAN_POINT('',(-10.7886796631377,22.9464466094067,-5.46441082709334));
#5729=CARTESIAN_POINT('Origin',(-10.8819984342088,23.3,-5.12339527471224));
#5730=CARTESIAN_POINT('',(-12.090805474863,22.9464466094067,-5.82073704060965));
#5731=CARTESIAN_POINT('Origin',(-10.8819984342088,23.3,-5.12339527471224));
#5732=CARTESIAN_POINT('Origin',(-10.8819984342088,21.1,-5.12339527471224));
#5733=CARTESIAN_POINT('',(-12.5217124193443,21.1,-5.57210235839946));
#5734=CARTESIAN_POINT('',(-13.277455317563,21.1,-5.2854917909409));
#5735=CARTESIAN_POINT('Origin',(-13.0039812385018,21.1,-5.70407503007216));
#5736=CARTESIAN_POINT('Origin',(-13.0039812385018,21.1,-5.70407503007216));
#5737=CARTESIAN_POINT('Origin',(-10.8819984342088,21.1,-5.12339527471224));
#5738=CARTESIAN_POINT('Origin',(-13.0039812385018,11.4,-5.70407503007217));
#5739=CARTESIAN_POINT('',(-13.277455317563,11.4,-5.2854917909409));
#5740=CARTESIAN_POINT('Origin',(-5.65087372827207,0.,-3.69190006732638));
#5741=CARTESIAN_POINT('',(-5.92434780733328,1.7,-3.27331682819512));
#5742=CARTESIAN_POINT('',(-5.92434780733328,0.,-3.27331682819512));
#5743=CARTESIAN_POINT('',(-5.96545595894568,1.7,-4.08053616979811));
#5744=CARTESIAN_POINT('Origin',(-5.65087372827207,1.7,-3.69190006732637));
#5745=CARTESIAN_POINT('Origin',(-5.65087372827207,1.7,-3.69190006732637));
#5746=CARTESIAN_POINT('Origin',(-10.4472795315585,0.,-9.61739831708552));
#5747=CARTESIAN_POINT('',(-10.8418497862567,1.7,-9.31029196074069));
#5748=CARTESIAN_POINT('',(-10.8418497862567,0.,-9.31029196074069));
#5749=CARTESIAN_POINT('',(-10.1326973008848,1.7,-9.22876221461382));
#5750=CARTESIAN_POINT('Origin',(-10.4472795315585,1.7,-9.61739831708552));
#5751=CARTESIAN_POINT('Origin',(-10.4472795315585,1.7,-9.61739831708552));
#5752=CARTESIAN_POINT('Origin',(-7.03503554323602,1.7,-5.40189891820193));
#5753=CARTESIAN_POINT('',(-7.03503554323602,0.,-5.40189891820193));
#5754=CARTESIAN_POINT('',(-6.76022831976436,-0.853553390593273,-5.62434214675204));
#5755=CARTESIAN_POINT('Origin',(-7.03503554323604,-0.5,-5.40189891820191));
#5756=CARTESIAN_POINT('Origin',(-7.03503554323602,1.7,-5.40189891820193));
#5757=CARTESIAN_POINT('Origin',(-7.03503554323604,-0.5,-5.40189891820191));
#5758=CARTESIAN_POINT('Origin',(-8.55609717325487,-0.5,-7.28102432920799));
#5759=CARTESIAN_POINT('',(-9.06311771659448,-2.77555756156284E-16,-7.90739946621001));
#5760=CARTESIAN_POINT('',(-8.78831049312282,-0.853553390593274,-8.12984269476012));
#5761=CARTESIAN_POINT('Origin',(-9.06311771659451,-0.5,-7.90739946620998));
#5762=CARTESIAN_POINT('Origin',(-9.06311771659451,-0.5,-7.90739946620998));
#5763=CARTESIAN_POINT('',(-8.28128994978321,-0.853553390593274,-7.5034675577581));
#5764=CARTESIAN_POINT('Origin',(-9.06311771659448,1.7,-7.90739946621));
#5765=CARTESIAN_POINT('Origin',(-9.06311771659448,1.7,-7.90739946621));
#5766=CARTESIAN_POINT('Origin',(4.96613639704364,0.,4.57165060847375));
#5767=CARTESIAN_POINT('',(5.30477718285651,1.7,4.20378865313719));
#5768=CARTESIAN_POINT('',(5.30477718285651,0.,4.20378865313719));
#5769=CARTESIAN_POINT('',(5.21246073606356,1.7,5.00676475442444));
#5770=CARTESIAN_POINT('Origin',(4.96613639704363,1.7,4.57165060847375));
#5771=CARTESIAN_POINT('Origin',(4.96613639704363,1.7,4.57165060847375));
#5772=CARTESIAN_POINT('Origin',(6.04996348873138,1.7,6.48615285065674));
#5773=CARTESIAN_POINT('',(6.04996348873137,0.,6.48615285065674));
#5774=CARTESIAN_POINT('',(5.74229132553946,-0.853553390593273,6.66033046114904));
#5775=CARTESIAN_POINT('Origin',(6.04996348873139,-0.5,6.48615285065673));
#5776=CARTESIAN_POINT('Origin',(6.04996348873138,1.7,6.48615285065674));
#5777=CARTESIAN_POINT('Origin',(6.04996348873139,-0.5,6.48615285065673));
#5778=CARTESIAN_POINT('Origin',(7.24098594356197,-0.5,8.59000795609855));
#5779=CARTESIAN_POINT('',(7.6379934285055,-2.77555756156284E-16,9.29129299124582));
#5780=CARTESIAN_POINT('',(7.33032126531359,-0.853553390593274,9.46547060173812));
#5781=CARTESIAN_POINT('Origin',(7.63799342850554,-0.5,9.2912929912458));
#5782=CARTESIAN_POINT('Origin',(7.63799342850554,-0.5,9.2912929912458));
#5783=CARTESIAN_POINT('',(6.93331378037005,-0.853553390593274,8.76418556659085));
#5784=CARTESIAN_POINT('Origin',(7.63799342850551,1.7,9.29129299124582));
#5785=CARTESIAN_POINT('',(9.16155739579652,1.7,10.9678215369103));
#5786=CARTESIAN_POINT('',(8.47549618117332,1.7,10.7706810874781));
#5787=CARTESIAN_POINT('Origin',(8.72182052019328,1.7,11.2057952334288));
#5788=CARTESIAN_POINT('Origin',(8.72182052019328,1.7,11.2057952334288));
#5789=CARTESIAN_POINT('Origin',(7.63799342850551,1.7,9.29129299124582));
#5790=CARTESIAN_POINT('Origin',(2.12097335258718,21.1,8.61241598244538));
#5791=CARTESIAN_POINT('',(2.12097335258718,22.8,8.61241598244537));
#5792=CARTESIAN_POINT('',(1.8068769728558,22.9464466094067,8.77472268051923));
#5793=CARTESIAN_POINT('Origin',(2.12097335258718,23.3,8.61241598244537));
#5794=CARTESIAN_POINT('Origin',(2.12097335258718,23.3,8.61241598244537));
#5795=CARTESIAN_POINT('',(1.340549818075,21.1,7.10213815807679));
#5796=CARTESIAN_POINT('Origin',(2.12097335258718,21.1,8.61241598244538));
#5797=CARTESIAN_POINT('',(1.60419413609631,21.1,6.57564150282801));
#5798=CARTESIAN_POINT('Origin',(1.11101348439495,21.1,6.65793879796838));
#5799=CARTESIAN_POINT('Origin',(1.11101348439495,21.1,6.65793879796838));
#5800=CARTESIAN_POINT('Origin',(4.22052069545041,23.3,12.6754659199647));
#5801=CARTESIAN_POINT('',(3.60077259451427,22.8,11.476127647672));
#5802=CARTESIAN_POINT('',(3.28667621478289,22.9464466094067,11.6384343457459));
#5803=CARTESIAN_POINT('Origin',(3.60077259451427,23.3,11.476127647672));
#5804=CARTESIAN_POINT('',(3.90642431571903,22.9464466094067,12.8377726180386));
#5805=CARTESIAN_POINT('Origin',(3.60077259451427,23.3,11.476127647672));
#5806=CARTESIAN_POINT('Origin',(3.60077259451427,21.1,11.476127647672));
#5807=CARTESIAN_POINT('',(4.38119612902645,21.1,12.9864054720406));
#5808=CARTESIAN_POINT('',(5.10391311440786,21.1,13.3483075370086));
#5809=CARTESIAN_POINT('Origin',(4.6107324627065,21.1,13.430604832149));
#5810=CARTESIAN_POINT('Origin',(4.6107324627065,21.1,13.430604832149));
#5811=CARTESIAN_POINT('Origin',(3.60077259451427,21.1,11.476127647672));
#5812=CARTESIAN_POINT('Origin',(1.11101348439495,11.4,6.65793879796838));
#5813=CARTESIAN_POINT('',(1.60419413609631,11.4,6.57564150282801));
#5814=CARTESIAN_POINT('Origin',(4.8025000641345,21.1,7.45709260711261));
#5815=CARTESIAN_POINT('',(4.8025000641345,22.8,7.45709260711261));
#5816=CARTESIAN_POINT('',(4.55812319134176,22.9464466094067,7.71259200837226));
#5817=CARTESIAN_POINT('Origin',(4.8025000641345,23.3,7.4570926071126));
#5818=CARTESIAN_POINT('Origin',(4.8025000641345,23.3,7.4570926071126));
#5819=CARTESIAN_POINT('',(3.57397562143985,21.1,6.28204890847762));
#5820=CARTESIAN_POINT('Origin',(4.8025000641345,21.1,7.45709260711261));
#5821=CARTESIAN_POINT('',(3.65238177860349,21.1,5.69847412412526));
#5822=CARTESIAN_POINT('Origin',(3.21264490300024,21.1,5.9364478206438));
#5823=CARTESIAN_POINT('Origin',(3.21264490300024,21.1,5.9364478206438));
#5824=CARTESIAN_POINT('Origin',(8.10755829884595,23.3,10.6182733841113));
#5825=CARTESIAN_POINT('',(7.13196535905902,22.8,9.68515044695998));
#5826=CARTESIAN_POINT('',(6.88758848626628,22.9464466094067,9.94064984821963));
#5827=CARTESIAN_POINT('Origin',(7.13196535905902,23.3,9.68515044695998));
#5828=CARTESIAN_POINT('',(7.86318142605321,22.9464466094067,10.8737727853709));
#5829=CARTESIAN_POINT('Origin',(7.13196535905902,23.3,9.68515044695998));
#5830=CARTESIAN_POINT('Origin',(7.13196535905902,21.1,9.68515044695998));
#5831=CARTESIAN_POINT('',(8.36048980175367,21.1,10.860194145595));
#5832=CARTESIAN_POINT('',(9.16155739579652,21.1,10.9678215369103));
#5833=CARTESIAN_POINT('Origin',(8.72182052019328,21.1,11.2057952334288));
#5834=CARTESIAN_POINT('Origin',(8.72182052019328,21.1,11.2057952334288));
#5835=CARTESIAN_POINT('Origin',(7.13196535905902,21.1,9.68515044695998));
#5836=CARTESIAN_POINT('Origin',(8.72182052019328,11.4,11.2057952334288));
#5837=CARTESIAN_POINT('',(9.16155739579652,11.4,10.9678215369103));
#5838=CARTESIAN_POINT('Origin',(4.20726797419394,1.7,11.2679175208372));
#5839=CARTESIAN_POINT('',(5.10391311440786,1.7,13.3483075370086));
#5840=CARTESIAN_POINT('',(4.51903598804455,1.7,12.939084988669));
#5841=CARTESIAN_POINT('Origin',(4.6107324627065,1.7,13.430604832149));
#5842=CARTESIAN_POINT('Origin',(4.6107324627065,1.7,13.430604832149));
#5843=CARTESIAN_POINT('',(4.20726797419394,-2.77555756156284E-16,11.2679175208372));
#5844=CARTESIAN_POINT('Origin',(4.20726797419394,1.7,11.2679175208372));
#5845=CARTESIAN_POINT('',(3.8597109597815,-0.853553390593274,11.3327567198815));
#5846=CARTESIAN_POINT('Origin',(4.20726797419397,-0.5,11.2679175208372));
#5847=CARTESIAN_POINT('Origin',(4.20726797419397,-0.5,11.2679175208372));
#5848=CARTESIAN_POINT('Origin',(4.05947832852364,-0.5,10.4757219236168));
#5849=CARTESIAN_POINT('',(3.26855237710033,-0.853553390593273,8.16397433100002));
#5850=CARTESIAN_POINT('',(3.71192131411121,-0.853553390593274,10.5405611226611));
#5851=CARTESIAN_POINT('',(3.61610939151277,0.,8.09913513195566));
#5852=CARTESIAN_POINT('Origin',(3.61610939151279,-0.5,8.09913513195566));
#5853=CARTESIAN_POINT('Origin',(3.61610939151279,-0.5,8.09913513195566));
#5854=CARTESIAN_POINT('Origin',(3.61610939151277,1.7,8.09913513195566));
#5855=CARTESIAN_POINT('',(3.30434137766216,1.7,6.42796766412377));
#5856=CARTESIAN_POINT('Origin',(3.61610939151277,1.7,8.09913513195566));
#5857=CARTESIAN_POINT('',(3.65238177860349,1.7,5.69847412412526));
#5858=CARTESIAN_POINT('Origin',(3.21264490300024,1.7,5.9364478206438));
#5859=CARTESIAN_POINT('Origin',(3.21264490300024,1.7,5.9364478206438));
#5860=CARTESIAN_POINT('Origin',(3.21264490300025,0.,5.9364478206438));
#5861=CARTESIAN_POINT('',(3.65238177860349,0.,5.69847412412526));
#5862=CARTESIAN_POINT('Origin',(4.6107324627065,0.,13.430604832149));
#5863=CARTESIAN_POINT('',(5.10391311440786,0.,13.3483075370086));
#5864=CARTESIAN_POINT('Origin',(0.,21.1,0.));
#5865=CARTESIAN_POINT('',(-1.09605888523688E-15,22.8,8.95));
#5866=CARTESIAN_POINT('Origin',(0.,22.8,0.));
#5867=CARTESIAN_POINT('',(-8.87868929381831E-16,21.1,7.25));
#5868=CARTESIAN_POINT('Origin',(-1.09605888523688E-15,21.1,8.95));
#5869=CARTESIAN_POINT('',(-7.25,21.1,-8.87868929381831E-16));
#5870=CARTESIAN_POINT('Origin',(0.,21.1,0.));
#5871=CARTESIAN_POINT('Origin',(0.,21.1,0.));
#5872=CARTESIAN_POINT('Origin',(0.,22.8,0.));
#5873=CARTESIAN_POINT('',(-1.46957615897682E-15,22.8,-12.));
#5874=CARTESIAN_POINT('Origin',(0.,22.8,0.));
#5875=CARTESIAN_POINT('Origin',(0.,11.4,0.));
#5876=CARTESIAN_POINT('',(-7.25,13.1,8.87868929381831E-16));
#5877=CARTESIAN_POINT('',(-7.25,11.4,8.87868929381831E-16));
#5878=CARTESIAN_POINT('',(-8.87868929381831E-16,13.1,7.25));
#5879=CARTESIAN_POINT('Origin',(0.,13.1,0.));
#5880=CARTESIAN_POINT('Origin',(0.,13.1,0.));
#5881=CARTESIAN_POINT('Origin',(0.,21.1,0.));
#5882=CARTESIAN_POINT('',(-1.67776611483187E-15,21.1,-13.7));
#5883=CARTESIAN_POINT('Origin',(-1.46957615897682E-15,21.1,-12.));
#5884=CARTESIAN_POINT('',(-13.7,21.1,1.67776611483187E-15));
#5885=CARTESIAN_POINT('Origin',(0.,21.1,0.));
#5886=CARTESIAN_POINT('Origin',(0.,21.1,0.));
#5887=CARTESIAN_POINT('Origin',(0.,11.4,0.));
#5888=CARTESIAN_POINT('',(-13.7,13.1,-1.67776611483187E-15));
#5889=CARTESIAN_POINT('',(-13.7,11.4,1.67776611483187E-15));
#5890=CARTESIAN_POINT('',(-1.67776611483187E-15,13.1,-13.7));
#5891=CARTESIAN_POINT('Origin',(0.,13.1,0.));
#5892=CARTESIAN_POINT('Origin',(0.,13.1,0.));
#5893=CARTESIAN_POINT('Origin',(0.,13.1,0.));
#5894=CARTESIAN_POINT('',(-1.09605888523688E-15,11.4,8.95));
#5895=CARTESIAN_POINT('Origin',(-1.09605888523688E-15,13.1,8.95));
#5896=CARTESIAN_POINT('Origin',(0.,11.4,0.));
#5897=CARTESIAN_POINT('Origin',(0.,11.4,0.));
#5898=CARTESIAN_POINT('',(-1.46957615897682E-15,11.4,-12.));
#5899=CARTESIAN_POINT('Origin',(0.,11.4,0.));
#5900=CARTESIAN_POINT('Origin',(0.,13.1,0.));
#5901=CARTESIAN_POINT('Origin',(-1.46957615897682E-15,13.1,-12.));
#5902=UNCERTAINTY_MEASURE_WITH_UNIT(LENGTH_MEASURE(0.01),#5906,
'DISTANCE_ACCURACY_VALUE',
'Maximum model space distance between geometric entities at asserted c
onnectivities');
#5903=UNCERTAINTY_MEASURE_WITH_UNIT(LENGTH_MEASURE(0.01),#5906,
'DISTANCE_ACCURACY_VALUE',
'Maximum model space distance between geometric entities at asserted c
onnectivities');
#5904=(
GEOMETRIC_REPRESENTATION_CONTEXT(3)
GLOBAL_UNCERTAINTY_ASSIGNED_CONTEXT((#5902))
GLOBAL_UNIT_ASSIGNED_CONTEXT((#5906,#5908,#5909))
REPRESENTATION_CONTEXT('','3D')
);
#5905=(
GEOMETRIC_REPRESENTATION_CONTEXT(3)
GLOBAL_UNCERTAINTY_ASSIGNED_CONTEXT((#5903))
GLOBAL_UNIT_ASSIGNED_CONTEXT((#5906,#5908,#5909))
REPRESENTATION_CONTEXT('','3D')
);
#5906=(
LENGTH_UNIT()
NAMED_UNIT(*)
SI_UNIT(.MILLI.,.METRE.)
);
#5907=(
LENGTH_UNIT()
NAMED_UNIT(*)
SI_UNIT($,.METRE.)
);
#5908=(
NAMED_UNIT(*)
PLANE_ANGLE_UNIT()
SI_UNIT($,.RADIAN.)
);
#5909=(
NAMED_UNIT(*)
SI_UNIT($,.STERADIAN.)
SOLID_ANGLE_UNIT()
);
#5910=SHAPE_DEFINITION_REPRESENTATION(#5911,#5912);
#5911=PRODUCT_DEFINITION_SHAPE('',$,#5914);
#5912=SHAPE_REPRESENTATION('',(#3090),#5904);
#5913=PRODUCT_DEFINITION_CONTEXT('part definition',#5918,'design');
#5914=PRODUCT_DEFINITION('koolmu core','koolmu core v2',#5915,#5913);
#5915=PRODUCT_DEFINITION_FORMATION('',$,#5920);
#5916=PRODUCT_RELATED_PRODUCT_CATEGORY('koolmu core v2',
'koolmu core v2',(#5920));
#5917=APPLICATION_PROTOCOL_DEFINITION('international standard',
'automotive_design',2009,#5918);
#5918=APPLICATION_CONTEXT(
'Core Data for Automotive Mechanical Design Process');
#5919=PRODUCT_CONTEXT('part definition',#5918,'mechanical');
#5920=PRODUCT('koolmu core','koolmu core v2',$,(#5919));
#5921=PRESENTATION_STYLE_ASSIGNMENT((#5924));
#5922=PRESENTATION_STYLE_ASSIGNMENT((#5925));
#5923=PRESENTATION_STYLE_ASSIGNMENT((#5926));
#5924=SURFACE_STYLE_USAGE(.BOTH.,#5927);
#5925=SURFACE_STYLE_USAGE(.BOTH.,#5928);
#5926=SURFACE_STYLE_USAGE(.BOTH.,#5929);
#5927=SURFACE_SIDE_STYLE('',(#5930));
#5928=SURFACE_SIDE_STYLE('',(#5931));
#5929=SURFACE_SIDE_STYLE('',(#5932));
#5930=SURFACE_STYLE_FILL_AREA(#5933);
#5931=SURFACE_STYLE_FILL_AREA(#5934);
#5932=SURFACE_STYLE_FILL_AREA(#5935);
#5933=FILL_AREA_STYLE('Steel - Satin',(#5936));
#5934=FILL_AREA_STYLE('Powder Coat (Black)',(#5937));
#5935=FILL_AREA_STYLE('Copper - Raw',(#5938));
#5936=FILL_AREA_STYLE_COLOUR('Steel - Satin',#5939);
#5937=FILL_AREA_STYLE_COLOUR('Powder Coat (Black)',#5940);
#5938=FILL_AREA_STYLE_COLOUR('Copper - Raw',#5941);
#5939=COLOUR_RGB('Steel - Satin',0.627450980392157,0.627450980392157,0.627450980392157);
#5940=COLOUR_RGB('Powder Coat (Black)',0.0980392156862745,0.0980392156862745,
0.0980392156862745);
#5941=COLOUR_RGB('Copper - Raw',0.,0.,0.);
ENDSEC;
END-ISO-10303-21;
