ISO-10303-21;
HEADER;
/* Generated by software containing ST-Developer
 * from STEP Tools, Inc. (www.steptools.com) 
 */

FILE_DESCRIPTION(
/* description */ (''),
/* implementation_level */ '2;1');

FILE_NAME(
/* name */ 'koolmu core.step',
/* time_stamp */ '2026-06-14T13:39:52-07:00',
/* author */ (''),
/* organization */ (''),
/* preprocessor_version */ 'ST-DEVELOPER v20.1',
/* originating_system */ 'Autodesk Translation Framework v15.8.0.0',
/* authorisation */ '');

FILE_SCHEMA (('AUTOMOTIVE_DESIGN { 1 0 10303 214 3 1 1 }'));
ENDSEC;

DATA;
#10=MECHANICAL_DESIGN_GEOMETRIC_PRESENTATION_REPRESENTATION('',(#13,#14),
#5668);
#11=SHAPE_REPRESENTATION_RELATIONSHIP('SRR','None',#5675,#12);
#12=ADVANCED_BREP_SHAPE_REPRESENTATION('',(#15,#16),#5667);
#13=STYLED_ITEM('',(#5685),#15);
#14=STYLED_ITEM('',(#5686),#16);
#15=MANIFOLD_SOLID_BREP('Body1',#2951);
#16=MANIFOLD_SOLID_BREP('Body34',#2952);
#17=LINE('',#4728,#95);
#18=LINE('',#4740,#96);
#19=LINE('',#4768,#97);
#20=LINE('',#4790,#98);
#21=LINE('',#4811,#99);
#22=LINE('',#4820,#100);
#23=LINE('',#4822,#101);
#24=LINE('',#4837,#102);
#25=LINE('',#4847,#103);
#26=LINE('',#4853,#104);
#27=LINE('',#4872,#105);
#28=LINE('',#4893,#106);
#29=LINE('',#4902,#107);
#30=LINE('',#4904,#108);
#31=LINE('',#4920,#109);
#32=LINE('',#4942,#110);
#33=LINE('',#4963,#111);
#34=LINE('',#4972,#112);
#35=LINE('',#4975,#113);
#36=LINE('',#4990,#114);
#37=LINE('',#5011,#115);
#38=LINE('',#5020,#116);
#39=LINE('',#5023,#117);
#40=LINE('',#5038,#118);
#41=LINE('',#5059,#119);
#42=LINE('',#5068,#120);
#43=LINE('',#5070,#121);
#44=LINE('',#5085,#122);
#45=LINE('',#5094,#123);
#46=LINE('',#5096,#124);
#47=LINE('',#5111,#125);
#48=LINE('',#5121,#126);
#49=LINE('',#5127,#127);
#50=LINE('',#5146,#128);
#51=LINE('',#5163,#129);
#52=LINE('',#5173,#130);
#53=LINE('',#5179,#131);
#54=LINE('',#5194,#132);
#55=LINE('',#5215,#133);
#56=LINE('',#5224,#134);
#57=LINE('',#5227,#135);
#58=LINE('',#5242,#136);
#59=LINE('',#5256,#137);
#60=LINE('',#5277,#138);
#61=LINE('',#5286,#139);
#62=LINE('',#5288,#140);
#63=LINE('',#5304,#141);
#64=LINE('',#5325,#142);
#65=LINE('',#5334,#143);
#66=LINE('',#5336,#144);
#67=LINE('',#5351,#145);
#68=LINE('',#5361,#146);
#69=LINE('',#5366,#147);
#70=LINE('',#5378,#148);
#71=LINE('',#5396,#149);
#72=LINE('',#5413,#150);
#73=LINE('',#5423,#151);
#74=LINE('',#5428,#152);
#75=LINE('',#5443,#153);
#76=LINE('',#5453,#154);
#77=LINE('',#5459,#155);
#78=LINE('',#5477,#156);
#79=LINE('',#5487,#157);
#80=LINE('',#5493,#158);
#81=LINE('',#5512,#159);
#82=LINE('',#5526,#160);
#83=LINE('',#5547,#161);
#84=LINE('',#5556,#162);
#85=LINE('',#5558,#163);
#86=LINE('',#5570,#164);
#87=LINE('',#5592,#165);
#88=LINE('',#5609,#166);
#89=LINE('',#5618,#167);
#90=LINE('',#5620,#168);
#91=LINE('',#5635,#169);
#92=LINE('',#5644,#170);
#93=LINE('',#5647,#171);
#94=LINE('',#5662,#172);
#95=VECTOR('',#3540,7.25);
#96=VECTOR('',#3555,13.7);
#97=VECTOR('',#3592,0.5);
#98=VECTOR('',#3619,0.5);
#99=VECTOR('',#3644,0.5);
#100=VECTOR('',#3657,0.5);
#101=VECTOR('',#3660,0.5);
#102=VECTOR('',#3677,0.5);
#103=VECTOR('',#3690,0.5);
#104=VECTOR('',#3697,0.5);
#105=VECTOR('',#3720,0.5);
#106=VECTOR('',#3745,0.5);
#107=VECTOR('',#3758,0.5);
#108=VECTOR('',#3761,0.5);
#109=VECTOR('',#3780,0.5);
#110=VECTOR('',#3807,0.5);
#111=VECTOR('',#3832,0.5);
#112=VECTOR('',#3845,0.5);
#113=VECTOR('',#3848,0.5);
#114=VECTOR('',#3867,0.5);
#115=VECTOR('',#3892,0.5);
#116=VECTOR('',#3905,0.5);
#117=VECTOR('',#3908,0.5);
#118=VECTOR('',#3927,0.5);
#119=VECTOR('',#3952,0.5);
#120=VECTOR('',#3965,0.5);
#121=VECTOR('',#3968,0.5);
#122=VECTOR('',#3985,0.5);
#123=VECTOR('',#3998,0.5);
#124=VECTOR('',#4001,0.5);
#125=VECTOR('',#4018,0.5);
#126=VECTOR('',#4031,0.5);
#127=VECTOR('',#4038,0.5);
#128=VECTOR('',#4061,0.5);
#129=VECTOR('',#4082,0.5);
#130=VECTOR('',#4095,0.5);
#131=VECTOR('',#4102,0.5);
#132=VECTOR('',#4121,0.5);
#133=VECTOR('',#4146,0.5);
#134=VECTOR('',#4159,0.5);
#135=VECTOR('',#4162,0.5);
#136=VECTOR('',#4181,0.5);
#137=VECTOR('',#4200,0.5);
#138=VECTOR('',#4225,0.5);
#139=VECTOR('',#4238,0.5);
#140=VECTOR('',#4241,0.5);
#141=VECTOR('',#4260,0.5);
#142=VECTOR('',#4285,0.5);
#143=VECTOR('',#4298,0.5);
#144=VECTOR('',#4301,0.5);
#145=VECTOR('',#4318,0.5);
#146=VECTOR('',#4331,0.5);
#147=VECTOR('',#4338,0.5);
#148=VECTOR('',#4353,0.5);
#149=VECTOR('',#4376,0.5);
#150=VECTOR('',#4397,0.5);
#151=VECTOR('',#4410,0.5);
#152=VECTOR('',#4417,0.5);
#153=VECTOR('',#4434,0.5);
#154=VECTOR('',#4447,0.5);
#155=VECTOR('',#4454,0.5);
#156=VECTOR('',#4475,0.5);
#157=VECTOR('',#4488,0.5);
#158=VECTOR('',#4495,0.5);
#159=VECTOR('',#4518,0.5);
#160=VECTOR('',#4537,0.5);
#161=VECTOR('',#4562,0.5);
#162=VECTOR('',#4575,0.5);
#163=VECTOR('',#4578,0.5);
#164=VECTOR('',#4593,0.5);
#165=VECTOR('',#4620,0.5);
#166=VECTOR('',#4641,0.5);
#167=VECTOR('',#4654,0.5);
#168=VECTOR('',#4657,0.5);
#169=VECTOR('',#4674,0.5);
#170=VECTOR('',#4687,0.5);
#171=VECTOR('',#4690,0.5);
#172=VECTOR('',#4709,0.5);
#173=CYLINDRICAL_SURFACE('',#2973,7.25);
#174=CYLINDRICAL_SURFACE('',#2980,13.7);
#175=CYLINDRICAL_SURFACE('',#2996,0.5);
#176=CYLINDRICAL_SURFACE('',#3009,0.5);
#177=CYLINDRICAL_SURFACE('',#3022,0.5);
#178=CYLINDRICAL_SURFACE('',#3029,0.5);
#179=CYLINDRICAL_SURFACE('',#3030,0.5);
#180=CYLINDRICAL_SURFACE('',#3037,0.5);
#181=CYLINDRICAL_SURFACE('',#3044,0.5);
#182=CYLINDRICAL_SURFACE('',#3047,0.5);
#183=CYLINDRICAL_SURFACE('',#3056,0.5);
#184=CYLINDRICAL_SURFACE('',#3069,0.5);
#185=CYLINDRICAL_SURFACE('',#3076,0.5);
#186=CYLINDRICAL_SURFACE('',#3077,0.5);
#187=CYLINDRICAL_SURFACE('',#3084,0.5);
#188=CYLINDRICAL_SURFACE('',#3097,0.5);
#189=CYLINDRICAL_SURFACE('',#3110,0.5);
#190=CYLINDRICAL_SURFACE('',#3117,0.5);
#191=CYLINDRICAL_SURFACE('',#3118,0.5);
#192=CYLINDRICAL_SURFACE('',#3125,0.5);
#193=CYLINDRICAL_SURFACE('',#3138,0.5);
#194=CYLINDRICAL_SURFACE('',#3145,0.5);
#195=CYLINDRICAL_SURFACE('',#3146,0.5);
#196=CYLINDRICAL_SURFACE('',#3153,0.5);
#197=CYLINDRICAL_SURFACE('',#3166,0.5);
#198=CYLINDRICAL_SURFACE('',#3173,0.5);
#199=CYLINDRICAL_SURFACE('',#3174,0.5);
#200=CYLINDRICAL_SURFACE('',#3181,0.5);
#201=CYLINDRICAL_SURFACE('',#3188,0.5);
#202=CYLINDRICAL_SURFACE('',#3189,0.5);
#203=CYLINDRICAL_SURFACE('',#3196,0.5);
#204=CYLINDRICAL_SURFACE('',#3203,0.5);
#205=CYLINDRICAL_SURFACE('',#3206,0.5);
#206=CYLINDRICAL_SURFACE('',#3215,0.5);
#207=CYLINDRICAL_SURFACE('',#3226,0.5);
#208=CYLINDRICAL_SURFACE('',#3233,0.5);
#209=CYLINDRICAL_SURFACE('',#3236,0.5);
#210=CYLINDRICAL_SURFACE('',#3243,0.5);
#211=CYLINDRICAL_SURFACE('',#3256,0.5);
#212=CYLINDRICAL_SURFACE('',#3263,0.5);
#213=CYLINDRICAL_SURFACE('',#3264,0.5);
#214=CYLINDRICAL_SURFACE('',#3271,0.5);
#215=CYLINDRICAL_SURFACE('',#3280,0.5);
#216=CYLINDRICAL_SURFACE('',#3293,0.5);
#217=CYLINDRICAL_SURFACE('',#3300,0.5);
#218=CYLINDRICAL_SURFACE('',#3301,0.5);
#219=CYLINDRICAL_SURFACE('',#3308,0.5);
#220=CYLINDRICAL_SURFACE('',#3321,0.5);
#221=CYLINDRICAL_SURFACE('',#3328,0.5);
#222=CYLINDRICAL_SURFACE('',#3329,0.5);
#223=CYLINDRICAL_SURFACE('',#3336,0.5);
#224=CYLINDRICAL_SURFACE('',#3343,0.500000000000001);
#225=CYLINDRICAL_SURFACE('',#3346,0.5);
#226=CYLINDRICAL_SURFACE('',#3351,0.5);
#227=CYLINDRICAL_SURFACE('',#3362,0.5);
#228=CYLINDRICAL_SURFACE('',#3373,0.5);
#229=CYLINDRICAL_SURFACE('',#3380,0.5);
#230=CYLINDRICAL_SURFACE('',#3383,0.5);
#231=CYLINDRICAL_SURFACE('',#3390,0.5);
#232=CYLINDRICAL_SURFACE('',#3397,0.5);
#233=CYLINDRICAL_SURFACE('',#3400,0.5);
#234=CYLINDRICAL_SURFACE('',#3409,0.5);
#235=CYLINDRICAL_SURFACE('',#3416,0.5);
#236=CYLINDRICAL_SURFACE('',#3419,0.5);
#237=CYLINDRICAL_SURFACE('',#3428,0.5);
#238=CYLINDRICAL_SURFACE('',#3437,0.5);
#239=CYLINDRICAL_SURFACE('',#3450,0.5);
#240=CYLINDRICAL_SURFACE('',#3457,0.5);
#241=CYLINDRICAL_SURFACE('',#3458,0.5);
#242=CYLINDRICAL_SURFACE('',#3463,0.5);
#243=CYLINDRICAL_SURFACE('',#3476,0.5);
#244=CYLINDRICAL_SURFACE('',#3487,0.5);
#245=CYLINDRICAL_SURFACE('',#3494,0.500000000000001);
#246=CYLINDRICAL_SURFACE('',#3495,0.5);
#247=CYLINDRICAL_SURFACE('',#3502,0.5);
#248=CYLINDRICAL_SURFACE('',#3509,0.5);
#249=CYLINDRICAL_SURFACE('',#3510,0.5);
#250=CYLINDRICAL_SURFACE('',#3517,0.5);
#251=FACE_BOUND('',#417,.T.);
#252=FACE_BOUND('',#423,.T.);
#253=PLANE('',#2971);
#254=PLANE('',#2986);
#255=FACE_OUTER_BOUND('',#415,.T.);
#256=FACE_OUTER_BOUND('',#416,.T.);
#257=FACE_OUTER_BOUND('',#418,.T.);
#258=FACE_OUTER_BOUND('',#419,.T.);
#259=FACE_OUTER_BOUND('',#420,.T.);
#260=FACE_OUTER_BOUND('',#421,.T.);
#261=FACE_OUTER_BOUND('',#422,.T.);
#262=FACE_OUTER_BOUND('',#424,.T.);
#263=FACE_OUTER_BOUND('',#425,.T.);
#264=FACE_OUTER_BOUND('',#426,.T.);
#265=FACE_OUTER_BOUND('',#427,.T.);
#266=FACE_OUTER_BOUND('',#428,.T.);
#267=FACE_OUTER_BOUND('',#429,.T.);
#268=FACE_OUTER_BOUND('',#430,.T.);
#269=FACE_OUTER_BOUND('',#431,.T.);
#270=FACE_OUTER_BOUND('',#432,.T.);
#271=FACE_OUTER_BOUND('',#433,.T.);
#272=FACE_OUTER_BOUND('',#434,.T.);
#273=FACE_OUTER_BOUND('',#435,.T.);
#274=FACE_OUTER_BOUND('',#436,.T.);
#275=FACE_OUTER_BOUND('',#437,.T.);
#276=FACE_OUTER_BOUND('',#438,.T.);
#277=FACE_OUTER_BOUND('',#439,.T.);
#278=FACE_OUTER_BOUND('',#440,.T.);
#279=FACE_OUTER_BOUND('',#441,.T.);
#280=FACE_OUTER_BOUND('',#442,.T.);
#281=FACE_OUTER_BOUND('',#443,.T.);
#282=FACE_OUTER_BOUND('',#444,.T.);
#283=FACE_OUTER_BOUND('',#445,.T.);
#284=FACE_OUTER_BOUND('',#446,.T.);
#285=FACE_OUTER_BOUND('',#447,.T.);
#286=FACE_OUTER_BOUND('',#448,.T.);
#287=FACE_OUTER_BOUND('',#449,.T.);
#288=FACE_OUTER_BOUND('',#450,.T.);
#289=FACE_OUTER_BOUND('',#451,.T.);
#290=FACE_OUTER_BOUND('',#452,.T.);
#291=FACE_OUTER_BOUND('',#453,.T.);
#292=FACE_OUTER_BOUND('',#454,.T.);
#293=FACE_OUTER_BOUND('',#455,.T.);
#294=FACE_OUTER_BOUND('',#456,.T.);
#295=FACE_OUTER_BOUND('',#457,.T.);
#296=FACE_OUTER_BOUND('',#458,.T.);
#297=FACE_OUTER_BOUND('',#459,.T.);
#298=FACE_OUTER_BOUND('',#460,.T.);
#299=FACE_OUTER_BOUND('',#461,.T.);
#300=FACE_OUTER_BOUND('',#462,.T.);
#301=FACE_OUTER_BOUND('',#463,.T.);
#302=FACE_OUTER_BOUND('',#464,.T.);
#303=FACE_OUTER_BOUND('',#465,.T.);
#304=FACE_OUTER_BOUND('',#466,.T.);
#305=FACE_OUTER_BOUND('',#467,.T.);
#306=FACE_OUTER_BOUND('',#468,.T.);
#307=FACE_OUTER_BOUND('',#469,.T.);
#308=FACE_OUTER_BOUND('',#470,.T.);
#309=FACE_OUTER_BOUND('',#471,.T.);
#310=FACE_OUTER_BOUND('',#472,.T.);
#311=FACE_OUTER_BOUND('',#473,.T.);
#312=FACE_OUTER_BOUND('',#474,.T.);
#313=FACE_OUTER_BOUND('',#475,.T.);
#314=FACE_OUTER_BOUND('',#476,.T.);
#315=FACE_OUTER_BOUND('',#477,.T.);
#316=FACE_OUTER_BOUND('',#478,.T.);
#317=FACE_OUTER_BOUND('',#479,.T.);
#318=FACE_OUTER_BOUND('',#480,.T.);
#319=FACE_OUTER_BOUND('',#481,.T.);
#320=FACE_OUTER_BOUND('',#482,.T.);
#321=FACE_OUTER_BOUND('',#483,.T.);
#322=FACE_OUTER_BOUND('',#484,.T.);
#323=FACE_OUTER_BOUND('',#485,.T.);
#324=FACE_OUTER_BOUND('',#486,.T.);
#325=FACE_OUTER_BOUND('',#487,.T.);
#326=FACE_OUTER_BOUND('',#488,.T.);
#327=FACE_OUTER_BOUND('',#489,.T.);
#328=FACE_OUTER_BOUND('',#490,.T.);
#329=FACE_OUTER_BOUND('',#491,.T.);
#330=FACE_OUTER_BOUND('',#492,.T.);
#331=FACE_OUTER_BOUND('',#493,.T.);
#332=FACE_OUTER_BOUND('',#494,.T.);
#333=FACE_OUTER_BOUND('',#495,.T.);
#334=FACE_OUTER_BOUND('',#496,.T.);
#335=FACE_OUTER_BOUND('',#497,.T.);
#336=FACE_OUTER_BOUND('',#498,.T.);
#337=FACE_OUTER_BOUND('',#499,.T.);
#338=FACE_OUTER_BOUND('',#500,.T.);
#339=FACE_OUTER_BOUND('',#501,.T.);
#340=FACE_OUTER_BOUND('',#502,.T.);
#341=FACE_OUTER_BOUND('',#503,.T.);
#342=FACE_OUTER_BOUND('',#504,.T.);
#343=FACE_OUTER_BOUND('',#505,.T.);
#344=FACE_OUTER_BOUND('',#506,.T.);
#345=FACE_OUTER_BOUND('',#507,.T.);
#346=FACE_OUTER_BOUND('',#508,.T.);
#347=FACE_OUTER_BOUND('',#509,.T.);
#348=FACE_OUTER_BOUND('',#510,.T.);
#349=FACE_OUTER_BOUND('',#511,.T.);
#350=FACE_OUTER_BOUND('',#512,.T.);
#351=FACE_OUTER_BOUND('',#513,.T.);
#352=FACE_OUTER_BOUND('',#514,.T.);
#353=FACE_OUTER_BOUND('',#515,.T.);
#354=FACE_OUTER_BOUND('',#516,.T.);
#355=FACE_OUTER_BOUND('',#517,.T.);
#356=FACE_OUTER_BOUND('',#518,.T.);
#357=FACE_OUTER_BOUND('',#519,.T.);
#358=FACE_OUTER_BOUND('',#520,.T.);
#359=FACE_OUTER_BOUND('',#521,.T.);
#360=FACE_OUTER_BOUND('',#522,.T.);
#361=FACE_OUTER_BOUND('',#523,.T.);
#362=FACE_OUTER_BOUND('',#524,.T.);
#363=FACE_OUTER_BOUND('',#525,.T.);
#364=FACE_OUTER_BOUND('',#526,.T.);
#365=FACE_OUTER_BOUND('',#527,.T.);
#366=FACE_OUTER_BOUND('',#528,.T.);
#367=FACE_OUTER_BOUND('',#529,.T.);
#368=FACE_OUTER_BOUND('',#530,.T.);
#369=FACE_OUTER_BOUND('',#531,.T.);
#370=FACE_OUTER_BOUND('',#532,.T.);
#371=FACE_OUTER_BOUND('',#533,.T.);
#372=FACE_OUTER_BOUND('',#534,.T.);
#373=FACE_OUTER_BOUND('',#535,.T.);
#374=FACE_OUTER_BOUND('',#536,.T.);
#375=FACE_OUTER_BOUND('',#537,.T.);
#376=FACE_OUTER_BOUND('',#538,.T.);
#377=FACE_OUTER_BOUND('',#539,.T.);
#378=FACE_OUTER_BOUND('',#540,.T.);
#379=FACE_OUTER_BOUND('',#541,.T.);
#380=FACE_OUTER_BOUND('',#542,.T.);
#381=FACE_OUTER_BOUND('',#543,.T.);
#382=FACE_OUTER_BOUND('',#544,.T.);
#383=FACE_OUTER_BOUND('',#545,.T.);
#384=FACE_OUTER_BOUND('',#546,.T.);
#385=FACE_OUTER_BOUND('',#547,.T.);
#386=FACE_OUTER_BOUND('',#548,.T.);
#387=FACE_OUTER_BOUND('',#549,.T.);
#388=FACE_OUTER_BOUND('',#550,.T.);
#389=FACE_OUTER_BOUND('',#551,.T.);
#390=FACE_OUTER_BOUND('',#552,.T.);
#391=FACE_OUTER_BOUND('',#553,.T.);
#392=FACE_OUTER_BOUND('',#554,.T.);
#393=FACE_OUTER_BOUND('',#555,.T.);
#394=FACE_OUTER_BOUND('',#556,.T.);
#395=FACE_OUTER_BOUND('',#557,.T.);
#396=FACE_OUTER_BOUND('',#558,.T.);
#397=FACE_OUTER_BOUND('',#559,.T.);
#398=FACE_OUTER_BOUND('',#560,.T.);
#399=FACE_OUTER_BOUND('',#561,.T.);
#400=FACE_OUTER_BOUND('',#562,.T.);
#401=FACE_OUTER_BOUND('',#563,.T.);
#402=FACE_OUTER_BOUND('',#564,.T.);
#403=FACE_OUTER_BOUND('',#565,.T.);
#404=FACE_OUTER_BOUND('',#566,.T.);
#405=FACE_OUTER_BOUND('',#567,.T.);
#406=FACE_OUTER_BOUND('',#568,.T.);
#407=FACE_OUTER_BOUND('',#569,.T.);
#408=FACE_OUTER_BOUND('',#570,.T.);
#409=FACE_OUTER_BOUND('',#571,.T.);
#410=FACE_OUTER_BOUND('',#572,.T.);
#411=FACE_OUTER_BOUND('',#573,.T.);
#412=FACE_OUTER_BOUND('',#574,.T.);
#413=FACE_OUTER_BOUND('',#575,.T.);
#414=FACE_OUTER_BOUND('',#576,.T.);
#415=EDGE_LOOP('',(#1763,#1764,#1765,#1766,#1767));
#416=EDGE_LOOP('',(#1768));
#417=EDGE_LOOP('',(#1769));
#418=EDGE_LOOP('',(#1770,#1771,#1772,#1773,#1774,#1775));
#419=EDGE_LOOP('',(#1776,#1777,#1778,#1779,#1780));
#420=EDGE_LOOP('',(#1781,#1782,#1783,#1784,#1785,#1786));
#421=EDGE_LOOP('',(#1787,#1788,#1789,#1790,#1791));
#422=EDGE_LOOP('',(#1792));
#423=EDGE_LOOP('',(#1793));
#424=EDGE_LOOP('',(#1794,#1795,#1796,#1797,#1798));
#425=EDGE_LOOP('',(#1799,#1800,#1801,#1802,#1803,#1804));
#426=EDGE_LOOP('',(#1805,#1806,#1807,#1808,#1809,#1810));
#427=EDGE_LOOP('',(#1811,#1812,#1813,#1814,#1815,#1816));
#428=EDGE_LOOP('',(#1817,#1818,#1819,#1820,#1821,#1822));
#429=EDGE_LOOP('',(#1823,#1824,#1825,#1826,#1827,#1828));
#430=EDGE_LOOP('',(#1829,#1830,#1831,#1832,#1833,#1834));
#431=EDGE_LOOP('',(#1835,#1836,#1837,#1838,#1839,#1840));
#432=EDGE_LOOP('',(#1841,#1842,#1843,#1844,#1845,#1846));
#433=EDGE_LOOP('',(#1847,#1848,#1849,#1850,#1851,#1852));
#434=EDGE_LOOP('',(#1853,#1854,#1855,#1856,#1857,#1858));
#435=EDGE_LOOP('',(#1859,#1860,#1861,#1862,#1863,#1864));
#436=EDGE_LOOP('',(#1865,#1866,#1867,#1868,#1869,#1870));
#437=EDGE_LOOP('',(#1871,#1872,#1873,#1874,#1875,#1876));
#438=EDGE_LOOP('',(#1877,#1878,#1879,#1880,#1881,#1882));
#439=EDGE_LOOP('',(#1883,#1884,#1885,#1886,#1887,#1888));
#440=EDGE_LOOP('',(#1889,#1890,#1891,#1892,#1893,#1894));
#441=EDGE_LOOP('',(#1895,#1896,#1897,#1898,#1899,#1900));
#442=EDGE_LOOP('',(#1901,#1902,#1903,#1904,#1905,#1906));
#443=EDGE_LOOP('',(#1907,#1908,#1909,#1910,#1911,#1912));
#444=EDGE_LOOP('',(#1913,#1914,#1915,#1916,#1917,#1918));
#445=EDGE_LOOP('',(#1919,#1920,#1921,#1922,#1923,#1924));
#446=EDGE_LOOP('',(#1925,#1926,#1927,#1928,#1929,#1930));
#447=EDGE_LOOP('',(#1931,#1932,#1933,#1934,#1935,#1936));
#448=EDGE_LOOP('',(#1937,#1938,#1939,#1940,#1941,#1942));
#449=EDGE_LOOP('',(#1943,#1944,#1945,#1946,#1947,#1948));
#450=EDGE_LOOP('',(#1949,#1950,#1951,#1952,#1953,#1954));
#451=EDGE_LOOP('',(#1955,#1956,#1957,#1958,#1959,#1960));
#452=EDGE_LOOP('',(#1961,#1962,#1963,#1964,#1965,#1966));
#453=EDGE_LOOP('',(#1967,#1968,#1969,#1970,#1971,#1972));
#454=EDGE_LOOP('',(#1973,#1974,#1975,#1976,#1977,#1978));
#455=EDGE_LOOP('',(#1979,#1980,#1981,#1982,#1983,#1984));
#456=EDGE_LOOP('',(#1985,#1986,#1987,#1988,#1989,#1990));
#457=EDGE_LOOP('',(#1991,#1992,#1993,#1994,#1995,#1996));
#458=EDGE_LOOP('',(#1997,#1998,#1999,#2000,#2001,#2002));
#459=EDGE_LOOP('',(#2003,#2004,#2005,#2006,#2007,#2008));
#460=EDGE_LOOP('',(#2009,#2010,#2011,#2012,#2013,#2014));
#461=EDGE_LOOP('',(#2015,#2016,#2017,#2018,#2019,#2020));
#462=EDGE_LOOP('',(#2021,#2022,#2023,#2024,#2025,#2026));
#463=EDGE_LOOP('',(#2027,#2028,#2029,#2030,#2031,#2032));
#464=EDGE_LOOP('',(#2033,#2034,#2035,#2036,#2037,#2038));
#465=EDGE_LOOP('',(#2039,#2040,#2041,#2042,#2043,#2044));
#466=EDGE_LOOP('',(#2045,#2046,#2047,#2048,#2049,#2050));
#467=EDGE_LOOP('',(#2051,#2052,#2053,#2054,#2055,#2056));
#468=EDGE_LOOP('',(#2057,#2058,#2059,#2060,#2061,#2062));
#469=EDGE_LOOP('',(#2063,#2064,#2065,#2066,#2067,#2068));
#470=EDGE_LOOP('',(#2069,#2070,#2071,#2072,#2073,#2074));
#471=EDGE_LOOP('',(#2075,#2076,#2077,#2078,#2079,#2080));
#472=EDGE_LOOP('',(#2081,#2082,#2083,#2084,#2085,#2086));
#473=EDGE_LOOP('',(#2087,#2088,#2089,#2090,#2091,#2092));
#474=EDGE_LOOP('',(#2093,#2094,#2095,#2096,#2097,#2098));
#475=EDGE_LOOP('',(#2099,#2100,#2101,#2102,#2103,#2104));
#476=EDGE_LOOP('',(#2105,#2106,#2107,#2108,#2109,#2110));
#477=EDGE_LOOP('',(#2111,#2112,#2113,#2114,#2115,#2116));
#478=EDGE_LOOP('',(#2117,#2118,#2119,#2120,#2121,#2122));
#479=EDGE_LOOP('',(#2123,#2124,#2125,#2126,#2127,#2128));
#480=EDGE_LOOP('',(#2129,#2130,#2131,#2132,#2133,#2134));
#481=EDGE_LOOP('',(#2135,#2136,#2137,#2138,#2139,#2140));
#482=EDGE_LOOP('',(#2141,#2142,#2143,#2144,#2145,#2146));
#483=EDGE_LOOP('',(#2147,#2148,#2149,#2150,#2151,#2152));
#484=EDGE_LOOP('',(#2153,#2154,#2155,#2156,#2157,#2158));
#485=EDGE_LOOP('',(#2159,#2160,#2161,#2162,#2163,#2164));
#486=EDGE_LOOP('',(#2165,#2166,#2167,#2168,#2169,#2170));
#487=EDGE_LOOP('',(#2171,#2172,#2173,#2174,#2175,#2176));
#488=EDGE_LOOP('',(#2177,#2178,#2179,#2180,#2181,#2182));
#489=EDGE_LOOP('',(#2183,#2184,#2185,#2186,#2187,#2188));
#490=EDGE_LOOP('',(#2189,#2190,#2191,#2192,#2193,#2194));
#491=EDGE_LOOP('',(#2195,#2196,#2197,#2198,#2199,#2200));
#492=EDGE_LOOP('',(#2201,#2202,#2203,#2204,#2205,#2206));
#493=EDGE_LOOP('',(#2207,#2208,#2209,#2210,#2211,#2212));
#494=EDGE_LOOP('',(#2213,#2214,#2215,#2216,#2217,#2218));
#495=EDGE_LOOP('',(#2219,#2220,#2221,#2222,#2223,#2224));
#496=EDGE_LOOP('',(#2225,#2226,#2227,#2228,#2229,#2230));
#497=EDGE_LOOP('',(#2231,#2232,#2233,#2234,#2235,#2236));
#498=EDGE_LOOP('',(#2237,#2238,#2239,#2240,#2241,#2242));
#499=EDGE_LOOP('',(#2243,#2244,#2245,#2246,#2247,#2248));
#500=EDGE_LOOP('',(#2249,#2250,#2251,#2252,#2253,#2254));
#501=EDGE_LOOP('',(#2255,#2256,#2257,#2258,#2259,#2260));
#502=EDGE_LOOP('',(#2261,#2262,#2263,#2264,#2265,#2266));
#503=EDGE_LOOP('',(#2267,#2268,#2269,#2270,#2271,#2272));
#504=EDGE_LOOP('',(#2273,#2274,#2275,#2276,#2277,#2278));
#505=EDGE_LOOP('',(#2279,#2280,#2281,#2282,#2283,#2284));
#506=EDGE_LOOP('',(#2285,#2286,#2287,#2288,#2289,#2290));
#507=EDGE_LOOP('',(#2291,#2292,#2293,#2294,#2295,#2296));
#508=EDGE_LOOP('',(#2297,#2298,#2299,#2300,#2301,#2302));
#509=EDGE_LOOP('',(#2303,#2304,#2305,#2306,#2307,#2308));
#510=EDGE_LOOP('',(#2309,#2310,#2311,#2312,#2313,#2314));
#511=EDGE_LOOP('',(#2315,#2316,#2317,#2318,#2319,#2320));
#512=EDGE_LOOP('',(#2321,#2322,#2323,#2324,#2325,#2326));
#513=EDGE_LOOP('',(#2327,#2328,#2329,#2330,#2331,#2332));
#514=EDGE_LOOP('',(#2333,#2334,#2335,#2336,#2337,#2338));
#515=EDGE_LOOP('',(#2339,#2340,#2341,#2342,#2343,#2344));
#516=EDGE_LOOP('',(#2345,#2346,#2347,#2348,#2349,#2350));
#517=EDGE_LOOP('',(#2351,#2352,#2353,#2354,#2355,#2356));
#518=EDGE_LOOP('',(#2357,#2358,#2359,#2360,#2361,#2362));
#519=EDGE_LOOP('',(#2363,#2364,#2365,#2366,#2367,#2368));
#520=EDGE_LOOP('',(#2369,#2370,#2371,#2372,#2373,#2374));
#521=EDGE_LOOP('',(#2375,#2376,#2377,#2378,#2379,#2380));
#522=EDGE_LOOP('',(#2381,#2382,#2383,#2384,#2385,#2386));
#523=EDGE_LOOP('',(#2387,#2388,#2389,#2390,#2391,#2392));
#524=EDGE_LOOP('',(#2393,#2394,#2395,#2396,#2397,#2398));
#525=EDGE_LOOP('',(#2399,#2400,#2401,#2402,#2403,#2404));
#526=EDGE_LOOP('',(#2405,#2406,#2407,#2408,#2409,#2410));
#527=EDGE_LOOP('',(#2411,#2412,#2413,#2414,#2415,#2416));
#528=EDGE_LOOP('',(#2417,#2418,#2419,#2420,#2421,#2422));
#529=EDGE_LOOP('',(#2423,#2424,#2425,#2426,#2427,#2428));
#530=EDGE_LOOP('',(#2429,#2430,#2431,#2432,#2433,#2434));
#531=EDGE_LOOP('',(#2435,#2436,#2437,#2438,#2439,#2440));
#532=EDGE_LOOP('',(#2441,#2442,#2443,#2444,#2445,#2446));
#533=EDGE_LOOP('',(#2447,#2448,#2449,#2450,#2451,#2452));
#534=EDGE_LOOP('',(#2453,#2454,#2455,#2456,#2457,#2458));
#535=EDGE_LOOP('',(#2459,#2460,#2461,#2462,#2463,#2464));
#536=EDGE_LOOP('',(#2465,#2466,#2467,#2468,#2469,#2470));
#537=EDGE_LOOP('',(#2471,#2472,#2473,#2474,#2475,#2476));
#538=EDGE_LOOP('',(#2477,#2478,#2479,#2480,#2481,#2482));
#539=EDGE_LOOP('',(#2483,#2484,#2485,#2486,#2487,#2488));
#540=EDGE_LOOP('',(#2489,#2490,#2491,#2492,#2493,#2494));
#541=EDGE_LOOP('',(#2495,#2496,#2497,#2498,#2499,#2500));
#542=EDGE_LOOP('',(#2501,#2502,#2503,#2504,#2505,#2506));
#543=EDGE_LOOP('',(#2507,#2508,#2509,#2510,#2511,#2512));
#544=EDGE_LOOP('',(#2513,#2514,#2515,#2516,#2517,#2518));
#545=EDGE_LOOP('',(#2519,#2520,#2521,#2522,#2523,#2524));
#546=EDGE_LOOP('',(#2525,#2526,#2527,#2528,#2529,#2530));
#547=EDGE_LOOP('',(#2531,#2532,#2533,#2534,#2535,#2536));
#548=EDGE_LOOP('',(#2537,#2538,#2539,#2540,#2541,#2542));
#549=EDGE_LOOP('',(#2543,#2544,#2545,#2546,#2547,#2548));
#550=EDGE_LOOP('',(#2549,#2550,#2551,#2552,#2553,#2554));
#551=EDGE_LOOP('',(#2555,#2556,#2557,#2558,#2559,#2560));
#552=EDGE_LOOP('',(#2561,#2562,#2563,#2564,#2565,#2566));
#553=EDGE_LOOP('',(#2567,#2568,#2569,#2570,#2571,#2572));
#554=EDGE_LOOP('',(#2573,#2574,#2575,#2576,#2577,#2578));
#555=EDGE_LOOP('',(#2579,#2580,#2581,#2582,#2583,#2584));
#556=EDGE_LOOP('',(#2585,#2586,#2587,#2588,#2589,#2590));
#557=EDGE_LOOP('',(#2591,#2592,#2593,#2594,#2595,#2596));
#558=EDGE_LOOP('',(#2597,#2598,#2599,#2600,#2601,#2602));
#559=EDGE_LOOP('',(#2603,#2604,#2605,#2606,#2607,#2608));
#560=EDGE_LOOP('',(#2609,#2610,#2611,#2612,#2613,#2614));
#561=EDGE_LOOP('',(#2615,#2616,#2617,#2618,#2619,#2620));
#562=EDGE_LOOP('',(#2621,#2622,#2623,#2624,#2625,#2626));
#563=EDGE_LOOP('',(#2627,#2628,#2629,#2630,#2631,#2632));
#564=EDGE_LOOP('',(#2633,#2634,#2635,#2636,#2637,#2638));
#565=EDGE_LOOP('',(#2639,#2640,#2641,#2642,#2643,#2644));
#566=EDGE_LOOP('',(#2645,#2646,#2647,#2648,#2649,#2650));
#567=EDGE_LOOP('',(#2651,#2652,#2653,#2654,#2655,#2656));
#568=EDGE_LOOP('',(#2657,#2658,#2659,#2660,#2661,#2662));
#569=EDGE_LOOP('',(#2663,#2664,#2665,#2666,#2667,#2668));
#570=EDGE_LOOP('',(#2669,#2670,#2671,#2672,#2673,#2674));
#571=EDGE_LOOP('',(#2675,#2676,#2677,#2678,#2679,#2680));
#572=EDGE_LOOP('',(#2681,#2682,#2683,#2684,#2685,#2686));
#573=EDGE_LOOP('',(#2687,#2688,#2689,#2690,#2691,#2692));
#574=EDGE_LOOP('',(#2693,#2694,#2695,#2696,#2697,#2698));
#575=EDGE_LOOP('',(#2699,#2700,#2701,#2702,#2703,#2704));
#576=EDGE_LOOP('',(#2705,#2706,#2707,#2708,#2709,#2710));
#577=CIRCLE('',#2967,8.95);
#578=CIRCLE('',#2968,1.7);
#579=CIRCLE('',#2969,7.25);
#580=CIRCLE('',#2970,7.25);
#581=CIRCLE('',#2972,12.);
#582=CIRCLE('',#2974,7.25);
#583=CIRCLE('',#2975,7.25);
#584=CIRCLE('',#2977,1.7);
#585=CIRCLE('',#2978,13.7);
#586=CIRCLE('',#2979,13.7);
#587=CIRCLE('',#2981,13.7);
#588=CIRCLE('',#2982,13.7);
#589=CIRCLE('',#2984,1.7);
#590=CIRCLE('',#2985,8.95);
#591=CIRCLE('',#2987,12.);
#592=CIRCLE('',#2989,1.7);
#593=CIRCLE('',#2991,0.5);
#594=CIRCLE('',#2992,1.7);
#595=CIRCLE('',#2993,0.5);
#596=CIRCLE('',#2994,0.5);
#597=CIRCLE('',#2995,0.5);
#598=CIRCLE('',#2997,0.5);
#599=CIRCLE('',#2998,0.5);
#600=CIRCLE('',#3000,0.5);
#601=CIRCLE('',#3001,0.5);
#602=CIRCLE('',#3002,1.7);
#603=CIRCLE('',#3004,0.5);
#604=CIRCLE('',#3005,1.7);
#605=CIRCLE('',#3006,0.5);
#606=CIRCLE('',#3007,0.5);
#607=CIRCLE('',#3008,0.5);
#608=CIRCLE('',#3010,0.5);
#609=CIRCLE('',#3011,0.5);
#610=CIRCLE('',#3013,0.5);
#611=CIRCLE('',#3014,0.5);
#612=CIRCLE('',#3015,1.7);
#613=CIRCLE('',#3017,0.5);
#614=CIRCLE('',#3018,0.5);
#615=CIRCLE('',#3019,1.7);
#616=CIRCLE('',#3020,0.499999999999999);
#617=CIRCLE('',#3021,0.499999999999999);
#618=CIRCLE('',#3023,0.500000000000003);
#619=CIRCLE('',#3024,0.500000000000003);
#620=CIRCLE('',#3026,0.499999999999997);
#621=CIRCLE('',#3027,0.499999999999997);
#622=CIRCLE('',#3028,1.69999999999999);
#623=CIRCLE('',#3032,0.5);
#624=CIRCLE('',#3033,0.5);
#625=CIRCLE('',#3034,1.7);
#626=CIRCLE('',#3035,0.499999999999999);
#627=CIRCLE('',#3036,0.499999999999999);
#628=CIRCLE('',#3038,0.500000000000003);
#629=CIRCLE('',#3039,0.500000000000003);
#630=CIRCLE('',#3041,0.499999999999997);
#631=CIRCLE('',#3042,0.499999999999997);
#632=CIRCLE('',#3043,1.7);
#633=CIRCLE('',#3045,0.5);
#634=CIRCLE('',#3046,0.5);
#635=CIRCLE('',#3048,0.5);
#636=CIRCLE('',#3049,0.5);
#637=CIRCLE('',#3051,0.5);
#638=CIRCLE('',#3052,1.7);
#639=CIRCLE('',#3053,0.5);
#640=CIRCLE('',#3054,0.5);
#641=CIRCLE('',#3055,0.5);
#642=CIRCLE('',#3057,0.5);
#643=CIRCLE('',#3058,0.5);
#644=CIRCLE('',#3060,0.5);
#645=CIRCLE('',#3061,0.5);
#646=CIRCLE('',#3062,1.7);
#647=CIRCLE('',#3064,0.5);
#648=CIRCLE('',#3065,0.5);
#649=CIRCLE('',#3066,1.7);
#650=CIRCLE('',#3067,0.499999999999999);
#651=CIRCLE('',#3068,0.499999999999999);
#652=CIRCLE('',#3070,0.500000000000003);
#653=CIRCLE('',#3071,0.500000000000003);
#654=CIRCLE('',#3073,0.499999999999997);
#655=CIRCLE('',#3074,0.499999999999997);
#656=CIRCLE('',#3075,1.69999999999999);
#657=CIRCLE('',#3079,0.5);
#658=CIRCLE('',#3080,1.7);
#659=CIRCLE('',#3081,0.5);
#660=CIRCLE('',#3082,0.5);
#661=CIRCLE('',#3083,0.5);
#662=CIRCLE('',#3085,0.5);
#663=CIRCLE('',#3086,0.5);
#664=CIRCLE('',#3088,0.5);
#665=CIRCLE('',#3089,0.5);
#666=CIRCLE('',#3090,1.7);
#667=CIRCLE('',#3092,0.5);
#668=CIRCLE('',#3093,1.7);
#669=CIRCLE('',#3094,0.5);
#670=CIRCLE('',#3095,0.5);
#671=CIRCLE('',#3096,0.5);
#672=CIRCLE('',#3098,0.5);
#673=CIRCLE('',#3099,0.5);
#674=CIRCLE('',#3101,0.5);
#675=CIRCLE('',#3102,0.5);
#676=CIRCLE('',#3103,1.7);
#677=CIRCLE('',#3105,0.5);
#678=CIRCLE('',#3106,0.5);
#679=CIRCLE('',#3107,1.7);
#680=CIRCLE('',#3108,0.499999999999999);
#681=CIRCLE('',#3109,0.499999999999999);
#682=CIRCLE('',#3111,0.500000000000003);
#683=CIRCLE('',#3112,0.500000000000003);
#684=CIRCLE('',#3114,0.499999999999997);
#685=CIRCLE('',#3115,0.499999999999997);
#686=CIRCLE('',#3116,1.7);
#687=CIRCLE('',#3119,0.5);
#688=CIRCLE('',#3120,0.5);
#689=CIRCLE('',#3122,0.5);
#690=CIRCLE('',#3123,1.7);
#691=CIRCLE('',#3124,0.5);
#692=CIRCLE('',#3126,0.5);
#693=CIRCLE('',#3127,0.5);
#694=CIRCLE('',#3129,0.5);
#695=CIRCLE('',#3130,0.5);
#696=CIRCLE('',#3131,1.7);
#697=CIRCLE('',#3133,0.5);
#698=CIRCLE('',#3134,0.5);
#699=CIRCLE('',#3135,1.7);
#700=CIRCLE('',#3136,0.499999999999999);
#701=CIRCLE('',#3137,0.499999999999999);
#702=CIRCLE('',#3139,0.500000000000003);
#703=CIRCLE('',#3140,0.500000000000003);
#704=CIRCLE('',#3142,0.499999999999997);
#705=CIRCLE('',#3143,0.499999999999997);
#706=CIRCLE('',#3144,1.7);
#707=CIRCLE('',#3147,0.5);
#708=CIRCLE('',#3148,0.5);
#709=CIRCLE('',#3150,0.5);
#710=CIRCLE('',#3151,1.7);
#711=CIRCLE('',#3152,0.5);
#712=CIRCLE('',#3154,0.5);
#713=CIRCLE('',#3155,0.5);
#714=CIRCLE('',#3157,0.5);
#715=CIRCLE('',#3158,0.5);
#716=CIRCLE('',#3159,1.7);
#717=CIRCLE('',#3161,0.5);
#718=CIRCLE('',#3162,0.5);
#719=CIRCLE('',#3163,1.7);
#720=CIRCLE('',#3164,0.499999999999999);
#721=CIRCLE('',#3165,0.499999999999999);
#722=CIRCLE('',#3167,0.500000000000003);
#723=CIRCLE('',#3168,0.500000000000003);
#724=CIRCLE('',#3170,0.499999999999997);
#725=CIRCLE('',#3171,0.499999999999997);
#726=CIRCLE('',#3172,1.69999999999999);
#727=CIRCLE('',#3176,0.5);
#728=CIRCLE('',#3177,0.5);
#729=CIRCLE('',#3178,1.7);
#730=CIRCLE('',#3179,0.499999999999999);
#731=CIRCLE('',#3180,0.499999999999999);
#732=CIRCLE('',#3182,0.500000000000003);
#733=CIRCLE('',#3183,0.500000000000003);
#734=CIRCLE('',#3185,0.499999999999997);
#735=CIRCLE('',#3186,0.499999999999997);
#736=CIRCLE('',#3187,1.7);
#737=CIRCLE('',#3191,0.5);
#738=CIRCLE('',#3192,0.5);
#739=CIRCLE('',#3193,1.7);
#740=CIRCLE('',#3194,0.499999999999999);
#741=CIRCLE('',#3195,0.499999999999999);
#742=CIRCLE('',#3197,0.500000000000003);
#743=CIRCLE('',#3198,0.500000000000003);
#744=CIRCLE('',#3200,0.499999999999997);
#745=CIRCLE('',#3201,0.499999999999997);
#746=CIRCLE('',#3202,1.7);
#747=CIRCLE('',#3204,0.5);
#748=CIRCLE('',#3205,0.5);
#749=CIRCLE('',#3207,0.5);
#750=CIRCLE('',#3208,0.5);
#751=CIRCLE('',#3210,0.5);
#752=CIRCLE('',#3211,1.7);
#753=CIRCLE('',#3212,0.5);
#754=CIRCLE('',#3213,0.5);
#755=CIRCLE('',#3214,0.5);
#756=CIRCLE('',#3216,0.5);
#757=CIRCLE('',#3217,0.5);
#758=CIRCLE('',#3219,1.7);
#759=CIRCLE('',#3221,0.5);
#760=CIRCLE('',#3222,0.5);
#761=CIRCLE('',#3223,1.7);
#762=CIRCLE('',#3224,0.499999999999999);
#763=CIRCLE('',#3225,0.499999999999999);
#764=CIRCLE('',#3227,0.500000000000003);
#765=CIRCLE('',#3228,0.500000000000003);
#766=CIRCLE('',#3230,0.499999999999997);
#767=CIRCLE('',#3231,0.499999999999997);
#768=CIRCLE('',#3232,1.7);
#769=CIRCLE('',#3234,0.5);
#770=CIRCLE('',#3235,0.5);
#771=CIRCLE('',#3237,0.5);
#772=CIRCLE('',#3238,0.5);
#773=CIRCLE('',#3240,0.5);
#774=CIRCLE('',#3241,1.7);
#775=CIRCLE('',#3242,0.5);
#776=CIRCLE('',#3244,0.5);
#777=CIRCLE('',#3245,0.5);
#778=CIRCLE('',#3247,0.5);
#779=CIRCLE('',#3248,0.5);
#780=CIRCLE('',#3249,1.7);
#781=CIRCLE('',#3251,0.5);
#782=CIRCLE('',#3252,0.5);
#783=CIRCLE('',#3253,1.7);
#784=CIRCLE('',#3254,0.499999999999999);
#785=CIRCLE('',#3255,0.499999999999999);
#786=CIRCLE('',#3257,0.500000000000003);
#787=CIRCLE('',#3258,0.500000000000003);
#788=CIRCLE('',#3260,0.499999999999997);
#789=CIRCLE('',#3261,0.499999999999997);
#790=CIRCLE('',#3262,1.69999999999999);
#791=CIRCLE('',#3265,0.5);
#792=CIRCLE('',#3266,0.5);
#793=CIRCLE('',#3268,0.5);
#794=CIRCLE('',#3269,1.7);
#795=CIRCLE('',#3270,0.5);
#796=CIRCLE('',#3272,0.5);
#797=CIRCLE('',#3273,0.5);
#798=CIRCLE('',#3275,1.7);
#799=CIRCLE('',#3277,0.5);
#800=CIRCLE('',#3278,1.7);
#801=CIRCLE('',#3279,0.5);
#802=CIRCLE('',#3281,0.5);
#803=CIRCLE('',#3282,0.5);
#804=CIRCLE('',#3284,0.5);
#805=CIRCLE('',#3285,0.5);
#806=CIRCLE('',#3286,1.7);
#807=CIRCLE('',#3288,0.5);
#808=CIRCLE('',#3289,0.5);
#809=CIRCLE('',#3290,1.7);
#810=CIRCLE('',#3291,0.499999999999999);
#811=CIRCLE('',#3292,0.499999999999999);
#812=CIRCLE('',#3294,0.500000000000003);
#813=CIRCLE('',#3295,0.500000000000003);
#814=CIRCLE('',#3297,0.499999999999997);
#815=CIRCLE('',#3298,0.499999999999997);
#816=CIRCLE('',#3299,1.69999999999999);
#817=CIRCLE('',#3303,0.5);
#818=CIRCLE('',#3304,1.7);
#819=CIRCLE('',#3305,0.5);
#820=CIRCLE('',#3306,0.5);
#821=CIRCLE('',#3307,0.5);
#822=CIRCLE('',#3309,0.5);
#823=CIRCLE('',#3310,0.5);
#824=CIRCLE('',#3312,0.5);
#825=CIRCLE('',#3313,0.5);
#826=CIRCLE('',#3314,1.7);
#827=CIRCLE('',#3316,0.5);
#828=CIRCLE('',#3317,0.5);
#829=CIRCLE('',#3318,1.7);
#830=CIRCLE('',#3319,0.499999999999999);
#831=CIRCLE('',#3320,0.499999999999999);
#832=CIRCLE('',#3322,0.500000000000003);
#833=CIRCLE('',#3323,0.500000000000003);
#834=CIRCLE('',#3325,0.499999999999997);
#835=CIRCLE('',#3326,0.499999999999997);
#836=CIRCLE('',#3327,1.7);
#837=CIRCLE('',#3331,0.5);
#838=CIRCLE('',#3332,0.5);
#839=CIRCLE('',#3333,1.7);
#840=CIRCLE('',#3334,0.499999999999999);
#841=CIRCLE('',#3335,0.499999999999999);
#842=CIRCLE('',#3337,0.500000000000003);
#843=CIRCLE('',#3338,0.500000000000003);
#844=CIRCLE('',#3340,0.499999999999997);
#845=CIRCLE('',#3341,0.499999999999997);
#846=CIRCLE('',#3342,1.69999999999999);
#847=CIRCLE('',#3344,0.5);
#848=CIRCLE('',#3345,0.5);
#849=CIRCLE('',#3348,0.5);
#850=CIRCLE('',#3349,1.7);
#851=CIRCLE('',#3350,0.5);
#852=CIRCLE('',#3352,0.5);
#853=CIRCLE('',#3353,0.5);
#854=CIRCLE('',#3355,1.7);
#855=CIRCLE('',#3357,0.5);
#856=CIRCLE('',#3358,1.7);
#857=CIRCLE('',#3359,0.5);
#858=CIRCLE('',#3360,0.5);
#859=CIRCLE('',#3361,0.5);
#860=CIRCLE('',#3363,0.5);
#861=CIRCLE('',#3364,0.5);
#862=CIRCLE('',#3366,1.7);
#863=CIRCLE('',#3368,0.5);
#864=CIRCLE('',#3369,0.5);
#865=CIRCLE('',#3370,1.7);
#866=CIRCLE('',#3371,0.499999999999999);
#867=CIRCLE('',#3372,0.499999999999999);
#868=CIRCLE('',#3374,0.500000000000003);
#869=CIRCLE('',#3375,0.500000000000003);
#870=CIRCLE('',#3377,0.499999999999997);
#871=CIRCLE('',#3378,0.499999999999997);
#872=CIRCLE('',#3379,1.69999999999999);
#873=CIRCLE('',#3381,0.5);
#874=CIRCLE('',#3382,0.5);
#875=CIRCLE('',#3385,0.5);
#876=CIRCLE('',#3386,0.5);
#877=CIRCLE('',#3387,1.7);
#878=CIRCLE('',#3388,0.499999999999999);
#879=CIRCLE('',#3389,0.499999999999999);
#880=CIRCLE('',#3391,0.500000000000003);
#881=CIRCLE('',#3392,0.500000000000003);
#882=CIRCLE('',#3394,0.499999999999997);
#883=CIRCLE('',#3395,0.499999999999997);
#884=CIRCLE('',#3396,1.7);
#885=CIRCLE('',#3398,0.5);
#886=CIRCLE('',#3399,0.5);
#887=CIRCLE('',#3401,0.5);
#888=CIRCLE('',#3402,0.5);
#889=CIRCLE('',#3404,0.5);
#890=CIRCLE('',#3405,0.5);
#891=CIRCLE('',#3406,1.7);
#892=CIRCLE('',#3407,0.499999999999999);
#893=CIRCLE('',#3408,0.499999999999999);
#894=CIRCLE('',#3410,0.500000000000003);
#895=CIRCLE('',#3411,0.500000000000003);
#896=CIRCLE('',#3413,0.499999999999997);
#897=CIRCLE('',#3414,0.499999999999997);
#898=CIRCLE('',#3415,1.69999999999999);
#899=CIRCLE('',#3417,0.5);
#900=CIRCLE('',#3418,0.5);
#901=CIRCLE('',#3420,0.5);
#902=CIRCLE('',#3421,0.5);
#903=CIRCLE('',#3423,0.5);
#904=CIRCLE('',#3424,1.7);
#905=CIRCLE('',#3425,0.5);
#906=CIRCLE('',#3426,0.5);
#907=CIRCLE('',#3427,0.5);
#908=CIRCLE('',#3429,0.5);
#909=CIRCLE('',#3430,0.5);
#910=CIRCLE('',#3432,1.7);
#911=CIRCLE('',#3434,0.5);
#912=CIRCLE('',#3435,1.7);
#913=CIRCLE('',#3436,0.5);
#914=CIRCLE('',#3438,0.5);
#915=CIRCLE('',#3439,0.5);
#916=CIRCLE('',#3441,0.5);
#917=CIRCLE('',#3442,0.5);
#918=CIRCLE('',#3443,1.7);
#919=CIRCLE('',#3445,0.5);
#920=CIRCLE('',#3446,0.5);
#921=CIRCLE('',#3447,1.7);
#922=CIRCLE('',#3448,0.499999999999999);
#923=CIRCLE('',#3449,0.499999999999999);
#924=CIRCLE('',#3451,0.500000000000003);
#925=CIRCLE('',#3452,0.500000000000003);
#926=CIRCLE('',#3454,0.499999999999997);
#927=CIRCLE('',#3455,0.499999999999997);
#928=CIRCLE('',#3456,1.7);
#929=CIRCLE('',#3460,0.5);
#930=CIRCLE('',#3461,1.7);
#931=CIRCLE('',#3462,0.5);
#932=CIRCLE('',#3464,0.5);
#933=CIRCLE('',#3465,0.5);
#934=CIRCLE('',#3467,0.5);
#935=CIRCLE('',#3468,0.5);
#936=CIRCLE('',#3469,1.7);
#937=CIRCLE('',#3471,0.5);
#938=CIRCLE('',#3472,1.7);
#939=CIRCLE('',#3473,0.5);
#940=CIRCLE('',#3474,0.5);
#941=CIRCLE('',#3475,0.5);
#942=CIRCLE('',#3477,0.5);
#943=CIRCLE('',#3478,0.5);
#944=CIRCLE('',#3480,1.7);
#945=CIRCLE('',#3482,0.5);
#946=CIRCLE('',#3483,0.5);
#947=CIRCLE('',#3484,1.7);
#948=CIRCLE('',#3485,0.499999999999999);
#949=CIRCLE('',#3486,0.499999999999999);
#950=CIRCLE('',#3488,0.500000000000003);
#951=CIRCLE('',#3489,0.500000000000003);
#952=CIRCLE('',#3491,0.499999999999997);
#953=CIRCLE('',#3492,0.499999999999997);
#954=CIRCLE('',#3493,1.69999999999999);
#955=CIRCLE('',#3497,0.5);
#956=CIRCLE('',#3498,0.5);
#957=CIRCLE('',#3499,1.7);
#958=CIRCLE('',#3500,0.499999999999999);
#959=CIRCLE('',#3501,0.499999999999999);
#960=CIRCLE('',#3503,0.500000000000003);
#961=CIRCLE('',#3504,0.500000000000003);
#962=CIRCLE('',#3506,0.499999999999997);
#963=CIRCLE('',#3507,0.499999999999997);
#964=CIRCLE('',#3508,1.69999999999999);
#965=CIRCLE('',#3511,0.5);
#966=CIRCLE('',#3512,0.5);
#967=CIRCLE('',#3514,0.5);
#968=CIRCLE('',#3515,1.7);
#969=CIRCLE('',#3516,0.5);
#970=CIRCLE('',#3518,0.5);
#971=CIRCLE('',#3519,0.5);
#972=CIRCLE('',#3521,1.7);
#973=VERTEX_POINT('',#4716);
#974=VERTEX_POINT('',#4718);
#975=VERTEX_POINT('',#4720);
#976=VERTEX_POINT('',#4724);
#977=VERTEX_POINT('',#4727);
#978=VERTEX_POINT('',#4729);
#979=VERTEX_POINT('',#4733);
#980=VERTEX_POINT('',#4735);
#981=VERTEX_POINT('',#4739);
#982=VERTEX_POINT('',#4741);
#983=VERTEX_POINT('',#4745);
#984=VERTEX_POINT('',#4749);
#985=VERTEX_POINT('',#4754);
#986=VERTEX_POINT('',#4755);
#987=VERTEX_POINT('',#4757);
#988=VERTEX_POINT('',#4759);
#989=VERTEX_POINT('',#4764);
#990=VERTEX_POINT('',#4765);
#991=VERTEX_POINT('',#4770);
#992=VERTEX_POINT('',#4771);
#993=VERTEX_POINT('',#4776);
#994=VERTEX_POINT('',#4777);
#995=VERTEX_POINT('',#4779);
#996=VERTEX_POINT('',#4781);
#997=VERTEX_POINT('',#4786);
#998=VERTEX_POINT('',#4787);
#999=VERTEX_POINT('',#4792);
#1000=VERTEX_POINT('',#4793);
#1001=VERTEX_POINT('',#4798);
#1002=VERTEX_POINT('',#4799);
#1003=VERTEX_POINT('',#4802);
#1004=VERTEX_POINT('',#4804);
#1005=VERTEX_POINT('',#4808);
#1006=VERTEX_POINT('',#4809);
#1007=VERTEX_POINT('',#4814);
#1008=VERTEX_POINT('',#4815);
#1009=VERTEX_POINT('',#4824);
#1010=VERTEX_POINT('',#4825);
#1011=VERTEX_POINT('',#4828);
#1012=VERTEX_POINT('',#4830);
#1013=VERTEX_POINT('',#4834);
#1014=VERTEX_POINT('',#4835);
#1015=VERTEX_POINT('',#4840);
#1016=VERTEX_POINT('',#4841);
#1017=VERTEX_POINT('',#4846);
#1018=VERTEX_POINT('',#4848);
#1019=VERTEX_POINT('',#4852);
#1020=VERTEX_POINT('',#4854);
#1021=VERTEX_POINT('',#4858);
#1022=VERTEX_POINT('',#4859);
#1023=VERTEX_POINT('',#4861);
#1024=VERTEX_POINT('',#4863);
#1025=VERTEX_POINT('',#4868);
#1026=VERTEX_POINT('',#4869);
#1027=VERTEX_POINT('',#4874);
#1028=VERTEX_POINT('',#4875);
#1029=VERTEX_POINT('',#4880);
#1030=VERTEX_POINT('',#4881);
#1031=VERTEX_POINT('',#4884);
#1032=VERTEX_POINT('',#4886);
#1033=VERTEX_POINT('',#4890);
#1034=VERTEX_POINT('',#4891);
#1035=VERTEX_POINT('',#4896);
#1036=VERTEX_POINT('',#4897);
#1037=VERTEX_POINT('',#4906);
#1038=VERTEX_POINT('',#4907);
#1039=VERTEX_POINT('',#4909);
#1040=VERTEX_POINT('',#4911);
#1041=VERTEX_POINT('',#4916);
#1042=VERTEX_POINT('',#4917);
#1043=VERTEX_POINT('',#4922);
#1044=VERTEX_POINT('',#4923);
#1045=VERTEX_POINT('',#4928);
#1046=VERTEX_POINT('',#4929);
#1047=VERTEX_POINT('',#4931);
#1048=VERTEX_POINT('',#4933);
#1049=VERTEX_POINT('',#4938);
#1050=VERTEX_POINT('',#4939);
#1051=VERTEX_POINT('',#4944);
#1052=VERTEX_POINT('',#4945);
#1053=VERTEX_POINT('',#4950);
#1054=VERTEX_POINT('',#4951);
#1055=VERTEX_POINT('',#4954);
#1056=VERTEX_POINT('',#4956);
#1057=VERTEX_POINT('',#4960);
#1058=VERTEX_POINT('',#4961);
#1059=VERTEX_POINT('',#4966);
#1060=VERTEX_POINT('',#4967);
#1061=VERTEX_POINT('',#4974);
#1062=VERTEX_POINT('',#4976);
#1063=VERTEX_POINT('',#4980);
#1064=VERTEX_POINT('',#4981);
#1065=VERTEX_POINT('',#4986);
#1066=VERTEX_POINT('',#4987);
#1067=VERTEX_POINT('',#4992);
#1068=VERTEX_POINT('',#4993);
#1069=VERTEX_POINT('',#4998);
#1070=VERTEX_POINT('',#4999);
#1071=VERTEX_POINT('',#5002);
#1072=VERTEX_POINT('',#5004);
#1073=VERTEX_POINT('',#5008);
#1074=VERTEX_POINT('',#5009);
#1075=VERTEX_POINT('',#5014);
#1076=VERTEX_POINT('',#5015);
#1077=VERTEX_POINT('',#5022);
#1078=VERTEX_POINT('',#5024);
#1079=VERTEX_POINT('',#5028);
#1080=VERTEX_POINT('',#5029);
#1081=VERTEX_POINT('',#5034);
#1082=VERTEX_POINT('',#5035);
#1083=VERTEX_POINT('',#5040);
#1084=VERTEX_POINT('',#5041);
#1085=VERTEX_POINT('',#5046);
#1086=VERTEX_POINT('',#5047);
#1087=VERTEX_POINT('',#5050);
#1088=VERTEX_POINT('',#5052);
#1089=VERTEX_POINT('',#5056);
#1090=VERTEX_POINT('',#5057);
#1091=VERTEX_POINT('',#5062);
#1092=VERTEX_POINT('',#5063);
#1093=VERTEX_POINT('',#5072);
#1094=VERTEX_POINT('',#5073);
#1095=VERTEX_POINT('',#5076);
#1096=VERTEX_POINT('',#5078);
#1097=VERTEX_POINT('',#5082);
#1098=VERTEX_POINT('',#5083);
#1099=VERTEX_POINT('',#5088);
#1100=VERTEX_POINT('',#5089);
#1101=VERTEX_POINT('',#5098);
#1102=VERTEX_POINT('',#5099);
#1103=VERTEX_POINT('',#5102);
#1104=VERTEX_POINT('',#5104);
#1105=VERTEX_POINT('',#5108);
#1106=VERTEX_POINT('',#5109);
#1107=VERTEX_POINT('',#5114);
#1108=VERTEX_POINT('',#5115);
#1109=VERTEX_POINT('',#5120);
#1110=VERTEX_POINT('',#5122);
#1111=VERTEX_POINT('',#5126);
#1112=VERTEX_POINT('',#5128);
#1113=VERTEX_POINT('',#5132);
#1114=VERTEX_POINT('',#5133);
#1115=VERTEX_POINT('',#5135);
#1116=VERTEX_POINT('',#5137);
#1117=VERTEX_POINT('',#5142);
#1118=VERTEX_POINT('',#5143);
#1119=VERTEX_POINT('',#5150);
#1120=VERTEX_POINT('',#5151);
#1121=VERTEX_POINT('',#5154);
#1122=VERTEX_POINT('',#5156);
#1123=VERTEX_POINT('',#5160);
#1124=VERTEX_POINT('',#5161);
#1125=VERTEX_POINT('',#5166);
#1126=VERTEX_POINT('',#5167);
#1127=VERTEX_POINT('',#5172);
#1128=VERTEX_POINT('',#5174);
#1129=VERTEX_POINT('',#5178);
#1130=VERTEX_POINT('',#5180);
#1131=VERTEX_POINT('',#5184);
#1132=VERTEX_POINT('',#5185);
#1133=VERTEX_POINT('',#5190);
#1134=VERTEX_POINT('',#5191);
#1135=VERTEX_POINT('',#5196);
#1136=VERTEX_POINT('',#5197);
#1137=VERTEX_POINT('',#5202);
#1138=VERTEX_POINT('',#5203);
#1139=VERTEX_POINT('',#5206);
#1140=VERTEX_POINT('',#5208);
#1141=VERTEX_POINT('',#5212);
#1142=VERTEX_POINT('',#5213);
#1143=VERTEX_POINT('',#5218);
#1144=VERTEX_POINT('',#5219);
#1145=VERTEX_POINT('',#5226);
#1146=VERTEX_POINT('',#5228);
#1147=VERTEX_POINT('',#5232);
#1148=VERTEX_POINT('',#5233);
#1149=VERTEX_POINT('',#5238);
#1150=VERTEX_POINT('',#5239);
#1151=VERTEX_POINT('',#5246);
#1152=VERTEX_POINT('',#5247);
#1153=VERTEX_POINT('',#5252);
#1154=VERTEX_POINT('',#5253);
#1155=VERTEX_POINT('',#5258);
#1156=VERTEX_POINT('',#5259);
#1157=VERTEX_POINT('',#5264);
#1158=VERTEX_POINT('',#5265);
#1159=VERTEX_POINT('',#5268);
#1160=VERTEX_POINT('',#5270);
#1161=VERTEX_POINT('',#5274);
#1162=VERTEX_POINT('',#5275);
#1163=VERTEX_POINT('',#5280);
#1164=VERTEX_POINT('',#5281);
#1165=VERTEX_POINT('',#5290);
#1166=VERTEX_POINT('',#5291);
#1167=VERTEX_POINT('',#5293);
#1168=VERTEX_POINT('',#5295);
#1169=VERTEX_POINT('',#5300);
#1170=VERTEX_POINT('',#5301);
#1171=VERTEX_POINT('',#5306);
#1172=VERTEX_POINT('',#5307);
#1173=VERTEX_POINT('',#5312);
#1174=VERTEX_POINT('',#5313);
#1175=VERTEX_POINT('',#5316);
#1176=VERTEX_POINT('',#5318);
#1177=VERTEX_POINT('',#5322);
#1178=VERTEX_POINT('',#5323);
#1179=VERTEX_POINT('',#5328);
#1180=VERTEX_POINT('',#5329);
#1181=VERTEX_POINT('',#5338);
#1182=VERTEX_POINT('',#5339);
#1183=VERTEX_POINT('',#5342);
#1184=VERTEX_POINT('',#5344);
#1185=VERTEX_POINT('',#5348);
#1186=VERTEX_POINT('',#5349);
#1187=VERTEX_POINT('',#5354);
#1188=VERTEX_POINT('',#5355);
#1189=VERTEX_POINT('',#5360);
#1190=VERTEX_POINT('',#5362);
#1191=VERTEX_POINT('',#5368);
#1192=VERTEX_POINT('',#5369);
#1193=VERTEX_POINT('',#5374);
#1194=VERTEX_POINT('',#5375);
#1195=VERTEX_POINT('',#5382);
#1196=VERTEX_POINT('',#5383);
#1197=VERTEX_POINT('',#5385);
#1198=VERTEX_POINT('',#5387);
#1199=VERTEX_POINT('',#5392);
#1200=VERTEX_POINT('',#5393);
#1201=VERTEX_POINT('',#5400);
#1202=VERTEX_POINT('',#5401);
#1203=VERTEX_POINT('',#5404);
#1204=VERTEX_POINT('',#5406);
#1205=VERTEX_POINT('',#5410);
#1206=VERTEX_POINT('',#5411);
#1207=VERTEX_POINT('',#5416);
#1208=VERTEX_POINT('',#5417);
#1209=VERTEX_POINT('',#5422);
#1210=VERTEX_POINT('',#5424);
#1211=VERTEX_POINT('',#5430);
#1212=VERTEX_POINT('',#5431);
#1213=VERTEX_POINT('',#5434);
#1214=VERTEX_POINT('',#5436);
#1215=VERTEX_POINT('',#5440);
#1216=VERTEX_POINT('',#5441);
#1217=VERTEX_POINT('',#5446);
#1218=VERTEX_POINT('',#5447);
#1219=VERTEX_POINT('',#5452);
#1220=VERTEX_POINT('',#5454);
#1221=VERTEX_POINT('',#5458);
#1222=VERTEX_POINT('',#5460);
#1223=VERTEX_POINT('',#5464);
#1224=VERTEX_POINT('',#5465);
#1225=VERTEX_POINT('',#5468);
#1226=VERTEX_POINT('',#5470);
#1227=VERTEX_POINT('',#5474);
#1228=VERTEX_POINT('',#5475);
#1229=VERTEX_POINT('',#5480);
#1230=VERTEX_POINT('',#5481);
#1231=VERTEX_POINT('',#5486);
#1232=VERTEX_POINT('',#5488);
#1233=VERTEX_POINT('',#5492);
#1234=VERTEX_POINT('',#5494);
#1235=VERTEX_POINT('',#5498);
#1236=VERTEX_POINT('',#5499);
#1237=VERTEX_POINT('',#5501);
#1238=VERTEX_POINT('',#5503);
#1239=VERTEX_POINT('',#5508);
#1240=VERTEX_POINT('',#5509);
#1241=VERTEX_POINT('',#5516);
#1242=VERTEX_POINT('',#5517);
#1243=VERTEX_POINT('',#5522);
#1244=VERTEX_POINT('',#5523);
#1245=VERTEX_POINT('',#5528);
#1246=VERTEX_POINT('',#5529);
#1247=VERTEX_POINT('',#5534);
#1248=VERTEX_POINT('',#5535);
#1249=VERTEX_POINT('',#5538);
#1250=VERTEX_POINT('',#5540);
#1251=VERTEX_POINT('',#5544);
#1252=VERTEX_POINT('',#5545);
#1253=VERTEX_POINT('',#5550);
#1254=VERTEX_POINT('',#5551);
#1255=VERTEX_POINT('',#5560);
#1256=VERTEX_POINT('',#5561);
#1257=VERTEX_POINT('',#5566);
#1258=VERTEX_POINT('',#5567);
#1259=VERTEX_POINT('',#5572);
#1260=VERTEX_POINT('',#5573);
#1261=VERTEX_POINT('',#5578);
#1262=VERTEX_POINT('',#5579);
#1263=VERTEX_POINT('',#5581);
#1264=VERTEX_POINT('',#5583);
#1265=VERTEX_POINT('',#5588);
#1266=VERTEX_POINT('',#5589);
#1267=VERTEX_POINT('',#5596);
#1268=VERTEX_POINT('',#5597);
#1269=VERTEX_POINT('',#5600);
#1270=VERTEX_POINT('',#5602);
#1271=VERTEX_POINT('',#5606);
#1272=VERTEX_POINT('',#5607);
#1273=VERTEX_POINT('',#5612);
#1274=VERTEX_POINT('',#5613);
#1275=VERTEX_POINT('',#5622);
#1276=VERTEX_POINT('',#5623);
#1277=VERTEX_POINT('',#5626);
#1278=VERTEX_POINT('',#5628);
#1279=VERTEX_POINT('',#5632);
#1280=VERTEX_POINT('',#5633);
#1281=VERTEX_POINT('',#5638);
#1282=VERTEX_POINT('',#5639);
#1283=VERTEX_POINT('',#5646);
#1284=VERTEX_POINT('',#5648);
#1285=VERTEX_POINT('',#5652);
#1286=VERTEX_POINT('',#5653);
#1287=VERTEX_POINT('',#5658);
#1288=VERTEX_POINT('',#5659);
#1289=EDGE_CURVE('',#973,#973,#577,.T.);
#1290=EDGE_CURVE('',#973,#974,#578,.T.);
#1291=EDGE_CURVE('',#974,#975,#579,.T.);
#1292=EDGE_CURVE('',#975,#974,#580,.T.);
#1293=EDGE_CURVE('',#976,#976,#581,.T.);
#1294=EDGE_CURVE('',#975,#977,#17,.T.);
#1295=EDGE_CURVE('',#978,#977,#582,.T.);
#1296=EDGE_CURVE('',#977,#978,#583,.T.);
#1297=EDGE_CURVE('',#976,#979,#584,.T.);
#1298=EDGE_CURVE('',#979,#980,#585,.T.);
#1299=EDGE_CURVE('',#980,#979,#586,.T.);
#1300=EDGE_CURVE('',#980,#981,#18,.T.);
#1301=EDGE_CURVE('',#982,#981,#587,.T.);
#1302=EDGE_CURVE('',#981,#982,#588,.T.);
#1303=EDGE_CURVE('',#978,#983,#589,.T.);
#1304=EDGE_CURVE('',#983,#983,#590,.T.);
#1305=EDGE_CURVE('',#984,#984,#591,.T.);
#1306=EDGE_CURVE('',#982,#984,#592,.T.);
#1307=EDGE_CURVE('',#985,#986,#593,.T.);
#1308=EDGE_CURVE('',#985,#987,#594,.T.);
#1309=EDGE_CURVE('',#988,#987,#595,.T.);
#1310=EDGE_CURVE('',#987,#988,#596,.T.);
#1311=EDGE_CURVE('',#986,#985,#597,.T.);
#1312=EDGE_CURVE('',#989,#990,#598,.T.);
#1313=EDGE_CURVE('',#990,#989,#599,.T.);
#1314=EDGE_CURVE('',#990,#986,#19,.T.);
#1315=EDGE_CURVE('',#991,#992,#600,.T.);
#1316=EDGE_CURVE('',#992,#991,#601,.T.);
#1317=EDGE_CURVE('',#992,#989,#602,.T.);
#1318=EDGE_CURVE('',#993,#994,#603,.T.);
#1319=EDGE_CURVE('',#993,#995,#604,.T.);
#1320=EDGE_CURVE('',#996,#995,#605,.T.);
#1321=EDGE_CURVE('',#995,#996,#606,.T.);
#1322=EDGE_CURVE('',#994,#993,#607,.T.);
#1323=EDGE_CURVE('',#997,#998,#608,.T.);
#1324=EDGE_CURVE('',#998,#997,#609,.T.);
#1325=EDGE_CURVE('',#998,#994,#20,.T.);
#1326=EDGE_CURVE('',#999,#1000,#610,.T.);
#1327=EDGE_CURVE('',#1000,#999,#611,.T.);
#1328=EDGE_CURVE('',#1000,#997,#612,.T.);
#1329=EDGE_CURVE('',#1001,#1002,#613,.T.);
#1330=EDGE_CURVE('',#1002,#1001,#614,.T.);
#1331=EDGE_CURVE('',#1001,#1003,#615,.T.);
#1332=EDGE_CURVE('',#1003,#1004,#616,.T.);
#1333=EDGE_CURVE('',#1004,#1003,#617,.T.);
#1334=EDGE_CURVE('',#1005,#1006,#618,.T.);
#1335=EDGE_CURVE('',#1006,#1002,#21,.T.);
#1336=EDGE_CURVE('',#1006,#1005,#619,.T.);
#1337=EDGE_CURVE('',#1007,#1008,#620,.T.);
#1338=EDGE_CURVE('',#1008,#1007,#621,.T.);
#1339=EDGE_CURVE('',#1007,#1005,#622,.T.);
#1340=EDGE_CURVE('',#1008,#999,#22,.T.);
#1341=EDGE_CURVE('',#1004,#988,#23,.T.);
#1342=EDGE_CURVE('',#1009,#1010,#623,.T.);
#1343=EDGE_CURVE('',#1010,#1009,#624,.T.);
#1344=EDGE_CURVE('',#1009,#1011,#625,.T.);
#1345=EDGE_CURVE('',#1011,#1012,#626,.T.);
#1346=EDGE_CURVE('',#1012,#1011,#627,.T.);
#1347=EDGE_CURVE('',#1013,#1014,#628,.T.);
#1348=EDGE_CURVE('',#1014,#1010,#24,.T.);
#1349=EDGE_CURVE('',#1014,#1013,#629,.T.);
#1350=EDGE_CURVE('',#1015,#1016,#630,.T.);
#1351=EDGE_CURVE('',#1016,#1015,#631,.T.);
#1352=EDGE_CURVE('',#1015,#1013,#632,.T.);
#1353=EDGE_CURVE('',#1016,#1017,#25,.T.);
#1354=EDGE_CURVE('',#1018,#1017,#633,.T.);
#1355=EDGE_CURVE('',#1017,#1018,#634,.T.);
#1356=EDGE_CURVE('',#1012,#1019,#26,.T.);
#1357=EDGE_CURVE('',#1020,#1019,#635,.T.);
#1358=EDGE_CURVE('',#1019,#1020,#636,.T.);
#1359=EDGE_CURVE('',#1021,#1022,#637,.T.);
#1360=EDGE_CURVE('',#1021,#1023,#638,.T.);
#1361=EDGE_CURVE('',#1024,#1023,#639,.T.);
#1362=EDGE_CURVE('',#1023,#1024,#640,.T.);
#1363=EDGE_CURVE('',#1022,#1021,#641,.T.);
#1364=EDGE_CURVE('',#1025,#1026,#642,.T.);
#1365=EDGE_CURVE('',#1026,#1025,#643,.T.);
#1366=EDGE_CURVE('',#1026,#1022,#27,.T.);
#1367=EDGE_CURVE('',#1027,#1028,#644,.T.);
#1368=EDGE_CURVE('',#1028,#1027,#645,.T.);
#1369=EDGE_CURVE('',#1028,#1025,#646,.T.);
#1370=EDGE_CURVE('',#1029,#1030,#647,.T.);
#1371=EDGE_CURVE('',#1030,#1029,#648,.T.);
#1372=EDGE_CURVE('',#1029,#1031,#649,.T.);
#1373=EDGE_CURVE('',#1031,#1032,#650,.T.);
#1374=EDGE_CURVE('',#1032,#1031,#651,.T.);
#1375=EDGE_CURVE('',#1033,#1034,#652,.T.);
#1376=EDGE_CURVE('',#1034,#1030,#28,.T.);
#1377=EDGE_CURVE('',#1034,#1033,#653,.T.);
#1378=EDGE_CURVE('',#1035,#1036,#654,.T.);
#1379=EDGE_CURVE('',#1036,#1035,#655,.T.);
#1380=EDGE_CURVE('',#1035,#1033,#656,.T.);
#1381=EDGE_CURVE('',#1036,#1027,#29,.T.);
#1382=EDGE_CURVE('',#1032,#996,#30,.T.);
#1383=EDGE_CURVE('',#1037,#1038,#657,.T.);
#1384=EDGE_CURVE('',#1037,#1039,#658,.T.);
#1385=EDGE_CURVE('',#1040,#1039,#659,.T.);
#1386=EDGE_CURVE('',#1039,#1040,#660,.T.);
#1387=EDGE_CURVE('',#1038,#1037,#661,.T.);
#1388=EDGE_CURVE('',#1041,#1042,#662,.T.);
#1389=EDGE_CURVE('',#1042,#1041,#663,.T.);
#1390=EDGE_CURVE('',#1042,#1038,#31,.T.);
#1391=EDGE_CURVE('',#1043,#1044,#664,.T.);
#1392=EDGE_CURVE('',#1044,#1043,#665,.T.);
#1393=EDGE_CURVE('',#1044,#1041,#666,.T.);
#1394=EDGE_CURVE('',#1045,#1046,#667,.T.);
#1395=EDGE_CURVE('',#1045,#1047,#668,.T.);
#1396=EDGE_CURVE('',#1048,#1047,#669,.T.);
#1397=EDGE_CURVE('',#1047,#1048,#670,.T.);
#1398=EDGE_CURVE('',#1046,#1045,#671,.T.);
#1399=EDGE_CURVE('',#1049,#1050,#672,.T.);
#1400=EDGE_CURVE('',#1050,#1049,#673,.T.);
#1401=EDGE_CURVE('',#1050,#1046,#32,.T.);
#1402=EDGE_CURVE('',#1051,#1052,#674,.T.);
#1403=EDGE_CURVE('',#1052,#1051,#675,.T.);
#1404=EDGE_CURVE('',#1052,#1049,#676,.T.);
#1405=EDGE_CURVE('',#1053,#1054,#677,.T.);
#1406=EDGE_CURVE('',#1054,#1053,#678,.T.);
#1407=EDGE_CURVE('',#1053,#1055,#679,.T.);
#1408=EDGE_CURVE('',#1055,#1056,#680,.T.);
#1409=EDGE_CURVE('',#1056,#1055,#681,.T.);
#1410=EDGE_CURVE('',#1057,#1058,#682,.T.);
#1411=EDGE_CURVE('',#1058,#1054,#33,.T.);
#1412=EDGE_CURVE('',#1058,#1057,#683,.T.);
#1413=EDGE_CURVE('',#1059,#1060,#684,.T.);
#1414=EDGE_CURVE('',#1060,#1059,#685,.T.);
#1415=EDGE_CURVE('',#1059,#1057,#686,.T.);
#1416=EDGE_CURVE('',#1060,#1043,#34,.T.);
#1417=EDGE_CURVE('',#1056,#1061,#35,.T.);
#1418=EDGE_CURVE('',#1062,#1061,#687,.T.);
#1419=EDGE_CURVE('',#1061,#1062,#688,.T.);
#1420=EDGE_CURVE('',#1063,#1064,#689,.T.);
#1421=EDGE_CURVE('',#1063,#1062,#690,.T.);
#1422=EDGE_CURVE('',#1064,#1063,#691,.T.);
#1423=EDGE_CURVE('',#1065,#1066,#692,.T.);
#1424=EDGE_CURVE('',#1066,#1065,#693,.T.);
#1425=EDGE_CURVE('',#1066,#1064,#36,.T.);
#1426=EDGE_CURVE('',#1067,#1068,#694,.T.);
#1427=EDGE_CURVE('',#1068,#1067,#695,.T.);
#1428=EDGE_CURVE('',#1068,#1065,#696,.T.);
#1429=EDGE_CURVE('',#1069,#1070,#697,.T.);
#1430=EDGE_CURVE('',#1070,#1069,#698,.T.);
#1431=EDGE_CURVE('',#1069,#1071,#699,.T.);
#1432=EDGE_CURVE('',#1071,#1072,#700,.T.);
#1433=EDGE_CURVE('',#1072,#1071,#701,.T.);
#1434=EDGE_CURVE('',#1073,#1074,#702,.T.);
#1435=EDGE_CURVE('',#1074,#1070,#37,.T.);
#1436=EDGE_CURVE('',#1074,#1073,#703,.T.);
#1437=EDGE_CURVE('',#1075,#1076,#704,.T.);
#1438=EDGE_CURVE('',#1076,#1075,#705,.T.);
#1439=EDGE_CURVE('',#1075,#1073,#706,.T.);
#1440=EDGE_CURVE('',#1076,#1067,#38,.T.);
#1441=EDGE_CURVE('',#1072,#1077,#39,.T.);
#1442=EDGE_CURVE('',#1078,#1077,#707,.T.);
#1443=EDGE_CURVE('',#1077,#1078,#708,.T.);
#1444=EDGE_CURVE('',#1079,#1080,#709,.T.);
#1445=EDGE_CURVE('',#1079,#1078,#710,.T.);
#1446=EDGE_CURVE('',#1080,#1079,#711,.T.);
#1447=EDGE_CURVE('',#1081,#1082,#712,.T.);
#1448=EDGE_CURVE('',#1082,#1081,#713,.T.);
#1449=EDGE_CURVE('',#1082,#1080,#40,.T.);
#1450=EDGE_CURVE('',#1083,#1084,#714,.T.);
#1451=EDGE_CURVE('',#1084,#1083,#715,.T.);
#1452=EDGE_CURVE('',#1084,#1081,#716,.T.);
#1453=EDGE_CURVE('',#1085,#1086,#717,.T.);
#1454=EDGE_CURVE('',#1086,#1085,#718,.T.);
#1455=EDGE_CURVE('',#1085,#1087,#719,.T.);
#1456=EDGE_CURVE('',#1087,#1088,#720,.T.);
#1457=EDGE_CURVE('',#1088,#1087,#721,.T.);
#1458=EDGE_CURVE('',#1089,#1090,#722,.T.);
#1459=EDGE_CURVE('',#1090,#1086,#41,.T.);
#1460=EDGE_CURVE('',#1090,#1089,#723,.T.);
#1461=EDGE_CURVE('',#1091,#1092,#724,.T.);
#1462=EDGE_CURVE('',#1092,#1091,#725,.T.);
#1463=EDGE_CURVE('',#1091,#1089,#726,.T.);
#1464=EDGE_CURVE('',#1092,#1083,#42,.T.);
#1465=EDGE_CURVE('',#1088,#1048,#43,.T.);
#1466=EDGE_CURVE('',#1093,#1094,#727,.T.);
#1467=EDGE_CURVE('',#1094,#1093,#728,.T.);
#1468=EDGE_CURVE('',#1093,#1095,#729,.T.);
#1469=EDGE_CURVE('',#1095,#1096,#730,.T.);
#1470=EDGE_CURVE('',#1096,#1095,#731,.T.);
#1471=EDGE_CURVE('',#1097,#1098,#732,.T.);
#1472=EDGE_CURVE('',#1098,#1094,#44,.T.);
#1473=EDGE_CURVE('',#1098,#1097,#733,.T.);
#1474=EDGE_CURVE('',#1099,#1100,#734,.T.);
#1475=EDGE_CURVE('',#1100,#1099,#735,.T.);
#1476=EDGE_CURVE('',#1099,#1097,#736,.T.);
#1477=EDGE_CURVE('',#1100,#1051,#45,.T.);
#1478=EDGE_CURVE('',#1096,#1024,#46,.T.);
#1479=EDGE_CURVE('',#1101,#1102,#737,.T.);
#1480=EDGE_CURVE('',#1102,#1101,#738,.T.);
#1481=EDGE_CURVE('',#1101,#1103,#739,.T.);
#1482=EDGE_CURVE('',#1103,#1104,#740,.T.);
#1483=EDGE_CURVE('',#1104,#1103,#741,.T.);
#1484=EDGE_CURVE('',#1105,#1106,#742,.T.);
#1485=EDGE_CURVE('',#1106,#1102,#47,.T.);
#1486=EDGE_CURVE('',#1106,#1105,#743,.T.);
#1487=EDGE_CURVE('',#1107,#1108,#744,.T.);
#1488=EDGE_CURVE('',#1108,#1107,#745,.T.);
#1489=EDGE_CURVE('',#1107,#1105,#746,.T.);
#1490=EDGE_CURVE('',#1108,#1109,#48,.T.);
#1491=EDGE_CURVE('',#1110,#1109,#747,.T.);
#1492=EDGE_CURVE('',#1109,#1110,#748,.T.);
#1493=EDGE_CURVE('',#1104,#1111,#49,.T.);
#1494=EDGE_CURVE('',#1112,#1111,#749,.T.);
#1495=EDGE_CURVE('',#1111,#1112,#750,.T.);
#1496=EDGE_CURVE('',#1113,#1114,#751,.T.);
#1497=EDGE_CURVE('',#1113,#1115,#752,.T.);
#1498=EDGE_CURVE('',#1116,#1115,#753,.T.);
#1499=EDGE_CURVE('',#1115,#1116,#754,.T.);
#1500=EDGE_CURVE('',#1114,#1113,#755,.T.);
#1501=EDGE_CURVE('',#1117,#1118,#756,.T.);
#1502=EDGE_CURVE('',#1118,#1117,#757,.T.);
#1503=EDGE_CURVE('',#1118,#1114,#50,.T.);
#1504=EDGE_CURVE('',#1110,#1117,#758,.T.);
#1505=EDGE_CURVE('',#1119,#1120,#759,.T.);
#1506=EDGE_CURVE('',#1120,#1119,#760,.T.);
#1507=EDGE_CURVE('',#1119,#1121,#761,.T.);
#1508=EDGE_CURVE('',#1121,#1122,#762,.T.);
#1509=EDGE_CURVE('',#1122,#1121,#763,.T.);
#1510=EDGE_CURVE('',#1123,#1124,#764,.T.);
#1511=EDGE_CURVE('',#1124,#1120,#51,.T.);
#1512=EDGE_CURVE('',#1124,#1123,#765,.T.);
#1513=EDGE_CURVE('',#1125,#1126,#766,.T.);
#1514=EDGE_CURVE('',#1126,#1125,#767,.T.);
#1515=EDGE_CURVE('',#1125,#1123,#768,.T.);
#1516=EDGE_CURVE('',#1126,#1127,#52,.T.);
#1517=EDGE_CURVE('',#1128,#1127,#769,.T.);
#1518=EDGE_CURVE('',#1127,#1128,#770,.T.);
#1519=EDGE_CURVE('',#1122,#1129,#53,.T.);
#1520=EDGE_CURVE('',#1130,#1129,#771,.T.);
#1521=EDGE_CURVE('',#1129,#1130,#772,.T.);
#1522=EDGE_CURVE('',#1131,#1132,#773,.T.);
#1523=EDGE_CURVE('',#1131,#1020,#774,.T.);
#1524=EDGE_CURVE('',#1132,#1131,#775,.T.);
#1525=EDGE_CURVE('',#1133,#1134,#776,.T.);
#1526=EDGE_CURVE('',#1134,#1133,#777,.T.);
#1527=EDGE_CURVE('',#1134,#1132,#54,.T.);
#1528=EDGE_CURVE('',#1135,#1136,#778,.T.);
#1529=EDGE_CURVE('',#1136,#1135,#779,.T.);
#1530=EDGE_CURVE('',#1136,#1133,#780,.T.);
#1531=EDGE_CURVE('',#1137,#1138,#781,.T.);
#1532=EDGE_CURVE('',#1138,#1137,#782,.T.);
#1533=EDGE_CURVE('',#1137,#1139,#783,.T.);
#1534=EDGE_CURVE('',#1139,#1140,#784,.T.);
#1535=EDGE_CURVE('',#1140,#1139,#785,.T.);
#1536=EDGE_CURVE('',#1141,#1142,#786,.T.);
#1537=EDGE_CURVE('',#1142,#1138,#55,.T.);
#1538=EDGE_CURVE('',#1142,#1141,#787,.T.);
#1539=EDGE_CURVE('',#1143,#1144,#788,.T.);
#1540=EDGE_CURVE('',#1144,#1143,#789,.T.);
#1541=EDGE_CURVE('',#1143,#1141,#790,.T.);
#1542=EDGE_CURVE('',#1144,#1135,#56,.T.);
#1543=EDGE_CURVE('',#1140,#1145,#57,.T.);
#1544=EDGE_CURVE('',#1146,#1145,#791,.T.);
#1545=EDGE_CURVE('',#1145,#1146,#792,.T.);
#1546=EDGE_CURVE('',#1147,#1148,#793,.T.);
#1547=EDGE_CURVE('',#1147,#1146,#794,.T.);
#1548=EDGE_CURVE('',#1148,#1147,#795,.T.);
#1549=EDGE_CURVE('',#1149,#1150,#796,.T.);
#1550=EDGE_CURVE('',#1150,#1149,#797,.T.);
#1551=EDGE_CURVE('',#1150,#1148,#58,.T.);
#1552=EDGE_CURVE('',#1128,#1149,#798,.T.);
#1553=EDGE_CURVE('',#1151,#1152,#799,.T.);
#1554=EDGE_CURVE('',#1151,#1130,#800,.T.);
#1555=EDGE_CURVE('',#1152,#1151,#801,.T.);
#1556=EDGE_CURVE('',#1153,#1154,#802,.T.);
#1557=EDGE_CURVE('',#1154,#1153,#803,.T.);
#1558=EDGE_CURVE('',#1154,#1152,#59,.T.);
#1559=EDGE_CURVE('',#1155,#1156,#804,.T.);
#1560=EDGE_CURVE('',#1156,#1155,#805,.T.);
#1561=EDGE_CURVE('',#1156,#1153,#806,.T.);
#1562=EDGE_CURVE('',#1157,#1158,#807,.T.);
#1563=EDGE_CURVE('',#1158,#1157,#808,.T.);
#1564=EDGE_CURVE('',#1157,#1159,#809,.T.);
#1565=EDGE_CURVE('',#1159,#1160,#810,.T.);
#1566=EDGE_CURVE('',#1160,#1159,#811,.T.);
#1567=EDGE_CURVE('',#1161,#1162,#812,.T.);
#1568=EDGE_CURVE('',#1162,#1158,#60,.T.);
#1569=EDGE_CURVE('',#1162,#1161,#813,.T.);
#1570=EDGE_CURVE('',#1163,#1164,#814,.T.);
#1571=EDGE_CURVE('',#1164,#1163,#815,.T.);
#1572=EDGE_CURVE('',#1163,#1161,#816,.T.);
#1573=EDGE_CURVE('',#1164,#1155,#61,.T.);
#1574=EDGE_CURVE('',#1160,#1116,#62,.T.);
#1575=EDGE_CURVE('',#1165,#1166,#817,.T.);
#1576=EDGE_CURVE('',#1165,#1167,#818,.T.);
#1577=EDGE_CURVE('',#1168,#1167,#819,.T.);
#1578=EDGE_CURVE('',#1167,#1168,#820,.T.);
#1579=EDGE_CURVE('',#1166,#1165,#821,.T.);
#1580=EDGE_CURVE('',#1169,#1170,#822,.T.);
#1581=EDGE_CURVE('',#1170,#1169,#823,.T.);
#1582=EDGE_CURVE('',#1170,#1166,#63,.T.);
#1583=EDGE_CURVE('',#1171,#1172,#824,.T.);
#1584=EDGE_CURVE('',#1172,#1171,#825,.T.);
#1585=EDGE_CURVE('',#1172,#1169,#826,.T.);
#1586=EDGE_CURVE('',#1173,#1174,#827,.T.);
#1587=EDGE_CURVE('',#1174,#1173,#828,.T.);
#1588=EDGE_CURVE('',#1173,#1175,#829,.T.);
#1589=EDGE_CURVE('',#1175,#1176,#830,.T.);
#1590=EDGE_CURVE('',#1176,#1175,#831,.T.);
#1591=EDGE_CURVE('',#1177,#1178,#832,.T.);
#1592=EDGE_CURVE('',#1178,#1174,#64,.T.);
#1593=EDGE_CURVE('',#1178,#1177,#833,.T.);
#1594=EDGE_CURVE('',#1179,#1180,#834,.T.);
#1595=EDGE_CURVE('',#1180,#1179,#835,.T.);
#1596=EDGE_CURVE('',#1179,#1177,#836,.T.);
#1597=EDGE_CURVE('',#1180,#1171,#65,.T.);
#1598=EDGE_CURVE('',#1176,#1040,#66,.T.);
#1599=EDGE_CURVE('',#1181,#1182,#837,.T.);
#1600=EDGE_CURVE('',#1182,#1181,#838,.T.);
#1601=EDGE_CURVE('',#1181,#1183,#839,.T.);
#1602=EDGE_CURVE('',#1183,#1184,#840,.T.);
#1603=EDGE_CURVE('',#1184,#1183,#841,.T.);
#1604=EDGE_CURVE('',#1185,#1186,#842,.T.);
#1605=EDGE_CURVE('',#1186,#1182,#67,.T.);
#1606=EDGE_CURVE('',#1186,#1185,#843,.T.);
#1607=EDGE_CURVE('',#1187,#1188,#844,.T.);
#1608=EDGE_CURVE('',#1188,#1187,#845,.T.);
#1609=EDGE_CURVE('',#1187,#1185,#846,.T.);
#1610=EDGE_CURVE('',#1188,#1189,#68,.T.);
#1611=EDGE_CURVE('',#1190,#1189,#847,.T.);
#1612=EDGE_CURVE('',#1189,#1190,#848,.T.);
#1613=EDGE_CURVE('',#1184,#1168,#69,.T.);
#1614=EDGE_CURVE('',#1191,#1192,#849,.T.);
#1615=EDGE_CURVE('',#1191,#1112,#850,.T.);
#1616=EDGE_CURVE('',#1192,#1191,#851,.T.);
#1617=EDGE_CURVE('',#1193,#1194,#852,.T.);
#1618=EDGE_CURVE('',#1194,#1193,#853,.T.);
#1619=EDGE_CURVE('',#1194,#1192,#70,.T.);
#1620=EDGE_CURVE('',#1190,#1193,#854,.T.);
#1621=EDGE_CURVE('',#1195,#1196,#855,.T.);
#1622=EDGE_CURVE('',#1195,#1197,#856,.T.);
#1623=EDGE_CURVE('',#1198,#1197,#857,.T.);
#1624=EDGE_CURVE('',#1197,#1198,#858,.T.);
#1625=EDGE_CURVE('',#1196,#1195,#859,.T.);
#1626=EDGE_CURVE('',#1199,#1200,#860,.T.);
#1627=EDGE_CURVE('',#1200,#1199,#861,.T.);
#1628=EDGE_CURVE('',#1200,#1196,#71,.T.);
#1629=EDGE_CURVE('',#1018,#1199,#862,.T.);
#1630=EDGE_CURVE('',#1201,#1202,#863,.T.);
#1631=EDGE_CURVE('',#1202,#1201,#864,.T.);
#1632=EDGE_CURVE('',#1201,#1203,#865,.T.);
#1633=EDGE_CURVE('',#1203,#1204,#866,.T.);
#1634=EDGE_CURVE('',#1204,#1203,#867,.T.);
#1635=EDGE_CURVE('',#1205,#1206,#868,.T.);
#1636=EDGE_CURVE('',#1206,#1202,#72,.T.);
#1637=EDGE_CURVE('',#1206,#1205,#869,.T.);
#1638=EDGE_CURVE('',#1207,#1208,#870,.T.);
#1639=EDGE_CURVE('',#1208,#1207,#871,.T.);
#1640=EDGE_CURVE('',#1207,#1205,#872,.T.);
#1641=EDGE_CURVE('',#1208,#1209,#73,.T.);
#1642=EDGE_CURVE('',#1210,#1209,#873,.T.);
#1643=EDGE_CURVE('',#1209,#1210,#874,.T.);
#1644=EDGE_CURVE('',#1204,#1198,#74,.T.);
#1645=EDGE_CURVE('',#1211,#1212,#875,.T.);
#1646=EDGE_CURVE('',#1212,#1211,#876,.T.);
#1647=EDGE_CURVE('',#1211,#1213,#877,.T.);
#1648=EDGE_CURVE('',#1213,#1214,#878,.T.);
#1649=EDGE_CURVE('',#1214,#1213,#879,.T.);
#1650=EDGE_CURVE('',#1215,#1216,#880,.T.);
#1651=EDGE_CURVE('',#1216,#1212,#75,.T.);
#1652=EDGE_CURVE('',#1216,#1215,#881,.T.);
#1653=EDGE_CURVE('',#1217,#1218,#882,.T.);
#1654=EDGE_CURVE('',#1218,#1217,#883,.T.);
#1655=EDGE_CURVE('',#1217,#1215,#884,.T.);
#1656=EDGE_CURVE('',#1218,#1219,#76,.T.);
#1657=EDGE_CURVE('',#1220,#1219,#885,.T.);
#1658=EDGE_CURVE('',#1219,#1220,#886,.T.);
#1659=EDGE_CURVE('',#1214,#1221,#77,.T.);
#1660=EDGE_CURVE('',#1222,#1221,#887,.T.);
#1661=EDGE_CURVE('',#1221,#1222,#888,.T.);
#1662=EDGE_CURVE('',#1223,#1224,#889,.T.);
#1663=EDGE_CURVE('',#1224,#1223,#890,.T.);
#1664=EDGE_CURVE('',#1223,#1225,#891,.T.);
#1665=EDGE_CURVE('',#1225,#1226,#892,.T.);
#1666=EDGE_CURVE('',#1226,#1225,#893,.T.);
#1667=EDGE_CURVE('',#1227,#1228,#894,.T.);
#1668=EDGE_CURVE('',#1228,#1224,#78,.T.);
#1669=EDGE_CURVE('',#1228,#1227,#895,.T.);
#1670=EDGE_CURVE('',#1229,#1230,#896,.T.);
#1671=EDGE_CURVE('',#1230,#1229,#897,.T.);
#1672=EDGE_CURVE('',#1229,#1227,#898,.T.);
#1673=EDGE_CURVE('',#1230,#1231,#79,.T.);
#1674=EDGE_CURVE('',#1232,#1231,#899,.T.);
#1675=EDGE_CURVE('',#1231,#1232,#900,.T.);
#1676=EDGE_CURVE('',#1226,#1233,#80,.T.);
#1677=EDGE_CURVE('',#1234,#1233,#901,.T.);
#1678=EDGE_CURVE('',#1233,#1234,#902,.T.);
#1679=EDGE_CURVE('',#1235,#1236,#903,.T.);
#1680=EDGE_CURVE('',#1235,#1237,#904,.T.);
#1681=EDGE_CURVE('',#1238,#1237,#905,.T.);
#1682=EDGE_CURVE('',#1237,#1238,#906,.T.);
#1683=EDGE_CURVE('',#1236,#1235,#907,.T.);
#1684=EDGE_CURVE('',#1239,#1240,#908,.T.);
#1685=EDGE_CURVE('',#1240,#1239,#909,.T.);
#1686=EDGE_CURVE('',#1240,#1236,#81,.T.);
#1687=EDGE_CURVE('',#1210,#1239,#910,.T.);
#1688=EDGE_CURVE('',#1241,#1242,#911,.T.);
#1689=EDGE_CURVE('',#1241,#1234,#912,.T.);
#1690=EDGE_CURVE('',#1242,#1241,#913,.T.);
#1691=EDGE_CURVE('',#1243,#1244,#914,.T.);
#1692=EDGE_CURVE('',#1244,#1243,#915,.T.);
#1693=EDGE_CURVE('',#1244,#1242,#82,.T.);
#1694=EDGE_CURVE('',#1245,#1246,#916,.T.);
#1695=EDGE_CURVE('',#1246,#1245,#917,.T.);
#1696=EDGE_CURVE('',#1246,#1243,#918,.T.);
#1697=EDGE_CURVE('',#1247,#1248,#919,.T.);
#1698=EDGE_CURVE('',#1248,#1247,#920,.T.);
#1699=EDGE_CURVE('',#1247,#1249,#921,.T.);
#1700=EDGE_CURVE('',#1249,#1250,#922,.T.);
#1701=EDGE_CURVE('',#1250,#1249,#923,.T.);
#1702=EDGE_CURVE('',#1251,#1252,#924,.T.);
#1703=EDGE_CURVE('',#1252,#1248,#83,.T.);
#1704=EDGE_CURVE('',#1252,#1251,#925,.T.);
#1705=EDGE_CURVE('',#1253,#1254,#926,.T.);
#1706=EDGE_CURVE('',#1254,#1253,#927,.T.);
#1707=EDGE_CURVE('',#1253,#1251,#928,.T.);
#1708=EDGE_CURVE('',#1254,#1245,#84,.T.);
#1709=EDGE_CURVE('',#1250,#1238,#85,.T.);
#1710=EDGE_CURVE('',#1255,#1256,#929,.T.);
#1711=EDGE_CURVE('',#1255,#1222,#930,.T.);
#1712=EDGE_CURVE('',#1256,#1255,#931,.T.);
#1713=EDGE_CURVE('',#1257,#1258,#932,.T.);
#1714=EDGE_CURVE('',#1258,#1257,#933,.T.);
#1715=EDGE_CURVE('',#1258,#1256,#86,.T.);
#1716=EDGE_CURVE('',#1259,#1260,#934,.T.);
#1717=EDGE_CURVE('',#1260,#1259,#935,.T.);
#1718=EDGE_CURVE('',#1260,#1257,#936,.T.);
#1719=EDGE_CURVE('',#1261,#1262,#937,.T.);
#1720=EDGE_CURVE('',#1261,#1263,#938,.T.);
#1721=EDGE_CURVE('',#1264,#1263,#939,.T.);
#1722=EDGE_CURVE('',#1263,#1264,#940,.T.);
#1723=EDGE_CURVE('',#1262,#1261,#941,.T.);
#1724=EDGE_CURVE('',#1265,#1266,#942,.T.);
#1725=EDGE_CURVE('',#1266,#1265,#943,.T.);
#1726=EDGE_CURVE('',#1266,#1262,#87,.T.);
#1727=EDGE_CURVE('',#1232,#1265,#944,.T.);
#1728=EDGE_CURVE('',#1267,#1268,#945,.T.);
#1729=EDGE_CURVE('',#1268,#1267,#946,.T.);
#1730=EDGE_CURVE('',#1267,#1269,#947,.T.);
#1731=EDGE_CURVE('',#1269,#1270,#948,.T.);
#1732=EDGE_CURVE('',#1270,#1269,#949,.T.);
#1733=EDGE_CURVE('',#1271,#1272,#950,.T.);
#1734=EDGE_CURVE('',#1272,#1268,#88,.T.);
#1735=EDGE_CURVE('',#1272,#1271,#951,.T.);
#1736=EDGE_CURVE('',#1273,#1274,#952,.T.);
#1737=EDGE_CURVE('',#1274,#1273,#953,.T.);
#1738=EDGE_CURVE('',#1273,#1271,#954,.T.);
#1739=EDGE_CURVE('',#1274,#1259,#89,.T.);
#1740=EDGE_CURVE('',#1270,#1264,#90,.T.);
#1741=EDGE_CURVE('',#1275,#1276,#955,.T.);
#1742=EDGE_CURVE('',#1276,#1275,#956,.T.);
#1743=EDGE_CURVE('',#1275,#1277,#957,.T.);
#1744=EDGE_CURVE('',#1277,#1278,#958,.T.);
#1745=EDGE_CURVE('',#1278,#1277,#959,.T.);
#1746=EDGE_CURVE('',#1279,#1280,#960,.T.);
#1747=EDGE_CURVE('',#1280,#1276,#91,.T.);
#1748=EDGE_CURVE('',#1280,#1279,#961,.T.);
#1749=EDGE_CURVE('',#1281,#1282,#962,.T.);
#1750=EDGE_CURVE('',#1282,#1281,#963,.T.);
#1751=EDGE_CURVE('',#1281,#1279,#964,.T.);
#1752=EDGE_CURVE('',#1282,#991,#92,.T.);
#1753=EDGE_CURVE('',#1278,#1283,#93,.T.);
#1754=EDGE_CURVE('',#1284,#1283,#965,.T.);
#1755=EDGE_CURVE('',#1283,#1284,#966,.T.);
#1756=EDGE_CURVE('',#1285,#1286,#967,.T.);
#1757=EDGE_CURVE('',#1285,#1284,#968,.T.);
#1758=EDGE_CURVE('',#1286,#1285,#969,.T.);
#1759=EDGE_CURVE('',#1287,#1288,#970,.T.);
#1760=EDGE_CURVE('',#1288,#1287,#971,.T.);
#1761=EDGE_CURVE('',#1288,#1286,#94,.T.);
#1762=EDGE_CURVE('',#1220,#1287,#972,.T.);
#1763=ORIENTED_EDGE('',*,*,#1289,.T.);
#1764=ORIENTED_EDGE('',*,*,#1290,.T.);
#1765=ORIENTED_EDGE('',*,*,#1291,.T.);
#1766=ORIENTED_EDGE('',*,*,#1292,.T.);
#1767=ORIENTED_EDGE('',*,*,#1290,.F.);
#1768=ORIENTED_EDGE('',*,*,#1293,.F.);
#1769=ORIENTED_EDGE('',*,*,#1289,.F.);
#1770=ORIENTED_EDGE('',*,*,#1292,.F.);
#1771=ORIENTED_EDGE('',*,*,#1294,.T.);
#1772=ORIENTED_EDGE('',*,*,#1295,.F.);
#1773=ORIENTED_EDGE('',*,*,#1296,.F.);
#1774=ORIENTED_EDGE('',*,*,#1294,.F.);
#1775=ORIENTED_EDGE('',*,*,#1291,.F.);
#1776=ORIENTED_EDGE('',*,*,#1293,.T.);
#1777=ORIENTED_EDGE('',*,*,#1297,.T.);
#1778=ORIENTED_EDGE('',*,*,#1298,.T.);
#1779=ORIENTED_EDGE('',*,*,#1299,.T.);
#1780=ORIENTED_EDGE('',*,*,#1297,.F.);
#1781=ORIENTED_EDGE('',*,*,#1299,.F.);
#1782=ORIENTED_EDGE('',*,*,#1300,.T.);
#1783=ORIENTED_EDGE('',*,*,#1301,.F.);
#1784=ORIENTED_EDGE('',*,*,#1302,.F.);
#1785=ORIENTED_EDGE('',*,*,#1300,.F.);
#1786=ORIENTED_EDGE('',*,*,#1298,.F.);
#1787=ORIENTED_EDGE('',*,*,#1296,.T.);
#1788=ORIENTED_EDGE('',*,*,#1303,.T.);
#1789=ORIENTED_EDGE('',*,*,#1304,.T.);
#1790=ORIENTED_EDGE('',*,*,#1303,.F.);
#1791=ORIENTED_EDGE('',*,*,#1295,.T.);
#1792=ORIENTED_EDGE('',*,*,#1305,.F.);
#1793=ORIENTED_EDGE('',*,*,#1304,.F.);
#1794=ORIENTED_EDGE('',*,*,#1302,.T.);
#1795=ORIENTED_EDGE('',*,*,#1306,.T.);
#1796=ORIENTED_EDGE('',*,*,#1305,.T.);
#1797=ORIENTED_EDGE('',*,*,#1306,.F.);
#1798=ORIENTED_EDGE('',*,*,#1301,.T.);
#1799=ORIENTED_EDGE('',*,*,#1307,.F.);
#1800=ORIENTED_EDGE('',*,*,#1308,.T.);
#1801=ORIENTED_EDGE('',*,*,#1309,.F.);
#1802=ORIENTED_EDGE('',*,*,#1310,.F.);
#1803=ORIENTED_EDGE('',*,*,#1308,.F.);
#1804=ORIENTED_EDGE('',*,*,#1311,.F.);
#1805=ORIENTED_EDGE('',*,*,#1312,.F.);
#1806=ORIENTED_EDGE('',*,*,#1313,.F.);
#1807=ORIENTED_EDGE('',*,*,#1314,.T.);
#1808=ORIENTED_EDGE('',*,*,#1311,.T.);
#1809=ORIENTED_EDGE('',*,*,#1307,.T.);
#1810=ORIENTED_EDGE('',*,*,#1314,.F.);
#1811=ORIENTED_EDGE('',*,*,#1315,.F.);
#1812=ORIENTED_EDGE('',*,*,#1316,.F.);
#1813=ORIENTED_EDGE('',*,*,#1317,.T.);
#1814=ORIENTED_EDGE('',*,*,#1312,.T.);
#1815=ORIENTED_EDGE('',*,*,#1313,.T.);
#1816=ORIENTED_EDGE('',*,*,#1317,.F.);
#1817=ORIENTED_EDGE('',*,*,#1318,.F.);
#1818=ORIENTED_EDGE('',*,*,#1319,.T.);
#1819=ORIENTED_EDGE('',*,*,#1320,.F.);
#1820=ORIENTED_EDGE('',*,*,#1321,.F.);
#1821=ORIENTED_EDGE('',*,*,#1319,.F.);
#1822=ORIENTED_EDGE('',*,*,#1322,.F.);
#1823=ORIENTED_EDGE('',*,*,#1323,.F.);
#1824=ORIENTED_EDGE('',*,*,#1324,.F.);
#1825=ORIENTED_EDGE('',*,*,#1325,.T.);
#1826=ORIENTED_EDGE('',*,*,#1322,.T.);
#1827=ORIENTED_EDGE('',*,*,#1318,.T.);
#1828=ORIENTED_EDGE('',*,*,#1325,.F.);
#1829=ORIENTED_EDGE('',*,*,#1326,.F.);
#1830=ORIENTED_EDGE('',*,*,#1327,.F.);
#1831=ORIENTED_EDGE('',*,*,#1328,.T.);
#1832=ORIENTED_EDGE('',*,*,#1323,.T.);
#1833=ORIENTED_EDGE('',*,*,#1324,.T.);
#1834=ORIENTED_EDGE('',*,*,#1328,.F.);
#1835=ORIENTED_EDGE('',*,*,#1329,.T.);
#1836=ORIENTED_EDGE('',*,*,#1330,.T.);
#1837=ORIENTED_EDGE('',*,*,#1331,.T.);
#1838=ORIENTED_EDGE('',*,*,#1332,.T.);
#1839=ORIENTED_EDGE('',*,*,#1333,.T.);
#1840=ORIENTED_EDGE('',*,*,#1331,.F.);
#1841=ORIENTED_EDGE('',*,*,#1334,.T.);
#1842=ORIENTED_EDGE('',*,*,#1335,.T.);
#1843=ORIENTED_EDGE('',*,*,#1329,.F.);
#1844=ORIENTED_EDGE('',*,*,#1330,.F.);
#1845=ORIENTED_EDGE('',*,*,#1335,.F.);
#1846=ORIENTED_EDGE('',*,*,#1336,.T.);
#1847=ORIENTED_EDGE('',*,*,#1337,.T.);
#1848=ORIENTED_EDGE('',*,*,#1338,.T.);
#1849=ORIENTED_EDGE('',*,*,#1339,.T.);
#1850=ORIENTED_EDGE('',*,*,#1336,.F.);
#1851=ORIENTED_EDGE('',*,*,#1334,.F.);
#1852=ORIENTED_EDGE('',*,*,#1339,.F.);
#1853=ORIENTED_EDGE('',*,*,#1337,.F.);
#1854=ORIENTED_EDGE('',*,*,#1338,.F.);
#1855=ORIENTED_EDGE('',*,*,#1340,.T.);
#1856=ORIENTED_EDGE('',*,*,#1326,.T.);
#1857=ORIENTED_EDGE('',*,*,#1327,.T.);
#1858=ORIENTED_EDGE('',*,*,#1340,.F.);
#1859=ORIENTED_EDGE('',*,*,#1332,.F.);
#1860=ORIENTED_EDGE('',*,*,#1333,.F.);
#1861=ORIENTED_EDGE('',*,*,#1341,.T.);
#1862=ORIENTED_EDGE('',*,*,#1309,.T.);
#1863=ORIENTED_EDGE('',*,*,#1310,.T.);
#1864=ORIENTED_EDGE('',*,*,#1341,.F.);
#1865=ORIENTED_EDGE('',*,*,#1342,.T.);
#1866=ORIENTED_EDGE('',*,*,#1343,.T.);
#1867=ORIENTED_EDGE('',*,*,#1344,.T.);
#1868=ORIENTED_EDGE('',*,*,#1345,.T.);
#1869=ORIENTED_EDGE('',*,*,#1346,.T.);
#1870=ORIENTED_EDGE('',*,*,#1344,.F.);
#1871=ORIENTED_EDGE('',*,*,#1347,.T.);
#1872=ORIENTED_EDGE('',*,*,#1348,.T.);
#1873=ORIENTED_EDGE('',*,*,#1342,.F.);
#1874=ORIENTED_EDGE('',*,*,#1343,.F.);
#1875=ORIENTED_EDGE('',*,*,#1348,.F.);
#1876=ORIENTED_EDGE('',*,*,#1349,.T.);
#1877=ORIENTED_EDGE('',*,*,#1350,.T.);
#1878=ORIENTED_EDGE('',*,*,#1351,.T.);
#1879=ORIENTED_EDGE('',*,*,#1352,.T.);
#1880=ORIENTED_EDGE('',*,*,#1349,.F.);
#1881=ORIENTED_EDGE('',*,*,#1347,.F.);
#1882=ORIENTED_EDGE('',*,*,#1352,.F.);
#1883=ORIENTED_EDGE('',*,*,#1350,.F.);
#1884=ORIENTED_EDGE('',*,*,#1351,.F.);
#1885=ORIENTED_EDGE('',*,*,#1353,.T.);
#1886=ORIENTED_EDGE('',*,*,#1354,.F.);
#1887=ORIENTED_EDGE('',*,*,#1355,.F.);
#1888=ORIENTED_EDGE('',*,*,#1353,.F.);
#1889=ORIENTED_EDGE('',*,*,#1345,.F.);
#1890=ORIENTED_EDGE('',*,*,#1346,.F.);
#1891=ORIENTED_EDGE('',*,*,#1356,.T.);
#1892=ORIENTED_EDGE('',*,*,#1357,.F.);
#1893=ORIENTED_EDGE('',*,*,#1358,.F.);
#1894=ORIENTED_EDGE('',*,*,#1356,.F.);
#1895=ORIENTED_EDGE('',*,*,#1359,.F.);
#1896=ORIENTED_EDGE('',*,*,#1360,.T.);
#1897=ORIENTED_EDGE('',*,*,#1361,.F.);
#1898=ORIENTED_EDGE('',*,*,#1362,.F.);
#1899=ORIENTED_EDGE('',*,*,#1360,.F.);
#1900=ORIENTED_EDGE('',*,*,#1363,.F.);
#1901=ORIENTED_EDGE('',*,*,#1364,.F.);
#1902=ORIENTED_EDGE('',*,*,#1365,.F.);
#1903=ORIENTED_EDGE('',*,*,#1366,.T.);
#1904=ORIENTED_EDGE('',*,*,#1363,.T.);
#1905=ORIENTED_EDGE('',*,*,#1359,.T.);
#1906=ORIENTED_EDGE('',*,*,#1366,.F.);
#1907=ORIENTED_EDGE('',*,*,#1367,.F.);
#1908=ORIENTED_EDGE('',*,*,#1368,.F.);
#1909=ORIENTED_EDGE('',*,*,#1369,.T.);
#1910=ORIENTED_EDGE('',*,*,#1364,.T.);
#1911=ORIENTED_EDGE('',*,*,#1365,.T.);
#1912=ORIENTED_EDGE('',*,*,#1369,.F.);
#1913=ORIENTED_EDGE('',*,*,#1370,.T.);
#1914=ORIENTED_EDGE('',*,*,#1371,.T.);
#1915=ORIENTED_EDGE('',*,*,#1372,.T.);
#1916=ORIENTED_EDGE('',*,*,#1373,.T.);
#1917=ORIENTED_EDGE('',*,*,#1374,.T.);
#1918=ORIENTED_EDGE('',*,*,#1372,.F.);
#1919=ORIENTED_EDGE('',*,*,#1375,.T.);
#1920=ORIENTED_EDGE('',*,*,#1376,.T.);
#1921=ORIENTED_EDGE('',*,*,#1370,.F.);
#1922=ORIENTED_EDGE('',*,*,#1371,.F.);
#1923=ORIENTED_EDGE('',*,*,#1376,.F.);
#1924=ORIENTED_EDGE('',*,*,#1377,.T.);
#1925=ORIENTED_EDGE('',*,*,#1378,.T.);
#1926=ORIENTED_EDGE('',*,*,#1379,.T.);
#1927=ORIENTED_EDGE('',*,*,#1380,.T.);
#1928=ORIENTED_EDGE('',*,*,#1377,.F.);
#1929=ORIENTED_EDGE('',*,*,#1375,.F.);
#1930=ORIENTED_EDGE('',*,*,#1380,.F.);
#1931=ORIENTED_EDGE('',*,*,#1378,.F.);
#1932=ORIENTED_EDGE('',*,*,#1379,.F.);
#1933=ORIENTED_EDGE('',*,*,#1381,.T.);
#1934=ORIENTED_EDGE('',*,*,#1367,.T.);
#1935=ORIENTED_EDGE('',*,*,#1368,.T.);
#1936=ORIENTED_EDGE('',*,*,#1381,.F.);
#1937=ORIENTED_EDGE('',*,*,#1373,.F.);
#1938=ORIENTED_EDGE('',*,*,#1374,.F.);
#1939=ORIENTED_EDGE('',*,*,#1382,.T.);
#1940=ORIENTED_EDGE('',*,*,#1320,.T.);
#1941=ORIENTED_EDGE('',*,*,#1321,.T.);
#1942=ORIENTED_EDGE('',*,*,#1382,.F.);
#1943=ORIENTED_EDGE('',*,*,#1383,.F.);
#1944=ORIENTED_EDGE('',*,*,#1384,.T.);
#1945=ORIENTED_EDGE('',*,*,#1385,.F.);
#1946=ORIENTED_EDGE('',*,*,#1386,.F.);
#1947=ORIENTED_EDGE('',*,*,#1384,.F.);
#1948=ORIENTED_EDGE('',*,*,#1387,.F.);
#1949=ORIENTED_EDGE('',*,*,#1388,.F.);
#1950=ORIENTED_EDGE('',*,*,#1389,.F.);
#1951=ORIENTED_EDGE('',*,*,#1390,.T.);
#1952=ORIENTED_EDGE('',*,*,#1387,.T.);
#1953=ORIENTED_EDGE('',*,*,#1383,.T.);
#1954=ORIENTED_EDGE('',*,*,#1390,.F.);
#1955=ORIENTED_EDGE('',*,*,#1391,.F.);
#1956=ORIENTED_EDGE('',*,*,#1392,.F.);
#1957=ORIENTED_EDGE('',*,*,#1393,.T.);
#1958=ORIENTED_EDGE('',*,*,#1388,.T.);
#1959=ORIENTED_EDGE('',*,*,#1389,.T.);
#1960=ORIENTED_EDGE('',*,*,#1393,.F.);
#1961=ORIENTED_EDGE('',*,*,#1394,.F.);
#1962=ORIENTED_EDGE('',*,*,#1395,.T.);
#1963=ORIENTED_EDGE('',*,*,#1396,.F.);
#1964=ORIENTED_EDGE('',*,*,#1397,.F.);
#1965=ORIENTED_EDGE('',*,*,#1395,.F.);
#1966=ORIENTED_EDGE('',*,*,#1398,.F.);
#1967=ORIENTED_EDGE('',*,*,#1399,.F.);
#1968=ORIENTED_EDGE('',*,*,#1400,.F.);
#1969=ORIENTED_EDGE('',*,*,#1401,.T.);
#1970=ORIENTED_EDGE('',*,*,#1398,.T.);
#1971=ORIENTED_EDGE('',*,*,#1394,.T.);
#1972=ORIENTED_EDGE('',*,*,#1401,.F.);
#1973=ORIENTED_EDGE('',*,*,#1402,.F.);
#1974=ORIENTED_EDGE('',*,*,#1403,.F.);
#1975=ORIENTED_EDGE('',*,*,#1404,.T.);
#1976=ORIENTED_EDGE('',*,*,#1399,.T.);
#1977=ORIENTED_EDGE('',*,*,#1400,.T.);
#1978=ORIENTED_EDGE('',*,*,#1404,.F.);
#1979=ORIENTED_EDGE('',*,*,#1405,.T.);
#1980=ORIENTED_EDGE('',*,*,#1406,.T.);
#1981=ORIENTED_EDGE('',*,*,#1407,.T.);
#1982=ORIENTED_EDGE('',*,*,#1408,.T.);
#1983=ORIENTED_EDGE('',*,*,#1409,.T.);
#1984=ORIENTED_EDGE('',*,*,#1407,.F.);
#1985=ORIENTED_EDGE('',*,*,#1410,.T.);
#1986=ORIENTED_EDGE('',*,*,#1411,.T.);
#1987=ORIENTED_EDGE('',*,*,#1405,.F.);
#1988=ORIENTED_EDGE('',*,*,#1406,.F.);
#1989=ORIENTED_EDGE('',*,*,#1411,.F.);
#1990=ORIENTED_EDGE('',*,*,#1412,.T.);
#1991=ORIENTED_EDGE('',*,*,#1413,.T.);
#1992=ORIENTED_EDGE('',*,*,#1414,.T.);
#1993=ORIENTED_EDGE('',*,*,#1415,.T.);
#1994=ORIENTED_EDGE('',*,*,#1412,.F.);
#1995=ORIENTED_EDGE('',*,*,#1410,.F.);
#1996=ORIENTED_EDGE('',*,*,#1415,.F.);
#1997=ORIENTED_EDGE('',*,*,#1413,.F.);
#1998=ORIENTED_EDGE('',*,*,#1414,.F.);
#1999=ORIENTED_EDGE('',*,*,#1416,.T.);
#2000=ORIENTED_EDGE('',*,*,#1391,.T.);
#2001=ORIENTED_EDGE('',*,*,#1392,.T.);
#2002=ORIENTED_EDGE('',*,*,#1416,.F.);
#2003=ORIENTED_EDGE('',*,*,#1408,.F.);
#2004=ORIENTED_EDGE('',*,*,#1409,.F.);
#2005=ORIENTED_EDGE('',*,*,#1417,.T.);
#2006=ORIENTED_EDGE('',*,*,#1418,.F.);
#2007=ORIENTED_EDGE('',*,*,#1419,.F.);
#2008=ORIENTED_EDGE('',*,*,#1417,.F.);
#2009=ORIENTED_EDGE('',*,*,#1420,.F.);
#2010=ORIENTED_EDGE('',*,*,#1421,.T.);
#2011=ORIENTED_EDGE('',*,*,#1418,.T.);
#2012=ORIENTED_EDGE('',*,*,#1419,.T.);
#2013=ORIENTED_EDGE('',*,*,#1421,.F.);
#2014=ORIENTED_EDGE('',*,*,#1422,.F.);
#2015=ORIENTED_EDGE('',*,*,#1423,.F.);
#2016=ORIENTED_EDGE('',*,*,#1424,.F.);
#2017=ORIENTED_EDGE('',*,*,#1425,.T.);
#2018=ORIENTED_EDGE('',*,*,#1422,.T.);
#2019=ORIENTED_EDGE('',*,*,#1420,.T.);
#2020=ORIENTED_EDGE('',*,*,#1425,.F.);
#2021=ORIENTED_EDGE('',*,*,#1426,.F.);
#2022=ORIENTED_EDGE('',*,*,#1427,.F.);
#2023=ORIENTED_EDGE('',*,*,#1428,.T.);
#2024=ORIENTED_EDGE('',*,*,#1423,.T.);
#2025=ORIENTED_EDGE('',*,*,#1424,.T.);
#2026=ORIENTED_EDGE('',*,*,#1428,.F.);
#2027=ORIENTED_EDGE('',*,*,#1429,.T.);
#2028=ORIENTED_EDGE('',*,*,#1430,.T.);
#2029=ORIENTED_EDGE('',*,*,#1431,.T.);
#2030=ORIENTED_EDGE('',*,*,#1432,.T.);
#2031=ORIENTED_EDGE('',*,*,#1433,.T.);
#2032=ORIENTED_EDGE('',*,*,#1431,.F.);
#2033=ORIENTED_EDGE('',*,*,#1434,.T.);
#2034=ORIENTED_EDGE('',*,*,#1435,.T.);
#2035=ORIENTED_EDGE('',*,*,#1429,.F.);
#2036=ORIENTED_EDGE('',*,*,#1430,.F.);
#2037=ORIENTED_EDGE('',*,*,#1435,.F.);
#2038=ORIENTED_EDGE('',*,*,#1436,.T.);
#2039=ORIENTED_EDGE('',*,*,#1437,.T.);
#2040=ORIENTED_EDGE('',*,*,#1438,.T.);
#2041=ORIENTED_EDGE('',*,*,#1439,.T.);
#2042=ORIENTED_EDGE('',*,*,#1436,.F.);
#2043=ORIENTED_EDGE('',*,*,#1434,.F.);
#2044=ORIENTED_EDGE('',*,*,#1439,.F.);
#2045=ORIENTED_EDGE('',*,*,#1437,.F.);
#2046=ORIENTED_EDGE('',*,*,#1438,.F.);
#2047=ORIENTED_EDGE('',*,*,#1440,.T.);
#2048=ORIENTED_EDGE('',*,*,#1426,.T.);
#2049=ORIENTED_EDGE('',*,*,#1427,.T.);
#2050=ORIENTED_EDGE('',*,*,#1440,.F.);
#2051=ORIENTED_EDGE('',*,*,#1432,.F.);
#2052=ORIENTED_EDGE('',*,*,#1433,.F.);
#2053=ORIENTED_EDGE('',*,*,#1441,.T.);
#2054=ORIENTED_EDGE('',*,*,#1442,.F.);
#2055=ORIENTED_EDGE('',*,*,#1443,.F.);
#2056=ORIENTED_EDGE('',*,*,#1441,.F.);
#2057=ORIENTED_EDGE('',*,*,#1444,.F.);
#2058=ORIENTED_EDGE('',*,*,#1445,.T.);
#2059=ORIENTED_EDGE('',*,*,#1442,.T.);
#2060=ORIENTED_EDGE('',*,*,#1443,.T.);
#2061=ORIENTED_EDGE('',*,*,#1445,.F.);
#2062=ORIENTED_EDGE('',*,*,#1446,.F.);
#2063=ORIENTED_EDGE('',*,*,#1447,.F.);
#2064=ORIENTED_EDGE('',*,*,#1448,.F.);
#2065=ORIENTED_EDGE('',*,*,#1449,.T.);
#2066=ORIENTED_EDGE('',*,*,#1446,.T.);
#2067=ORIENTED_EDGE('',*,*,#1444,.T.);
#2068=ORIENTED_EDGE('',*,*,#1449,.F.);
#2069=ORIENTED_EDGE('',*,*,#1450,.F.);
#2070=ORIENTED_EDGE('',*,*,#1451,.F.);
#2071=ORIENTED_EDGE('',*,*,#1452,.T.);
#2072=ORIENTED_EDGE('',*,*,#1447,.T.);
#2073=ORIENTED_EDGE('',*,*,#1448,.T.);
#2074=ORIENTED_EDGE('',*,*,#1452,.F.);
#2075=ORIENTED_EDGE('',*,*,#1453,.T.);
#2076=ORIENTED_EDGE('',*,*,#1454,.T.);
#2077=ORIENTED_EDGE('',*,*,#1455,.T.);
#2078=ORIENTED_EDGE('',*,*,#1456,.T.);
#2079=ORIENTED_EDGE('',*,*,#1457,.T.);
#2080=ORIENTED_EDGE('',*,*,#1455,.F.);
#2081=ORIENTED_EDGE('',*,*,#1458,.T.);
#2082=ORIENTED_EDGE('',*,*,#1459,.T.);
#2083=ORIENTED_EDGE('',*,*,#1453,.F.);
#2084=ORIENTED_EDGE('',*,*,#1454,.F.);
#2085=ORIENTED_EDGE('',*,*,#1459,.F.);
#2086=ORIENTED_EDGE('',*,*,#1460,.T.);
#2087=ORIENTED_EDGE('',*,*,#1461,.T.);
#2088=ORIENTED_EDGE('',*,*,#1462,.T.);
#2089=ORIENTED_EDGE('',*,*,#1463,.T.);
#2090=ORIENTED_EDGE('',*,*,#1460,.F.);
#2091=ORIENTED_EDGE('',*,*,#1458,.F.);
#2092=ORIENTED_EDGE('',*,*,#1463,.F.);
#2093=ORIENTED_EDGE('',*,*,#1461,.F.);
#2094=ORIENTED_EDGE('',*,*,#1462,.F.);
#2095=ORIENTED_EDGE('',*,*,#1464,.T.);
#2096=ORIENTED_EDGE('',*,*,#1450,.T.);
#2097=ORIENTED_EDGE('',*,*,#1451,.T.);
#2098=ORIENTED_EDGE('',*,*,#1464,.F.);
#2099=ORIENTED_EDGE('',*,*,#1456,.F.);
#2100=ORIENTED_EDGE('',*,*,#1457,.F.);
#2101=ORIENTED_EDGE('',*,*,#1465,.T.);
#2102=ORIENTED_EDGE('',*,*,#1396,.T.);
#2103=ORIENTED_EDGE('',*,*,#1397,.T.);
#2104=ORIENTED_EDGE('',*,*,#1465,.F.);
#2105=ORIENTED_EDGE('',*,*,#1466,.T.);
#2106=ORIENTED_EDGE('',*,*,#1467,.T.);
#2107=ORIENTED_EDGE('',*,*,#1468,.T.);
#2108=ORIENTED_EDGE('',*,*,#1469,.T.);
#2109=ORIENTED_EDGE('',*,*,#1470,.T.);
#2110=ORIENTED_EDGE('',*,*,#1468,.F.);
#2111=ORIENTED_EDGE('',*,*,#1471,.T.);
#2112=ORIENTED_EDGE('',*,*,#1472,.T.);
#2113=ORIENTED_EDGE('',*,*,#1466,.F.);
#2114=ORIENTED_EDGE('',*,*,#1467,.F.);
#2115=ORIENTED_EDGE('',*,*,#1472,.F.);
#2116=ORIENTED_EDGE('',*,*,#1473,.T.);
#2117=ORIENTED_EDGE('',*,*,#1474,.T.);
#2118=ORIENTED_EDGE('',*,*,#1475,.T.);
#2119=ORIENTED_EDGE('',*,*,#1476,.T.);
#2120=ORIENTED_EDGE('',*,*,#1473,.F.);
#2121=ORIENTED_EDGE('',*,*,#1471,.F.);
#2122=ORIENTED_EDGE('',*,*,#1476,.F.);
#2123=ORIENTED_EDGE('',*,*,#1474,.F.);
#2124=ORIENTED_EDGE('',*,*,#1475,.F.);
#2125=ORIENTED_EDGE('',*,*,#1477,.T.);
#2126=ORIENTED_EDGE('',*,*,#1402,.T.);
#2127=ORIENTED_EDGE('',*,*,#1403,.T.);
#2128=ORIENTED_EDGE('',*,*,#1477,.F.);
#2129=ORIENTED_EDGE('',*,*,#1469,.F.);
#2130=ORIENTED_EDGE('',*,*,#1470,.F.);
#2131=ORIENTED_EDGE('',*,*,#1478,.T.);
#2132=ORIENTED_EDGE('',*,*,#1361,.T.);
#2133=ORIENTED_EDGE('',*,*,#1362,.T.);
#2134=ORIENTED_EDGE('',*,*,#1478,.F.);
#2135=ORIENTED_EDGE('',*,*,#1479,.T.);
#2136=ORIENTED_EDGE('',*,*,#1480,.T.);
#2137=ORIENTED_EDGE('',*,*,#1481,.T.);
#2138=ORIENTED_EDGE('',*,*,#1482,.T.);
#2139=ORIENTED_EDGE('',*,*,#1483,.T.);
#2140=ORIENTED_EDGE('',*,*,#1481,.F.);
#2141=ORIENTED_EDGE('',*,*,#1484,.T.);
#2142=ORIENTED_EDGE('',*,*,#1485,.T.);
#2143=ORIENTED_EDGE('',*,*,#1479,.F.);
#2144=ORIENTED_EDGE('',*,*,#1480,.F.);
#2145=ORIENTED_EDGE('',*,*,#1485,.F.);
#2146=ORIENTED_EDGE('',*,*,#1486,.T.);
#2147=ORIENTED_EDGE('',*,*,#1487,.T.);
#2148=ORIENTED_EDGE('',*,*,#1488,.T.);
#2149=ORIENTED_EDGE('',*,*,#1489,.T.);
#2150=ORIENTED_EDGE('',*,*,#1486,.F.);
#2151=ORIENTED_EDGE('',*,*,#1484,.F.);
#2152=ORIENTED_EDGE('',*,*,#1489,.F.);
#2153=ORIENTED_EDGE('',*,*,#1487,.F.);
#2154=ORIENTED_EDGE('',*,*,#1488,.F.);
#2155=ORIENTED_EDGE('',*,*,#1490,.T.);
#2156=ORIENTED_EDGE('',*,*,#1491,.F.);
#2157=ORIENTED_EDGE('',*,*,#1492,.F.);
#2158=ORIENTED_EDGE('',*,*,#1490,.F.);
#2159=ORIENTED_EDGE('',*,*,#1482,.F.);
#2160=ORIENTED_EDGE('',*,*,#1483,.F.);
#2161=ORIENTED_EDGE('',*,*,#1493,.T.);
#2162=ORIENTED_EDGE('',*,*,#1494,.F.);
#2163=ORIENTED_EDGE('',*,*,#1495,.F.);
#2164=ORIENTED_EDGE('',*,*,#1493,.F.);
#2165=ORIENTED_EDGE('',*,*,#1496,.F.);
#2166=ORIENTED_EDGE('',*,*,#1497,.T.);
#2167=ORIENTED_EDGE('',*,*,#1498,.F.);
#2168=ORIENTED_EDGE('',*,*,#1499,.F.);
#2169=ORIENTED_EDGE('',*,*,#1497,.F.);
#2170=ORIENTED_EDGE('',*,*,#1500,.F.);
#2171=ORIENTED_EDGE('',*,*,#1501,.F.);
#2172=ORIENTED_EDGE('',*,*,#1502,.F.);
#2173=ORIENTED_EDGE('',*,*,#1503,.T.);
#2174=ORIENTED_EDGE('',*,*,#1500,.T.);
#2175=ORIENTED_EDGE('',*,*,#1496,.T.);
#2176=ORIENTED_EDGE('',*,*,#1503,.F.);
#2177=ORIENTED_EDGE('',*,*,#1491,.T.);
#2178=ORIENTED_EDGE('',*,*,#1492,.T.);
#2179=ORIENTED_EDGE('',*,*,#1504,.T.);
#2180=ORIENTED_EDGE('',*,*,#1501,.T.);
#2181=ORIENTED_EDGE('',*,*,#1502,.T.);
#2182=ORIENTED_EDGE('',*,*,#1504,.F.);
#2183=ORIENTED_EDGE('',*,*,#1505,.T.);
#2184=ORIENTED_EDGE('',*,*,#1506,.T.);
#2185=ORIENTED_EDGE('',*,*,#1507,.T.);
#2186=ORIENTED_EDGE('',*,*,#1508,.T.);
#2187=ORIENTED_EDGE('',*,*,#1509,.T.);
#2188=ORIENTED_EDGE('',*,*,#1507,.F.);
#2189=ORIENTED_EDGE('',*,*,#1510,.T.);
#2190=ORIENTED_EDGE('',*,*,#1511,.T.);
#2191=ORIENTED_EDGE('',*,*,#1505,.F.);
#2192=ORIENTED_EDGE('',*,*,#1506,.F.);
#2193=ORIENTED_EDGE('',*,*,#1511,.F.);
#2194=ORIENTED_EDGE('',*,*,#1512,.T.);
#2195=ORIENTED_EDGE('',*,*,#1513,.T.);
#2196=ORIENTED_EDGE('',*,*,#1514,.T.);
#2197=ORIENTED_EDGE('',*,*,#1515,.T.);
#2198=ORIENTED_EDGE('',*,*,#1512,.F.);
#2199=ORIENTED_EDGE('',*,*,#1510,.F.);
#2200=ORIENTED_EDGE('',*,*,#1515,.F.);
#2201=ORIENTED_EDGE('',*,*,#1513,.F.);
#2202=ORIENTED_EDGE('',*,*,#1514,.F.);
#2203=ORIENTED_EDGE('',*,*,#1516,.T.);
#2204=ORIENTED_EDGE('',*,*,#1517,.F.);
#2205=ORIENTED_EDGE('',*,*,#1518,.F.);
#2206=ORIENTED_EDGE('',*,*,#1516,.F.);
#2207=ORIENTED_EDGE('',*,*,#1508,.F.);
#2208=ORIENTED_EDGE('',*,*,#1509,.F.);
#2209=ORIENTED_EDGE('',*,*,#1519,.T.);
#2210=ORIENTED_EDGE('',*,*,#1520,.F.);
#2211=ORIENTED_EDGE('',*,*,#1521,.F.);
#2212=ORIENTED_EDGE('',*,*,#1519,.F.);
#2213=ORIENTED_EDGE('',*,*,#1522,.F.);
#2214=ORIENTED_EDGE('',*,*,#1523,.T.);
#2215=ORIENTED_EDGE('',*,*,#1357,.T.);
#2216=ORIENTED_EDGE('',*,*,#1358,.T.);
#2217=ORIENTED_EDGE('',*,*,#1523,.F.);
#2218=ORIENTED_EDGE('',*,*,#1524,.F.);
#2219=ORIENTED_EDGE('',*,*,#1525,.F.);
#2220=ORIENTED_EDGE('',*,*,#1526,.F.);
#2221=ORIENTED_EDGE('',*,*,#1527,.T.);
#2222=ORIENTED_EDGE('',*,*,#1524,.T.);
#2223=ORIENTED_EDGE('',*,*,#1522,.T.);
#2224=ORIENTED_EDGE('',*,*,#1527,.F.);
#2225=ORIENTED_EDGE('',*,*,#1528,.F.);
#2226=ORIENTED_EDGE('',*,*,#1529,.F.);
#2227=ORIENTED_EDGE('',*,*,#1530,.T.);
#2228=ORIENTED_EDGE('',*,*,#1525,.T.);
#2229=ORIENTED_EDGE('',*,*,#1526,.T.);
#2230=ORIENTED_EDGE('',*,*,#1530,.F.);
#2231=ORIENTED_EDGE('',*,*,#1531,.T.);
#2232=ORIENTED_EDGE('',*,*,#1532,.T.);
#2233=ORIENTED_EDGE('',*,*,#1533,.T.);
#2234=ORIENTED_EDGE('',*,*,#1534,.T.);
#2235=ORIENTED_EDGE('',*,*,#1535,.T.);
#2236=ORIENTED_EDGE('',*,*,#1533,.F.);
#2237=ORIENTED_EDGE('',*,*,#1536,.T.);
#2238=ORIENTED_EDGE('',*,*,#1537,.T.);
#2239=ORIENTED_EDGE('',*,*,#1531,.F.);
#2240=ORIENTED_EDGE('',*,*,#1532,.F.);
#2241=ORIENTED_EDGE('',*,*,#1537,.F.);
#2242=ORIENTED_EDGE('',*,*,#1538,.T.);
#2243=ORIENTED_EDGE('',*,*,#1539,.T.);
#2244=ORIENTED_EDGE('',*,*,#1540,.T.);
#2245=ORIENTED_EDGE('',*,*,#1541,.T.);
#2246=ORIENTED_EDGE('',*,*,#1538,.F.);
#2247=ORIENTED_EDGE('',*,*,#1536,.F.);
#2248=ORIENTED_EDGE('',*,*,#1541,.F.);
#2249=ORIENTED_EDGE('',*,*,#1539,.F.);
#2250=ORIENTED_EDGE('',*,*,#1540,.F.);
#2251=ORIENTED_EDGE('',*,*,#1542,.T.);
#2252=ORIENTED_EDGE('',*,*,#1528,.T.);
#2253=ORIENTED_EDGE('',*,*,#1529,.T.);
#2254=ORIENTED_EDGE('',*,*,#1542,.F.);
#2255=ORIENTED_EDGE('',*,*,#1534,.F.);
#2256=ORIENTED_EDGE('',*,*,#1535,.F.);
#2257=ORIENTED_EDGE('',*,*,#1543,.T.);
#2258=ORIENTED_EDGE('',*,*,#1544,.F.);
#2259=ORIENTED_EDGE('',*,*,#1545,.F.);
#2260=ORIENTED_EDGE('',*,*,#1543,.F.);
#2261=ORIENTED_EDGE('',*,*,#1546,.F.);
#2262=ORIENTED_EDGE('',*,*,#1547,.T.);
#2263=ORIENTED_EDGE('',*,*,#1544,.T.);
#2264=ORIENTED_EDGE('',*,*,#1545,.T.);
#2265=ORIENTED_EDGE('',*,*,#1547,.F.);
#2266=ORIENTED_EDGE('',*,*,#1548,.F.);
#2267=ORIENTED_EDGE('',*,*,#1549,.F.);
#2268=ORIENTED_EDGE('',*,*,#1550,.F.);
#2269=ORIENTED_EDGE('',*,*,#1551,.T.);
#2270=ORIENTED_EDGE('',*,*,#1548,.T.);
#2271=ORIENTED_EDGE('',*,*,#1546,.T.);
#2272=ORIENTED_EDGE('',*,*,#1551,.F.);
#2273=ORIENTED_EDGE('',*,*,#1517,.T.);
#2274=ORIENTED_EDGE('',*,*,#1518,.T.);
#2275=ORIENTED_EDGE('',*,*,#1552,.T.);
#2276=ORIENTED_EDGE('',*,*,#1549,.T.);
#2277=ORIENTED_EDGE('',*,*,#1550,.T.);
#2278=ORIENTED_EDGE('',*,*,#1552,.F.);
#2279=ORIENTED_EDGE('',*,*,#1553,.F.);
#2280=ORIENTED_EDGE('',*,*,#1554,.T.);
#2281=ORIENTED_EDGE('',*,*,#1520,.T.);
#2282=ORIENTED_EDGE('',*,*,#1521,.T.);
#2283=ORIENTED_EDGE('',*,*,#1554,.F.);
#2284=ORIENTED_EDGE('',*,*,#1555,.F.);
#2285=ORIENTED_EDGE('',*,*,#1556,.F.);
#2286=ORIENTED_EDGE('',*,*,#1557,.F.);
#2287=ORIENTED_EDGE('',*,*,#1558,.T.);
#2288=ORIENTED_EDGE('',*,*,#1555,.T.);
#2289=ORIENTED_EDGE('',*,*,#1553,.T.);
#2290=ORIENTED_EDGE('',*,*,#1558,.F.);
#2291=ORIENTED_EDGE('',*,*,#1559,.F.);
#2292=ORIENTED_EDGE('',*,*,#1560,.F.);
#2293=ORIENTED_EDGE('',*,*,#1561,.T.);
#2294=ORIENTED_EDGE('',*,*,#1556,.T.);
#2295=ORIENTED_EDGE('',*,*,#1557,.T.);
#2296=ORIENTED_EDGE('',*,*,#1561,.F.);
#2297=ORIENTED_EDGE('',*,*,#1562,.T.);
#2298=ORIENTED_EDGE('',*,*,#1563,.T.);
#2299=ORIENTED_EDGE('',*,*,#1564,.T.);
#2300=ORIENTED_EDGE('',*,*,#1565,.T.);
#2301=ORIENTED_EDGE('',*,*,#1566,.T.);
#2302=ORIENTED_EDGE('',*,*,#1564,.F.);
#2303=ORIENTED_EDGE('',*,*,#1567,.T.);
#2304=ORIENTED_EDGE('',*,*,#1568,.T.);
#2305=ORIENTED_EDGE('',*,*,#1562,.F.);
#2306=ORIENTED_EDGE('',*,*,#1563,.F.);
#2307=ORIENTED_EDGE('',*,*,#1568,.F.);
#2308=ORIENTED_EDGE('',*,*,#1569,.T.);
#2309=ORIENTED_EDGE('',*,*,#1570,.T.);
#2310=ORIENTED_EDGE('',*,*,#1571,.T.);
#2311=ORIENTED_EDGE('',*,*,#1572,.T.);
#2312=ORIENTED_EDGE('',*,*,#1569,.F.);
#2313=ORIENTED_EDGE('',*,*,#1567,.F.);
#2314=ORIENTED_EDGE('',*,*,#1572,.F.);
#2315=ORIENTED_EDGE('',*,*,#1570,.F.);
#2316=ORIENTED_EDGE('',*,*,#1571,.F.);
#2317=ORIENTED_EDGE('',*,*,#1573,.T.);
#2318=ORIENTED_EDGE('',*,*,#1559,.T.);
#2319=ORIENTED_EDGE('',*,*,#1560,.T.);
#2320=ORIENTED_EDGE('',*,*,#1573,.F.);
#2321=ORIENTED_EDGE('',*,*,#1565,.F.);
#2322=ORIENTED_EDGE('',*,*,#1566,.F.);
#2323=ORIENTED_EDGE('',*,*,#1574,.T.);
#2324=ORIENTED_EDGE('',*,*,#1498,.T.);
#2325=ORIENTED_EDGE('',*,*,#1499,.T.);
#2326=ORIENTED_EDGE('',*,*,#1574,.F.);
#2327=ORIENTED_EDGE('',*,*,#1575,.F.);
#2328=ORIENTED_EDGE('',*,*,#1576,.T.);
#2329=ORIENTED_EDGE('',*,*,#1577,.F.);
#2330=ORIENTED_EDGE('',*,*,#1578,.F.);
#2331=ORIENTED_EDGE('',*,*,#1576,.F.);
#2332=ORIENTED_EDGE('',*,*,#1579,.F.);
#2333=ORIENTED_EDGE('',*,*,#1580,.F.);
#2334=ORIENTED_EDGE('',*,*,#1581,.F.);
#2335=ORIENTED_EDGE('',*,*,#1582,.T.);
#2336=ORIENTED_EDGE('',*,*,#1579,.T.);
#2337=ORIENTED_EDGE('',*,*,#1575,.T.);
#2338=ORIENTED_EDGE('',*,*,#1582,.F.);
#2339=ORIENTED_EDGE('',*,*,#1583,.F.);
#2340=ORIENTED_EDGE('',*,*,#1584,.F.);
#2341=ORIENTED_EDGE('',*,*,#1585,.T.);
#2342=ORIENTED_EDGE('',*,*,#1580,.T.);
#2343=ORIENTED_EDGE('',*,*,#1581,.T.);
#2344=ORIENTED_EDGE('',*,*,#1585,.F.);
#2345=ORIENTED_EDGE('',*,*,#1586,.T.);
#2346=ORIENTED_EDGE('',*,*,#1587,.T.);
#2347=ORIENTED_EDGE('',*,*,#1588,.T.);
#2348=ORIENTED_EDGE('',*,*,#1589,.T.);
#2349=ORIENTED_EDGE('',*,*,#1590,.T.);
#2350=ORIENTED_EDGE('',*,*,#1588,.F.);
#2351=ORIENTED_EDGE('',*,*,#1591,.T.);
#2352=ORIENTED_EDGE('',*,*,#1592,.T.);
#2353=ORIENTED_EDGE('',*,*,#1586,.F.);
#2354=ORIENTED_EDGE('',*,*,#1587,.F.);
#2355=ORIENTED_EDGE('',*,*,#1592,.F.);
#2356=ORIENTED_EDGE('',*,*,#1593,.T.);
#2357=ORIENTED_EDGE('',*,*,#1594,.T.);
#2358=ORIENTED_EDGE('',*,*,#1595,.T.);
#2359=ORIENTED_EDGE('',*,*,#1596,.T.);
#2360=ORIENTED_EDGE('',*,*,#1593,.F.);
#2361=ORIENTED_EDGE('',*,*,#1591,.F.);
#2362=ORIENTED_EDGE('',*,*,#1596,.F.);
#2363=ORIENTED_EDGE('',*,*,#1594,.F.);
#2364=ORIENTED_EDGE('',*,*,#1595,.F.);
#2365=ORIENTED_EDGE('',*,*,#1597,.T.);
#2366=ORIENTED_EDGE('',*,*,#1583,.T.);
#2367=ORIENTED_EDGE('',*,*,#1584,.T.);
#2368=ORIENTED_EDGE('',*,*,#1597,.F.);
#2369=ORIENTED_EDGE('',*,*,#1589,.F.);
#2370=ORIENTED_EDGE('',*,*,#1590,.F.);
#2371=ORIENTED_EDGE('',*,*,#1598,.T.);
#2372=ORIENTED_EDGE('',*,*,#1385,.T.);
#2373=ORIENTED_EDGE('',*,*,#1386,.T.);
#2374=ORIENTED_EDGE('',*,*,#1598,.F.);
#2375=ORIENTED_EDGE('',*,*,#1599,.T.);
#2376=ORIENTED_EDGE('',*,*,#1600,.T.);
#2377=ORIENTED_EDGE('',*,*,#1601,.T.);
#2378=ORIENTED_EDGE('',*,*,#1602,.T.);
#2379=ORIENTED_EDGE('',*,*,#1603,.T.);
#2380=ORIENTED_EDGE('',*,*,#1601,.F.);
#2381=ORIENTED_EDGE('',*,*,#1604,.T.);
#2382=ORIENTED_EDGE('',*,*,#1605,.T.);
#2383=ORIENTED_EDGE('',*,*,#1599,.F.);
#2384=ORIENTED_EDGE('',*,*,#1600,.F.);
#2385=ORIENTED_EDGE('',*,*,#1605,.F.);
#2386=ORIENTED_EDGE('',*,*,#1606,.T.);
#2387=ORIENTED_EDGE('',*,*,#1607,.T.);
#2388=ORIENTED_EDGE('',*,*,#1608,.T.);
#2389=ORIENTED_EDGE('',*,*,#1609,.T.);
#2390=ORIENTED_EDGE('',*,*,#1606,.F.);
#2391=ORIENTED_EDGE('',*,*,#1604,.F.);
#2392=ORIENTED_EDGE('',*,*,#1609,.F.);
#2393=ORIENTED_EDGE('',*,*,#1607,.F.);
#2394=ORIENTED_EDGE('',*,*,#1608,.F.);
#2395=ORIENTED_EDGE('',*,*,#1610,.T.);
#2396=ORIENTED_EDGE('',*,*,#1611,.F.);
#2397=ORIENTED_EDGE('',*,*,#1612,.F.);
#2398=ORIENTED_EDGE('',*,*,#1610,.F.);
#2399=ORIENTED_EDGE('',*,*,#1602,.F.);
#2400=ORIENTED_EDGE('',*,*,#1603,.F.);
#2401=ORIENTED_EDGE('',*,*,#1613,.T.);
#2402=ORIENTED_EDGE('',*,*,#1577,.T.);
#2403=ORIENTED_EDGE('',*,*,#1578,.T.);
#2404=ORIENTED_EDGE('',*,*,#1613,.F.);
#2405=ORIENTED_EDGE('',*,*,#1614,.F.);
#2406=ORIENTED_EDGE('',*,*,#1615,.T.);
#2407=ORIENTED_EDGE('',*,*,#1494,.T.);
#2408=ORIENTED_EDGE('',*,*,#1495,.T.);
#2409=ORIENTED_EDGE('',*,*,#1615,.F.);
#2410=ORIENTED_EDGE('',*,*,#1616,.F.);
#2411=ORIENTED_EDGE('',*,*,#1617,.F.);
#2412=ORIENTED_EDGE('',*,*,#1618,.F.);
#2413=ORIENTED_EDGE('',*,*,#1619,.T.);
#2414=ORIENTED_EDGE('',*,*,#1616,.T.);
#2415=ORIENTED_EDGE('',*,*,#1614,.T.);
#2416=ORIENTED_EDGE('',*,*,#1619,.F.);
#2417=ORIENTED_EDGE('',*,*,#1611,.T.);
#2418=ORIENTED_EDGE('',*,*,#1612,.T.);
#2419=ORIENTED_EDGE('',*,*,#1620,.T.);
#2420=ORIENTED_EDGE('',*,*,#1617,.T.);
#2421=ORIENTED_EDGE('',*,*,#1618,.T.);
#2422=ORIENTED_EDGE('',*,*,#1620,.F.);
#2423=ORIENTED_EDGE('',*,*,#1621,.F.);
#2424=ORIENTED_EDGE('',*,*,#1622,.T.);
#2425=ORIENTED_EDGE('',*,*,#1623,.F.);
#2426=ORIENTED_EDGE('',*,*,#1624,.F.);
#2427=ORIENTED_EDGE('',*,*,#1622,.F.);
#2428=ORIENTED_EDGE('',*,*,#1625,.F.);
#2429=ORIENTED_EDGE('',*,*,#1626,.F.);
#2430=ORIENTED_EDGE('',*,*,#1627,.F.);
#2431=ORIENTED_EDGE('',*,*,#1628,.T.);
#2432=ORIENTED_EDGE('',*,*,#1625,.T.);
#2433=ORIENTED_EDGE('',*,*,#1621,.T.);
#2434=ORIENTED_EDGE('',*,*,#1628,.F.);
#2435=ORIENTED_EDGE('',*,*,#1354,.T.);
#2436=ORIENTED_EDGE('',*,*,#1355,.T.);
#2437=ORIENTED_EDGE('',*,*,#1629,.T.);
#2438=ORIENTED_EDGE('',*,*,#1626,.T.);
#2439=ORIENTED_EDGE('',*,*,#1627,.T.);
#2440=ORIENTED_EDGE('',*,*,#1629,.F.);
#2441=ORIENTED_EDGE('',*,*,#1630,.T.);
#2442=ORIENTED_EDGE('',*,*,#1631,.T.);
#2443=ORIENTED_EDGE('',*,*,#1632,.T.);
#2444=ORIENTED_EDGE('',*,*,#1633,.T.);
#2445=ORIENTED_EDGE('',*,*,#1634,.T.);
#2446=ORIENTED_EDGE('',*,*,#1632,.F.);
#2447=ORIENTED_EDGE('',*,*,#1635,.T.);
#2448=ORIENTED_EDGE('',*,*,#1636,.T.);
#2449=ORIENTED_EDGE('',*,*,#1630,.F.);
#2450=ORIENTED_EDGE('',*,*,#1631,.F.);
#2451=ORIENTED_EDGE('',*,*,#1636,.F.);
#2452=ORIENTED_EDGE('',*,*,#1637,.T.);
#2453=ORIENTED_EDGE('',*,*,#1638,.T.);
#2454=ORIENTED_EDGE('',*,*,#1639,.T.);
#2455=ORIENTED_EDGE('',*,*,#1640,.T.);
#2456=ORIENTED_EDGE('',*,*,#1637,.F.);
#2457=ORIENTED_EDGE('',*,*,#1635,.F.);
#2458=ORIENTED_EDGE('',*,*,#1640,.F.);
#2459=ORIENTED_EDGE('',*,*,#1638,.F.);
#2460=ORIENTED_EDGE('',*,*,#1639,.F.);
#2461=ORIENTED_EDGE('',*,*,#1641,.T.);
#2462=ORIENTED_EDGE('',*,*,#1642,.F.);
#2463=ORIENTED_EDGE('',*,*,#1643,.F.);
#2464=ORIENTED_EDGE('',*,*,#1641,.F.);
#2465=ORIENTED_EDGE('',*,*,#1633,.F.);
#2466=ORIENTED_EDGE('',*,*,#1634,.F.);
#2467=ORIENTED_EDGE('',*,*,#1644,.T.);
#2468=ORIENTED_EDGE('',*,*,#1623,.T.);
#2469=ORIENTED_EDGE('',*,*,#1624,.T.);
#2470=ORIENTED_EDGE('',*,*,#1644,.F.);
#2471=ORIENTED_EDGE('',*,*,#1645,.T.);
#2472=ORIENTED_EDGE('',*,*,#1646,.T.);
#2473=ORIENTED_EDGE('',*,*,#1647,.T.);
#2474=ORIENTED_EDGE('',*,*,#1648,.T.);
#2475=ORIENTED_EDGE('',*,*,#1649,.T.);
#2476=ORIENTED_EDGE('',*,*,#1647,.F.);
#2477=ORIENTED_EDGE('',*,*,#1650,.T.);
#2478=ORIENTED_EDGE('',*,*,#1651,.T.);
#2479=ORIENTED_EDGE('',*,*,#1645,.F.);
#2480=ORIENTED_EDGE('',*,*,#1646,.F.);
#2481=ORIENTED_EDGE('',*,*,#1651,.F.);
#2482=ORIENTED_EDGE('',*,*,#1652,.T.);
#2483=ORIENTED_EDGE('',*,*,#1653,.T.);
#2484=ORIENTED_EDGE('',*,*,#1654,.T.);
#2485=ORIENTED_EDGE('',*,*,#1655,.T.);
#2486=ORIENTED_EDGE('',*,*,#1652,.F.);
#2487=ORIENTED_EDGE('',*,*,#1650,.F.);
#2488=ORIENTED_EDGE('',*,*,#1655,.F.);
#2489=ORIENTED_EDGE('',*,*,#1653,.F.);
#2490=ORIENTED_EDGE('',*,*,#1654,.F.);
#2491=ORIENTED_EDGE('',*,*,#1656,.T.);
#2492=ORIENTED_EDGE('',*,*,#1657,.F.);
#2493=ORIENTED_EDGE('',*,*,#1658,.F.);
#2494=ORIENTED_EDGE('',*,*,#1656,.F.);
#2495=ORIENTED_EDGE('',*,*,#1648,.F.);
#2496=ORIENTED_EDGE('',*,*,#1649,.F.);
#2497=ORIENTED_EDGE('',*,*,#1659,.T.);
#2498=ORIENTED_EDGE('',*,*,#1660,.F.);
#2499=ORIENTED_EDGE('',*,*,#1661,.F.);
#2500=ORIENTED_EDGE('',*,*,#1659,.F.);
#2501=ORIENTED_EDGE('',*,*,#1662,.T.);
#2502=ORIENTED_EDGE('',*,*,#1663,.T.);
#2503=ORIENTED_EDGE('',*,*,#1664,.T.);
#2504=ORIENTED_EDGE('',*,*,#1665,.T.);
#2505=ORIENTED_EDGE('',*,*,#1666,.T.);
#2506=ORIENTED_EDGE('',*,*,#1664,.F.);
#2507=ORIENTED_EDGE('',*,*,#1667,.T.);
#2508=ORIENTED_EDGE('',*,*,#1668,.T.);
#2509=ORIENTED_EDGE('',*,*,#1662,.F.);
#2510=ORIENTED_EDGE('',*,*,#1663,.F.);
#2511=ORIENTED_EDGE('',*,*,#1668,.F.);
#2512=ORIENTED_EDGE('',*,*,#1669,.T.);
#2513=ORIENTED_EDGE('',*,*,#1670,.T.);
#2514=ORIENTED_EDGE('',*,*,#1671,.T.);
#2515=ORIENTED_EDGE('',*,*,#1672,.T.);
#2516=ORIENTED_EDGE('',*,*,#1669,.F.);
#2517=ORIENTED_EDGE('',*,*,#1667,.F.);
#2518=ORIENTED_EDGE('',*,*,#1672,.F.);
#2519=ORIENTED_EDGE('',*,*,#1670,.F.);
#2520=ORIENTED_EDGE('',*,*,#1671,.F.);
#2521=ORIENTED_EDGE('',*,*,#1673,.T.);
#2522=ORIENTED_EDGE('',*,*,#1674,.F.);
#2523=ORIENTED_EDGE('',*,*,#1675,.F.);
#2524=ORIENTED_EDGE('',*,*,#1673,.F.);
#2525=ORIENTED_EDGE('',*,*,#1665,.F.);
#2526=ORIENTED_EDGE('',*,*,#1666,.F.);
#2527=ORIENTED_EDGE('',*,*,#1676,.T.);
#2528=ORIENTED_EDGE('',*,*,#1677,.F.);
#2529=ORIENTED_EDGE('',*,*,#1678,.F.);
#2530=ORIENTED_EDGE('',*,*,#1676,.F.);
#2531=ORIENTED_EDGE('',*,*,#1679,.F.);
#2532=ORIENTED_EDGE('',*,*,#1680,.T.);
#2533=ORIENTED_EDGE('',*,*,#1681,.F.);
#2534=ORIENTED_EDGE('',*,*,#1682,.F.);
#2535=ORIENTED_EDGE('',*,*,#1680,.F.);
#2536=ORIENTED_EDGE('',*,*,#1683,.F.);
#2537=ORIENTED_EDGE('',*,*,#1684,.F.);
#2538=ORIENTED_EDGE('',*,*,#1685,.F.);
#2539=ORIENTED_EDGE('',*,*,#1686,.T.);
#2540=ORIENTED_EDGE('',*,*,#1683,.T.);
#2541=ORIENTED_EDGE('',*,*,#1679,.T.);
#2542=ORIENTED_EDGE('',*,*,#1686,.F.);
#2543=ORIENTED_EDGE('',*,*,#1642,.T.);
#2544=ORIENTED_EDGE('',*,*,#1643,.T.);
#2545=ORIENTED_EDGE('',*,*,#1687,.T.);
#2546=ORIENTED_EDGE('',*,*,#1684,.T.);
#2547=ORIENTED_EDGE('',*,*,#1685,.T.);
#2548=ORIENTED_EDGE('',*,*,#1687,.F.);
#2549=ORIENTED_EDGE('',*,*,#1688,.F.);
#2550=ORIENTED_EDGE('',*,*,#1689,.T.);
#2551=ORIENTED_EDGE('',*,*,#1677,.T.);
#2552=ORIENTED_EDGE('',*,*,#1678,.T.);
#2553=ORIENTED_EDGE('',*,*,#1689,.F.);
#2554=ORIENTED_EDGE('',*,*,#1690,.F.);
#2555=ORIENTED_EDGE('',*,*,#1691,.F.);
#2556=ORIENTED_EDGE('',*,*,#1692,.F.);
#2557=ORIENTED_EDGE('',*,*,#1693,.T.);
#2558=ORIENTED_EDGE('',*,*,#1690,.T.);
#2559=ORIENTED_EDGE('',*,*,#1688,.T.);
#2560=ORIENTED_EDGE('',*,*,#1693,.F.);
#2561=ORIENTED_EDGE('',*,*,#1694,.F.);
#2562=ORIENTED_EDGE('',*,*,#1695,.F.);
#2563=ORIENTED_EDGE('',*,*,#1696,.T.);
#2564=ORIENTED_EDGE('',*,*,#1691,.T.);
#2565=ORIENTED_EDGE('',*,*,#1692,.T.);
#2566=ORIENTED_EDGE('',*,*,#1696,.F.);
#2567=ORIENTED_EDGE('',*,*,#1697,.T.);
#2568=ORIENTED_EDGE('',*,*,#1698,.T.);
#2569=ORIENTED_EDGE('',*,*,#1699,.T.);
#2570=ORIENTED_EDGE('',*,*,#1700,.T.);
#2571=ORIENTED_EDGE('',*,*,#1701,.T.);
#2572=ORIENTED_EDGE('',*,*,#1699,.F.);
#2573=ORIENTED_EDGE('',*,*,#1702,.T.);
#2574=ORIENTED_EDGE('',*,*,#1703,.T.);
#2575=ORIENTED_EDGE('',*,*,#1697,.F.);
#2576=ORIENTED_EDGE('',*,*,#1698,.F.);
#2577=ORIENTED_EDGE('',*,*,#1703,.F.);
#2578=ORIENTED_EDGE('',*,*,#1704,.T.);
#2579=ORIENTED_EDGE('',*,*,#1705,.T.);
#2580=ORIENTED_EDGE('',*,*,#1706,.T.);
#2581=ORIENTED_EDGE('',*,*,#1707,.T.);
#2582=ORIENTED_EDGE('',*,*,#1704,.F.);
#2583=ORIENTED_EDGE('',*,*,#1702,.F.);
#2584=ORIENTED_EDGE('',*,*,#1707,.F.);
#2585=ORIENTED_EDGE('',*,*,#1705,.F.);
#2586=ORIENTED_EDGE('',*,*,#1706,.F.);
#2587=ORIENTED_EDGE('',*,*,#1708,.T.);
#2588=ORIENTED_EDGE('',*,*,#1694,.T.);
#2589=ORIENTED_EDGE('',*,*,#1695,.T.);
#2590=ORIENTED_EDGE('',*,*,#1708,.F.);
#2591=ORIENTED_EDGE('',*,*,#1700,.F.);
#2592=ORIENTED_EDGE('',*,*,#1701,.F.);
#2593=ORIENTED_EDGE('',*,*,#1709,.T.);
#2594=ORIENTED_EDGE('',*,*,#1681,.T.);
#2595=ORIENTED_EDGE('',*,*,#1682,.T.);
#2596=ORIENTED_EDGE('',*,*,#1709,.F.);
#2597=ORIENTED_EDGE('',*,*,#1710,.F.);
#2598=ORIENTED_EDGE('',*,*,#1711,.T.);
#2599=ORIENTED_EDGE('',*,*,#1660,.T.);
#2600=ORIENTED_EDGE('',*,*,#1661,.T.);
#2601=ORIENTED_EDGE('',*,*,#1711,.F.);
#2602=ORIENTED_EDGE('',*,*,#1712,.F.);
#2603=ORIENTED_EDGE('',*,*,#1713,.F.);
#2604=ORIENTED_EDGE('',*,*,#1714,.F.);
#2605=ORIENTED_EDGE('',*,*,#1715,.T.);
#2606=ORIENTED_EDGE('',*,*,#1712,.T.);
#2607=ORIENTED_EDGE('',*,*,#1710,.T.);
#2608=ORIENTED_EDGE('',*,*,#1715,.F.);
#2609=ORIENTED_EDGE('',*,*,#1716,.F.);
#2610=ORIENTED_EDGE('',*,*,#1717,.F.);
#2611=ORIENTED_EDGE('',*,*,#1718,.T.);
#2612=ORIENTED_EDGE('',*,*,#1713,.T.);
#2613=ORIENTED_EDGE('',*,*,#1714,.T.);
#2614=ORIENTED_EDGE('',*,*,#1718,.F.);
#2615=ORIENTED_EDGE('',*,*,#1719,.F.);
#2616=ORIENTED_EDGE('',*,*,#1720,.T.);
#2617=ORIENTED_EDGE('',*,*,#1721,.F.);
#2618=ORIENTED_EDGE('',*,*,#1722,.F.);
#2619=ORIENTED_EDGE('',*,*,#1720,.F.);
#2620=ORIENTED_EDGE('',*,*,#1723,.F.);
#2621=ORIENTED_EDGE('',*,*,#1724,.F.);
#2622=ORIENTED_EDGE('',*,*,#1725,.F.);
#2623=ORIENTED_EDGE('',*,*,#1726,.T.);
#2624=ORIENTED_EDGE('',*,*,#1723,.T.);
#2625=ORIENTED_EDGE('',*,*,#1719,.T.);
#2626=ORIENTED_EDGE('',*,*,#1726,.F.);
#2627=ORIENTED_EDGE('',*,*,#1674,.T.);
#2628=ORIENTED_EDGE('',*,*,#1675,.T.);
#2629=ORIENTED_EDGE('',*,*,#1727,.T.);
#2630=ORIENTED_EDGE('',*,*,#1724,.T.);
#2631=ORIENTED_EDGE('',*,*,#1725,.T.);
#2632=ORIENTED_EDGE('',*,*,#1727,.F.);
#2633=ORIENTED_EDGE('',*,*,#1728,.T.);
#2634=ORIENTED_EDGE('',*,*,#1729,.T.);
#2635=ORIENTED_EDGE('',*,*,#1730,.T.);
#2636=ORIENTED_EDGE('',*,*,#1731,.T.);
#2637=ORIENTED_EDGE('',*,*,#1732,.T.);
#2638=ORIENTED_EDGE('',*,*,#1730,.F.);
#2639=ORIENTED_EDGE('',*,*,#1733,.T.);
#2640=ORIENTED_EDGE('',*,*,#1734,.T.);
#2641=ORIENTED_EDGE('',*,*,#1728,.F.);
#2642=ORIENTED_EDGE('',*,*,#1729,.F.);
#2643=ORIENTED_EDGE('',*,*,#1734,.F.);
#2644=ORIENTED_EDGE('',*,*,#1735,.T.);
#2645=ORIENTED_EDGE('',*,*,#1736,.T.);
#2646=ORIENTED_EDGE('',*,*,#1737,.T.);
#2647=ORIENTED_EDGE('',*,*,#1738,.T.);
#2648=ORIENTED_EDGE('',*,*,#1735,.F.);
#2649=ORIENTED_EDGE('',*,*,#1733,.F.);
#2650=ORIENTED_EDGE('',*,*,#1738,.F.);
#2651=ORIENTED_EDGE('',*,*,#1736,.F.);
#2652=ORIENTED_EDGE('',*,*,#1737,.F.);
#2653=ORIENTED_EDGE('',*,*,#1739,.T.);
#2654=ORIENTED_EDGE('',*,*,#1716,.T.);
#2655=ORIENTED_EDGE('',*,*,#1717,.T.);
#2656=ORIENTED_EDGE('',*,*,#1739,.F.);
#2657=ORIENTED_EDGE('',*,*,#1731,.F.);
#2658=ORIENTED_EDGE('',*,*,#1732,.F.);
#2659=ORIENTED_EDGE('',*,*,#1740,.T.);
#2660=ORIENTED_EDGE('',*,*,#1721,.T.);
#2661=ORIENTED_EDGE('',*,*,#1722,.T.);
#2662=ORIENTED_EDGE('',*,*,#1740,.F.);
#2663=ORIENTED_EDGE('',*,*,#1741,.T.);
#2664=ORIENTED_EDGE('',*,*,#1742,.T.);
#2665=ORIENTED_EDGE('',*,*,#1743,.T.);
#2666=ORIENTED_EDGE('',*,*,#1744,.T.);
#2667=ORIENTED_EDGE('',*,*,#1745,.T.);
#2668=ORIENTED_EDGE('',*,*,#1743,.F.);
#2669=ORIENTED_EDGE('',*,*,#1746,.T.);
#2670=ORIENTED_EDGE('',*,*,#1747,.T.);
#2671=ORIENTED_EDGE('',*,*,#1741,.F.);
#2672=ORIENTED_EDGE('',*,*,#1742,.F.);
#2673=ORIENTED_EDGE('',*,*,#1747,.F.);
#2674=ORIENTED_EDGE('',*,*,#1748,.T.);
#2675=ORIENTED_EDGE('',*,*,#1749,.T.);
#2676=ORIENTED_EDGE('',*,*,#1750,.T.);
#2677=ORIENTED_EDGE('',*,*,#1751,.T.);
#2678=ORIENTED_EDGE('',*,*,#1748,.F.);
#2679=ORIENTED_EDGE('',*,*,#1746,.F.);
#2680=ORIENTED_EDGE('',*,*,#1751,.F.);
#2681=ORIENTED_EDGE('',*,*,#1749,.F.);
#2682=ORIENTED_EDGE('',*,*,#1750,.F.);
#2683=ORIENTED_EDGE('',*,*,#1752,.T.);
#2684=ORIENTED_EDGE('',*,*,#1315,.T.);
#2685=ORIENTED_EDGE('',*,*,#1316,.T.);
#2686=ORIENTED_EDGE('',*,*,#1752,.F.);
#2687=ORIENTED_EDGE('',*,*,#1744,.F.);
#2688=ORIENTED_EDGE('',*,*,#1745,.F.);
#2689=ORIENTED_EDGE('',*,*,#1753,.T.);
#2690=ORIENTED_EDGE('',*,*,#1754,.F.);
#2691=ORIENTED_EDGE('',*,*,#1755,.F.);
#2692=ORIENTED_EDGE('',*,*,#1753,.F.);
#2693=ORIENTED_EDGE('',*,*,#1756,.F.);
#2694=ORIENTED_EDGE('',*,*,#1757,.T.);
#2695=ORIENTED_EDGE('',*,*,#1754,.T.);
#2696=ORIENTED_EDGE('',*,*,#1755,.T.);
#2697=ORIENTED_EDGE('',*,*,#1757,.F.);
#2698=ORIENTED_EDGE('',*,*,#1758,.F.);
#2699=ORIENTED_EDGE('',*,*,#1759,.F.);
#2700=ORIENTED_EDGE('',*,*,#1760,.F.);
#2701=ORIENTED_EDGE('',*,*,#1761,.T.);
#2702=ORIENTED_EDGE('',*,*,#1758,.T.);
#2703=ORIENTED_EDGE('',*,*,#1756,.T.);
#2704=ORIENTED_EDGE('',*,*,#1761,.F.);
#2705=ORIENTED_EDGE('',*,*,#1657,.T.);
#2706=ORIENTED_EDGE('',*,*,#1658,.T.);
#2707=ORIENTED_EDGE('',*,*,#1762,.T.);
#2708=ORIENTED_EDGE('',*,*,#1759,.T.);
#2709=ORIENTED_EDGE('',*,*,#1760,.T.);
#2710=ORIENTED_EDGE('',*,*,#1762,.F.);
#2711=TOROIDAL_SURFACE('',#2966,8.95,1.7);
#2712=TOROIDAL_SURFACE('',#2976,12.,1.7);
#2713=TOROIDAL_SURFACE('',#2983,8.95,1.7);
#2714=TOROIDAL_SURFACE('',#2988,12.,1.7);
#2715=TOROIDAL_SURFACE('',#2990,2.2,0.5);
#2716=TOROIDAL_SURFACE('',#2999,2.2,0.5);
#2717=TOROIDAL_SURFACE('',#3003,2.2,0.5);
#2718=TOROIDAL_SURFACE('',#3012,2.2,0.5);
#2719=TOROIDAL_SURFACE('',#3016,2.2,0.5);
#2720=TOROIDAL_SURFACE('',#3025,2.19999999999999,0.5);
#2721=TOROIDAL_SURFACE('',#3031,2.2,0.5);
#2722=TOROIDAL_SURFACE('',#3040,2.19999999999999,0.5);
#2723=TOROIDAL_SURFACE('',#3050,2.2,0.5);
#2724=TOROIDAL_SURFACE('',#3059,2.2,0.5);
#2725=TOROIDAL_SURFACE('',#3063,2.2,0.5);
#2726=TOROIDAL_SURFACE('',#3072,2.19999999999999,0.5);
#2727=TOROIDAL_SURFACE('',#3078,2.2,0.5);
#2728=TOROIDAL_SURFACE('',#3087,2.2,0.5);
#2729=TOROIDAL_SURFACE('',#3091,2.2,0.5);
#2730=TOROIDAL_SURFACE('',#3100,2.2,0.5);
#2731=TOROIDAL_SURFACE('',#3104,2.2,0.5);
#2732=TOROIDAL_SURFACE('',#3113,2.19999999999999,0.5);
#2733=TOROIDAL_SURFACE('',#3121,2.2,0.5);
#2734=TOROIDAL_SURFACE('',#3128,2.2,0.5);
#2735=TOROIDAL_SURFACE('',#3132,2.2,0.5);
#2736=TOROIDAL_SURFACE('',#3141,2.19999999999999,0.5);
#2737=TOROIDAL_SURFACE('',#3149,2.2,0.5);
#2738=TOROIDAL_SURFACE('',#3156,2.2,0.5);
#2739=TOROIDAL_SURFACE('',#3160,2.2,0.5);
#2740=TOROIDAL_SURFACE('',#3169,2.19999999999999,0.5);
#2741=TOROIDAL_SURFACE('',#3175,2.2,0.5);
#2742=TOROIDAL_SURFACE('',#3184,2.19999999999999,0.5);
#2743=TOROIDAL_SURFACE('',#3190,2.2,0.5);
#2744=TOROIDAL_SURFACE('',#3199,2.19999999999999,0.5);
#2745=TOROIDAL_SURFACE('',#3209,2.2,0.5);
#2746=TOROIDAL_SURFACE('',#3218,2.2,0.5);
#2747=TOROIDAL_SURFACE('',#3220,2.2,0.5);
#2748=TOROIDAL_SURFACE('',#3229,2.19999999999999,0.5);
#2749=TOROIDAL_SURFACE('',#3239,2.2,0.5);
#2750=TOROIDAL_SURFACE('',#3246,2.2,0.5);
#2751=TOROIDAL_SURFACE('',#3250,2.2,0.5);
#2752=TOROIDAL_SURFACE('',#3259,2.19999999999999,0.5);
#2753=TOROIDAL_SURFACE('',#3267,2.2,0.5);
#2754=TOROIDAL_SURFACE('',#3274,2.2,0.5);
#2755=TOROIDAL_SURFACE('',#3276,2.2,0.5);
#2756=TOROIDAL_SURFACE('',#3283,2.2,0.5);
#2757=TOROIDAL_SURFACE('',#3287,2.2,0.5);
#2758=TOROIDAL_SURFACE('',#3296,2.19999999999999,0.5);
#2759=TOROIDAL_SURFACE('',#3302,2.2,0.5);
#2760=TOROIDAL_SURFACE('',#3311,2.2,0.5);
#2761=TOROIDAL_SURFACE('',#3315,2.2,0.5);
#2762=TOROIDAL_SURFACE('',#3324,2.19999999999999,0.5);
#2763=TOROIDAL_SURFACE('',#3330,2.2,0.5);
#2764=TOROIDAL_SURFACE('',#3339,2.19999999999999,0.5);
#2765=TOROIDAL_SURFACE('',#3347,2.2,0.5);
#2766=TOROIDAL_SURFACE('',#3354,2.2,0.5);
#2767=TOROIDAL_SURFACE('',#3356,2.2,0.5);
#2768=TOROIDAL_SURFACE('',#3365,2.2,0.5);
#2769=TOROIDAL_SURFACE('',#3367,2.2,0.5);
#2770=TOROIDAL_SURFACE('',#3376,2.19999999999999,0.5);
#2771=TOROIDAL_SURFACE('',#3384,2.2,0.5);
#2772=TOROIDAL_SURFACE('',#3393,2.19999999999999,0.5);
#2773=TOROIDAL_SURFACE('',#3403,2.2,0.5);
#2774=TOROIDAL_SURFACE('',#3412,2.19999999999999,0.5);
#2775=TOROIDAL_SURFACE('',#3422,2.2,0.5);
#2776=TOROIDAL_SURFACE('',#3431,2.2,0.5);
#2777=TOROIDAL_SURFACE('',#3433,2.2,0.5);
#2778=TOROIDAL_SURFACE('',#3440,2.2,0.5);
#2779=TOROIDAL_SURFACE('',#3444,2.2,0.5);
#2780=TOROIDAL_SURFACE('',#3453,2.19999999999999,0.5);
#2781=TOROIDAL_SURFACE('',#3459,2.2,0.5);
#2782=TOROIDAL_SURFACE('',#3466,2.2,0.5);
#2783=TOROIDAL_SURFACE('',#3470,2.2,0.5);
#2784=TOROIDAL_SURFACE('',#3479,2.2,0.5);
#2785=TOROIDAL_SURFACE('',#3481,2.2,0.5);
#2786=TOROIDAL_SURFACE('',#3490,2.19999999999999,0.5);
#2787=TOROIDAL_SURFACE('',#3496,2.2,0.5);
#2788=TOROIDAL_SURFACE('',#3505,2.19999999999999,0.5);
#2789=TOROIDAL_SURFACE('',#3513,2.2,0.5);
#2790=TOROIDAL_SURFACE('',#3520,2.2,0.5);
#2791=ADVANCED_FACE('',(#255),#2711,.T.);
#2792=ADVANCED_FACE('',(#256,#251),#253,.T.);
#2793=ADVANCED_FACE('',(#257),#173,.F.);
#2794=ADVANCED_FACE('',(#258),#2712,.T.);
#2795=ADVANCED_FACE('',(#259),#174,.T.);
#2796=ADVANCED_FACE('',(#260),#2713,.T.);
#2797=ADVANCED_FACE('',(#261,#252),#254,.F.);
#2798=ADVANCED_FACE('',(#262),#2714,.T.);
#2799=ADVANCED_FACE('',(#263),#2715,.T.);
#2800=ADVANCED_FACE('',(#264),#175,.T.);
#2801=ADVANCED_FACE('',(#265),#2716,.T.);
#2802=ADVANCED_FACE('',(#266),#2717,.T.);
#2803=ADVANCED_FACE('',(#267),#176,.T.);
#2804=ADVANCED_FACE('',(#268),#2718,.T.);
#2805=ADVANCED_FACE('',(#269),#2719,.T.);
#2806=ADVANCED_FACE('',(#270),#177,.T.);
#2807=ADVANCED_FACE('',(#271),#2720,.T.);
#2808=ADVANCED_FACE('',(#272),#178,.T.);
#2809=ADVANCED_FACE('',(#273),#179,.T.);
#2810=ADVANCED_FACE('',(#274),#2721,.T.);
#2811=ADVANCED_FACE('',(#275),#180,.T.);
#2812=ADVANCED_FACE('',(#276),#2722,.T.);
#2813=ADVANCED_FACE('',(#277),#181,.T.);
#2814=ADVANCED_FACE('',(#278),#182,.T.);
#2815=ADVANCED_FACE('',(#279),#2723,.T.);
#2816=ADVANCED_FACE('',(#280),#183,.T.);
#2817=ADVANCED_FACE('',(#281),#2724,.T.);
#2818=ADVANCED_FACE('',(#282),#2725,.T.);
#2819=ADVANCED_FACE('',(#283),#184,.T.);
#2820=ADVANCED_FACE('',(#284),#2726,.T.);
#2821=ADVANCED_FACE('',(#285),#185,.T.);
#2822=ADVANCED_FACE('',(#286),#186,.T.);
#2823=ADVANCED_FACE('',(#287),#2727,.T.);
#2824=ADVANCED_FACE('',(#288),#187,.T.);
#2825=ADVANCED_FACE('',(#289),#2728,.T.);
#2826=ADVANCED_FACE('',(#290),#2729,.T.);
#2827=ADVANCED_FACE('',(#291),#188,.T.);
#2828=ADVANCED_FACE('',(#292),#2730,.T.);
#2829=ADVANCED_FACE('',(#293),#2731,.T.);
#2830=ADVANCED_FACE('',(#294),#189,.T.);
#2831=ADVANCED_FACE('',(#295),#2732,.T.);
#2832=ADVANCED_FACE('',(#296),#190,.T.);
#2833=ADVANCED_FACE('',(#297),#191,.T.);
#2834=ADVANCED_FACE('',(#298),#2733,.T.);
#2835=ADVANCED_FACE('',(#299),#192,.T.);
#2836=ADVANCED_FACE('',(#300),#2734,.T.);
#2837=ADVANCED_FACE('',(#301),#2735,.T.);
#2838=ADVANCED_FACE('',(#302),#193,.T.);
#2839=ADVANCED_FACE('',(#303),#2736,.T.);
#2840=ADVANCED_FACE('',(#304),#194,.T.);
#2841=ADVANCED_FACE('',(#305),#195,.T.);
#2842=ADVANCED_FACE('',(#306),#2737,.T.);
#2843=ADVANCED_FACE('',(#307),#196,.T.);
#2844=ADVANCED_FACE('',(#308),#2738,.T.);
#2845=ADVANCED_FACE('',(#309),#2739,.T.);
#2846=ADVANCED_FACE('',(#310),#197,.T.);
#2847=ADVANCED_FACE('',(#311),#2740,.T.);
#2848=ADVANCED_FACE('',(#312),#198,.T.);
#2849=ADVANCED_FACE('',(#313),#199,.T.);
#2850=ADVANCED_FACE('',(#314),#2741,.T.);
#2851=ADVANCED_FACE('',(#315),#200,.T.);
#2852=ADVANCED_FACE('',(#316),#2742,.T.);
#2853=ADVANCED_FACE('',(#317),#201,.T.);
#2854=ADVANCED_FACE('',(#318),#202,.T.);
#2855=ADVANCED_FACE('',(#319),#2743,.T.);
#2856=ADVANCED_FACE('',(#320),#203,.T.);
#2857=ADVANCED_FACE('',(#321),#2744,.T.);
#2858=ADVANCED_FACE('',(#322),#204,.T.);
#2859=ADVANCED_FACE('',(#323),#205,.T.);
#2860=ADVANCED_FACE('',(#324),#2745,.T.);
#2861=ADVANCED_FACE('',(#325),#206,.T.);
#2862=ADVANCED_FACE('',(#326),#2746,.T.);
#2863=ADVANCED_FACE('',(#327),#2747,.T.);
#2864=ADVANCED_FACE('',(#328),#207,.T.);
#2865=ADVANCED_FACE('',(#329),#2748,.T.);
#2866=ADVANCED_FACE('',(#330),#208,.T.);
#2867=ADVANCED_FACE('',(#331),#209,.T.);
#2868=ADVANCED_FACE('',(#332),#2749,.T.);
#2869=ADVANCED_FACE('',(#333),#210,.T.);
#2870=ADVANCED_FACE('',(#334),#2750,.T.);
#2871=ADVANCED_FACE('',(#335),#2751,.T.);
#2872=ADVANCED_FACE('',(#336),#211,.T.);
#2873=ADVANCED_FACE('',(#337),#2752,.T.);
#2874=ADVANCED_FACE('',(#338),#212,.T.);
#2875=ADVANCED_FACE('',(#339),#213,.T.);
#2876=ADVANCED_FACE('',(#340),#2753,.T.);
#2877=ADVANCED_FACE('',(#341),#214,.T.);
#2878=ADVANCED_FACE('',(#342),#2754,.T.);
#2879=ADVANCED_FACE('',(#343),#2755,.T.);
#2880=ADVANCED_FACE('',(#344),#215,.T.);
#2881=ADVANCED_FACE('',(#345),#2756,.T.);
#2882=ADVANCED_FACE('',(#346),#2757,.T.);
#2883=ADVANCED_FACE('',(#347),#216,.T.);
#2884=ADVANCED_FACE('',(#348),#2758,.T.);
#2885=ADVANCED_FACE('',(#349),#217,.T.);
#2886=ADVANCED_FACE('',(#350),#218,.T.);
#2887=ADVANCED_FACE('',(#351),#2759,.T.);
#2888=ADVANCED_FACE('',(#352),#219,.T.);
#2889=ADVANCED_FACE('',(#353),#2760,.T.);
#2890=ADVANCED_FACE('',(#354),#2761,.T.);
#2891=ADVANCED_FACE('',(#355),#220,.T.);
#2892=ADVANCED_FACE('',(#356),#2762,.T.);
#2893=ADVANCED_FACE('',(#357),#221,.T.);
#2894=ADVANCED_FACE('',(#358),#222,.T.);
#2895=ADVANCED_FACE('',(#359),#2763,.T.);
#2896=ADVANCED_FACE('',(#360),#223,.T.);
#2897=ADVANCED_FACE('',(#361),#2764,.T.);
#2898=ADVANCED_FACE('',(#362),#224,.T.);
#2899=ADVANCED_FACE('',(#363),#225,.T.);
#2900=ADVANCED_FACE('',(#364),#2765,.T.);
#2901=ADVANCED_FACE('',(#365),#226,.T.);
#2902=ADVANCED_FACE('',(#366),#2766,.T.);
#2903=ADVANCED_FACE('',(#367),#2767,.T.);
#2904=ADVANCED_FACE('',(#368),#227,.T.);
#2905=ADVANCED_FACE('',(#369),#2768,.T.);
#2906=ADVANCED_FACE('',(#370),#2769,.T.);
#2907=ADVANCED_FACE('',(#371),#228,.T.);
#2908=ADVANCED_FACE('',(#372),#2770,.T.);
#2909=ADVANCED_FACE('',(#373),#229,.T.);
#2910=ADVANCED_FACE('',(#374),#230,.T.);
#2911=ADVANCED_FACE('',(#375),#2771,.T.);
#2912=ADVANCED_FACE('',(#376),#231,.T.);
#2913=ADVANCED_FACE('',(#377),#2772,.T.);
#2914=ADVANCED_FACE('',(#378),#232,.T.);
#2915=ADVANCED_FACE('',(#379),#233,.T.);
#2916=ADVANCED_FACE('',(#380),#2773,.T.);
#2917=ADVANCED_FACE('',(#381),#234,.T.);
#2918=ADVANCED_FACE('',(#382),#2774,.T.);
#2919=ADVANCED_FACE('',(#383),#235,.T.);
#2920=ADVANCED_FACE('',(#384),#236,.T.);
#2921=ADVANCED_FACE('',(#385),#2775,.T.);
#2922=ADVANCED_FACE('',(#386),#237,.T.);
#2923=ADVANCED_FACE('',(#387),#2776,.T.);
#2924=ADVANCED_FACE('',(#388),#2777,.T.);
#2925=ADVANCED_FACE('',(#389),#238,.T.);
#2926=ADVANCED_FACE('',(#390),#2778,.T.);
#2927=ADVANCED_FACE('',(#391),#2779,.T.);
#2928=ADVANCED_FACE('',(#392),#239,.T.);
#2929=ADVANCED_FACE('',(#393),#2780,.T.);
#2930=ADVANCED_FACE('',(#394),#240,.T.);
#2931=ADVANCED_FACE('',(#395),#241,.T.);
#2932=ADVANCED_FACE('',(#396),#2781,.T.);
#2933=ADVANCED_FACE('',(#397),#242,.T.);
#2934=ADVANCED_FACE('',(#398),#2782,.T.);
#2935=ADVANCED_FACE('',(#399),#2783,.T.);
#2936=ADVANCED_FACE('',(#400),#243,.T.);
#2937=ADVANCED_FACE('',(#401),#2784,.T.);
#2938=ADVANCED_FACE('',(#402),#2785,.T.);
#2939=ADVANCED_FACE('',(#403),#244,.T.);
#2940=ADVANCED_FACE('',(#404),#2786,.T.);
#2941=ADVANCED_FACE('',(#405),#245,.T.);
#2942=ADVANCED_FACE('',(#406),#246,.T.);
#2943=ADVANCED_FACE('',(#407),#2787,.T.);
#2944=ADVANCED_FACE('',(#408),#247,.T.);
#2945=ADVANCED_FACE('',(#409),#2788,.T.);
#2946=ADVANCED_FACE('',(#410),#248,.T.);
#2947=ADVANCED_FACE('',(#411),#249,.T.);
#2948=ADVANCED_FACE('',(#412),#2789,.T.);
#2949=ADVANCED_FACE('',(#413),#250,.T.);
#2950=ADVANCED_FACE('',(#414),#2790,.T.);
#2951=CLOSED_SHELL('',(#2791,#2792,#2793,#2794,#2795,#2796,#2797,#2798));
#2952=CLOSED_SHELL('',(#2799,#2800,#2801,#2802,#2803,#2804,#2805,#2806,
#2807,#2808,#2809,#2810,#2811,#2812,#2813,#2814,#2815,#2816,#2817,#2818,
#2819,#2820,#2821,#2822,#2823,#2824,#2825,#2826,#2827,#2828,#2829,#2830,
#2831,#2832,#2833,#2834,#2835,#2836,#2837,#2838,#2839,#2840,#2841,#2842,
#2843,#2844,#2845,#2846,#2847,#2848,#2849,#2850,#2851,#2852,#2853,#2854,
#2855,#2856,#2857,#2858,#2859,#2860,#2861,#2862,#2863,#2864,#2865,#2866,
#2867,#2868,#2869,#2870,#2871,#2872,#2873,#2874,#2875,#2876,#2877,#2878,
#2879,#2880,#2881,#2882,#2883,#2884,#2885,#2886,#2887,#2888,#2889,#2890,
#2891,#2892,#2893,#2894,#2895,#2896,#2897,#2898,#2899,#2900,#2901,#2902,
#2903,#2904,#2905,#2906,#2907,#2908,#2909,#2910,#2911,#2912,#2913,#2914,
#2915,#2916,#2917,#2918,#2919,#2920,#2921,#2922,#2923,#2924,#2925,#2926,
#2927,#2928,#2929,#2930,#2931,#2932,#2933,#2934,#2935,#2936,#2937,#2938,
#2939,#2940,#2941,#2942,#2943,#2944,#2945,#2946,#2947,#2948,#2949,#2950));
#2953=DERIVED_UNIT_ELEMENT(#2955,1.);
#2954=DERIVED_UNIT_ELEMENT(#5670,-3.);
#2955=(
MASS_UNIT()
NAMED_UNIT(*)
SI_UNIT(.KILO.,.GRAM.)
);
#2956=DERIVED_UNIT((#2953,#2954));
#2957=MEASURE_REPRESENTATION_ITEM('density measure',
POSITIVE_RATIO_MEASURE(7850.),#2956);
#2958=PROPERTY_DEFINITION_REPRESENTATION(#2963,#2960);
#2959=PROPERTY_DEFINITION_REPRESENTATION(#2964,#2961);
#2960=REPRESENTATION('material name',(#2962),#5667);
#2961=REPRESENTATION('density',(#2957),#5667);
#2962=DESCRIPTIVE_REPRESENTATION_ITEM('Steel','Steel');
#2963=PROPERTY_DEFINITION('material property','material name',#5677);
#2964=PROPERTY_DEFINITION('material property','density of part',#5677);
#2965=AXIS2_PLACEMENT_3D('',#4714,#3522,#3523);
#2966=AXIS2_PLACEMENT_3D('',#4715,#3524,#3525);
#2967=AXIS2_PLACEMENT_3D('',#4717,#3526,#3527);
#2968=AXIS2_PLACEMENT_3D('',#4719,#3528,#3529);
#2969=AXIS2_PLACEMENT_3D('',#4721,#3530,#3531);
#2970=AXIS2_PLACEMENT_3D('',#4722,#3532,#3533);
#2971=AXIS2_PLACEMENT_3D('',#4723,#3534,#3535);
#2972=AXIS2_PLACEMENT_3D('',#4725,#3536,#3537);
#2973=AXIS2_PLACEMENT_3D('',#4726,#3538,#3539);
#2974=AXIS2_PLACEMENT_3D('',#4730,#3541,#3542);
#2975=AXIS2_PLACEMENT_3D('',#4731,#3543,#3544);
#2976=AXIS2_PLACEMENT_3D('',#4732,#3545,#3546);
#2977=AXIS2_PLACEMENT_3D('',#4734,#3547,#3548);
#2978=AXIS2_PLACEMENT_3D('',#4736,#3549,#3550);
#2979=AXIS2_PLACEMENT_3D('',#4737,#3551,#3552);
#2980=AXIS2_PLACEMENT_3D('',#4738,#3553,#3554);
#2981=AXIS2_PLACEMENT_3D('',#4742,#3556,#3557);
#2982=AXIS2_PLACEMENT_3D('',#4743,#3558,#3559);
#2983=AXIS2_PLACEMENT_3D('',#4744,#3560,#3561);
#2984=AXIS2_PLACEMENT_3D('',#4746,#3562,#3563);
#2985=AXIS2_PLACEMENT_3D('',#4747,#3564,#3565);
#2986=AXIS2_PLACEMENT_3D('',#4748,#3566,#3567);
#2987=AXIS2_PLACEMENT_3D('',#4750,#3568,#3569);
#2988=AXIS2_PLACEMENT_3D('',#4751,#3570,#3571);
#2989=AXIS2_PLACEMENT_3D('',#4752,#3572,#3573);
#2990=AXIS2_PLACEMENT_3D('',#4753,#3574,#3575);
#2991=AXIS2_PLACEMENT_3D('',#4756,#3576,#3577);
#2992=AXIS2_PLACEMENT_3D('',#4758,#3578,#3579);
#2993=AXIS2_PLACEMENT_3D('',#4760,#3580,#3581);
#2994=AXIS2_PLACEMENT_3D('',#4761,#3582,#3583);
#2995=AXIS2_PLACEMENT_3D('',#4762,#3584,#3585);
#2996=AXIS2_PLACEMENT_3D('',#4763,#3586,#3587);
#2997=AXIS2_PLACEMENT_3D('',#4766,#3588,#3589);
#2998=AXIS2_PLACEMENT_3D('',#4767,#3590,#3591);
#2999=AXIS2_PLACEMENT_3D('',#4769,#3593,#3594);
#3000=AXIS2_PLACEMENT_3D('',#4772,#3595,#3596);
#3001=AXIS2_PLACEMENT_3D('',#4773,#3597,#3598);
#3002=AXIS2_PLACEMENT_3D('',#4774,#3599,#3600);
#3003=AXIS2_PLACEMENT_3D('',#4775,#3601,#3602);
#3004=AXIS2_PLACEMENT_3D('',#4778,#3603,#3604);
#3005=AXIS2_PLACEMENT_3D('',#4780,#3605,#3606);
#3006=AXIS2_PLACEMENT_3D('',#4782,#3607,#3608);
#3007=AXIS2_PLACEMENT_3D('',#4783,#3609,#3610);
#3008=AXIS2_PLACEMENT_3D('',#4784,#3611,#3612);
#3009=AXIS2_PLACEMENT_3D('',#4785,#3613,#3614);
#3010=AXIS2_PLACEMENT_3D('',#4788,#3615,#3616);
#3011=AXIS2_PLACEMENT_3D('',#4789,#3617,#3618);
#3012=AXIS2_PLACEMENT_3D('',#4791,#3620,#3621);
#3013=AXIS2_PLACEMENT_3D('',#4794,#3622,#3623);
#3014=AXIS2_PLACEMENT_3D('',#4795,#3624,#3625);
#3015=AXIS2_PLACEMENT_3D('',#4796,#3626,#3627);
#3016=AXIS2_PLACEMENT_3D('',#4797,#3628,#3629);
#3017=AXIS2_PLACEMENT_3D('',#4800,#3630,#3631);
#3018=AXIS2_PLACEMENT_3D('',#4801,#3632,#3633);
#3019=AXIS2_PLACEMENT_3D('',#4803,#3634,#3635);
#3020=AXIS2_PLACEMENT_3D('',#4805,#3636,#3637);
#3021=AXIS2_PLACEMENT_3D('',#4806,#3638,#3639);
#3022=AXIS2_PLACEMENT_3D('',#4807,#3640,#3641);
#3023=AXIS2_PLACEMENT_3D('',#4810,#3642,#3643);
#3024=AXIS2_PLACEMENT_3D('',#4812,#3645,#3646);
#3025=AXIS2_PLACEMENT_3D('',#4813,#3647,#3648);
#3026=AXIS2_PLACEMENT_3D('',#4816,#3649,#3650);
#3027=AXIS2_PLACEMENT_3D('',#4817,#3651,#3652);
#3028=AXIS2_PLACEMENT_3D('',#4818,#3653,#3654);
#3029=AXIS2_PLACEMENT_3D('',#4819,#3655,#3656);
#3030=AXIS2_PLACEMENT_3D('',#4821,#3658,#3659);
#3031=AXIS2_PLACEMENT_3D('',#4823,#3661,#3662);
#3032=AXIS2_PLACEMENT_3D('',#4826,#3663,#3664);
#3033=AXIS2_PLACEMENT_3D('',#4827,#3665,#3666);
#3034=AXIS2_PLACEMENT_3D('',#4829,#3667,#3668);
#3035=AXIS2_PLACEMENT_3D('',#4831,#3669,#3670);
#3036=AXIS2_PLACEMENT_3D('',#4832,#3671,#3672);
#3037=AXIS2_PLACEMENT_3D('',#4833,#3673,#3674);
#3038=AXIS2_PLACEMENT_3D('',#4836,#3675,#3676);
#3039=AXIS2_PLACEMENT_3D('',#4838,#3678,#3679);
#3040=AXIS2_PLACEMENT_3D('',#4839,#3680,#3681);
#3041=AXIS2_PLACEMENT_3D('',#4842,#3682,#3683);
#3042=AXIS2_PLACEMENT_3D('',#4843,#3684,#3685);
#3043=AXIS2_PLACEMENT_3D('',#4844,#3686,#3687);
#3044=AXIS2_PLACEMENT_3D('',#4845,#3688,#3689);
#3045=AXIS2_PLACEMENT_3D('',#4849,#3691,#3692);
#3046=AXIS2_PLACEMENT_3D('',#4850,#3693,#3694);
#3047=AXIS2_PLACEMENT_3D('',#4851,#3695,#3696);
#3048=AXIS2_PLACEMENT_3D('',#4855,#3698,#3699);
#3049=AXIS2_PLACEMENT_3D('',#4856,#3700,#3701);
#3050=AXIS2_PLACEMENT_3D('',#4857,#3702,#3703);
#3051=AXIS2_PLACEMENT_3D('',#4860,#3704,#3705);
#3052=AXIS2_PLACEMENT_3D('',#4862,#3706,#3707);
#3053=AXIS2_PLACEMENT_3D('',#4864,#3708,#3709);
#3054=AXIS2_PLACEMENT_3D('',#4865,#3710,#3711);
#3055=AXIS2_PLACEMENT_3D('',#4866,#3712,#3713);
#3056=AXIS2_PLACEMENT_3D('',#4867,#3714,#3715);
#3057=AXIS2_PLACEMENT_3D('',#4870,#3716,#3717);
#3058=AXIS2_PLACEMENT_3D('',#4871,#3718,#3719);
#3059=AXIS2_PLACEMENT_3D('',#4873,#3721,#3722);
#3060=AXIS2_PLACEMENT_3D('',#4876,#3723,#3724);
#3061=AXIS2_PLACEMENT_3D('',#4877,#3725,#3726);
#3062=AXIS2_PLACEMENT_3D('',#4878,#3727,#3728);
#3063=AXIS2_PLACEMENT_3D('',#4879,#3729,#3730);
#3064=AXIS2_PLACEMENT_3D('',#4882,#3731,#3732);
#3065=AXIS2_PLACEMENT_3D('',#4883,#3733,#3734);
#3066=AXIS2_PLACEMENT_3D('',#4885,#3735,#3736);
#3067=AXIS2_PLACEMENT_3D('',#4887,#3737,#3738);
#3068=AXIS2_PLACEMENT_3D('',#4888,#3739,#3740);
#3069=AXIS2_PLACEMENT_3D('',#4889,#3741,#3742);
#3070=AXIS2_PLACEMENT_3D('',#4892,#3743,#3744);
#3071=AXIS2_PLACEMENT_3D('',#4894,#3746,#3747);
#3072=AXIS2_PLACEMENT_3D('',#4895,#3748,#3749);
#3073=AXIS2_PLACEMENT_3D('',#4898,#3750,#3751);
#3074=AXIS2_PLACEMENT_3D('',#4899,#3752,#3753);
#3075=AXIS2_PLACEMENT_3D('',#4900,#3754,#3755);
#3076=AXIS2_PLACEMENT_3D('',#4901,#3756,#3757);
#3077=AXIS2_PLACEMENT_3D('',#4903,#3759,#3760);
#3078=AXIS2_PLACEMENT_3D('',#4905,#3762,#3763);
#3079=AXIS2_PLACEMENT_3D('',#4908,#3764,#3765);
#3080=AXIS2_PLACEMENT_3D('',#4910,#3766,#3767);
#3081=AXIS2_PLACEMENT_3D('',#4912,#3768,#3769);
#3082=AXIS2_PLACEMENT_3D('',#4913,#3770,#3771);
#3083=AXIS2_PLACEMENT_3D('',#4914,#3772,#3773);
#3084=AXIS2_PLACEMENT_3D('',#4915,#3774,#3775);
#3085=AXIS2_PLACEMENT_3D('',#4918,#3776,#3777);
#3086=AXIS2_PLACEMENT_3D('',#4919,#3778,#3779);
#3087=AXIS2_PLACEMENT_3D('',#4921,#3781,#3782);
#3088=AXIS2_PLACEMENT_3D('',#4924,#3783,#3784);
#3089=AXIS2_PLACEMENT_3D('',#4925,#3785,#3786);
#3090=AXIS2_PLACEMENT_3D('',#4926,#3787,#3788);
#3091=AXIS2_PLACEMENT_3D('',#4927,#3789,#3790);
#3092=AXIS2_PLACEMENT_3D('',#4930,#3791,#3792);
#3093=AXIS2_PLACEMENT_3D('',#4932,#3793,#3794);
#3094=AXIS2_PLACEMENT_3D('',#4934,#3795,#3796);
#3095=AXIS2_PLACEMENT_3D('',#4935,#3797,#3798);
#3096=AXIS2_PLACEMENT_3D('',#4936,#3799,#3800);
#3097=AXIS2_PLACEMENT_3D('',#4937,#3801,#3802);
#3098=AXIS2_PLACEMENT_3D('',#4940,#3803,#3804);
#3099=AXIS2_PLACEMENT_3D('',#4941,#3805,#3806);
#3100=AXIS2_PLACEMENT_3D('',#4943,#3808,#3809);
#3101=AXIS2_PLACEMENT_3D('',#4946,#3810,#3811);
#3102=AXIS2_PLACEMENT_3D('',#4947,#3812,#3813);
#3103=AXIS2_PLACEMENT_3D('',#4948,#3814,#3815);
#3104=AXIS2_PLACEMENT_3D('',#4949,#3816,#3817);
#3105=AXIS2_PLACEMENT_3D('',#4952,#3818,#3819);
#3106=AXIS2_PLACEMENT_3D('',#4953,#3820,#3821);
#3107=AXIS2_PLACEMENT_3D('',#4955,#3822,#3823);
#3108=AXIS2_PLACEMENT_3D('',#4957,#3824,#3825);
#3109=AXIS2_PLACEMENT_3D('',#4958,#3826,#3827);
#3110=AXIS2_PLACEMENT_3D('',#4959,#3828,#3829);
#3111=AXIS2_PLACEMENT_3D('',#4962,#3830,#3831);
#3112=AXIS2_PLACEMENT_3D('',#4964,#3833,#3834);
#3113=AXIS2_PLACEMENT_3D('',#4965,#3835,#3836);
#3114=AXIS2_PLACEMENT_3D('',#4968,#3837,#3838);
#3115=AXIS2_PLACEMENT_3D('',#4969,#3839,#3840);
#3116=AXIS2_PLACEMENT_3D('',#4970,#3841,#3842);
#3117=AXIS2_PLACEMENT_3D('',#4971,#3843,#3844);
#3118=AXIS2_PLACEMENT_3D('',#4973,#3846,#3847);
#3119=AXIS2_PLACEMENT_3D('',#4977,#3849,#3850);
#3120=AXIS2_PLACEMENT_3D('',#4978,#3851,#3852);
#3121=AXIS2_PLACEMENT_3D('',#4979,#3853,#3854);
#3122=AXIS2_PLACEMENT_3D('',#4982,#3855,#3856);
#3123=AXIS2_PLACEMENT_3D('',#4983,#3857,#3858);
#3124=AXIS2_PLACEMENT_3D('',#4984,#3859,#3860);
#3125=AXIS2_PLACEMENT_3D('',#4985,#3861,#3862);
#3126=AXIS2_PLACEMENT_3D('',#4988,#3863,#3864);
#3127=AXIS2_PLACEMENT_3D('',#4989,#3865,#3866);
#3128=AXIS2_PLACEMENT_3D('',#4991,#3868,#3869);
#3129=AXIS2_PLACEMENT_3D('',#4994,#3870,#3871);
#3130=AXIS2_PLACEMENT_3D('',#4995,#3872,#3873);
#3131=AXIS2_PLACEMENT_3D('',#4996,#3874,#3875);
#3132=AXIS2_PLACEMENT_3D('',#4997,#3876,#3877);
#3133=AXIS2_PLACEMENT_3D('',#5000,#3878,#3879);
#3134=AXIS2_PLACEMENT_3D('',#5001,#3880,#3881);
#3135=AXIS2_PLACEMENT_3D('',#5003,#3882,#3883);
#3136=AXIS2_PLACEMENT_3D('',#5005,#3884,#3885);
#3137=AXIS2_PLACEMENT_3D('',#5006,#3886,#3887);
#3138=AXIS2_PLACEMENT_3D('',#5007,#3888,#3889);
#3139=AXIS2_PLACEMENT_3D('',#5010,#3890,#3891);
#3140=AXIS2_PLACEMENT_3D('',#5012,#3893,#3894);
#3141=AXIS2_PLACEMENT_3D('',#5013,#3895,#3896);
#3142=AXIS2_PLACEMENT_3D('',#5016,#3897,#3898);
#3143=AXIS2_PLACEMENT_3D('',#5017,#3899,#3900);
#3144=AXIS2_PLACEMENT_3D('',#5018,#3901,#3902);
#3145=AXIS2_PLACEMENT_3D('',#5019,#3903,#3904);
#3146=AXIS2_PLACEMENT_3D('',#5021,#3906,#3907);
#3147=AXIS2_PLACEMENT_3D('',#5025,#3909,#3910);
#3148=AXIS2_PLACEMENT_3D('',#5026,#3911,#3912);
#3149=AXIS2_PLACEMENT_3D('',#5027,#3913,#3914);
#3150=AXIS2_PLACEMENT_3D('',#5030,#3915,#3916);
#3151=AXIS2_PLACEMENT_3D('',#5031,#3917,#3918);
#3152=AXIS2_PLACEMENT_3D('',#5032,#3919,#3920);
#3153=AXIS2_PLACEMENT_3D('',#5033,#3921,#3922);
#3154=AXIS2_PLACEMENT_3D('',#5036,#3923,#3924);
#3155=AXIS2_PLACEMENT_3D('',#5037,#3925,#3926);
#3156=AXIS2_PLACEMENT_3D('',#5039,#3928,#3929);
#3157=AXIS2_PLACEMENT_3D('',#5042,#3930,#3931);
#3158=AXIS2_PLACEMENT_3D('',#5043,#3932,#3933);
#3159=AXIS2_PLACEMENT_3D('',#5044,#3934,#3935);
#3160=AXIS2_PLACEMENT_3D('',#5045,#3936,#3937);
#3161=AXIS2_PLACEMENT_3D('',#5048,#3938,#3939);
#3162=AXIS2_PLACEMENT_3D('',#5049,#3940,#3941);
#3163=AXIS2_PLACEMENT_3D('',#5051,#3942,#3943);
#3164=AXIS2_PLACEMENT_3D('',#5053,#3944,#3945);
#3165=AXIS2_PLACEMENT_3D('',#5054,#3946,#3947);
#3166=AXIS2_PLACEMENT_3D('',#5055,#3948,#3949);
#3167=AXIS2_PLACEMENT_3D('',#5058,#3950,#3951);
#3168=AXIS2_PLACEMENT_3D('',#5060,#3953,#3954);
#3169=AXIS2_PLACEMENT_3D('',#5061,#3955,#3956);
#3170=AXIS2_PLACEMENT_3D('',#5064,#3957,#3958);
#3171=AXIS2_PLACEMENT_3D('',#5065,#3959,#3960);
#3172=AXIS2_PLACEMENT_3D('',#5066,#3961,#3962);
#3173=AXIS2_PLACEMENT_3D('',#5067,#3963,#3964);
#3174=AXIS2_PLACEMENT_3D('',#5069,#3966,#3967);
#3175=AXIS2_PLACEMENT_3D('',#5071,#3969,#3970);
#3176=AXIS2_PLACEMENT_3D('',#5074,#3971,#3972);
#3177=AXIS2_PLACEMENT_3D('',#5075,#3973,#3974);
#3178=AXIS2_PLACEMENT_3D('',#5077,#3975,#3976);
#3179=AXIS2_PLACEMENT_3D('',#5079,#3977,#3978);
#3180=AXIS2_PLACEMENT_3D('',#5080,#3979,#3980);
#3181=AXIS2_PLACEMENT_3D('',#5081,#3981,#3982);
#3182=AXIS2_PLACEMENT_3D('',#5084,#3983,#3984);
#3183=AXIS2_PLACEMENT_3D('',#5086,#3986,#3987);
#3184=AXIS2_PLACEMENT_3D('',#5087,#3988,#3989);
#3185=AXIS2_PLACEMENT_3D('',#5090,#3990,#3991);
#3186=AXIS2_PLACEMENT_3D('',#5091,#3992,#3993);
#3187=AXIS2_PLACEMENT_3D('',#5092,#3994,#3995);
#3188=AXIS2_PLACEMENT_3D('',#5093,#3996,#3997);
#3189=AXIS2_PLACEMENT_3D('',#5095,#3999,#4000);
#3190=AXIS2_PLACEMENT_3D('',#5097,#4002,#4003);
#3191=AXIS2_PLACEMENT_3D('',#5100,#4004,#4005);
#3192=AXIS2_PLACEMENT_3D('',#5101,#4006,#4007);
#3193=AXIS2_PLACEMENT_3D('',#5103,#4008,#4009);
#3194=AXIS2_PLACEMENT_3D('',#5105,#4010,#4011);
#3195=AXIS2_PLACEMENT_3D('',#5106,#4012,#4013);
#3196=AXIS2_PLACEMENT_3D('',#5107,#4014,#4015);
#3197=AXIS2_PLACEMENT_3D('',#5110,#4016,#4017);
#3198=AXIS2_PLACEMENT_3D('',#5112,#4019,#4020);
#3199=AXIS2_PLACEMENT_3D('',#5113,#4021,#4022);
#3200=AXIS2_PLACEMENT_3D('',#5116,#4023,#4024);
#3201=AXIS2_PLACEMENT_3D('',#5117,#4025,#4026);
#3202=AXIS2_PLACEMENT_3D('',#5118,#4027,#4028);
#3203=AXIS2_PLACEMENT_3D('',#5119,#4029,#4030);
#3204=AXIS2_PLACEMENT_3D('',#5123,#4032,#4033);
#3205=AXIS2_PLACEMENT_3D('',#5124,#4034,#4035);
#3206=AXIS2_PLACEMENT_3D('',#5125,#4036,#4037);
#3207=AXIS2_PLACEMENT_3D('',#5129,#4039,#4040);
#3208=AXIS2_PLACEMENT_3D('',#5130,#4041,#4042);
#3209=AXIS2_PLACEMENT_3D('',#5131,#4043,#4044);
#3210=AXIS2_PLACEMENT_3D('',#5134,#4045,#4046);
#3211=AXIS2_PLACEMENT_3D('',#5136,#4047,#4048);
#3212=AXIS2_PLACEMENT_3D('',#5138,#4049,#4050);
#3213=AXIS2_PLACEMENT_3D('',#5139,#4051,#4052);
#3214=AXIS2_PLACEMENT_3D('',#5140,#4053,#4054);
#3215=AXIS2_PLACEMENT_3D('',#5141,#4055,#4056);
#3216=AXIS2_PLACEMENT_3D('',#5144,#4057,#4058);
#3217=AXIS2_PLACEMENT_3D('',#5145,#4059,#4060);
#3218=AXIS2_PLACEMENT_3D('',#5147,#4062,#4063);
#3219=AXIS2_PLACEMENT_3D('',#5148,#4064,#4065);
#3220=AXIS2_PLACEMENT_3D('',#5149,#4066,#4067);
#3221=AXIS2_PLACEMENT_3D('',#5152,#4068,#4069);
#3222=AXIS2_PLACEMENT_3D('',#5153,#4070,#4071);
#3223=AXIS2_PLACEMENT_3D('',#5155,#4072,#4073);
#3224=AXIS2_PLACEMENT_3D('',#5157,#4074,#4075);
#3225=AXIS2_PLACEMENT_3D('',#5158,#4076,#4077);
#3226=AXIS2_PLACEMENT_3D('',#5159,#4078,#4079);
#3227=AXIS2_PLACEMENT_3D('',#5162,#4080,#4081);
#3228=AXIS2_PLACEMENT_3D('',#5164,#4083,#4084);
#3229=AXIS2_PLACEMENT_3D('',#5165,#4085,#4086);
#3230=AXIS2_PLACEMENT_3D('',#5168,#4087,#4088);
#3231=AXIS2_PLACEMENT_3D('',#5169,#4089,#4090);
#3232=AXIS2_PLACEMENT_3D('',#5170,#4091,#4092);
#3233=AXIS2_PLACEMENT_3D('',#5171,#4093,#4094);
#3234=AXIS2_PLACEMENT_3D('',#5175,#4096,#4097);
#3235=AXIS2_PLACEMENT_3D('',#5176,#4098,#4099);
#3236=AXIS2_PLACEMENT_3D('',#5177,#4100,#4101);
#3237=AXIS2_PLACEMENT_3D('',#5181,#4103,#4104);
#3238=AXIS2_PLACEMENT_3D('',#5182,#4105,#4106);
#3239=AXIS2_PLACEMENT_3D('',#5183,#4107,#4108);
#3240=AXIS2_PLACEMENT_3D('',#5186,#4109,#4110);
#3241=AXIS2_PLACEMENT_3D('',#5187,#4111,#4112);
#3242=AXIS2_PLACEMENT_3D('',#5188,#4113,#4114);
#3243=AXIS2_PLACEMENT_3D('',#5189,#4115,#4116);
#3244=AXIS2_PLACEMENT_3D('',#5192,#4117,#4118);
#3245=AXIS2_PLACEMENT_3D('',#5193,#4119,#4120);
#3246=AXIS2_PLACEMENT_3D('',#5195,#4122,#4123);
#3247=AXIS2_PLACEMENT_3D('',#5198,#4124,#4125);
#3248=AXIS2_PLACEMENT_3D('',#5199,#4126,#4127);
#3249=AXIS2_PLACEMENT_3D('',#5200,#4128,#4129);
#3250=AXIS2_PLACEMENT_3D('',#5201,#4130,#4131);
#3251=AXIS2_PLACEMENT_3D('',#5204,#4132,#4133);
#3252=AXIS2_PLACEMENT_3D('',#5205,#4134,#4135);
#3253=AXIS2_PLACEMENT_3D('',#5207,#4136,#4137);
#3254=AXIS2_PLACEMENT_3D('',#5209,#4138,#4139);
#3255=AXIS2_PLACEMENT_3D('',#5210,#4140,#4141);
#3256=AXIS2_PLACEMENT_3D('',#5211,#4142,#4143);
#3257=AXIS2_PLACEMENT_3D('',#5214,#4144,#4145);
#3258=AXIS2_PLACEMENT_3D('',#5216,#4147,#4148);
#3259=AXIS2_PLACEMENT_3D('',#5217,#4149,#4150);
#3260=AXIS2_PLACEMENT_3D('',#5220,#4151,#4152);
#3261=AXIS2_PLACEMENT_3D('',#5221,#4153,#4154);
#3262=AXIS2_PLACEMENT_3D('',#5222,#4155,#4156);
#3263=AXIS2_PLACEMENT_3D('',#5223,#4157,#4158);
#3264=AXIS2_PLACEMENT_3D('',#5225,#4160,#4161);
#3265=AXIS2_PLACEMENT_3D('',#5229,#4163,#4164);
#3266=AXIS2_PLACEMENT_3D('',#5230,#4165,#4166);
#3267=AXIS2_PLACEMENT_3D('',#5231,#4167,#4168);
#3268=AXIS2_PLACEMENT_3D('',#5234,#4169,#4170);
#3269=AXIS2_PLACEMENT_3D('',#5235,#4171,#4172);
#3270=AXIS2_PLACEMENT_3D('',#5236,#4173,#4174);
#3271=AXIS2_PLACEMENT_3D('',#5237,#4175,#4176);
#3272=AXIS2_PLACEMENT_3D('',#5240,#4177,#4178);
#3273=AXIS2_PLACEMENT_3D('',#5241,#4179,#4180);
#3274=AXIS2_PLACEMENT_3D('',#5243,#4182,#4183);
#3275=AXIS2_PLACEMENT_3D('',#5244,#4184,#4185);
#3276=AXIS2_PLACEMENT_3D('',#5245,#4186,#4187);
#3277=AXIS2_PLACEMENT_3D('',#5248,#4188,#4189);
#3278=AXIS2_PLACEMENT_3D('',#5249,#4190,#4191);
#3279=AXIS2_PLACEMENT_3D('',#5250,#4192,#4193);
#3280=AXIS2_PLACEMENT_3D('',#5251,#4194,#4195);
#3281=AXIS2_PLACEMENT_3D('',#5254,#4196,#4197);
#3282=AXIS2_PLACEMENT_3D('',#5255,#4198,#4199);
#3283=AXIS2_PLACEMENT_3D('',#5257,#4201,#4202);
#3284=AXIS2_PLACEMENT_3D('',#5260,#4203,#4204);
#3285=AXIS2_PLACEMENT_3D('',#5261,#4205,#4206);
#3286=AXIS2_PLACEMENT_3D('',#5262,#4207,#4208);
#3287=AXIS2_PLACEMENT_3D('',#5263,#4209,#4210);
#3288=AXIS2_PLACEMENT_3D('',#5266,#4211,#4212);
#3289=AXIS2_PLACEMENT_3D('',#5267,#4213,#4214);
#3290=AXIS2_PLACEMENT_3D('',#5269,#4215,#4216);
#3291=AXIS2_PLACEMENT_3D('',#5271,#4217,#4218);
#3292=AXIS2_PLACEMENT_3D('',#5272,#4219,#4220);
#3293=AXIS2_PLACEMENT_3D('',#5273,#4221,#4222);
#3294=AXIS2_PLACEMENT_3D('',#5276,#4223,#4224);
#3295=AXIS2_PLACEMENT_3D('',#5278,#4226,#4227);
#3296=AXIS2_PLACEMENT_3D('',#5279,#4228,#4229);
#3297=AXIS2_PLACEMENT_3D('',#5282,#4230,#4231);
#3298=AXIS2_PLACEMENT_3D('',#5283,#4232,#4233);
#3299=AXIS2_PLACEMENT_3D('',#5284,#4234,#4235);
#3300=AXIS2_PLACEMENT_3D('',#5285,#4236,#4237);
#3301=AXIS2_PLACEMENT_3D('',#5287,#4239,#4240);
#3302=AXIS2_PLACEMENT_3D('',#5289,#4242,#4243);
#3303=AXIS2_PLACEMENT_3D('',#5292,#4244,#4245);
#3304=AXIS2_PLACEMENT_3D('',#5294,#4246,#4247);
#3305=AXIS2_PLACEMENT_3D('',#5296,#4248,#4249);
#3306=AXIS2_PLACEMENT_3D('',#5297,#4250,#4251);
#3307=AXIS2_PLACEMENT_3D('',#5298,#4252,#4253);
#3308=AXIS2_PLACEMENT_3D('',#5299,#4254,#4255);
#3309=AXIS2_PLACEMENT_3D('',#5302,#4256,#4257);
#3310=AXIS2_PLACEMENT_3D('',#5303,#4258,#4259);
#3311=AXIS2_PLACEMENT_3D('',#5305,#4261,#4262);
#3312=AXIS2_PLACEMENT_3D('',#5308,#4263,#4264);
#3313=AXIS2_PLACEMENT_3D('',#5309,#4265,#4266);
#3314=AXIS2_PLACEMENT_3D('',#5310,#4267,#4268);
#3315=AXIS2_PLACEMENT_3D('',#5311,#4269,#4270);
#3316=AXIS2_PLACEMENT_3D('',#5314,#4271,#4272);
#3317=AXIS2_PLACEMENT_3D('',#5315,#4273,#4274);
#3318=AXIS2_PLACEMENT_3D('',#5317,#4275,#4276);
#3319=AXIS2_PLACEMENT_3D('',#5319,#4277,#4278);
#3320=AXIS2_PLACEMENT_3D('',#5320,#4279,#4280);
#3321=AXIS2_PLACEMENT_3D('',#5321,#4281,#4282);
#3322=AXIS2_PLACEMENT_3D('',#5324,#4283,#4284);
#3323=AXIS2_PLACEMENT_3D('',#5326,#4286,#4287);
#3324=AXIS2_PLACEMENT_3D('',#5327,#4288,#4289);
#3325=AXIS2_PLACEMENT_3D('',#5330,#4290,#4291);
#3326=AXIS2_PLACEMENT_3D('',#5331,#4292,#4293);
#3327=AXIS2_PLACEMENT_3D('',#5332,#4294,#4295);
#3328=AXIS2_PLACEMENT_3D('',#5333,#4296,#4297);
#3329=AXIS2_PLACEMENT_3D('',#5335,#4299,#4300);
#3330=AXIS2_PLACEMENT_3D('',#5337,#4302,#4303);
#3331=AXIS2_PLACEMENT_3D('',#5340,#4304,#4305);
#3332=AXIS2_PLACEMENT_3D('',#5341,#4306,#4307);
#3333=AXIS2_PLACEMENT_3D('',#5343,#4308,#4309);
#3334=AXIS2_PLACEMENT_3D('',#5345,#4310,#4311);
#3335=AXIS2_PLACEMENT_3D('',#5346,#4312,#4313);
#3336=AXIS2_PLACEMENT_3D('',#5347,#4314,#4315);
#3337=AXIS2_PLACEMENT_3D('',#5350,#4316,#4317);
#3338=AXIS2_PLACEMENT_3D('',#5352,#4319,#4320);
#3339=AXIS2_PLACEMENT_3D('',#5353,#4321,#4322);
#3340=AXIS2_PLACEMENT_3D('',#5356,#4323,#4324);
#3341=AXIS2_PLACEMENT_3D('',#5357,#4325,#4326);
#3342=AXIS2_PLACEMENT_3D('',#5358,#4327,#4328);
#3343=AXIS2_PLACEMENT_3D('',#5359,#4329,#4330);
#3344=AXIS2_PLACEMENT_3D('',#5363,#4332,#4333);
#3345=AXIS2_PLACEMENT_3D('',#5364,#4334,#4335);
#3346=AXIS2_PLACEMENT_3D('',#5365,#4336,#4337);
#3347=AXIS2_PLACEMENT_3D('',#5367,#4339,#4340);
#3348=AXIS2_PLACEMENT_3D('',#5370,#4341,#4342);
#3349=AXIS2_PLACEMENT_3D('',#5371,#4343,#4344);
#3350=AXIS2_PLACEMENT_3D('',#5372,#4345,#4346);
#3351=AXIS2_PLACEMENT_3D('',#5373,#4347,#4348);
#3352=AXIS2_PLACEMENT_3D('',#5376,#4349,#4350);
#3353=AXIS2_PLACEMENT_3D('',#5377,#4351,#4352);
#3354=AXIS2_PLACEMENT_3D('',#5379,#4354,#4355);
#3355=AXIS2_PLACEMENT_3D('',#5380,#4356,#4357);
#3356=AXIS2_PLACEMENT_3D('',#5381,#4358,#4359);
#3357=AXIS2_PLACEMENT_3D('',#5384,#4360,#4361);
#3358=AXIS2_PLACEMENT_3D('',#5386,#4362,#4363);
#3359=AXIS2_PLACEMENT_3D('',#5388,#4364,#4365);
#3360=AXIS2_PLACEMENT_3D('',#5389,#4366,#4367);
#3361=AXIS2_PLACEMENT_3D('',#5390,#4368,#4369);
#3362=AXIS2_PLACEMENT_3D('',#5391,#4370,#4371);
#3363=AXIS2_PLACEMENT_3D('',#5394,#4372,#4373);
#3364=AXIS2_PLACEMENT_3D('',#5395,#4374,#4375);
#3365=AXIS2_PLACEMENT_3D('',#5397,#4377,#4378);
#3366=AXIS2_PLACEMENT_3D('',#5398,#4379,#4380);
#3367=AXIS2_PLACEMENT_3D('',#5399,#4381,#4382);
#3368=AXIS2_PLACEMENT_3D('',#5402,#4383,#4384);
#3369=AXIS2_PLACEMENT_3D('',#5403,#4385,#4386);
#3370=AXIS2_PLACEMENT_3D('',#5405,#4387,#4388);
#3371=AXIS2_PLACEMENT_3D('',#5407,#4389,#4390);
#3372=AXIS2_PLACEMENT_3D('',#5408,#4391,#4392);
#3373=AXIS2_PLACEMENT_3D('',#5409,#4393,#4394);
#3374=AXIS2_PLACEMENT_3D('',#5412,#4395,#4396);
#3375=AXIS2_PLACEMENT_3D('',#5414,#4398,#4399);
#3376=AXIS2_PLACEMENT_3D('',#5415,#4400,#4401);
#3377=AXIS2_PLACEMENT_3D('',#5418,#4402,#4403);
#3378=AXIS2_PLACEMENT_3D('',#5419,#4404,#4405);
#3379=AXIS2_PLACEMENT_3D('',#5420,#4406,#4407);
#3380=AXIS2_PLACEMENT_3D('',#5421,#4408,#4409);
#3381=AXIS2_PLACEMENT_3D('',#5425,#4411,#4412);
#3382=AXIS2_PLACEMENT_3D('',#5426,#4413,#4414);
#3383=AXIS2_PLACEMENT_3D('',#5427,#4415,#4416);
#3384=AXIS2_PLACEMENT_3D('',#5429,#4418,#4419);
#3385=AXIS2_PLACEMENT_3D('',#5432,#4420,#4421);
#3386=AXIS2_PLACEMENT_3D('',#5433,#4422,#4423);
#3387=AXIS2_PLACEMENT_3D('',#5435,#4424,#4425);
#3388=AXIS2_PLACEMENT_3D('',#5437,#4426,#4427);
#3389=AXIS2_PLACEMENT_3D('',#5438,#4428,#4429);
#3390=AXIS2_PLACEMENT_3D('',#5439,#4430,#4431);
#3391=AXIS2_PLACEMENT_3D('',#5442,#4432,#4433);
#3392=AXIS2_PLACEMENT_3D('',#5444,#4435,#4436);
#3393=AXIS2_PLACEMENT_3D('',#5445,#4437,#4438);
#3394=AXIS2_PLACEMENT_3D('',#5448,#4439,#4440);
#3395=AXIS2_PLACEMENT_3D('',#5449,#4441,#4442);
#3396=AXIS2_PLACEMENT_3D('',#5450,#4443,#4444);
#3397=AXIS2_PLACEMENT_3D('',#5451,#4445,#4446);
#3398=AXIS2_PLACEMENT_3D('',#5455,#4448,#4449);
#3399=AXIS2_PLACEMENT_3D('',#5456,#4450,#4451);
#3400=AXIS2_PLACEMENT_3D('',#5457,#4452,#4453);
#3401=AXIS2_PLACEMENT_3D('',#5461,#4455,#4456);
#3402=AXIS2_PLACEMENT_3D('',#5462,#4457,#4458);
#3403=AXIS2_PLACEMENT_3D('',#5463,#4459,#4460);
#3404=AXIS2_PLACEMENT_3D('',#5466,#4461,#4462);
#3405=AXIS2_PLACEMENT_3D('',#5467,#4463,#4464);
#3406=AXIS2_PLACEMENT_3D('',#5469,#4465,#4466);
#3407=AXIS2_PLACEMENT_3D('',#5471,#4467,#4468);
#3408=AXIS2_PLACEMENT_3D('',#5472,#4469,#4470);
#3409=AXIS2_PLACEMENT_3D('',#5473,#4471,#4472);
#3410=AXIS2_PLACEMENT_3D('',#5476,#4473,#4474);
#3411=AXIS2_PLACEMENT_3D('',#5478,#4476,#4477);
#3412=AXIS2_PLACEMENT_3D('',#5479,#4478,#4479);
#3413=AXIS2_PLACEMENT_3D('',#5482,#4480,#4481);
#3414=AXIS2_PLACEMENT_3D('',#5483,#4482,#4483);
#3415=AXIS2_PLACEMENT_3D('',#5484,#4484,#4485);
#3416=AXIS2_PLACEMENT_3D('',#5485,#4486,#4487);
#3417=AXIS2_PLACEMENT_3D('',#5489,#4489,#4490);
#3418=AXIS2_PLACEMENT_3D('',#5490,#4491,#4492);
#3419=AXIS2_PLACEMENT_3D('',#5491,#4493,#4494);
#3420=AXIS2_PLACEMENT_3D('',#5495,#4496,#4497);
#3421=AXIS2_PLACEMENT_3D('',#5496,#4498,#4499);
#3422=AXIS2_PLACEMENT_3D('',#5497,#4500,#4501);
#3423=AXIS2_PLACEMENT_3D('',#5500,#4502,#4503);
#3424=AXIS2_PLACEMENT_3D('',#5502,#4504,#4505);
#3425=AXIS2_PLACEMENT_3D('',#5504,#4506,#4507);
#3426=AXIS2_PLACEMENT_3D('',#5505,#4508,#4509);
#3427=AXIS2_PLACEMENT_3D('',#5506,#4510,#4511);
#3428=AXIS2_PLACEMENT_3D('',#5507,#4512,#4513);
#3429=AXIS2_PLACEMENT_3D('',#5510,#4514,#4515);
#3430=AXIS2_PLACEMENT_3D('',#5511,#4516,#4517);
#3431=AXIS2_PLACEMENT_3D('',#5513,#4519,#4520);
#3432=AXIS2_PLACEMENT_3D('',#5514,#4521,#4522);
#3433=AXIS2_PLACEMENT_3D('',#5515,#4523,#4524);
#3434=AXIS2_PLACEMENT_3D('',#5518,#4525,#4526);
#3435=AXIS2_PLACEMENT_3D('',#5519,#4527,#4528);
#3436=AXIS2_PLACEMENT_3D('',#5520,#4529,#4530);
#3437=AXIS2_PLACEMENT_3D('',#5521,#4531,#4532);
#3438=AXIS2_PLACEMENT_3D('',#5524,#4533,#4534);
#3439=AXIS2_PLACEMENT_3D('',#5525,#4535,#4536);
#3440=AXIS2_PLACEMENT_3D('',#5527,#4538,#4539);
#3441=AXIS2_PLACEMENT_3D('',#5530,#4540,#4541);
#3442=AXIS2_PLACEMENT_3D('',#5531,#4542,#4543);
#3443=AXIS2_PLACEMENT_3D('',#5532,#4544,#4545);
#3444=AXIS2_PLACEMENT_3D('',#5533,#4546,#4547);
#3445=AXIS2_PLACEMENT_3D('',#5536,#4548,#4549);
#3446=AXIS2_PLACEMENT_3D('',#5537,#4550,#4551);
#3447=AXIS2_PLACEMENT_3D('',#5539,#4552,#4553);
#3448=AXIS2_PLACEMENT_3D('',#5541,#4554,#4555);
#3449=AXIS2_PLACEMENT_3D('',#5542,#4556,#4557);
#3450=AXIS2_PLACEMENT_3D('',#5543,#4558,#4559);
#3451=AXIS2_PLACEMENT_3D('',#5546,#4560,#4561);
#3452=AXIS2_PLACEMENT_3D('',#5548,#4563,#4564);
#3453=AXIS2_PLACEMENT_3D('',#5549,#4565,#4566);
#3454=AXIS2_PLACEMENT_3D('',#5552,#4567,#4568);
#3455=AXIS2_PLACEMENT_3D('',#5553,#4569,#4570);
#3456=AXIS2_PLACEMENT_3D('',#5554,#4571,#4572);
#3457=AXIS2_PLACEMENT_3D('',#5555,#4573,#4574);
#3458=AXIS2_PLACEMENT_3D('',#5557,#4576,#4577);
#3459=AXIS2_PLACEMENT_3D('',#5559,#4579,#4580);
#3460=AXIS2_PLACEMENT_3D('',#5562,#4581,#4582);
#3461=AXIS2_PLACEMENT_3D('',#5563,#4583,#4584);
#3462=AXIS2_PLACEMENT_3D('',#5564,#4585,#4586);
#3463=AXIS2_PLACEMENT_3D('',#5565,#4587,#4588);
#3464=AXIS2_PLACEMENT_3D('',#5568,#4589,#4590);
#3465=AXIS2_PLACEMENT_3D('',#5569,#4591,#4592);
#3466=AXIS2_PLACEMENT_3D('',#5571,#4594,#4595);
#3467=AXIS2_PLACEMENT_3D('',#5574,#4596,#4597);
#3468=AXIS2_PLACEMENT_3D('',#5575,#4598,#4599);
#3469=AXIS2_PLACEMENT_3D('',#5576,#4600,#4601);
#3470=AXIS2_PLACEMENT_3D('',#5577,#4602,#4603);
#3471=AXIS2_PLACEMENT_3D('',#5580,#4604,#4605);
#3472=AXIS2_PLACEMENT_3D('',#5582,#4606,#4607);
#3473=AXIS2_PLACEMENT_3D('',#5584,#4608,#4609);
#3474=AXIS2_PLACEMENT_3D('',#5585,#4610,#4611);
#3475=AXIS2_PLACEMENT_3D('',#5586,#4612,#4613);
#3476=AXIS2_PLACEMENT_3D('',#5587,#4614,#4615);
#3477=AXIS2_PLACEMENT_3D('',#5590,#4616,#4617);
#3478=AXIS2_PLACEMENT_3D('',#5591,#4618,#4619);
#3479=AXIS2_PLACEMENT_3D('',#5593,#4621,#4622);
#3480=AXIS2_PLACEMENT_3D('',#5594,#4623,#4624);
#3481=AXIS2_PLACEMENT_3D('',#5595,#4625,#4626);
#3482=AXIS2_PLACEMENT_3D('',#5598,#4627,#4628);
#3483=AXIS2_PLACEMENT_3D('',#5599,#4629,#4630);
#3484=AXIS2_PLACEMENT_3D('',#5601,#4631,#4632);
#3485=AXIS2_PLACEMENT_3D('',#5603,#4633,#4634);
#3486=AXIS2_PLACEMENT_3D('',#5604,#4635,#4636);
#3487=AXIS2_PLACEMENT_3D('',#5605,#4637,#4638);
#3488=AXIS2_PLACEMENT_3D('',#5608,#4639,#4640);
#3489=AXIS2_PLACEMENT_3D('',#5610,#4642,#4643);
#3490=AXIS2_PLACEMENT_3D('',#5611,#4644,#4645);
#3491=AXIS2_PLACEMENT_3D('',#5614,#4646,#4647);
#3492=AXIS2_PLACEMENT_3D('',#5615,#4648,#4649);
#3493=AXIS2_PLACEMENT_3D('',#5616,#4650,#4651);
#3494=AXIS2_PLACEMENT_3D('',#5617,#4652,#4653);
#3495=AXIS2_PLACEMENT_3D('',#5619,#4655,#4656);
#3496=AXIS2_PLACEMENT_3D('',#5621,#4658,#4659);
#3497=AXIS2_PLACEMENT_3D('',#5624,#4660,#4661);
#3498=AXIS2_PLACEMENT_3D('',#5625,#4662,#4663);
#3499=AXIS2_PLACEMENT_3D('',#5627,#4664,#4665);
#3500=AXIS2_PLACEMENT_3D('',#5629,#4666,#4667);
#3501=AXIS2_PLACEMENT_3D('',#5630,#4668,#4669);
#3502=AXIS2_PLACEMENT_3D('',#5631,#4670,#4671);
#3503=AXIS2_PLACEMENT_3D('',#5634,#4672,#4673);
#3504=AXIS2_PLACEMENT_3D('',#5636,#4675,#4676);
#3505=AXIS2_PLACEMENT_3D('',#5637,#4677,#4678);
#3506=AXIS2_PLACEMENT_3D('',#5640,#4679,#4680);
#3507=AXIS2_PLACEMENT_3D('',#5641,#4681,#4682);
#3508=AXIS2_PLACEMENT_3D('',#5642,#4683,#4684);
#3509=AXIS2_PLACEMENT_3D('',#5643,#4685,#4686);
#3510=AXIS2_PLACEMENT_3D('',#5645,#4688,#4689);
#3511=AXIS2_PLACEMENT_3D('',#5649,#4691,#4692);
#3512=AXIS2_PLACEMENT_3D('',#5650,#4693,#4694);
#3513=AXIS2_PLACEMENT_3D('',#5651,#4695,#4696);
#3514=AXIS2_PLACEMENT_3D('',#5654,#4697,#4698);
#3515=AXIS2_PLACEMENT_3D('',#5655,#4699,#4700);
#3516=AXIS2_PLACEMENT_3D('',#5656,#4701,#4702);
#3517=AXIS2_PLACEMENT_3D('',#5657,#4703,#4704);
#3518=AXIS2_PLACEMENT_3D('',#5660,#4705,#4706);
#3519=AXIS2_PLACEMENT_3D('',#5661,#4707,#4708);
#3520=AXIS2_PLACEMENT_3D('',#5663,#4710,#4711);
#3521=AXIS2_PLACEMENT_3D('',#5664,#4712,#4713);
#3522=DIRECTION('axis',(0.,0.,1.));
#3523=DIRECTION('refdir',(1.,0.,0.));
#3524=DIRECTION('center_axis',(0.,-1.,0.));
#3525=DIRECTION('ref_axis',(0.,0.,-1.));
#3526=DIRECTION('center_axis',(0.,1.,0.));
#3527=DIRECTION('ref_axis',(1.,0.,0.));
#3528=DIRECTION('center_axis',(-1.,0.,-1.22464679914735E-16));
#3529=DIRECTION('ref_axis',(-1.22464679914735E-16,0.,1.));
#3530=DIRECTION('center_axis',(0.,-1.,0.));
#3531=DIRECTION('ref_axis',(1.,0.,0.));
#3532=DIRECTION('center_axis',(0.,-1.,0.));
#3533=DIRECTION('ref_axis',(1.,0.,0.));
#3534=DIRECTION('center_axis',(0.,1.,0.));
#3535=DIRECTION('ref_axis',(1.,0.,0.));
#3536=DIRECTION('center_axis',(0.,-1.,0.));
#3537=DIRECTION('ref_axis',(1.,0.,0.));
#3538=DIRECTION('center_axis',(0.,1.,0.));
#3539=DIRECTION('ref_axis',(1.,0.,0.));
#3540=DIRECTION('',(0.,-1.,0.));
#3541=DIRECTION('center_axis',(0.,1.,0.));
#3542=DIRECTION('ref_axis',(1.,0.,0.));
#3543=DIRECTION('center_axis',(0.,1.,0.));
#3544=DIRECTION('ref_axis',(1.,0.,0.));
#3545=DIRECTION('center_axis',(0.,1.,0.));
#3546=DIRECTION('ref_axis',(0.,0.,1.));
#3547=DIRECTION('center_axis',(-1.,0.,1.22464679914735E-16));
#3548=DIRECTION('ref_axis',(-1.22464679914735E-16,0.,-1.));
#3549=DIRECTION('center_axis',(0.,1.,0.));
#3550=DIRECTION('ref_axis',(1.,0.,0.));
#3551=DIRECTION('center_axis',(0.,1.,0.));
#3552=DIRECTION('ref_axis',(1.,0.,0.));
#3553=DIRECTION('center_axis',(0.,1.,0.));
#3554=DIRECTION('ref_axis',(1.,0.,0.));
#3555=DIRECTION('',(0.,-1.,0.));
#3556=DIRECTION('center_axis',(0.,-1.,0.));
#3557=DIRECTION('ref_axis',(1.,0.,0.));
#3558=DIRECTION('center_axis',(0.,-1.,0.));
#3559=DIRECTION('ref_axis',(1.,0.,0.));
#3560=DIRECTION('center_axis',(0.,-1.,0.));
#3561=DIRECTION('ref_axis',(0.,0.,-1.));
#3562=DIRECTION('center_axis',(-1.,0.,-1.22464679914735E-16));
#3563=DIRECTION('ref_axis',(-1.22464679914735E-16,0.,1.));
#3564=DIRECTION('center_axis',(0.,-1.,0.));
#3565=DIRECTION('ref_axis',(1.,0.,0.));
#3566=DIRECTION('center_axis',(0.,1.,0.));
#3567=DIRECTION('ref_axis',(1.,0.,0.));
#3568=DIRECTION('center_axis',(0.,1.,0.));
#3569=DIRECTION('ref_axis',(1.,0.,0.));
#3570=DIRECTION('center_axis',(0.,1.,0.));
#3571=DIRECTION('ref_axis',(0.,0.,1.));
#3572=DIRECTION('center_axis',(-1.,0.,1.22464679914735E-16));
#3573=DIRECTION('ref_axis',(-1.22464679914735E-16,0.,-1.));
#3574=DIRECTION('center_axis',(-0.989323478504048,1.55415085920718E-15,
-0.145736251086165));
#3575=DIRECTION('ref_axis',(-0.145736251086165,0.,0.989323478504048));
#3576=DIRECTION('center_axis',(-0.145736251086167,-2.13892732691768E-15,
0.989323478504048));
#3577=DIRECTION('ref_axis',(-5.00702709909863E-14,1.,-5.21379141428718E-15));
#3578=DIRECTION('center_axis',(0.989323478504048,-1.55415085920718E-15,
0.145736251086165));
#3579=DIRECTION('ref_axis',(-0.145736251086165,9.5153716965043E-32,0.989323478504048));
#3580=DIRECTION('center_axis',(0.,1.,0.));
#3581=DIRECTION('ref_axis',(-0.303579363315035,0.,0.952806155610488));
#3582=DIRECTION('center_axis',(0.,1.,0.));
#3583=DIRECTION('ref_axis',(-0.303579363315035,0.,0.952806155610488));
#3584=DIRECTION('center_axis',(-0.145736251086167,-2.13892732691768E-15,
0.989323478504048));
#3585=DIRECTION('ref_axis',(-5.00702709909863E-14,1.,-5.21379141428718E-15));
#3586=DIRECTION('center_axis',(-0.145736251086165,-8.61050997389906E-17,
0.989323478504048));
#3587=DIRECTION('ref_axis',(0.699557340437277,0.707106781186546,0.103051091407732));
#3588=DIRECTION('center_axis',(-0.14573625108617,-1.64693262078378E-15,
0.989323478504048));
#3589=DIRECTION('ref_axis',(-7.50405224560562E-14,1.,-9.38943834180057E-15));
#3590=DIRECTION('center_axis',(-0.14573625108617,-1.64693262078378E-15,
0.989323478504048));
#3591=DIRECTION('ref_axis',(-7.50405224560562E-14,1.,-9.38943834180057E-15));
#3592=DIRECTION('',(0.145736251086165,8.61050997389906E-17,-0.989323478504048));
#3593=DIRECTION('center_axis',(-0.989323478504048,1.55415085920718E-15,
-0.145736251086165));
#3594=DIRECTION('ref_axis',(-0.145736251086165,0.,0.989323478504048));
#3595=DIRECTION('center_axis',(0.,1.,0.));
#3596=DIRECTION('ref_axis',(-0.802608431845009,0.,-0.596506249029544));
#3597=DIRECTION('center_axis',(0.,1.,0.));
#3598=DIRECTION('ref_axis',(-0.802608431845009,0.,-0.596506249029544));
#3599=DIRECTION('center_axis',(0.989323478504048,-1.55415085920718E-15,
0.145736251086165));
#3600=DIRECTION('ref_axis',(-0.145736251086165,0.,0.989323478504048));
#3601=DIRECTION('center_axis',(-0.983039686959934,1.55415085920718E-15,
0.183392949323888));
#3602=DIRECTION('ref_axis',(0.183392949323888,0.,0.983039686959934));
#3603=DIRECTION('center_axis',(0.183392949323886,-2.13892732691768E-15,
0.983039686959935));
#3604=DIRECTION('ref_axis',(-4.9050240904661E-14,1.,1.13264965994444E-14));
#3605=DIRECTION('center_axis',(0.983039686959934,-1.55415085920718E-15,
-0.183392949323888));
#3606=DIRECTION('ref_axis',(0.183392949323887,-1.26871622620057E-31,0.983039686959934));
#3607=DIRECTION('center_axis',(0.,1.,0.));
#3608=DIRECTION('ref_axis',(0.0222450569338192,0.,0.999752548104785));
#3609=DIRECTION('center_axis',(0.,1.,0.));
#3610=DIRECTION('ref_axis',(0.0222450569338192,0.,0.999752548104785));
#3611=DIRECTION('center_axis',(0.183392949323886,-2.13892732691768E-15,
0.983039686959935));
#3612=DIRECTION('ref_axis',(-4.9050240904661E-14,1.,1.13264965994444E-14));
#3613=DIRECTION('center_axis',(0.183392949323888,-8.61050997389906E-17,
0.983039686959935));
#3614=DIRECTION('ref_axis',(0.695114028824872,0.707106781186546,-0.129678398088723));
#3615=DIRECTION('center_axis',(0.183392949323883,-1.64693262078378E-15,
0.983039686959935));
#3616=DIRECTION('ref_axis',(-7.40233656108743E-14,1.,1.54849251367636E-14));
#3617=DIRECTION('center_axis',(0.183392949323883,-1.64693262078378E-15,
0.983039686959935));
#3618=DIRECTION('ref_axis',(-7.40233656108743E-14,1.,1.54849251367636E-14));
#3619=DIRECTION('',(-0.183392949323888,8.61050997389906E-17,-0.983039686959934));
#3620=DIRECTION('center_axis',(-0.983039686959934,1.55415085920718E-15,
0.183392949323888));
#3621=DIRECTION('ref_axis',(0.183392949323888,0.,0.983039686959934));
#3622=DIRECTION('center_axis',(0.,1.,0.));
#3623=DIRECTION('ref_axis',(-0.952806155610488,0.,-0.303579363315037));
#3624=DIRECTION('center_axis',(0.,1.,0.));
#3625=DIRECTION('ref_axis',(-0.952806155610488,0.,-0.303579363315037));
#3626=DIRECTION('center_axis',(0.983039686959934,-1.55415085920718E-15,
-0.183392949323888));
#3627=DIRECTION('ref_axis',(0.183392949323888,6.34358113100287E-32,0.983039686959934));
#3628=DIRECTION('center_axis',(0.888398720216817,0.,-0.459072667360105));
#3629=DIRECTION('ref_axis',(-0.459072667360105,0.,-0.888398720216817));
#3630=DIRECTION('center_axis',(-0.459072667360102,-6.66906482178797E-16,
-0.888398720216818));
#3631=DIRECTION('ref_axis',(-4.28862096824034E-15,-1.,2.96679305067222E-15));
#3632=DIRECTION('center_axis',(-0.459072667360102,-6.66906482178797E-16,
-0.888398720216818));
#3633=DIRECTION('ref_axis',(-4.28862096824034E-15,-1.,2.96679305067222E-15));
#3634=DIRECTION('center_axis',(-0.888398720216817,0.,0.459072667360105));
#3635=DIRECTION('ref_axis',(-0.459072667360105,0.,-0.888398720216817));
#3636=DIRECTION('center_axis',(-2.991987519023E-15,1.,-9.5329533790593E-16));
#3637=DIRECTION('ref_axis',(0.459072667360105,2.22044604925032E-15,0.888398720216817));
#3638=DIRECTION('center_axis',(-2.991987519023E-15,1.,-9.5329533790593E-16));
#3639=DIRECTION('ref_axis',(0.459072667360105,2.22044604925032E-15,0.888398720216817));
#3640=DIRECTION('center_axis',(0.459072667360105,0.,0.888398720216817));
#3641=DIRECTION('ref_axis',(0.628192759462759,0.707106781186549,-0.324613396147729));
#3642=DIRECTION('center_axis',(-0.459072667360102,8.50946788516097E-16,
-0.888398720216819));
#3643=DIRECTION('ref_axis',(-2.73770257409244E-15,-1.,4.56841759646034E-16));
#3644=DIRECTION('',(-0.459072667360105,0.,-0.888398720216817));
#3645=DIRECTION('center_axis',(-0.459072667360102,8.50946788516097E-16,
-0.888398720216819));
#3646=DIRECTION('ref_axis',(-2.73770257409244E-15,-1.,4.56841759646034E-16));
#3647=DIRECTION('center_axis',(0.888398720216817,0.,-0.459072667360105));
#3648=DIRECTION('ref_axis',(-0.459072667360105,0.,-0.888398720216817));
#3649=DIRECTION('center_axis',(4.01133360958157E-15,1.,2.92593676637038E-15));
#3650=DIRECTION('ref_axis',(-0.459072667360114,4.44089209850065E-15,-0.888398720216812));
#3651=DIRECTION('center_axis',(4.01133360958157E-15,1.,2.92593676637038E-15));
#3652=DIRECTION('ref_axis',(-0.459072667360114,4.44089209850065E-15,-0.888398720216812));
#3653=DIRECTION('center_axis',(-0.888398720216817,0.,0.459072667360105));
#3654=DIRECTION('ref_axis',(-0.459072667360105,0.,-0.888398720216817));
#3655=DIRECTION('center_axis',(0.,1.,0.));
#3656=DIRECTION('ref_axis',(-0.986361303402722,0.,0.164594590280734));
#3657=DIRECTION('',(0.,-1.,0.));
#3658=DIRECTION('center_axis',(0.,1.,0.));
#3659=DIRECTION('ref_axis',(-0.986361303402722,0.,0.164594590280734));
#3660=DIRECTION('',(0.,-1.,0.));
#3661=DIRECTION('center_axis',(-0.263945343345421,0.,0.964537638314995));
#3662=DIRECTION('ref_axis',(0.964537638314995,0.,0.263945343345421));
#3663=DIRECTION('center_axis',(0.964537638314994,-6.66906482178797E-16,
0.263945343345424));
#3664=DIRECTION('ref_axis',(7.21863364078486E-16,-1.,-5.16459525019619E-15));
#3665=DIRECTION('center_axis',(0.964537638314994,-6.66906482178797E-16,
0.263945343345424));
#3666=DIRECTION('ref_axis',(7.21863364078486E-16,-1.,-5.16459525019619E-15));
#3667=DIRECTION('center_axis',(0.263945343345421,0.,-0.964537638314995));
#3668=DIRECTION('ref_axis',(0.964537638314995,0.,0.263945343345421));
#3669=DIRECTION('center_axis',(2.72778018319911E-15,1.,-1.55562739350038E-15));
#3670=DIRECTION('ref_axis',(-0.964537638314995,2.22044604925032E-15,-0.26394534334542));
#3671=DIRECTION('center_axis',(2.72778018319911E-15,1.,-1.55562739350038E-15));
#3672=DIRECTION('ref_axis',(-0.964537638314995,2.22044604925032E-15,-0.26394534334542));
#3673=DIRECTION('center_axis',(-0.964537638314995,0.,-0.263945343345421));
#3674=DIRECTION('ref_axis',(-0.186637542142155,0.707106781186549,0.68203110476219));
#3675=DIRECTION('center_axis',(0.964537638314994,8.50946788516097E-16,0.263945343345424));
#3676=DIRECTION('ref_axis',(1.51808609605959E-15,-1.,-2.32360374902852E-15));
#3677=DIRECTION('',(0.964537638314995,0.,0.263945343345421));
#3678=DIRECTION('center_axis',(0.964537638314994,8.50946788516097E-16,0.263945343345424));
#3679=DIRECTION('ref_axis',(1.51808609605959E-15,-1.,-2.32360374902852E-15));
#3680=DIRECTION('center_axis',(-0.263945343345421,0.,0.964537638314995));
#3681=DIRECTION('ref_axis',(0.964537638314995,0.,0.263945343345421));
#3682=DIRECTION('center_axis',(-4.86948397154888E-15,1.,9.69550998651052E-16));
#3683=DIRECTION('ref_axis',(0.964537638314998,4.44089209850065E-15,0.263945343345411));
#3684=DIRECTION('center_axis',(-4.86948397154888E-15,1.,9.69550998651052E-16));
#3685=DIRECTION('ref_axis',(0.964537638314998,4.44089209850065E-15,0.263945343345411));
#3686=DIRECTION('center_axis',(0.263945343345421,0.,-0.964537638314995));
#3687=DIRECTION('ref_axis',(0.964537638314995,0.,0.263945343345421));
#3688=DIRECTION('center_axis',(0.,1.,0.));
#3689=DIRECTION('ref_axis',(0.546948158122427,0.,-0.837166478262529));
#3690=DIRECTION('',(0.,-1.,0.));
#3691=DIRECTION('center_axis',(8.84072958653862E-16,-1.,-1.41129519367658E-15));
#3692=DIRECTION('ref_axis',(-0.847454467780215,6.40949485492072E-30,-0.530868086288253));
#3693=DIRECTION('center_axis',(8.84072958653862E-16,-1.,-1.41129519367658E-15));
#3694=DIRECTION('ref_axis',(-0.847454467780215,6.40949485492072E-30,-0.530868086288253));
#3695=DIRECTION('center_axis',(0.,1.,0.));
#3696=DIRECTION('ref_axis',(0.546948158122427,0.,-0.837166478262529));
#3697=DIRECTION('',(0.,-1.,0.));
#3698=DIRECTION('center_axis',(1.29441824749402E-15,-1.,-1.04776930689542E-15));
#3699=DIRECTION('ref_axis',(0.629164461347261,-6.40949485492072E-30,0.777272204943423));
#3700=DIRECTION('center_axis',(1.29441824749402E-15,-1.,-1.04776930689542E-15));
#3701=DIRECTION('ref_axis',(0.629164461347261,-6.40949485492072E-30,0.777272204943423));
#3702=DIRECTION('center_axis',(-0.870228291901353,1.55415085920718E-15,
0.492648678039893));
#3703=DIRECTION('ref_axis',(0.492648678039893,0.,0.870228291901353));
#3704=DIRECTION('center_axis',(0.492648678039891,-2.13892732691768E-15,
0.870228291901354));
#3705=DIRECTION('ref_axis',(-4.27148561234098E-14,1.,2.66393829579233E-14));
#3706=DIRECTION('center_axis',(0.870228291901353,-1.55415085920718E-15,
-0.492648678039893));
#3707=DIRECTION('ref_axis',(0.492648678039893,1.26871622620057E-31,0.870228291901353));
#3708=DIRECTION('center_axis',(0.,1.,0.));
#3709=DIRECTION('ref_axis',(0.345658880096272,0.,0.93836023925281));
#3710=DIRECTION('center_axis',(0.,1.,0.));
#3711=DIRECTION('ref_axis',(0.345658880096272,0.,0.93836023925281));
#3712=DIRECTION('center_axis',(0.492648678039891,-2.13892732691768E-15,
0.870228291901354));
#3713=DIRECTION('ref_axis',(-4.27148561234098E-14,1.,2.66393829579233E-14));
#3714=DIRECTION('center_axis',(0.492648678039893,-8.61050997389906E-17,
0.870228291901353));
#3715=DIRECTION('ref_axis',(0.615344326383834,0.707106781186546,-0.348355220984598));
#3716=DIRECTION('center_axis',(0.492648678039888,-1.64693262078378E-15,
0.870228291901355));
#3717=DIRECTION('ref_axis',(-6.49846285108934E-14,1.,3.86812567033897E-14));
#3718=DIRECTION('center_axis',(0.492648678039888,-1.64693262078378E-15,
0.870228291901355));
#3719=DIRECTION('ref_axis',(-6.49846285108934E-14,1.,3.86812567033897E-14));
#3720=DIRECTION('',(-0.492648678039893,8.61050997389906E-17,-0.870228291901353));
#3721=DIRECTION('center_axis',(-0.870228291901353,1.55415085920718E-15,
0.492648678039893));
#3722=DIRECTION('ref_axis',(0.492648678039893,0.,0.870228291901353));
#3723=DIRECTION('center_axis',(0.,1.,0.));
#3724=DIRECTION('ref_axis',(-0.999752548104785,0.,0.0222450569338171));
#3725=DIRECTION('center_axis',(0.,1.,0.));
#3726=DIRECTION('ref_axis',(-0.999752548104785,0.,0.0222450569338171));
#3727=DIRECTION('center_axis',(0.870228291901353,-1.55415085920718E-15,
-0.492648678039893));
#3728=DIRECTION('ref_axis',(0.492648678039893,2.53743245240115E-31,0.870228291901353));
#3729=DIRECTION('center_axis',(0.69120217566764,0.,-0.722661436879208));
#3730=DIRECTION('ref_axis',(-0.722661436879208,0.,-0.69120217566764));
#3731=DIRECTION('center_axis',(-0.722661436879206,-6.66906482178797E-16,
-0.691202175667642));
#3732=DIRECTION('ref_axis',(-3.09293552608717E-15,-1.,4.19855697189113E-15));
#3733=DIRECTION('center_axis',(-0.722661436879206,-6.66906482178797E-16,
-0.691202175667642));
#3734=DIRECTION('ref_axis',(-3.09293552608717E-15,-1.,4.19855697189113E-15));
#3735=DIRECTION('center_axis',(-0.69120217566764,0.,0.722661436879208));
#3736=DIRECTION('ref_axis',(-0.722661436879208,0.,-0.69120217566764));
#3737=DIRECTION('center_axis',(-3.13940787265841E-15,1.,6.98535922695432E-17));
#3738=DIRECTION('ref_axis',(0.722661436879209,2.22044604925032E-15,0.691202175667639));
#3739=DIRECTION('center_axis',(-3.13940787265841E-15,1.,6.98535922695432E-17));
#3740=DIRECTION('ref_axis',(0.722661436879209,2.22044604925032E-15,0.691202175667639));
#3741=DIRECTION('center_axis',(0.722661436879208,0.,0.69120217566764));
#3742=DIRECTION('ref_axis',(0.48875374558548,0.707106781186549,-0.510998802519304));
#3743=DIRECTION('center_axis',(-0.722661436879206,8.50946788516097E-16,
-0.691202175667642));
#3744=DIRECTION('ref_axis',(-2.44103002035724E-15,-1.,1.32101938565019E-15));
#3745=DIRECTION('',(-0.722661436879208,0.,-0.69120217566764));
#3746=DIRECTION('center_axis',(-0.722661436879206,8.50946788516097E-16,
-0.691202175667642));
#3747=DIRECTION('ref_axis',(-2.44103002035724E-15,-1.,1.32101938565019E-15));
#3748=DIRECTION('center_axis',(0.69120217566764,0.,-0.722661436879208));
#3749=DIRECTION('ref_axis',(-0.722661436879208,0.,-0.691202175667639));
#3750=DIRECTION('center_axis',(4.74403860512242E-15,1.,1.46492354792487E-15));
#3751=DIRECTION('ref_axis',(-0.722661436879215,4.44089209850065E-15,-0.691202175667632));
#3752=DIRECTION('center_axis',(4.74403860512242E-15,1.,1.46492354792487E-15));
#3753=DIRECTION('ref_axis',(-0.722661436879215,4.44089209850065E-15,-0.691202175667632));
#3754=DIRECTION('center_axis',(-0.69120217566764,0.,0.722661436879208));
#3755=DIRECTION('ref_axis',(-0.722661436879208,0.,-0.69120217566764));
#3756=DIRECTION('center_axis',(0.,1.,0.));
#3757=DIRECTION('ref_axis',(-0.879473751206489,0.,0.475947393037073));
#3758=DIRECTION('',(0.,-1.,0.));
#3759=DIRECTION('center_axis',(0.,1.,0.));
#3760=DIRECTION('ref_axis',(-0.879473751206489,0.,0.475947393037074));
#3761=DIRECTION('',(0.,-1.,0.));
#3762=DIRECTION('center_axis',(0.263945343345422,1.55415085920718E-15,0.964537638314995));
#3763=DIRECTION('ref_axis',(0.964537638314995,0.,-0.263945343345422));
#3764=DIRECTION('center_axis',(0.964537638314995,-2.13892732691768E-15,
-0.26394534334542));
#3765=DIRECTION('ref_axis',(1.53383476602661E-14,1.,4.79473747881498E-14));
#3766=DIRECTION('center_axis',(-0.263945343345422,-1.55415085920718E-15,
-0.964537638314995));
#3767=DIRECTION('ref_axis',(0.964537638314995,1.26871622620057E-31,-0.263945343345422));
#3768=DIRECTION('center_axis',(0.,1.,0.));
#3769=DIRECTION('ref_axis',(0.994500904043544,0.,-0.104727989843084));
#3770=DIRECTION('center_axis',(0.,1.,0.));
#3771=DIRECTION('ref_axis',(0.994500904043544,0.,-0.104727989843084));
#3772=DIRECTION('center_axis',(0.964537638314995,-2.13892732691768E-15,
-0.26394534334542));
#3773=DIRECTION('ref_axis',(1.53383476602661E-14,1.,4.79473747881498E-14));
#3774=DIRECTION('center_axis',(0.964537638314995,-8.61050997389906E-17,
-0.263945343345422));
#3775=DIRECTION('ref_axis',(-0.186637542142161,0.707106781186546,-0.682031104762191));
#3776=DIRECTION('center_axis',(0.964537638314996,-1.64693262078378E-15,
-0.263945343345417));
#3777=DIRECTION('ref_axis',(2.15448373484729E-14,1.,7.24918033054785E-14));
#3778=DIRECTION('center_axis',(0.964537638314996,-1.64693262078378E-15,
-0.263945343345417));
#3779=DIRECTION('ref_axis',(2.15448373484729E-14,1.,7.24918033054785E-14));
#3780=DIRECTION('',(-0.964537638314995,8.61050997389906E-17,0.263945343345422));
#3781=DIRECTION('center_axis',(0.263945343345422,1.55415085920718E-15,0.964537638314995));
#3782=DIRECTION('ref_axis',(0.964537638314995,0.,-0.263945343345422));
#3783=DIRECTION('center_axis',(0.,1.,0.));
#3784=DIRECTION('ref_axis',(-0.223860377184281,0.,0.974621224644175));
#3785=DIRECTION('center_axis',(0.,1.,0.));
#3786=DIRECTION('ref_axis',(-0.223860377184281,0.,0.974621224644175));
#3787=DIRECTION('center_axis',(-0.263945343345422,-1.55415085920718E-15,
-0.964537638314995));
#3788=DIRECTION('ref_axis',(0.964537638314995,-3.80614867860172E-31,-0.263945343345422));
#3789=DIRECTION('center_axis',(-0.66311415843205,1.55415085920718E-15,0.748518278258423));
#3790=DIRECTION('ref_axis',(0.748518278258423,0.,0.66311415843205));
#3791=DIRECTION('center_axis',(0.748518278258422,-2.13892732691768E-15,
0.663114158432052));
#3792=DIRECTION('ref_axis',(-3.1750653891905E-14,1.,3.90654788202956E-14));
#3793=DIRECTION('center_axis',(0.66311415843205,-1.55415085920718E-15,-0.748518278258423));
#3794=DIRECTION('ref_axis',(0.748518278258423,-3.80614867860172E-31,0.66311415843205));
#3795=DIRECTION('center_axis',(0.,1.,0.));
#3796=DIRECTION('ref_axis',(0.631615200150154,0.,0.775282038318496));
#3797=DIRECTION('center_axis',(0.,1.,0.));
#3798=DIRECTION('ref_axis',(0.631615200150154,0.,0.775282038318496));
#3799=DIRECTION('center_axis',(0.748518278258422,-2.13892732691768E-15,
0.663114158432052));
#3800=DIRECTION('ref_axis',(-3.1750653891905E-14,1.,3.90654788202956E-14));
#3801=DIRECTION('center_axis',(0.748518278258423,-8.61050997389906E-17,
0.66311415843205));
#3802=DIRECTION('ref_axis',(0.468892518128113,0.707106781186546,-0.529282350398611));
#3803=DIRECTION('center_axis',(0.74851827825842,-1.64693262078378E-15,0.663114158432054));
#3804=DIRECTION('ref_axis',(-4.89037985713529E-14,1.,5.76858739046648E-14));
#3805=DIRECTION('center_axis',(0.74851827825842,-1.64693262078378E-15,0.663114158432054));
#3806=DIRECTION('ref_axis',(-4.89037985713529E-14,1.,5.76858739046648E-14));
#3807=DIRECTION('',(-0.748518278258423,8.61050997389906E-17,-0.66311415843205));
#3808=DIRECTION('center_axis',(-0.66311415843205,1.55415085920718E-15,0.748518278258423));
#3809=DIRECTION('ref_axis',(0.748518278258423,0.,0.66311415843205));
#3810=DIRECTION('center_axis',(0.,1.,0.));
#3811=DIRECTION('ref_axis',(-0.938360239252811,0.,0.34565888009627));
#3812=DIRECTION('center_axis',(0.,1.,0.));
#3813=DIRECTION('ref_axis',(-0.938360239252811,0.,0.34565888009627));
#3814=DIRECTION('center_axis',(0.66311415843205,-1.55415085920718E-15,-0.748518278258423));
#3815=DIRECTION('ref_axis',(0.748518278258423,-6.34358113100288E-31,0.66311415843205));
#3816=DIRECTION('center_axis',(-0.530868086288252,0.,-0.847454467780216));
#3817=DIRECTION('ref_axis',(-0.847454467780216,0.,0.530868086288252));
#3818=DIRECTION('center_axis',(-0.847454467780217,-6.66906482178797E-16,
0.53086808628825));
#3819=DIRECTION('ref_axis',(3.3108114607961E-15,-1.,4.0289773250552E-15));
#3820=DIRECTION('center_axis',(-0.847454467780217,-6.66906482178797E-16,
0.53086808628825));
#3821=DIRECTION('ref_axis',(3.3108114607961E-15,-1.,4.0289773250552E-15));
#3822=DIRECTION('center_axis',(0.530868086288252,0.,0.847454467780216));
#3823=DIRECTION('ref_axis',(-0.847454467780216,0.,0.530868086288252));
#3824=DIRECTION('center_axis',(-7.02962980030298E-16,1.,3.06049086977391E-15));
#3825=DIRECTION('ref_axis',(0.847454467780216,2.22044604925032E-15,-0.530868086288252));
#3826=DIRECTION('center_axis',(-7.02962980030298E-16,1.,3.06049086977391E-15));
#3827=DIRECTION('ref_axis',(0.847454467780216,2.22044604925032E-15,-0.530868086288252));
#3828=DIRECTION('center_axis',(0.847454467780216,0.,-0.530868086288252));
#3829=DIRECTION('ref_axis',(-0.37538042372995,0.707106781186549,-0.599240800914224));
#3830=DIRECTION('center_axis',(-0.847454467780218,8.50946788516097E-16,
0.530868086288249));
#3831=DIRECTION('ref_axis',(6.8135910008759E-16,-1.,2.69062623830897E-15));
#3832=DIRECTION('',(-0.847454467780216,0.,0.530868086288252));
#3833=DIRECTION('center_axis',(-0.847454467780218,8.50946788516097E-16,
0.530868086288249));
#3834=DIRECTION('ref_axis',(6.8135910008759E-16,-1.,2.69062623830897E-15));
#3835=DIRECTION('center_axis',(-0.530868086288252,0.,-0.847454467780216));
#3836=DIRECTION('ref_axis',(-0.847454467780216,0.,0.530868086288252));
#3837=DIRECTION('center_axis',(2.58468990493239E-15,1.,-4.23925481464576E-15));
#3838=DIRECTION('ref_axis',(-0.847454467780211,4.44089209850065E-15,0.530868086288261));
#3839=DIRECTION('center_axis',(2.58468990493239E-15,1.,-4.23925481464576E-15));
#3840=DIRECTION('ref_axis',(-0.847454467780211,4.44089209850065E-15,0.530868086288261));
#3841=DIRECTION('center_axis',(0.530868086288252,0.,0.847454467780216));
#3842=DIRECTION('ref_axis',(-0.847454467780216,0.,0.530868086288252));
#3843=DIRECTION('center_axis',(0.,1.,0.));
#3844=DIRECTION('ref_axis',(0.245485487140799,0.,0.96940026593933));
#3845=DIRECTION('',(0.,-1.,0.));
#3846=DIRECTION('center_axis',(0.,1.,0.));
#3847=DIRECTION('ref_axis',(0.245485487140799,0.,0.969400265939331));
#3848=DIRECTION('',(0.,-1.,0.));
#3849=DIRECTION('center_axis',(-1.05816693051412E-16,-1.,1.66196929796831E-15));
#3850=DIRECTION('ref_axis',(-0.997979241470839,-6.40949485492072E-30,-0.0635408025861263));
#3851=DIRECTION('center_axis',(-1.05816693051412E-16,-1.,1.66196929796831E-15));
#3852=DIRECTION('ref_axis',(-0.997979241470839,-6.40949485492072E-30,-0.0635408025861263));
#3853=DIRECTION('center_axis',(-0.0635408025861239,1.55415085920718E-15,
0.997979241470839));
#3854=DIRECTION('ref_axis',(0.997979241470839,0.,0.0635408025861239));
#3855=DIRECTION('center_axis',(0.997979241470839,-2.13892732691768E-15,
0.0635408025861258));
#3856=DIRECTION('ref_axis',(-1.06121346719198E-15,1.,5.03298071126798E-14));
#3857=DIRECTION('center_axis',(0.0635408025861239,-1.55415085920718E-15,
-0.997979241470839));
#3858=DIRECTION('ref_axis',(0.997979241470839,-1.26871622620057E-31,0.0635408025861239));
#3859=DIRECTION('center_axis',(0.997979241470839,-2.13892732691768E-15,
0.0635408025861258));
#3860=DIRECTION('ref_axis',(-1.06121346719198E-15,1.,5.03298071126798E-14));
#3861=DIRECTION('center_axis',(0.997979241470839,-8.61050997389906E-17,
0.0635408025861239));
#3862=DIRECTION('ref_axis',(0.044930132390683,0.707106781186546,-0.705677889127438));
#3863=DIRECTION('center_axis',(0.997979241470839,-1.64693262078378E-15,
0.0635408025861287));
#3864=DIRECTION('ref_axis',(-3.16057142115775E-15,1.,7.55595946994431E-14));
#3865=DIRECTION('center_axis',(0.997979241470839,-1.64693262078378E-15,
0.0635408025861287));
#3866=DIRECTION('ref_axis',(-3.16057142115775E-15,1.,7.55595946994431E-14));
#3867=DIRECTION('',(-0.997979241470839,8.61050997389906E-17,-0.0635408025861239));
#3868=DIRECTION('center_axis',(-0.0635408025861239,1.55415085920718E-15,
0.997979241470839));
#3869=DIRECTION('ref_axis',(0.997979241470839,0.,0.0635408025861238));
#3870=DIRECTION('center_axis',(0.,1.,0.));
#3871=DIRECTION('ref_axis',(-0.528189998792083,0.,0.849126212748152));
#3872=DIRECTION('center_axis',(0.,1.,0.));
#3873=DIRECTION('ref_axis',(-0.528189998792083,0.,0.849126212748152));
#3874=DIRECTION('center_axis',(0.0635408025861239,-1.55415085920718E-15,
-0.997979241470839));
#3875=DIRECTION('ref_axis',(0.997979241470839,4.75768584825216E-32,0.0635408025861239));
#3876=DIRECTION('center_axis',(-0.226936173216675,0.,-0.973909633018265));
#3877=DIRECTION('ref_axis',(-0.973909633018265,0.,0.226936173216675));
#3878=DIRECTION('center_axis',(-0.973909633018265,-6.66906482178797E-16,
0.226936173216672));
#3879=DIRECTION('ref_axis',(1.82321576475788E-15,-1.,4.88569494441538E-15));
#3880=DIRECTION('center_axis',(-0.973909633018265,-6.66906482178797E-16,
0.226936173216672));
#3881=DIRECTION('ref_axis',(1.82321576475788E-15,-1.,4.88569494441538E-15));
#3882=DIRECTION('center_axis',(0.226936173216675,0.,0.973909633018265));
#3883=DIRECTION('ref_axis',(-0.973909633018265,0.,0.226936173216675));
#3884=DIRECTION('center_axis',(-1.65861426771129E-15,1.,2.66641332621316E-15));
#3885=DIRECTION('ref_axis',(0.973909633018265,2.22044604925032E-15,-0.226936173216676));
#3886=DIRECTION('center_axis',(-1.65861426771129E-15,1.,2.66641332621316E-15));
#3887=DIRECTION('ref_axis',(0.973909633018265,2.22044604925032E-15,-0.226936173216676));
#3888=DIRECTION('center_axis',(0.973909633018265,0.,-0.226936173216675));
#3889=DIRECTION('ref_axis',(-0.160468106978039,0.707106781186549,-0.688658105770115));
#3890=DIRECTION('center_axis',(-0.973909633018266,8.50946788516097E-16,
0.226936173216672));
#3891=DIRECTION('ref_axis',(-2.29203726754646E-16,-1.,2.76607762530097E-15));
#3892=DIRECTION('',(-0.973909633018265,0.,0.226936173216675));
#3893=DIRECTION('center_axis',(-0.973909633018266,8.50946788516097E-16,
0.226936173216672));
#3894=DIRECTION('ref_axis',(-2.29203726754646E-16,-1.,2.76607762530097E-15));
#3895=DIRECTION('center_axis',(-0.226936173216675,0.,-0.973909633018265));
#3896=DIRECTION('ref_axis',(-0.973909633018265,0.,0.226936173216675));
#3897=DIRECTION('center_axis',(3.82112806467351E-15,1.,-3.17031285546414E-15));
#3898=DIRECTION('ref_axis',(-0.973909633018262,4.44089209850065E-15,0.226936173216685));
#3899=DIRECTION('center_axis',(3.82112806467351E-15,1.,-3.17031285546414E-15));
#3900=DIRECTION('ref_axis',(-0.973909633018262,4.44089209850065E-15,0.226936173216685));
#3901=DIRECTION('center_axis',(0.226936173216675,0.,0.973909633018265));
#3902=DIRECTION('ref_axis',(-0.973909633018265,0.,0.226936173216675));
#3903=DIRECTION('center_axis',(0.,1.,0.));
#3904=DIRECTION('ref_axis',(-0.0825793454723327,0.,0.99658449300667));
#3905=DIRECTION('',(0.,-1.,0.));
#3906=DIRECTION('center_axis',(0.,1.,0.));
#3907=DIRECTION('ref_axis',(-0.0825793454723328,0.,0.99658449300667));
#3908=DIRECTION('',(0.,-1.,0.));
#3909=DIRECTION('center_axis',(-6.39723801632559E-16,-1.,1.53756059312874E-15));
#3910=DIRECTION('ref_axis',(-0.923274308569886,-6.40949485492072E-30,-0.384141316620328));
#3911=DIRECTION('center_axis',(-6.39723801632559E-16,-1.,1.53756059312874E-15));
#3912=DIRECTION('ref_axis',(-0.923274308569886,-6.40949485492072E-30,-0.384141316620328));
#3913=DIRECTION('center_axis',(-0.384141316620326,1.55415085920718E-15,
0.923274308569887));
#3914=DIRECTION('ref_axis',(0.923274308569887,0.,0.384141316620326));
#3915=DIRECTION('center_axis',(0.923274308569886,-2.13892732691768E-15,
0.384141316620328));
#3916=DIRECTION('ref_axis',(-1.73457756490563E-14,1.,4.72582238891297E-14));
#3917=DIRECTION('center_axis',(0.384141316620326,-1.55415085920718E-15,
-0.923274308569887));
#3918=DIRECTION('ref_axis',(0.923274308569887,0.,0.384141316620326));
#3919=DIRECTION('center_axis',(0.923274308569886,-2.13892732691768E-15,
0.384141316620328));
#3920=DIRECTION('ref_axis',(-1.73457756490563E-14,1.,4.72582238891297E-14));
#3921=DIRECTION('center_axis',(0.923274308569887,-8.61050997389906E-17,
0.384141316620326));
#3922=DIRECTION('ref_axis',(0.271628929916161,0.707106781186546,-0.652853524485089));
#3923=DIRECTION('center_axis',(0.923274308569885,-1.64693262078378E-15,
0.38414131662033));
#3924=DIRECTION('ref_axis',(-2.75234832359874E-14,1.,7.04393315798117E-14));
#3925=DIRECTION('center_axis',(0.923274308569885,-1.64693262078378E-15,
0.38414131662033));
#3926=DIRECTION('ref_axis',(-2.75234832359874E-14,1.,7.04393315798117E-14));
#3927=DIRECTION('',(-0.923274308569887,8.61050997389906E-17,-0.384141316620326));
#3928=DIRECTION('center_axis',(-0.384141316620326,1.55415085920718E-15,
0.923274308569887));
#3929=DIRECTION('ref_axis',(0.923274308569887,0.,0.384141316620326));
#3930=DIRECTION('center_axis',(0.,1.,0.));
#3931=DIRECTION('ref_axis',(-0.775282038318497,0.,0.631615200150152));
#3932=DIRECTION('center_axis',(0.,1.,0.));
#3933=DIRECTION('ref_axis',(-0.775282038318497,0.,0.631615200150152));
#3934=DIRECTION('center_axis',(0.384141316620326,-1.55415085920718E-15,
-0.923274308569887));
#3935=DIRECTION('ref_axis',(0.923274308569887,0.,0.384141316620326));
#3936=DIRECTION('center_axis',(0.101587795500465,0.,-0.994826577753809));
#3937=DIRECTION('ref_axis',(-0.994826577753809,0.,-0.101587795500466));
#3938=DIRECTION('center_axis',(-0.994826577753809,-6.66906482178797E-16,
-0.101587795500468));
#3939=DIRECTION('ref_axis',(1.38046350500734E-16,-1.,5.21297170718019E-15));
#3940=DIRECTION('center_axis',(-0.994826577753809,-6.66906482178797E-16,
-0.101587795500468));
#3941=DIRECTION('ref_axis',(1.38046350500734E-16,-1.,5.21297170718019E-15));
#3942=DIRECTION('center_axis',(-0.101587795500465,0.,0.994826577753809));
#3943=DIRECTION('ref_axis',(-0.994826577753809,0.,-0.101587795500465));
#3944=DIRECTION('center_axis',(-2.43452896343371E-15,1.,1.98338852509158E-15));
#3945=DIRECTION('ref_axis',(0.994826577753809,2.22044604925032E-15,0.101587795500465));
#3946=DIRECTION('center_axis',(-2.43452896343371E-15,1.,1.98338852509158E-15));
#3947=DIRECTION('ref_axis',(0.994826577753809,2.22044604925032E-15,0.101587795500465));
#3948=DIRECTION('center_axis',(0.994826577753809,0.,0.101587795500465));
#3949=DIRECTION('ref_axis',(0.0718334190841678,0.707106781186549,-0.703448619234324));
#3950=DIRECTION('center_axis',(-0.994826577753809,8.50946788516097E-16,
-0.101587795500469));
#3951=DIRECTION('ref_axis',(-1.11492877334076E-15,-1.,2.54178158147503E-15));
#3952=DIRECTION('',(-0.994826577753809,0.,-0.101587795500465));
#3953=DIRECTION('center_axis',(-0.994826577753809,8.50946788516097E-16,
-0.101587795500469));
#3954=DIRECTION('ref_axis',(-1.11492877334076E-15,-1.,2.54178158147503E-15));
#3955=DIRECTION('center_axis',(0.101587795500465,0.,-0.994826577753809));
#3956=DIRECTION('ref_axis',(-0.994826577753809,0.,-0.101587795500465));
#3957=DIRECTION('center_axis',(4.64348770769637E-15,1.,-1.75781830592055E-15));
#3958=DIRECTION('ref_axis',(-0.99482657775381,4.44089209850065E-15,-0.101587795500455));
#3959=DIRECTION('center_axis',(4.64348770769637E-15,1.,-1.75781830592055E-15));
#3960=DIRECTION('ref_axis',(-0.99482657775381,4.44089209850065E-15,-0.101587795500455));
#3961=DIRECTION('center_axis',(-0.101587795500465,0.,0.994826577753809));
#3962=DIRECTION('ref_axis',(-0.994826577753809,0.,-0.101587795500465));
#3963=DIRECTION('center_axis',(0.,1.,0.));
#3964=DIRECTION('ref_axis',(-0.40169542465297,0.,0.915773326655057));
#3965=DIRECTION('',(0.,-1.,0.));
#3966=DIRECTION('center_axis',(0.,1.,0.));
#3967=DIRECTION('ref_axis',(-0.40169542465297,0.,0.915773326655057));
#3968=DIRECTION('',(0.,-1.,0.));
#3969=DIRECTION('center_axis',(0.419103150278072,0.,-0.907938626464915));
#3970=DIRECTION('ref_axis',(-0.907938626464915,0.,-0.419103150278072));
#3971=DIRECTION('center_axis',(-0.907938626464913,-6.66906482178797E-16,
-0.419103150278075));
#3972=DIRECTION('ref_axis',(-1.562082527843E-15,-1.,4.97534209788185E-15));
#3973=DIRECTION('center_axis',(-0.907938626464913,-6.66906482178797E-16,
-0.419103150278075));
#3974=DIRECTION('ref_axis',(-1.562082527843E-15,-1.,4.97534209788185E-15));
#3975=DIRECTION('center_axis',(-0.419103150278072,0.,0.907938626464915));
#3976=DIRECTION('ref_axis',(-0.907938626464915,0.,-0.419103150278072));
#3977=DIRECTION('center_axis',(-2.94662467035908E-15,1.,1.08543280183245E-15));
#3978=DIRECTION('ref_axis',(0.907938626464915,2.22044604925032E-15,0.419103150278072));
#3979=DIRECTION('center_axis',(-2.94662467035908E-15,1.,1.08543280183245E-15));
#3980=DIRECTION('ref_axis',(0.907938626464915,2.22044604925032E-15,0.419103150278072));
#3981=DIRECTION('center_axis',(0.907938626464915,0.,0.419103150278072));
#3982=DIRECTION('ref_axis',(0.296350679578266,0.707106781186549,-0.642009559674541));
#3983=DIRECTION('center_axis',(-0.907938626464913,8.50946788516097E-16,
-0.419103150278075));
#3984=DIRECTION('ref_axis',(-1.87983398743302E-15,-1.,2.04204406349142E-15));
#3985=DIRECTION('',(-0.907938626464915,0.,-0.419103150278072));
#3986=DIRECTION('center_axis',(-0.907938626464913,8.50946788516097E-16,
-0.419103150278075));
#3987=DIRECTION('ref_axis',(-1.87983398743302E-15,-1.,2.04204406349142E-15));
#3988=DIRECTION('center_axis',(0.419103150278072,0.,-0.907938626464915));
#3989=DIRECTION('ref_axis',(-0.907938626464915,0.,-0.419103150278072));
#3990=DIRECTION('center_axis',(4.96265340645486E-15,1.,-1.54836867569172E-16));
#3991=DIRECTION('ref_axis',(-0.907938626464919,4.44089209850065E-15,-0.419103150278063));
#3992=DIRECTION('center_axis',(4.96265340645486E-15,1.,-1.54836867569172E-16));
#3993=DIRECTION('ref_axis',(-0.907938626464919,4.44089209850065E-15,-0.419103150278063));
#3994=DIRECTION('center_axis',(-0.419103150278072,0.,0.907938626464915));
#3995=DIRECTION('ref_axis',(-0.907938626464915,0.,-0.419103150278072));
#3996=DIRECTION('center_axis',(0.,1.,0.));
#3997=DIRECTION('ref_axis',(-0.677281571625742,0.,0.735723910673131));
#3998=DIRECTION('',(0.,-1.,0.));
#3999=DIRECTION('center_axis',(0.,1.,0.));
#4000=DIRECTION('ref_axis',(-0.677281571625741,0.,0.735723910673131));
#4001=DIRECTION('',(0.,-1.,0.));
#4002=DIRECTION('center_axis',(-0.999817794280746,0.,-0.0190886940251065));
#4003=DIRECTION('ref_axis',(-0.0190886940251065,0.,0.999817794280746));
#4004=DIRECTION('center_axis',(-0.0190886940251094,-6.66906482178797E-16,
0.999817794280746));
#4005=DIRECTION('ref_axis',(5.18376698858909E-15,-1.,-5.68058643769923E-16));
#4006=DIRECTION('center_axis',(-0.0190886940251094,-6.66906482178797E-16,
0.999817794280746));
#4007=DIRECTION('ref_axis',(5.18376698858909E-15,-1.,-5.68058643769923E-16));
#4008=DIRECTION('center_axis',(0.999817794280746,0.,0.0190886940251065));
#4009=DIRECTION('ref_axis',(-0.0190886940251065,0.,0.999817794280746));
#4010=DIRECTION('center_axis',(2.17765605604743E-15,1.,2.26242688651424E-15));
#4011=DIRECTION('ref_axis',(0.0190886940251059,2.22044604925032E-15,-0.999817794280746));
#4012=DIRECTION('center_axis',(2.17765605604743E-15,1.,2.26242688651424E-15));
#4013=DIRECTION('ref_axis',(0.0190886940251059,2.22044604925032E-15,-0.999817794280746));
#4014=DIRECTION('center_axis',(0.0190886940251065,0.,-0.999817794280746));
#4015=DIRECTION('ref_axis',(-0.706977942286891,0.707106781186549,-0.0134977449891445));
#4016=DIRECTION('center_axis',(-0.01908869402511,8.50946788516097E-16,0.999817794280746));
#4017=DIRECTION('ref_axis',(2.62517019705874E-15,-1.,9.01222066986512E-16));
#4018=DIRECTION('',(-0.0190886940251065,0.,0.999817794280746));
#4019=DIRECTION('center_axis',(-0.01908869402511,8.50946788516097E-16,0.999817794280746));
#4020=DIRECTION('ref_axis',(2.62517019705874E-15,-1.,9.01222066986512E-16));
#4021=DIRECTION('center_axis',(-0.999817794280746,0.,-0.0190886940251065));
#4022=DIRECTION('ref_axis',(-0.0190886940251066,0.,0.999817794280746));
#4023=DIRECTION('center_axis',(-2.13527064081406E-15,1.,-4.48246835779509E-15));
#4024=DIRECTION('ref_axis',(-0.0190886940250964,4.44089209850065E-15,0.999817794280746));
#4025=DIRECTION('center_axis',(-2.13527064081406E-15,1.,-4.48246835779509E-15));
#4026=DIRECTION('ref_axis',(-0.0190886940250964,4.44089209850065E-15,0.999817794280746));
#4027=DIRECTION('center_axis',(0.999817794280746,0.,0.0190886940251065));
#4028=DIRECTION('ref_axis',(-0.0190886940251065,0.,0.999817794280746));
#4029=DIRECTION('center_axis',(0.,1.,0.));
#4030=DIRECTION('ref_axis',(0.945817241700635,0.,0.324699469204684));
#4031=DIRECTION('',(0.,-1.,0.));
#4032=DIRECTION('center_axis',(1.58513701699213E-15,-1.,5.10568073109661E-16));
#4033=DIRECTION('ref_axis',(0.306585891173863,6.40949485492072E-30,-0.95184299720759));
#4034=DIRECTION('center_axis',(1.58513701699213E-15,-1.,5.10568073109661E-16));
#4035=DIRECTION('ref_axis',(0.306585891173863,6.40949485492072E-30,-0.95184299720759));
#4036=DIRECTION('center_axis',(0.,1.,0.));
#4037=DIRECTION('ref_axis',(0.945817241700635,0.,0.324699469204684));
#4038=DIRECTION('',(0.,-1.,0.));
#4039=DIRECTION('center_axis',(1.3334687387975E-15,-1.,9.97597234643027E-16));
#4040=DIRECTION('ref_axis',(-0.599037137893894,-6.40949485492072E-30,0.800721242021149));
#4041=DIRECTION('center_axis',(1.3334687387975E-15,-1.,9.97597234643027E-16));
#4042=DIRECTION('ref_axis',(-0.599037137893894,-6.40949485492072E-30,0.800721242021149));
#4043=DIRECTION('center_axis',(0.951842997207591,1.55415085920718E-15,0.306585891173861));
#4044=DIRECTION('ref_axis',(0.306585891173861,0.,-0.951842997207591));
#4045=DIRECTION('center_axis',(0.306585891173863,-2.13892732691768E-15,
-0.95184299720759));
#4046=DIRECTION('ref_axis',(4.8529215894753E-14,1.,1.33839778340729E-14));
#4047=DIRECTION('center_axis',(-0.951842997207591,-1.55415085920718E-15,
-0.306585891173861));
#4048=DIRECTION('ref_axis',(0.306585891173861,-1.26871622620057E-31,-0.951842997207591));
#4049=DIRECTION('center_axis',(0.,1.,0.));
#4050=DIRECTION('ref_axis',(0.456265675285256,0.,-0.889843600615574));
#4051=DIRECTION('center_axis',(0.,1.,0.));
#4052=DIRECTION('ref_axis',(0.456265675285256,0.,-0.889843600615574));
#4053=DIRECTION('center_axis',(0.306585891173863,-2.13892732691768E-15,
-0.95184299720759));
#4054=DIRECTION('ref_axis',(4.8529215894753E-14,1.,1.33839778340729E-14));
#4055=DIRECTION('center_axis',(0.306585891173861,-8.61050997389906E-17,
-0.951842997207591));
#4056=DIRECTION('ref_axis',(-0.673054637950417,0.707106781186546,-0.216788962665157));
#4057=DIRECTION('center_axis',(0.306585891173866,-1.64693262078378E-15,
-0.951842997207589));
#4058=DIRECTION('ref_axis',(7.24716167809419E-14,1.,2.16126426891447E-14));
#4059=DIRECTION('center_axis',(0.306585891173866,-1.64693262078378E-15,
-0.951842997207589));
#4060=DIRECTION('ref_axis',(7.24716167809419E-14,1.,2.16126426891447E-14));
#4061=DIRECTION('',(-0.306585891173861,8.61050997389906E-17,0.951842997207591));
#4062=DIRECTION('center_axis',(0.951842997207591,1.55415085920718E-15,0.306585891173861));
#4063=DIRECTION('ref_axis',(0.306585891173861,0.,-0.951842997207591));
#4064=DIRECTION('center_axis',(-0.951842997207591,-1.55415085920718E-15,
-0.306585891173861));
#4065=DIRECTION('ref_axis',(0.306585891173861,3.17179056550143E-31,-0.951842997207591));
#4066=DIRECTION('center_axis',(-0.80072124202115,0.,0.599037137893893));
#4067=DIRECTION('ref_axis',(0.599037137893893,0.,0.80072124202115));
#4068=DIRECTION('center_axis',(0.599037137893891,-6.66906482178797E-16,
0.800721242021152));
#4069=DIRECTION('ref_axis',(3.74181168141067E-15,-1.,-3.63221367152408E-15));
#4070=DIRECTION('center_axis',(0.599037137893891,-6.66906482178797E-16,
0.800721242021152));
#4071=DIRECTION('ref_axis',(3.74181168141067E-15,-1.,-3.63221367152408E-15));
#4072=DIRECTION('center_axis',(0.80072124202115,0.,-0.599037137893893));
#4073=DIRECTION('ref_axis',(0.599037137893893,0.,0.80072124202115));
#4074=DIRECTION('center_axis',(3.10808796458736E-15,1.,4.47828672205972E-16));
#4075=DIRECTION('ref_axis',(-0.599037137893893,2.22044604925032E-15,-0.80072124202115));
#4076=DIRECTION('center_axis',(3.10808796458736E-15,1.,4.47828672205972E-16));
#4077=DIRECTION('ref_axis',(-0.599037137893893,2.22044604925032E-15,-0.80072124202115));
#4078=DIRECTION('center_axis',(-0.599037137893893,0.,-0.80072124202115));
#4079=DIRECTION('ref_axis',(-0.566195420073267,0.707106781186549,0.423583222387355));
#4080=DIRECTION('center_axis',(0.59903713789389,8.50946788516097E-16,0.800721242021152));
#4081=DIRECTION('ref_axis',(2.62517019705874E-15,-1.,-9.01222066986512E-16));
#4082=DIRECTION('',(0.599037137893893,0.,0.80072124202115));
#4083=DIRECTION('center_axis',(0.59903713789389,8.50946788516097E-16,0.800721242021152));
#4084=DIRECTION('ref_axis',(2.62517019705874E-15,-1.,-9.01222066986512E-16));
#4085=DIRECTION('center_axis',(-0.80072124202115,0.,0.599037137893893));
#4086=DIRECTION('ref_axis',(0.599037137893893,0.,0.80072124202115));
#4087=DIRECTION('center_axis',(-4.4382176107781E-15,1.,-2.22578699060262E-15));
#4088=DIRECTION('ref_axis',(0.599037137893901,4.44089209850065E-15,0.800721242021144));
#4089=DIRECTION('center_axis',(-4.4382176107781E-15,1.,-2.22578699060262E-15));
#4090=DIRECTION('ref_axis',(0.599037137893901,4.44089209850065E-15,0.800721242021144));
#4091=DIRECTION('center_axis',(0.80072124202115,0.,-0.599037137893893));
#4092=DIRECTION('ref_axis',(0.599037137893893,0.,0.80072124202115));
#4093=DIRECTION('center_axis',(0.,1.,0.));
#4094=DIRECTION('ref_axis',(0.945817241700635,0.,-0.324699469204684));
#4095=DIRECTION('',(0.,-1.,0.));
#4096=DIRECTION('center_axis',(1.56449323424967E-15,-1.,-5.70701357896249E-16));
#4097=DIRECTION('ref_axis',(-0.342694723034848,6.40949485492072E-30,-0.939446819572065));
#4098=DIRECTION('center_axis',(1.56449323424967E-15,-1.,-5.70701357896249E-16));
#4099=DIRECTION('ref_axis',(-0.342694723034848,6.40949485492072E-30,-0.939446819572065));
#4100=DIRECTION('center_axis',(0.,1.,0.));
#4101=DIRECTION('ref_axis',(0.945817241700635,0.,-0.324699469204683));
#4102=DIRECTION('',(0.,-1.,0.));
#4103=DIRECTION('center_axis',(1.66503110346063E-15,-1.,-3.1789061425051E-17));
#4104=DIRECTION('ref_axis',(0.0190886940251052,-6.40949485492072E-30,0.999817794280746));
#4105=DIRECTION('center_axis',(1.66503110346063E-15,-1.,-3.1789061425051E-17));
#4106=DIRECTION('ref_axis',(0.0190886940251052,-6.40949485492072E-30,0.999817794280746));
#4107=DIRECTION('center_axis',(0.777272204943422,1.55415085920718E-15,-0.629164461347263));
#4108=DIRECTION('ref_axis',(-0.629164461347263,0.,-0.777272204943422));
#4109=DIRECTION('center_axis',(-0.629164461347261,-2.13892732691768E-15,
-0.777272204943423));
#4110=DIRECTION('ref_axis',(3.77475828372553E-14,1.,-3.33066907387547E-14));
#4111=DIRECTION('center_axis',(-0.777272204943422,-1.55415085920718E-15,
0.629164461347263));
#4112=DIRECTION('ref_axis',(-0.629164461347263,-1.26871622620057E-31,-0.777272204943422));
#4113=DIRECTION('center_axis',(-0.629164461347261,-2.13892732691768E-15,
-0.777272204943423));
#4114=DIRECTION('ref_axis',(3.77475828372553E-14,1.,-3.33066907387547E-14));
#4115=DIRECTION('center_axis',(-0.629164461347263,-8.61050997389906E-17,
-0.777272204943422));
#4116=DIRECTION('ref_axis',(-0.549614446943314,0.707106781186546,0.444886457100232));
#4117=DIRECTION('center_axis',(-0.629164461347259,-1.64693262078378E-15,
-0.777272204943425));
#4118=DIRECTION('ref_axis',(5.77315972805082E-14,1.,-4.88498130835069E-14));
#4119=DIRECTION('center_axis',(-0.629164461347259,-1.64693262078378E-15,
-0.777272204943425));
#4120=DIRECTION('ref_axis',(5.77315972805082E-14,1.,-4.88498130835069E-14));
#4121=DIRECTION('',(0.629164461347263,8.61050997389906E-17,0.777272204943422));
#4122=DIRECTION('center_axis',(0.777272204943422,1.55415085920718E-15,-0.629164461347263));
#4123=DIRECTION('ref_axis',(-0.629164461347263,0.,-0.777272204943422));
#4124=DIRECTION('center_axis',(0.,1.,0.));
#4125=DIRECTION('ref_axis',(0.982455810397036,0.,-0.186495524388935));
#4126=DIRECTION('center_axis',(0.,1.,0.));
#4127=DIRECTION('ref_axis',(0.982455810397036,0.,-0.186495524388935));
#4128=DIRECTION('center_axis',(-0.777272204943422,-1.55415085920718E-15,
0.629164461347263));
#4129=DIRECTION('ref_axis',(-0.629164461347263,6.34358113100287E-31,-0.777272204943422));
#4130=DIRECTION('center_axis',(-0.562828915791511,0.,0.826573415704227));
#4131=DIRECTION('ref_axis',(0.826573415704227,0.,0.562828915791511));
#4132=DIRECTION('center_axis',(0.826573415704225,-6.66906482178797E-16,
0.562828915791513));
#4133=DIRECTION('ref_axis',(2.35969215229319E-15,-1.,-4.65037458288616E-15));
#4134=DIRECTION('center_axis',(0.826573415704225,-6.66906482178797E-16,
0.562828915791513));
#4135=DIRECTION('ref_axis',(2.35969215229319E-15,-1.,-4.65037458288616E-15));
#4136=DIRECTION('center_axis',(0.562828915791511,0.,-0.826573415704227));
#4137=DIRECTION('ref_axis',(0.826573415704227,0.,0.562828915791511));
#4138=DIRECTION('center_axis',(3.08509291778888E-15,1.,-5.85630432842671E-16));
#4139=DIRECTION('ref_axis',(-0.826573415704227,2.22044604925032E-15,-0.56282891579151));
#4140=DIRECTION('center_axis',(3.08509291778888E-15,1.,-5.85630432842671E-16));
#4141=DIRECTION('ref_axis',(-0.826573415704227,2.22044604925032E-15,-0.56282891579151));
#4142=DIRECTION('center_axis',(-0.826573415704227,0.,-0.562828915791511));
#4143=DIRECTION('ref_axis',(-0.397980143004046,0.707106781186549,0.584475667392987));
#4144=DIRECTION('center_axis',(0.826573415704225,8.50946788516097E-16,0.562828915791514));
#4145=DIRECTION('ref_axis',(2.19030490799074E-15,-1.,-1.70478273911385E-15));
#4146=DIRECTION('',(0.826573415704227,0.,0.562828915791511));
#4147=DIRECTION('center_axis',(0.826573415704225,8.50946788516097E-16,0.562828915791514));
#4148=DIRECTION('ref_axis',(2.19030490799074E-15,-1.,-1.70478273911385E-15));
#4149=DIRECTION('center_axis',(-0.562828915791511,0.,0.826573415704227));
#4150=DIRECTION('ref_axis',(0.826573415704227,0.,0.562828915791511));
#4151=DIRECTION('center_axis',(-4.92045459310468E-15,1.,-6.64100809630401E-16));
#4152=DIRECTION('ref_axis',(0.826573415704233,4.44089209850065E-15,0.562828915791502));
#4153=DIRECTION('center_axis',(-4.92045459310468E-15,1.,-6.64100809630401E-16));
#4154=DIRECTION('ref_axis',(0.826573415704233,4.44089209850065E-15,0.562828915791502));
#4155=DIRECTION('center_axis',(0.562828915791511,0.,-0.826573415704227));
#4156=DIRECTION('ref_axis',(0.826573415704227,0.,0.562828915791511));
#4157=DIRECTION('center_axis',(0.,1.,0.));
#4158=DIRECTION('ref_axis',(0.789140509396394,0.,-0.614212712689668));
#4159=DIRECTION('',(0.,-1.,0.));
#4160=DIRECTION('center_axis',(0.,1.,0.));
#4161=DIRECTION('ref_axis',(0.789140509396394,0.,-0.614212712689668));
#4162=DIRECTION('',(0.,-1.,0.));
#4163=DIRECTION('center_axis',(1.56449323424967E-15,-1.,-5.70701357896249E-16));
#4164=DIRECTION('ref_axis',(0.342694723034848,-6.40949485492072E-30,0.939446819572065));
#4165=DIRECTION('center_axis',(1.56449323424967E-15,-1.,-5.70701357896249E-16));
#4166=DIRECTION('ref_axis',(0.342694723034848,-6.40949485492072E-30,0.939446819572065));
#4167=DIRECTION('center_axis',(0.939446819572065,1.55415085920718E-15,-0.34269472303485));
#4168=DIRECTION('ref_axis',(-0.34269472303485,0.,-0.939446819572065));
#4169=DIRECTION('center_axis',(-0.342694723034849,-2.13892732691768E-15,
-0.939446819572065));
#4170=DIRECTION('ref_axis',(4.65169794838372E-14,1.,-1.92454222536884E-14));
#4171=DIRECTION('center_axis',(-0.939446819572065,-1.55415085920718E-15,
0.34269472303485));
#4172=DIRECTION('ref_axis',(-0.34269472303485,-2.53743245240115E-31,-0.939446819572065));
#4173=DIRECTION('center_axis',(-0.342694723034849,-2.13892732691768E-15,
-0.939446819572065));
#4174=DIRECTION('ref_axis',(4.65169794838372E-14,1.,-1.92454222536884E-14));
#4175=DIRECTION('center_axis',(-0.34269472303485,-8.61050997389906E-17,
-0.939446819572065));
#4176=DIRECTION('ref_axis',(-0.664289216683543,0.707106781186546,0.24232176253479));
#4177=DIRECTION('center_axis',(-0.342694723034846,-1.64693262078378E-15,
-0.939446819572066));
#4178=DIRECTION('ref_axis',(7.04650484777848E-14,1.,-2.74575764749145E-14));
#4179=DIRECTION('center_axis',(-0.342694723034846,-1.64693262078378E-15,
-0.939446819572066));
#4180=DIRECTION('ref_axis',(7.04650484777848E-14,1.,-2.74575764749145E-14));
#4181=DIRECTION('',(0.34269472303485,8.61050997389906E-17,0.939446819572065));
#4182=DIRECTION('center_axis',(0.939446819572065,1.55415085920718E-15,-0.34269472303485));
#4183=DIRECTION('ref_axis',(-0.34269472303485,0.,-0.939446819572065));
#4184=DIRECTION('center_axis',(-0.939446819572065,-1.55415085920718E-15,
0.34269472303485));
#4185=DIRECTION('ref_axis',(-0.34269472303485,1.26871622620057E-31,-0.939446819572065));
#4186=DIRECTION('center_axis',(0.999817794280746,1.55415085920718E-15,-0.0190886940251076));
#4187=DIRECTION('ref_axis',(-0.0190886940251075,0.,-0.999817794280746));
#4188=DIRECTION('center_axis',(-0.0190886940251057,-2.13892732691768E-15,
-0.999817794280746));
#4189=DIRECTION('ref_axis',(5.02455396180406E-14,1.,-3.09861364394047E-15));
#4190=DIRECTION('center_axis',(-0.999817794280746,-1.55415085920718E-15,
0.0190886940251076));
#4191=DIRECTION('ref_axis',(-0.0190886940251076,3.56826438618911E-32,-0.999817794280746));
#4192=DIRECTION('center_axis',(-0.0190886940251057,-2.13892732691768E-15,
-0.999817794280746));
#4193=DIRECTION('ref_axis',(5.02455396180406E-14,1.,-3.09861364394047E-15));
#4194=DIRECTION('center_axis',(-0.0190886940251076,-8.61050997389906E-17,
-0.999817794280746));
#4195=DIRECTION('ref_axis',(-0.706977942286893,0.707106781186546,0.0134977449891496));
#4196=DIRECTION('center_axis',(-0.0190886940251027,-1.64693262078378E-15,
-0.999817794280746));
#4197=DIRECTION('ref_axis',(7.55625182946117E-14,1.,-3.08988540706886E-15));
#4198=DIRECTION('center_axis',(-0.0190886940251027,-1.64693262078378E-15,
-0.999817794280746));
#4199=DIRECTION('ref_axis',(7.55625182946117E-14,1.,-3.08988540706886E-15));
#4200=DIRECTION('',(0.0190886940251076,8.61050997389906E-17,0.999817794280746));
#4201=DIRECTION('center_axis',(0.999817794280746,1.55415085920718E-15,-0.0190886940251076));
#4202=DIRECTION('ref_axis',(-0.0190886940251076,0.,-0.999817794280746));
#4203=DIRECTION('center_axis',(0.,1.,0.));
#4204=DIRECTION('ref_axis',(0.889843600615573,0.,0.456265675285258));
#4205=DIRECTION('center_axis',(0.,1.,0.));
#4206=DIRECTION('ref_axis',(0.889843600615573,0.,0.456265675285258));
#4207=DIRECTION('center_axis',(-0.999817794280746,-1.55415085920718E-15,
0.0190886940251076));
#4208=DIRECTION('ref_axis',(-0.0190886940251076,7.53300259306592E-32,-0.999817794280746));
#4209=DIRECTION('center_axis',(-0.95184299720759,0.,0.306585891173862));
#4210=DIRECTION('ref_axis',(0.306585891173862,0.,0.95184299720759));
#4211=DIRECTION('center_axis',(0.306585891173859,-6.66906482178797E-16,
0.951842997207591));
#4212=DIRECTION('ref_axis',(4.71844785465691E-15,-1.,-2.22044604925031E-15));
#4213=DIRECTION('center_axis',(0.306585891173859,-6.66906482178797E-16,
0.951842997207591));
#4214=DIRECTION('ref_axis',(4.71844785465691E-15,-1.,-2.22044604925031E-15));
#4215=DIRECTION('center_axis',(0.95184299720759,0.,-0.306585891173862));
#4216=DIRECTION('ref_axis',(0.306585891173862,0.,0.95184299720759));
#4217=DIRECTION('center_axis',(2.79427345346904E-15,1.,1.43275859184329E-15));
#4218=DIRECTION('ref_axis',(-0.306585891173863,2.22044604925032E-15,-0.95184299720759));
#4219=DIRECTION('center_axis',(2.79427345346904E-15,1.,1.43275859184329E-15));
#4220=DIRECTION('ref_axis',(-0.306585891173863,2.22044604925032E-15,-0.95184299720759));
#4221=DIRECTION('center_axis',(-0.306585891173862,0.,-0.95184299720759));
#4222=DIRECTION('ref_axis',(-0.673054637950413,0.707106781186549,0.216788962665162));
#4223=DIRECTION('center_axis',(0.306585891173859,8.50946788516097E-16,0.951842997207591));
#4224=DIRECTION('ref_axis',(2.77555756156288E-15,-1.,0.));
#4225=DIRECTION('',(0.306585891173862,0.,0.95184299720759));
#4226=DIRECTION('center_axis',(0.306585891173859,8.50946788516097E-16,0.951842997207591));
#4227=DIRECTION('ref_axis',(2.77555756156288E-15,-1.,0.));
#4228=DIRECTION('center_axis',(-0.95184299720759,0.,0.306585891173862));
#4229=DIRECTION('ref_axis',(0.306585891173862,0.,0.95184299720759));
#4230=DIRECTION('center_axis',(-3.47503088428196E-15,1.,-3.54627461449945E-15));
#4231=DIRECTION('ref_axis',(0.306585891173872,4.44089209850065E-15,0.951842997207587));
#4232=DIRECTION('center_axis',(-3.47503088428196E-15,1.,-3.54627461449945E-15));
#4233=DIRECTION('ref_axis',(0.306585891173872,4.44089209850065E-15,0.951842997207587));
#4234=DIRECTION('center_axis',(0.95184299720759,0.,-0.306585891173862));
#4235=DIRECTION('ref_axis',(0.306585891173862,0.,0.95184299720759));
#4236=DIRECTION('center_axis',(0.,1.,0.));
#4237=DIRECTION('ref_axis',(1.,0.,0.));
#4238=DIRECTION('',(0.,-1.,0.));
#4239=DIRECTION('center_axis',(0.,1.,0.));
#4240=DIRECTION('ref_axis',(1.,0.,0.));
#4241=DIRECTION('',(0.,-1.,0.));
#4242=DIRECTION('center_axis',(0.562828915791512,1.55415085920718E-15,0.826573415704226));
#4243=DIRECTION('ref_axis',(0.826573415704226,0.,-0.562828915791512));
#4244=DIRECTION('center_axis',(0.826573415704227,-2.13892732691768E-15,
-0.56282891579151));
#4245=DIRECTION('ref_axis',(3.00757608197486E-14,1.,4.03691004251491E-14));
#4246=DIRECTION('center_axis',(-0.562828915791512,-1.55415085920718E-15,
-0.826573415704226));
#4247=DIRECTION('ref_axis',(0.826573415704226,2.53743245240115E-31,-0.562828915791512));
#4248=DIRECTION('center_axis',(0.,1.,0.));
#4249=DIRECTION('ref_axis',(0.90661097921833,0.,-0.421967454148755));
#4250=DIRECTION('center_axis',(0.,1.,0.));
#4251=DIRECTION('ref_axis',(0.90661097921833,0.,-0.421967454148755));
#4252=DIRECTION('center_axis',(0.826573415704227,-2.13892732691768E-15,
-0.56282891579151));
#4253=DIRECTION('ref_axis',(3.00757608197486E-14,1.,4.03691004251491E-14));
#4254=DIRECTION('center_axis',(0.826573415704226,-8.61050997389906E-17,
-0.562828915791512));
#4255=DIRECTION('ref_axis',(-0.397980143004052,0.707106781186546,-0.584475667392986));
#4256=DIRECTION('center_axis',(0.826573415704229,-1.64693262078378E-15,
-0.562828915791508));
#4257=DIRECTION('ref_axis',(4.39155286888007E-14,1.,6.15684001971423E-14));
#4258=DIRECTION('center_axis',(0.826573415704229,-1.64693262078378E-15,
-0.562828915791508));
#4259=DIRECTION('ref_axis',(4.39155286888007E-14,1.,6.15684001971423E-14));
#4260=DIRECTION('',(-0.826573415704226,8.61050997389906E-17,0.562828915791512));
#4261=DIRECTION('center_axis',(0.562828915791512,1.55415085920718E-15,0.826573415704226));
#4262=DIRECTION('ref_axis',(0.826573415704226,0.,-0.562828915791512));
#4263=DIRECTION('center_axis',(0.,1.,0.));
#4264=DIRECTION('ref_axis',(0.104727989843082,0.,0.994500904043545));
#4265=DIRECTION('center_axis',(0.,1.,0.));
#4266=DIRECTION('ref_axis',(0.104727989843082,0.,0.994500904043545));
#4267=DIRECTION('center_axis',(-0.562828915791512,-1.55415085920718E-15,
-0.826573415704226));
#4268=DIRECTION('ref_axis',(0.826573415704226,0.,-0.562828915791512));
#4269=DIRECTION('center_axis',(-0.777272204943423,0.,-0.629164461347262));
#4270=DIRECTION('ref_axis',(-0.629164461347262,0.,0.777272204943423));
#4271=DIRECTION('center_axis',(-0.629164461347264,-6.66906482178797E-16,
0.777272204943421));
#4272=DIRECTION('ref_axis',(4.43962936252414E-15,-1.,2.73565749650083E-15));
#4273=DIRECTION('center_axis',(-0.629164461347264,-6.66906482178797E-16,
0.777272204943421));
#4274=DIRECTION('ref_axis',(4.43962936252414E-15,-1.,2.73565749650083E-15));
#4275=DIRECTION('center_axis',(0.777272204943423,0.,0.629164461347262));
#4276=DIRECTION('ref_axis',(-0.629164461347262,0.,0.777272204943423));
#4277=DIRECTION('center_axis',(3.28865254131455E-16,1.,3.12291673918592E-15));
#4278=DIRECTION('ref_axis',(0.629164461347261,2.22044604925032E-15,-0.777272204943423));
#4279=DIRECTION('center_axis',(3.28865254131455E-16,1.,3.12291673918592E-15));
#4280=DIRECTION('ref_axis',(0.629164461347261,2.22044604925032E-15,-0.777272204943423));
#4281=DIRECTION('center_axis',(0.629164461347262,0.,-0.777272204943423));
#4282=DIRECTION('ref_axis',(-0.549614446943315,0.707106781186549,-0.444886457100227));
#4283=DIRECTION('center_axis',(-0.629164461347264,8.50946788516097E-16,
0.77727220494342));
#4284=DIRECTION('ref_axis',(1.51808609605959E-15,-1.,2.32360374902853E-15));
#4285=DIRECTION('',(-0.629164461347262,0.,0.777272204943423));
#4286=DIRECTION('center_axis',(-0.629164461347264,8.50946788516097E-16,
0.77727220494342));
#4287=DIRECTION('ref_axis',(1.51808609605959E-15,-1.,2.32360374902853E-15));
#4288=DIRECTION('center_axis',(-0.777272204943423,0.,-0.629164461347262));
#4289=DIRECTION('ref_axis',(-0.629164461347262,0.,0.777272204943423));
#4290=DIRECTION('center_axis',(1.06816048839575E-15,1.,-4.84880773584464E-15));
#4291=DIRECTION('ref_axis',(-0.629164461347254,4.44089209850065E-15,0.777272204943429));
#4292=DIRECTION('center_axis',(1.06816048839575E-15,1.,-4.84880773584464E-15));
#4293=DIRECTION('ref_axis',(-0.629164461347254,4.44089209850065E-15,0.777272204943429));
#4294=DIRECTION('center_axis',(0.777272204943423,0.,0.629164461347262));
#4295=DIRECTION('ref_axis',(-0.629164461347262,0.,0.777272204943423));
#4296=DIRECTION('center_axis',(0.,1.,0.));
#4297=DIRECTION('ref_axis',(0.546948158122427,0.,0.837166478262529));
#4298=DIRECTION('',(0.,-1.,0.));
#4299=DIRECTION('center_axis',(0.,1.,0.));
#4300=DIRECTION('ref_axis',(0.546948158122427,0.,0.837166478262529));
#4301=DIRECTION('',(0.,-1.,0.));
#4302=DIRECTION('center_axis',(-0.939446819572065,0.,-0.342694723034849));
#4303=DIRECTION('ref_axis',(-0.342694723034849,0.,0.939446819572065));
#4304=DIRECTION('center_axis',(-0.342694723034852,-6.66906482178797E-16,
0.939446819572064));
#4305=DIRECTION('ref_axis',(5.08734453487537E-15,-1.,1.14588673010097E-15));
#4306=DIRECTION('center_axis',(-0.342694723034852,-6.66906482178797E-16,
0.939446819572064));
#4307=DIRECTION('ref_axis',(5.08734453487537E-15,-1.,1.14588673010097E-15));
#4308=DIRECTION('center_axis',(0.939446819572065,0.,0.342694723034849));
#4309=DIRECTION('ref_axis',(-0.342694723034849,0.,0.939446819572065));
#4310=DIRECTION('center_axis',(1.32505583513788E-15,1.,2.84692612286122E-15));
#4311=DIRECTION('ref_axis',(0.342694723034849,2.22044604925032E-15,-0.939446819572065));
#4312=DIRECTION('center_axis',(1.32505583513788E-15,1.,2.84692612286122E-15));
#4313=DIRECTION('ref_axis',(0.342694723034849,2.22044604925032E-15,-0.939446819572065));
#4314=DIRECTION('center_axis',(0.342694723034849,0.,-0.939446819572065));
#4315=DIRECTION('ref_axis',(-0.664289216683542,0.707106781186549,-0.242321762534784));
#4316=DIRECTION('center_axis',(-0.342694723034853,8.50946788516097E-16,
0.939446819572064));
#4317=DIRECTION('ref_axis',(2.19030490799074E-15,-1.,1.70478273911386E-15));
#4318=DIRECTION('',(-0.342694723034849,0.,0.939446819572065));
#4319=DIRECTION('center_axis',(-0.342694723034853,8.50946788516097E-16,
0.939446819572064));
#4320=DIRECTION('ref_axis',(2.19030490799074E-15,-1.,1.70478273911386E-15));
#4321=DIRECTION('center_axis',(-0.939446819572065,0.,-0.342694723034849));
#4322=DIRECTION('ref_axis',(-0.342694723034849,0.,0.939446819572065));
#4323=DIRECTION('center_axis',(-5.64120691276248E-16,1.,-4.93291710186079E-15));
#4324=DIRECTION('ref_axis',(-0.34269472303484,4.44089209850065E-15,0.939446819572068));
#4325=DIRECTION('center_axis',(-5.64120691276248E-16,1.,-4.93291710186079E-15));
#4326=DIRECTION('ref_axis',(-0.34269472303484,4.44089209850065E-15,0.939446819572068));
#4327=DIRECTION('center_axis',(0.939446819572065,0.,0.342694723034849));
#4328=DIRECTION('ref_axis',(-0.342694723034849,0.,0.939446819572065));
#4329=DIRECTION('center_axis',(0.,1.,0.));
#4330=DIRECTION('ref_axis',(0.789140509396393,0.,0.614212712689668));
#4331=DIRECTION('',(0.,-1.,0.));
#4332=DIRECTION('center_axis',(1.3334687387975E-15,-1.,9.97597234643027E-16));
#4333=DIRECTION('ref_axis',(0.599037137893894,6.40949485492072E-30,-0.800721242021149));
#4334=DIRECTION('center_axis',(1.3334687387975E-15,-1.,9.97597234643027E-16));
#4335=DIRECTION('ref_axis',(0.599037137893894,6.40949485492072E-30,-0.800721242021149));
#4336=DIRECTION('center_axis',(0.,1.,0.));
#4337=DIRECTION('ref_axis',(0.789140509396393,0.,0.614212712689668));
#4338=DIRECTION('',(0.,-1.,0.));
#4339=DIRECTION('center_axis',(0.800721242021151,1.55415085920718E-15,0.599037137893892));
#4340=DIRECTION('ref_axis',(0.599037137893892,0.,-0.800721242021151));
#4341=DIRECTION('center_axis',(0.599037137893893,-2.13892732691768E-15,
-0.80072124202115));
#4342=DIRECTION('ref_axis',(4.15539986208991E-14,1.,2.84162076399511E-14));
#4343=DIRECTION('center_axis',(-0.800721242021151,-1.55415085920718E-15,
-0.599037137893892));
#4344=DIRECTION('ref_axis',(0.599037137893892,3.80614867860172E-31,-0.800721242021151));
#4345=DIRECTION('center_axis',(0.599037137893893,-2.13892732691768E-15,
-0.80072124202115));
#4346=DIRECTION('ref_axis',(4.15539986208991E-14,1.,2.84162076399511E-14));
#4347=DIRECTION('center_axis',(0.599037137893892,-8.61050997389906E-17,
-0.800721242021151));
#4348=DIRECTION('ref_axis',(-0.566195420073272,0.707106781186546,-0.423583222387352));
#4349=DIRECTION('center_axis',(0.599037137893896,-1.64693262078378E-15,
-0.800721242021148));
#4350=DIRECTION('ref_axis',(6.15272910760602E-14,1.,4.39731055952853E-14));
#4351=DIRECTION('center_axis',(0.599037137893896,-1.64693262078378E-15,
-0.800721242021148));
#4352=DIRECTION('ref_axis',(6.15272910760602E-14,1.,4.39731055952853E-14));
#4353=DIRECTION('',(-0.599037137893892,8.61050997389906E-17,0.800721242021151));
#4354=DIRECTION('center_axis',(0.800721242021151,1.55415085920718E-15,0.599037137893892));
#4355=DIRECTION('ref_axis',(0.599037137893892,0.,-0.800721242021151));
#4356=DIRECTION('center_axis',(-0.800721242021151,-1.55415085920718E-15,
-0.599037137893892));
#4357=DIRECTION('ref_axis',(0.599037137893892,-1.26871622620058E-31,-0.800721242021151));
#4358=DIRECTION('center_axis',(0.530868086288251,1.55415085920718E-15,-0.847454467780217));
#4359=DIRECTION('ref_axis',(-0.847454467780217,0.,-0.530868086288251));
#4360=DIRECTION('center_axis',(-0.847454467780216,-2.13892732691768E-15,
-0.530868086288252));
#4361=DIRECTION('ref_axis',(2.48876498761608E-14,1.,-4.37586624757217E-14));
#4362=DIRECTION('center_axis',(-0.530868086288251,-1.55415085920718E-15,
0.847454467780217));
#4363=DIRECTION('ref_axis',(-0.847454467780217,3.80614867860172E-31,-0.530868086288251));
#4364=DIRECTION('center_axis',(0.,1.,0.));
#4365=DIRECTION('ref_axis',(-0.750608021518122,0.,-0.660747756736752));
#4366=DIRECTION('center_axis',(0.,1.,0.));
#4367=DIRECTION('ref_axis',(-0.750608021518122,0.,-0.660747756736752));
#4368=DIRECTION('center_axis',(-0.847454467780216,-2.13892732691768E-15,
-0.530868086288252));
#4369=DIRECTION('ref_axis',(2.48876498761608E-14,1.,-4.37586624757217E-14));
#4370=DIRECTION('center_axis',(-0.847454467780217,-8.61050997389906E-17,
-0.530868086288251));
#4371=DIRECTION('ref_axis',(-0.375380423729947,0.707106781186546,0.599240800914229));
#4372=DIRECTION('center_axis',(-0.847454467780214,-1.64693262078378E-15,
-0.530868086288255));
#4373=DIRECTION('ref_axis',(3.87420317198594E-14,1.,-6.49484144615537E-14));
#4374=DIRECTION('center_axis',(-0.847454467780214,-1.64693262078378E-15,
-0.530868086288255));
#4375=DIRECTION('ref_axis',(3.87420317198594E-14,1.,-6.49484144615537E-14));
#4376=DIRECTION('',(0.847454467780217,8.61050997389906E-17,0.530868086288251));
#4377=DIRECTION('center_axis',(0.530868086288251,1.55415085920718E-15,-0.847454467780217));
#4378=DIRECTION('ref_axis',(-0.847454467780217,0.,-0.530868086288251));
#4379=DIRECTION('center_axis',(-0.530868086288251,-1.55415085920718E-15,
0.847454467780217));
#4380=DIRECTION('ref_axis',(-0.847454467780216,2.53743245240115E-31,-0.530868086288251));
#4381=DIRECTION('center_axis',(0.063540802586125,0.,0.997979241470839));
#4382=DIRECTION('ref_axis',(0.997979241470839,0.,-0.0635408025861249));
#4383=DIRECTION('center_axis',(0.997979241470839,-6.66906482178797E-16,
-0.063540802586122));
#4384=DIRECTION('ref_axis',(-9.94190520498276E-16,-1.,-5.11915188519535E-15));
#4385=DIRECTION('center_axis',(0.997979241470839,-6.66906482178797E-16,
-0.063540802586122));
#4386=DIRECTION('ref_axis',(-9.94190520498276E-16,-1.,-5.11915188519535E-15));
#4387=DIRECTION('center_axis',(-0.063540802586125,0.,-0.997979241470839));
#4388=DIRECTION('ref_axis',(0.997979241470839,0.,-0.063540802586125));
#4389=DIRECTION('center_axis',(2.0748701398892E-15,1.,-2.35704798802628E-15));
#4390=DIRECTION('ref_axis',(-0.997979241470839,2.22044604925032E-15,0.0635408025861255));
#4391=DIRECTION('center_axis',(2.0748701398892E-15,1.,-2.35704798802628E-15));
#4392=DIRECTION('ref_axis',(-0.997979241470839,2.22044604925032E-15,0.0635408025861255));
#4393=DIRECTION('center_axis',(-0.997979241470839,0.,0.063540802586125));
#4394=DIRECTION('ref_axis',(0.0449301323906879,0.707106781186549,0.705677889127436));
#4395=DIRECTION('center_axis',(0.997979241470839,8.50946788516097E-16,-0.0635408025861214));
#4396=DIRECTION('ref_axis',(6.81359100087592E-16,-1.,-2.69062623830897E-15));
#4397=DIRECTION('',(0.997979241470839,0.,-0.0635408025861249));
#4398=DIRECTION('center_axis',(0.997979241470839,8.50946788516097E-16,-0.0635408025861214));
#4399=DIRECTION('ref_axis',(6.81359100087592E-16,-1.,-2.69062623830897E-15));
#4400=DIRECTION('center_axis',(0.063540802586125,0.,0.997979241470839));
#4401=DIRECTION('ref_axis',(0.997979241470839,0.,-0.0635408025861249));
#4402=DIRECTION('center_axis',(-4.29082920384694E-15,1.,2.49813691209487E-15));
#4403=DIRECTION('ref_axis',(0.997979241470838,4.44089209850065E-15,-0.0635408025861351));
#4404=DIRECTION('center_axis',(-4.29082920384694E-15,1.,2.49813691209487E-15));
#4405=DIRECTION('ref_axis',(0.997979241470838,4.44089209850065E-15,-0.0635408025861351));
#4406=DIRECTION('center_axis',(-0.063540802586125,0.,-0.997979241470839));
#4407=DIRECTION('ref_axis',(0.997979241470839,0.,-0.063540802586125));
#4408=DIRECTION('center_axis',(0.,1.,0.));
#4409=DIRECTION('ref_axis',(0.245485487140799,0.,-0.96940026593933));
#4410=DIRECTION('',(0.,-1.,0.));
#4411=DIRECTION('center_axis',(3.77924646938208E-16,-1.,-1.62188534772167E-15));
#4412=DIRECTION('ref_axis',(-0.973909633018264,6.40949485492072E-30,-0.226936173216676));
#4413=DIRECTION('center_axis',(3.77924646938208E-16,-1.,-1.62188534772167E-15));
#4414=DIRECTION('ref_axis',(-0.973909633018264,6.40949485492072E-30,-0.226936173216676));
#4415=DIRECTION('center_axis',(0.,1.,0.));
#4416=DIRECTION('ref_axis',(0.245485487140799,0.,-0.96940026593933));
#4417=DIRECTION('',(0.,-1.,0.));
#4418=DIRECTION('center_axis',(0.983039686959935,0.,0.183392949323886));
#4419=DIRECTION('ref_axis',(0.183392949323886,0.,-0.983039686959935));
#4420=DIRECTION('center_axis',(0.183392949323889,-6.66906482178797E-16,
-0.983039686959934));
#4421=DIRECTION('ref_axis',(-5.20656654312748E-15,-1.,-2.92908939319531E-16));
#4422=DIRECTION('center_axis',(0.183392949323889,-6.66906482178797E-16,
-0.983039686959934));
#4423=DIRECTION('ref_axis',(-5.20656654312748E-15,-1.,-2.92908939319531E-16));
#4424=DIRECTION('center_axis',(-0.983039686959935,0.,-0.183392949323886));
#4425=DIRECTION('ref_axis',(0.183392949323886,0.,-0.983039686959935));
#4426=DIRECTION('center_axis',(-1.77557243937984E-15,1.,-2.59000073895304E-15));
#4427=DIRECTION('ref_axis',(-0.183392949323886,2.22044604925032E-15,0.983039686959935));
#4428=DIRECTION('center_axis',(-1.77557243937984E-15,1.,-2.59000073895304E-15));
#4429=DIRECTION('ref_axis',(-0.183392949323886,2.22044604925032E-15,0.983039686959935));
#4430=DIRECTION('center_axis',(-0.183392949323886,0.,0.983039686959935));
#4431=DIRECTION('ref_axis',(0.69511402882487,0.707106781186549,0.129678398088717));
#4432=DIRECTION('center_axis',(0.18339294932389,8.50946788516097E-16,-0.983039686959934));
#4433=DIRECTION('ref_axis',(-2.44103002035724E-15,-1.,-1.32101938565019E-15));
#4434=DIRECTION('',(0.183392949323886,0.,-0.983039686959935));
#4435=DIRECTION('center_axis',(0.18339294932389,8.50946788516097E-16,-0.983039686959934));
#4436=DIRECTION('ref_axis',(-2.44103002035724E-15,-1.,-1.32101938565019E-15));
#4437=DIRECTION('center_axis',(0.983039686959935,0.,0.183392949323886));
#4438=DIRECTION('ref_axis',(0.183392949323886,0.,-0.983039686959935));
#4439=DIRECTION('center_axis',(1.36835828959329E-15,1.,4.77278732811949E-15));
#4440=DIRECTION('ref_axis',(0.183392949323876,4.44089209850065E-15,-0.983039686959937));
#4441=DIRECTION('center_axis',(1.36835828959329E-15,1.,4.77278732811949E-15));
#4442=DIRECTION('ref_axis',(0.183392949323876,4.44089209850065E-15,-0.983039686959937));
#4443=DIRECTION('center_axis',(-0.983039686959935,0.,-0.183392949323886));
#4444=DIRECTION('ref_axis',(0.183392949323886,0.,-0.983039686959935));
#4445=DIRECTION('center_axis',(0.,1.,0.));
#4446=DIRECTION('ref_axis',(-0.879473751206489,0.,-0.475947393037074));
#4447=DIRECTION('',(0.,-1.,0.));
#4448=DIRECTION('center_axis',(-1.47948107134835E-15,-1.,-7.64509567918906E-16));
#4449=DIRECTION('ref_axis',(-0.459072667360106,6.40949485492072E-30,0.888398720216817));
#4450=DIRECTION('center_axis',(-1.47948107134835E-15,-1.,-7.64509567918906E-16));
#4451=DIRECTION('ref_axis',(-0.459072667360106,6.40949485492072E-30,0.888398720216817));
#4452=DIRECTION('center_axis',(0.,1.,0.));
#4453=DIRECTION('ref_axis',(-0.879473751206489,0.,-0.475947393037074));
#4454=DIRECTION('',(0.,-1.,0.));
#4455=DIRECTION('center_axis',(-1.15108285514583E-15,-1.,-1.20347304934799E-15));
#4456=DIRECTION('ref_axis',(0.722661436879209,-6.40949485492072E-30,-0.691202175667639));
#4457=DIRECTION('center_axis',(-1.15108285514583E-15,-1.,-1.20347304934799E-15));
#4458=DIRECTION('ref_axis',(0.722661436879209,-6.40949485492072E-30,-0.691202175667639));
#4459=DIRECTION('center_axis',(0.663114158432051,0.,0.748518278258422));
#4460=DIRECTION('ref_axis',(0.748518278258422,0.,-0.663114158432051));
#4461=DIRECTION('center_axis',(0.748518278258424,-6.66906482178797E-16,
-0.663114158432049));
#4462=DIRECTION('ref_axis',(-3.92880417985934E-15,-1.,-3.42908566983497E-15));
#4463=DIRECTION('center_axis',(0.748518278258424,-6.66906482178797E-16,
-0.663114158432049));
#4464=DIRECTION('ref_axis',(-3.92880417985934E-15,-1.,-3.42908566983497E-15));
#4465=DIRECTION('center_axis',(-0.663114158432051,0.,-0.748518278258422));
#4466=DIRECTION('ref_axis',(0.748518278258422,0.,-0.663114158432051));
#4467=DIRECTION('center_axis',(1.89635240458182E-16,1.,-3.13445366704294E-15));
#4468=DIRECTION('ref_axis',(-0.748518278258422,2.22044604925032E-15,0.663114158432052));
#4469=DIRECTION('center_axis',(1.89635240458182E-16,1.,-3.13445366704294E-15));
#4470=DIRECTION('ref_axis',(-0.748518278258422,2.22044604925032E-15,0.663114158432052));
#4471=DIRECTION('center_axis',(-0.748518278258422,0.,0.663114158432051));
#4472=DIRECTION('ref_axis',(0.468892518128116,0.707106781186549,0.529282350398606));
#4473=DIRECTION('center_axis',(0.748518278258424,8.50946788516097E-16,-0.663114158432049));
#4474=DIRECTION('ref_axis',(-1.11492877334076E-15,-1.,-2.54178158147504E-15));
#4475=DIRECTION('',(0.748518278258422,0.,-0.663114158432051));
#4476=DIRECTION('center_axis',(0.748518278258424,8.50946788516097E-16,-0.663114158432049));
#4477=DIRECTION('ref_axis',(-1.11492877334076E-15,-1.,-2.54178158147504E-15));
#4478=DIRECTION('center_axis',(0.663114158432051,0.,0.748518278258422));
#4479=DIRECTION('ref_axis',(0.748518278258422,0.,-0.663114158432051));
#4480=DIRECTION('center_axis',(-1.85167969420872E-15,1.,4.60686288033536E-15));
#4481=DIRECTION('ref_axis',(0.748518278258415,4.44089209850065E-15,-0.663114158432059));
#4482=DIRECTION('center_axis',(-1.85167969420872E-15,1.,4.60686288033536E-15));
#4483=DIRECTION('ref_axis',(0.748518278258415,4.44089209850065E-15,-0.663114158432059));
#4484=DIRECTION('center_axis',(-0.663114158432051,0.,-0.748518278258422));
#4485=DIRECTION('ref_axis',(0.748518278258422,0.,-0.663114158432051));
#4486=DIRECTION('center_axis',(0.,1.,0.));
#4487=DIRECTION('ref_axis',(-0.401695424652969,0.,-0.915773326655058));
#4488=DIRECTION('',(0.,-1.,0.));
#4489=DIRECTION('center_axis',(-6.97946950697482E-16,-1.,-1.51202155207183E-15));
#4490=DIRECTION('ref_axis',(-0.907938626464915,6.40949485492072E-30,0.419103150278071));
#4491=DIRECTION('center_axis',(-6.97946950697482E-16,-1.,-1.51202155207183E-15));
#4492=DIRECTION('ref_axis',(-0.907938626464915,6.40949485492072E-30,0.419103150278071));
#4493=DIRECTION('center_axis',(0.,1.,0.));
#4494=DIRECTION('ref_axis',(-0.401695424652969,0.,-0.915773326655058));
#4495=DIRECTION('',(0.,-1.,0.));
#4496=DIRECTION('center_axis',(-1.69177664378297E-16,-1.,-1.65671905819699E-15));
#4497=DIRECTION('ref_axis',(0.994826577753809,-6.40949485492072E-30,-0.101587795500464));
#4498=DIRECTION('center_axis',(-1.69177664378297E-16,-1.,-1.65671905819699E-15));
#4499=DIRECTION('ref_axis',(0.994826577753809,-6.40949485492072E-30,-0.101587795500464));
#4500=DIRECTION('center_axis',(0.226936173216674,1.55415085920718E-15,-0.973909633018265));
#4501=DIRECTION('ref_axis',(-0.973909633018265,0.,-0.226936173216674));
#4502=DIRECTION('center_axis',(-0.973909633018265,-2.13892732691768E-15,
-0.226936173216676));
#4503=DIRECTION('ref_axis',(9.33075387930787E-15,1.,-4.94687041478376E-14));
#4504=DIRECTION('center_axis',(-0.226936173216674,-1.55415085920718E-15,
0.973909633018265));
#4505=DIRECTION('ref_axis',(-0.973909633018265,2.53743245240115E-31,-0.226936173216674));
#4506=DIRECTION('center_axis',(0.,1.,0.));
#4507=DIRECTION('ref_axis',(-0.92448245440125,0.,-0.381224594568925));
#4508=DIRECTION('center_axis',(0.,1.,0.));
#4509=DIRECTION('ref_axis',(-0.92448245440125,0.,-0.381224594568925));
#4510=DIRECTION('center_axis',(-0.973909633018265,-2.13892732691768E-15,
-0.226936173216676));
#4511=DIRECTION('ref_axis',(9.33075387930787E-15,1.,-4.94687041478376E-14));
#4512=DIRECTION('center_axis',(-0.973909633018265,-8.61050997389906E-17,
-0.226936173216674));
#4513=DIRECTION('ref_axis',(-0.160468106978035,0.707106781186546,0.688658105770119));
#4514=DIRECTION('center_axis',(-0.973909633018264,-1.64693262078378E-15,
-0.226936173216679));
#4515=DIRECTION('ref_axis',(1.55541658778037E-14,1.,-7.40088473542056E-14));
#4516=DIRECTION('center_axis',(-0.973909633018264,-1.64693262078378E-15,
-0.226936173216679));
#4517=DIRECTION('ref_axis',(1.55541658778037E-14,1.,-7.40088473542056E-14));
#4518=DIRECTION('',(0.973909633018265,8.61050997389906E-17,0.226936173216674));
#4519=DIRECTION('center_axis',(0.226936173216674,1.55415085920718E-15,-0.973909633018265));
#4520=DIRECTION('ref_axis',(-0.973909633018265,0.,-0.226936173216674));
#4521=DIRECTION('center_axis',(-0.226936173216674,-1.55415085920718E-15,
0.973909633018265));
#4522=DIRECTION('ref_axis',(-0.973909633018265,6.34358113100287E-32,-0.226936173216674));
#4523=DIRECTION('center_axis',(-0.101587795500467,1.55415085920718E-15,
-0.994826577753809));
#4524=DIRECTION('ref_axis',(-0.994826577753809,0.,0.101587795500467));
#4525=DIRECTION('center_axis',(-0.994826577753809,-2.13892732691768E-15,
0.101587795500465));
#4526=DIRECTION('ref_axis',(-7.23727408193191E-15,1.,-4.98180441395033E-14));
#4527=DIRECTION('center_axis',(0.101587795500467,-1.55415085920718E-15,
0.994826577753809));
#4528=DIRECTION('ref_axis',(-0.994826577753809,1.26871622620057E-31,0.101587795500467));
#4529=DIRECTION('center_axis',(-0.994826577753809,-2.13892732691768E-15,
0.101587795500465));
#4530=DIRECTION('ref_axis',(-7.23727408193191E-15,1.,-4.98180441395033E-14));
#4531=DIRECTION('center_axis',(-0.994826577753809,-8.61050997389906E-17,
0.101587795500467));
#4532=DIRECTION('ref_axis',(0.0718334190841732,0.707106781186546,0.703448619234326));
#4533=DIRECTION('center_axis',(-0.99482657775381,-1.64693262078378E-15,
0.101587795500462));
#4534=DIRECTION('ref_axis',(-9.31923518486262E-15,1.,-7.50492732704426E-14));
#4535=DIRECTION('center_axis',(-0.99482657775381,-1.64693262078378E-15,
0.101587795500462));
#4536=DIRECTION('ref_axis',(-9.31923518486262E-15,1.,-7.50492732704426E-14));
#4537=DIRECTION('',(0.994826577753809,8.61050997389906E-17,-0.101587795500467));
#4538=DIRECTION('center_axis',(-0.101587795500467,1.55415085920718E-15,
-0.994826577753809));
#4539=DIRECTION('ref_axis',(-0.994826577753809,0.,0.101587795500467));
#4540=DIRECTION('center_axis',(0.,1.,0.));
#4541=DIRECTION('ref_axis',(0.381224594568927,0.,-0.924482454401249));
#4542=DIRECTION('center_axis',(0.,1.,0.));
#4543=DIRECTION('ref_axis',(0.381224594568927,0.,-0.924482454401249));
#4544=DIRECTION('center_axis',(0.101587795500467,-1.55415085920718E-15,
0.994826577753809));
#4545=DIRECTION('ref_axis',(-0.994826577753809,2.53743245240115E-31,0.101587795500467));
#4546=DIRECTION('center_axis',(0.384141316620327,0.,0.923274308569886));
#4547=DIRECTION('ref_axis',(0.923274308569886,0.,-0.384141316620327));
#4548=DIRECTION('center_axis',(0.923274308569887,-6.66906482178797E-16,
-0.384141316620325));
#4549=DIRECTION('ref_axis',(-2.60250843572368E-15,-1.,-4.51896898160795E-15));
#4550=DIRECTION('center_axis',(0.923274308569887,-6.66906482178797E-16,
-0.384141316620325));
#4551=DIRECTION('ref_axis',(-2.60250843572368E-15,-1.,-4.51896898160795E-15));
#4552=DIRECTION('center_axis',(-0.384141316620327,0.,-0.923274308569886));
#4553=DIRECTION('ref_axis',(0.923274308569886,0.,-0.384141316620327));
#4554=DIRECTION('center_axis',(1.19711572199491E-15,1.,-2.90304585968172E-15));
#4555=DIRECTION('ref_axis',(-0.923274308569886,2.22044604925032E-15,0.384141316620328));
#4556=DIRECTION('center_axis',(1.19711572199491E-15,1.,-2.90304585968172E-15));
#4557=DIRECTION('ref_axis',(-0.923274308569886,2.22044604925032E-15,0.384141316620328));
#4558=DIRECTION('center_axis',(-0.923274308569886,0.,0.384141316620327));
#4559=DIRECTION('ref_axis',(0.271628929916165,0.707106781186549,0.652853524485085));
#4560=DIRECTION('center_axis',(0.923274308569888,8.50946788516097E-16,-0.384141316620324));
#4561=DIRECTION('ref_axis',(-2.29203726754645E-16,-1.,-2.76607762530097E-15));
#4562=DIRECTION('',(0.923274308569886,0.,-0.384141316620327));
#4563=DIRECTION('center_axis',(0.923274308569888,8.50946788516097E-16,-0.384141316620324));
#4564=DIRECTION('ref_axis',(-2.29203726754645E-16,-1.,-2.76607762530097E-15));
#4565=DIRECTION('center_axis',(0.384141316620327,0.,0.923274308569886));
#4566=DIRECTION('ref_axis',(0.923274308569886,0.,-0.384141316620327));
#4567=DIRECTION('center_axis',(-3.24719651283322E-15,1.,3.75601092852517E-15));
#4568=DIRECTION('ref_axis',(0.923274308569882,4.44089209850065E-15,-0.384141316620337));
#4569=DIRECTION('center_axis',(-3.24719651283322E-15,1.,3.75601092852517E-15));
#4570=DIRECTION('ref_axis',(0.923274308569882,4.44089209850065E-15,-0.384141316620337));
#4571=DIRECTION('center_axis',(-0.384141316620327,0.,-0.923274308569886));
#4572=DIRECTION('ref_axis',(0.923274308569886,0.,-0.384141316620327));
#4573=DIRECTION('center_axis',(0.,1.,0.));
#4574=DIRECTION('ref_axis',(-0.0825793454723323,0.,-0.99658449300667));
#4575=DIRECTION('',(0.,-1.,0.));
#4576=DIRECTION('center_axis',(0.,1.,0.));
#4577=DIRECTION('ref_axis',(-0.0825793454723323,0.,-0.99658449300667));
#4578=DIRECTION('',(0.,-1.,0.));
#4579=DIRECTION('center_axis',(-0.691202175667641,1.55415085920718E-15,
-0.722661436879207));
#4580=DIRECTION('ref_axis',(-0.722661436879207,0.,0.691202175667641));
#4581=DIRECTION('center_axis',(-0.722661436879208,-2.13892732691768E-15,
0.691202175667639));
#4582=DIRECTION('ref_axis',(-3.6310102187475E-14,1.,-3.48682109830376E-14));
#4583=DIRECTION('center_axis',(0.691202175667641,-1.55415085920718E-15,
0.722661436879207));
#4584=DIRECTION('ref_axis',(-0.722661436879207,0.,0.691202175667641));
#4585=DIRECTION('center_axis',(-0.722661436879208,-2.13892732691768E-15,
0.691202175667639));
#4586=DIRECTION('ref_axis',(-3.6310102187475E-14,1.,-3.48682109830376E-14));
#4587=DIRECTION('center_axis',(-0.722661436879207,-8.61050997389906E-17,
0.691202175667641));
#4588=DIRECTION('ref_axis',(0.488753745585485,0.707106781186546,0.510998802519302));
#4589=DIRECTION('center_axis',(-0.72266143687921,-1.64693262078378E-15,
0.691202175667637));
#4590=DIRECTION('ref_axis',(-5.3450403721794E-14,1.,-5.35004290153787E-14));
#4591=DIRECTION('center_axis',(-0.72266143687921,-1.64693262078378E-15,
0.691202175667637));
#4592=DIRECTION('ref_axis',(-5.3450403721794E-14,1.,-5.35004290153787E-14));
#4593=DIRECTION('',(0.722661436879207,8.61050997389906E-17,-0.691202175667641));
#4594=DIRECTION('center_axis',(-0.691202175667641,1.55415085920718E-15,
-0.722661436879207));
#4595=DIRECTION('ref_axis',(-0.722661436879207,0.,0.691202175667641));
#4596=DIRECTION('center_axis',(0.,1.,0.));
#4597=DIRECTION('ref_axis',(-0.266989105399236,0.,-0.963699547368429));
#4598=DIRECTION('center_axis',(0.,1.,0.));
#4599=DIRECTION('ref_axis',(-0.266989105399236,0.,-0.963699547368429));
#4600=DIRECTION('center_axis',(0.691202175667641,-1.55415085920718E-15,
0.722661436879207));
#4601=DIRECTION('ref_axis',(-0.722661436879207,6.34358113100287E-31,0.691202175667641));
#4602=DIRECTION('center_axis',(-0.419103150278073,1.55415085920718E-15,
-0.907938626464914));
#4603=DIRECTION('ref_axis',(-0.907938626464914,0.,0.419103150278073));
#4604=DIRECTION('center_axis',(-0.907938626464915,-2.13892732691768E-15,
0.419103150278071));
#4605=DIRECTION('ref_axis',(-2.30210310985165E-14,1.,-4.47688260420533E-14));
#4606=DIRECTION('center_axis',(0.419103150278073,-1.55415085920718E-15,
0.907938626464914));
#4607=DIRECTION('ref_axis',(-0.907938626464914,1.26871622620057E-31,0.419103150278073));
#4608=DIRECTION('center_axis',(0.,1.,0.));
#4609=DIRECTION('ref_axis',(-0.963699547368429,0.,0.266989105399238));
#4610=DIRECTION('center_axis',(0.,1.,0.));
#4611=DIRECTION('ref_axis',(-0.963699547368429,0.,0.266989105399238));
#4612=DIRECTION('center_axis',(-0.907938626464915,-2.13892732691768E-15,
0.419103150278071));
#4613=DIRECTION('ref_axis',(-2.30210310985165E-14,1.,-4.47688260420533E-14));
#4614=DIRECTION('center_axis',(-0.907938626464914,-8.61050997389906E-17,
0.419103150278073));
#4615=DIRECTION('ref_axis',(0.296350679578271,0.707106781186546,0.642009559674541));
#4616=DIRECTION('center_axis',(-0.907938626464916,-1.64693262078378E-15,
0.419103150278069));
#4617=DIRECTION('ref_axis',(-3.31827525124162E-14,1.,-6.79569459183686E-14));
#4618=DIRECTION('center_axis',(-0.907938626464916,-1.64693262078378E-15,
0.419103150278069));
#4619=DIRECTION('ref_axis',(-3.31827525124162E-14,1.,-6.79569459183686E-14));
#4620=DIRECTION('',(0.907938626464914,8.61050997389906E-17,-0.419103150278073));
#4621=DIRECTION('center_axis',(-0.419103150278073,1.55415085920718E-15,
-0.907938626464914));
#4622=DIRECTION('ref_axis',(-0.907938626464914,0.,0.419103150278073));
#4623=DIRECTION('center_axis',(0.419103150278073,-1.55415085920718E-15,
0.907938626464914));
#4624=DIRECTION('ref_axis',(-0.907938626464914,-3.80614867860172E-31,0.419103150278073));
#4625=DIRECTION('center_axis',(0.870228291901354,0.,0.492648678039891));
#4626=DIRECTION('ref_axis',(0.492648678039891,0.,-0.870228291901354));
#4627=DIRECTION('center_axis',(0.492648678039894,-6.66906482178797E-16,
-0.870228291901352));
#4628=DIRECTION('ref_axis',(-4.82935302942928E-15,-1.,-1.96760771798901E-15));
#4629=DIRECTION('center_axis',(0.492648678039894,-6.66906482178797E-16,
-0.870228291901352));
#4630=DIRECTION('ref_axis',(-4.82935302942928E-15,-1.,-1.96760771798901E-15));
#4631=DIRECTION('center_axis',(-0.870228291901354,0.,-0.492648678039891));
#4632=DIRECTION('ref_axis',(0.492648678039891,0.,-0.870228291901354));
#4633=DIRECTION('center_axis',(-8.38395161876123E-16,1.,-3.02619478352027E-15));
#4634=DIRECTION('ref_axis',(-0.492648678039891,2.22044604925032E-15,0.870228291901354));
#4635=DIRECTION('center_axis',(-8.38395161876123E-16,1.,-3.02619478352027E-15));
#4636=DIRECTION('ref_axis',(-0.492648678039891,2.22044604925032E-15,0.870228291901354));
#4637=DIRECTION('center_axis',(-0.492648678039891,0.,0.870228291901354));
#4638=DIRECTION('ref_axis',(0.615344326383834,0.707106781186549,0.348355220984592));
#4639=DIRECTION('center_axis',(0.492648678039894,8.50946788516097E-16,-0.870228291901352));
#4640=DIRECTION('ref_axis',(-1.87983398743301E-15,-1.,-2.04204406349142E-15));
#4641=DIRECTION('',(0.492648678039891,0.,-0.870228291901354));
#4642=DIRECTION('center_axis',(0.492648678039894,8.50946788516097E-16,-0.870228291901352));
#4643=DIRECTION('ref_axis',(-1.87983398743301E-15,-1.,-2.04204406349142E-15));
#4644=DIRECTION('center_axis',(0.870228291901354,0.,0.492648678039891));
#4645=DIRECTION('ref_axis',(0.492648678039891,0.,-0.870228291901354));
#4646=DIRECTION('center_axis',(-2.55504648945917E-16,1.,4.95848975621849E-15));
#4647=DIRECTION('ref_axis',(0.492648678039883,4.44089209850065E-15,-0.870228291901359));
#4648=DIRECTION('center_axis',(-2.55504648945917E-16,1.,4.95848975621849E-15));
#4649=DIRECTION('ref_axis',(0.492648678039883,4.44089209850065E-15,-0.870228291901359));
#4650=DIRECTION('center_axis',(-0.870228291901354,0.,-0.492648678039891));
#4651=DIRECTION('ref_axis',(0.492648678039891,0.,-0.870228291901354));
#4652=DIRECTION('center_axis',(0.,1.,0.));
#4653=DIRECTION('ref_axis',(-0.677281571625741,0.,-0.735723910673132));
#4654=DIRECTION('',(0.,-1.,0.));
#4655=DIRECTION('center_axis',(0.,1.,0.));
#4656=DIRECTION('ref_axis',(-0.677281571625741,0.,-0.735723910673132));
#4657=DIRECTION('',(0.,-1.,0.));
#4658=DIRECTION('center_axis',(0.989323478504048,0.,-0.145736251086167));
#4659=DIRECTION('ref_axis',(-0.145736251086167,0.,-0.989323478504048));
#4660=DIRECTION('center_axis',(-0.145736251086164,-6.66906482178797E-16,
-0.989323478504049));
#4661=DIRECTION('ref_axis',(-5.019567783674E-15,-1.,1.4135310678757E-15));
#4662=DIRECTION('center_axis',(-0.145736251086164,-6.66906482178797E-16,
-0.989323478504049));
#4663=DIRECTION('ref_axis',(-5.019567783674E-15,-1.,1.4135310678757E-15));
#4664=DIRECTION('center_axis',(-0.989323478504048,0.,0.145736251086167));
#4665=DIRECTION('ref_axis',(-0.145736251086167,0.,-0.989323478504048));
#4666=DIRECTION('center_axis',(-2.5203388922317E-15,1.,-1.87313992631807E-15));
#4667=DIRECTION('ref_axis',(0.145736251086167,2.22044604925032E-15,0.989323478504048));
#4668=DIRECTION('center_axis',(-2.5203388922317E-15,1.,-1.87313992631807E-15));
#4669=DIRECTION('ref_axis',(0.145736251086167,2.22044604925032E-15,0.989323478504048));
#4670=DIRECTION('center_axis',(0.145736251086167,0.,0.989323478504048));
#4671=DIRECTION('ref_axis',(0.699557340437274,0.707106781186549,-0.103051091407737));
#4672=DIRECTION('center_axis',(-0.145736251086163,8.50946788516097E-16,
-0.989323478504049));
#4673=DIRECTION('ref_axis',(-2.73770257409244E-15,-1.,-4.56841759646035E-16));
#4674=DIRECTION('',(-0.145736251086167,0.,-0.989323478504048));
#4675=DIRECTION('center_axis',(-0.145736251086163,8.50946788516097E-16,
-0.989323478504049));
#4676=DIRECTION('ref_axis',(-2.73770257409244E-15,-1.,-4.56841759646035E-16));
#4677=DIRECTION('center_axis',(0.989323478504048,0.,-0.145736251086167));
#4678=DIRECTION('ref_axis',(-0.145736251086167,0.,-0.989323478504048));
#4679=DIRECTION('center_axis',(2.84393837518856E-15,1.,4.06987933559295E-15));
#4680=DIRECTION('ref_axis',(-0.145736251086177,4.44089209850065E-15,-0.989323478504047));
#4681=DIRECTION('center_axis',(2.84393837518856E-15,1.,4.06987933559295E-15));
#4682=DIRECTION('ref_axis',(-0.145736251086177,4.44089209850065E-15,-0.989323478504047));
#4683=DIRECTION('center_axis',(-0.989323478504048,0.,0.145736251086167));
#4684=DIRECTION('ref_axis',(-0.145736251086167,0.,-0.989323478504048));
#4685=DIRECTION('center_axis',(0.,1.,0.));
#4686=DIRECTION('ref_axis',(-0.986361303402722,0.,-0.164594590280734));
#4687=DIRECTION('',(0.,-1.,0.));
#4688=DIRECTION('center_axis',(0.,1.,0.));
#4689=DIRECTION('ref_axis',(-0.986361303402722,0.,-0.164594590280734));
#4690=DIRECTION('',(0.,-1.,0.));
#4691=DIRECTION('center_axis',(-1.47948107134835E-15,-1.,-7.64509567918906E-16));
#4692=DIRECTION('ref_axis',(0.459072667360106,-6.40949485492072E-30,-0.888398720216817));
#4693=DIRECTION('center_axis',(-1.47948107134835E-15,-1.,-7.64509567918906E-16));
#4694=DIRECTION('ref_axis',(0.459072667360106,-6.40949485492072E-30,-0.888398720216817));
#4695=DIRECTION('center_axis',(-0.888398720216818,1.55415085920718E-15,
-0.459072667360104));
#4696=DIRECTION('ref_axis',(-0.459072667360104,0.,0.888398720216818));
#4697=DIRECTION('center_axis',(-0.459072667360105,-2.13892732691768E-15,
0.888398720216817));
#4698=DIRECTION('ref_axis',(-4.5664410295135E-14,1.,-2.11890842279715E-14));
#4699=DIRECTION('center_axis',(0.888398720216818,-1.55415085920718E-15,
0.459072667360104));
#4700=DIRECTION('ref_axis',(-0.459072667360104,5.07486490480229E-31,0.888398720216818));
#4701=DIRECTION('center_axis',(-0.459072667360105,-2.13892732691768E-15,
0.888398720216817));
#4702=DIRECTION('ref_axis',(-4.5664410295135E-14,1.,-2.11890842279715E-14));
#4703=DIRECTION('center_axis',(-0.459072667360104,-8.61050997389906E-17,
0.888398720216818));
#4704=DIRECTION('ref_axis',(0.628192759462764,0.707106781186546,0.324613396147725));
#4705=DIRECTION('center_axis',(-0.459072667360108,-1.64693262078378E-15,
0.888398720216816));
#4706=DIRECTION('ref_axis',(-6.79258743194488E-14,1.,-3.32463104838836E-14));
#4707=DIRECTION('center_axis',(-0.459072667360108,-1.64693262078378E-15,
0.888398720216816));
#4708=DIRECTION('ref_axis',(-6.79258743194488E-14,1.,-3.32463104838836E-14));
#4709=DIRECTION('',(0.459072667360104,8.61050997389906E-17,-0.888398720216818));
#4710=DIRECTION('center_axis',(-0.888398720216818,1.55415085920718E-15,
-0.459072667360104));
#4711=DIRECTION('ref_axis',(-0.459072667360104,0.,0.888398720216818));
#4712=DIRECTION('center_axis',(0.888398720216818,-1.55415085920718E-15,
0.459072667360104));
#4713=DIRECTION('ref_axis',(-0.459072667360104,-5.0748649048023E-31,0.888398720216818));
#4714=CARTESIAN_POINT('',(0.,0.,0.));
#4715=CARTESIAN_POINT('Origin',(0.,9.7,0.));
#4716=CARTESIAN_POINT('',(-1.09605888523688E-15,11.4,8.95));
#4717=CARTESIAN_POINT('Origin',(0.,11.4,0.));
#4718=CARTESIAN_POINT('',(-8.87868929381831E-16,9.7,7.25));
#4719=CARTESIAN_POINT('Origin',(-1.09605888523688E-15,9.7,8.95));
#4720=CARTESIAN_POINT('',(-7.25,9.7,-8.87868929381831E-16));
#4721=CARTESIAN_POINT('Origin',(0.,9.7,0.));
#4722=CARTESIAN_POINT('Origin',(0.,9.7,0.));
#4723=CARTESIAN_POINT('Origin',(0.,11.4,0.));
#4724=CARTESIAN_POINT('',(-1.46957615897682E-15,11.4,-12.));
#4725=CARTESIAN_POINT('Origin',(0.,11.4,0.));
#4726=CARTESIAN_POINT('Origin',(0.,0.,0.));
#4727=CARTESIAN_POINT('',(-7.25,1.7,8.87868929381831E-16));
#4728=CARTESIAN_POINT('',(-7.25,0.,8.87868929381831E-16));
#4729=CARTESIAN_POINT('',(-8.87868929381831E-16,1.7,7.25));
#4730=CARTESIAN_POINT('Origin',(0.,1.7,0.));
#4731=CARTESIAN_POINT('Origin',(0.,1.7,0.));
#4732=CARTESIAN_POINT('Origin',(0.,9.7,0.));
#4733=CARTESIAN_POINT('',(-1.67776611483187E-15,9.7,-13.7));
#4734=CARTESIAN_POINT('Origin',(-1.46957615897682E-15,9.7,-12.));
#4735=CARTESIAN_POINT('',(-13.7,9.7,1.67776611483187E-15));
#4736=CARTESIAN_POINT('Origin',(0.,9.7,0.));
#4737=CARTESIAN_POINT('Origin',(0.,9.7,0.));
#4738=CARTESIAN_POINT('Origin',(0.,0.,0.));
#4739=CARTESIAN_POINT('',(-13.7,1.7,-1.67776611483187E-15));
#4740=CARTESIAN_POINT('',(-13.7,0.,1.67776611483187E-15));
#4741=CARTESIAN_POINT('',(-1.67776611483187E-15,1.7,-13.7));
#4742=CARTESIAN_POINT('Origin',(0.,1.7,0.));
#4743=CARTESIAN_POINT('Origin',(0.,1.7,0.));
#4744=CARTESIAN_POINT('Origin',(0.,1.7,0.));
#4745=CARTESIAN_POINT('',(-1.09605888523688E-15,0.,8.95));
#4746=CARTESIAN_POINT('Origin',(-1.09605888523688E-15,1.7,8.95));
#4747=CARTESIAN_POINT('Origin',(0.,0.,0.));
#4748=CARTESIAN_POINT('Origin',(0.,0.,0.));
#4749=CARTESIAN_POINT('',(-1.46957615897682E-15,0.,-12.));
#4750=CARTESIAN_POINT('Origin',(0.,0.,0.));
#4751=CARTESIAN_POINT('Origin',(0.,1.7,0.));
#4752=CARTESIAN_POINT('Origin',(-1.46957615897682E-15,1.7,-12.));
#4753=CARTESIAN_POINT('Origin',(0.79039373200536,1.7,8.83445045067728));
#4754=CARTESIAN_POINT('',(0.790393732005357,0.,8.83445045067728));
#4755=CARTESIAN_POINT('',(0.440615061786722,-0.853553390593273,8.78292490497341));
#4756=CARTESIAN_POINT('Origin',(0.790393732005382,-0.5,8.83445045067728));
#4757=CARTESIAN_POINT('',(1.03814535885184,1.7,7.15260053722039));
#4758=CARTESIAN_POINT('Origin',(0.79039373200536,1.7,8.83445045067728));
#4759=CARTESIAN_POINT('',(1.60419413609631,1.7,6.57564150282801));
#4760=CARTESIAN_POINT('Origin',(1.11101348439495,1.7,6.65793879796837));
#4761=CARTESIAN_POINT('Origin',(1.11101348439495,1.7,6.65793879796837));
#4762=CARTESIAN_POINT('Origin',(0.790393732005382,-0.5,8.83445045067728));
#4763=CARTESIAN_POINT('Origin',(0.438063247293499,-0.5,11.2262288731376));
#4764=CARTESIAN_POINT('',(0.320619752389546,-2.77555756156284E-16,12.0234883472911));
#4765=CARTESIAN_POINT('',(-0.0291589178290938,-0.853553390593274,11.9719628015872));
#4766=CARTESIAN_POINT('Origin',(0.320619752389584,-0.5,12.0234883472911));
#4767=CARTESIAN_POINT('Origin',(0.320619752389584,-0.5,12.0234883472911));
#4768=CARTESIAN_POINT('',(0.0882845770748601,-0.853553390593274,11.1747033274338));
#4769=CARTESIAN_POINT('Origin',(0.32061975238955,1.7,12.0234883472911));
#4770=CARTESIAN_POINT('',(0.493180651701358,1.7,14.2822972951404));
#4771=CARTESIAN_POINT('',(0.0728681255430705,1.7,13.705338260748));
#4772=CARTESIAN_POINT('Origin',(-3.88578058618805E-15,1.7,14.2));
#4773=CARTESIAN_POINT('Origin',(-3.88578058618805E-15,1.7,14.2));
#4774=CARTESIAN_POINT('Origin',(0.32061975238955,1.7,12.0234883472911));
#4775=CARTESIAN_POINT('Origin',(3.61610939151277,1.7,8.09913513195566));
#4776=CARTESIAN_POINT('',(3.61610939151277,0.,8.09913513195566));
#4777=CARTESIAN_POINT('',(3.26855237710033,-0.853553390593273,8.16397433100002));
#4778=CARTESIAN_POINT('Origin',(3.61610939151279,-0.5,8.09913513195566));
#4779=CARTESIAN_POINT('',(3.30434137766216,1.7,6.42796766412377));
#4780=CARTESIAN_POINT('Origin',(3.61610939151277,1.7,8.09913513195566));
#4781=CARTESIAN_POINT('',(3.65238177860349,1.7,5.69847412412526));
#4782=CARTESIAN_POINT('Origin',(3.21264490300024,1.7,5.9364478206438));
#4783=CARTESIAN_POINT('Origin',(3.21264490300024,1.7,5.9364478206438));
#4784=CARTESIAN_POINT('Origin',(3.61610939151279,-0.5,8.09913513195566));
#4785=CARTESIAN_POINT('Origin',(4.05947832852364,-0.5,10.4757219236168));
#4786=CARTESIAN_POINT('',(4.20726797419394,-2.77555756156284E-16,11.2679175208372));
#4787=CARTESIAN_POINT('',(3.8597109597815,-0.853553390593274,11.3327567198815));
#4788=CARTESIAN_POINT('Origin',(4.20726797419397,-0.5,11.2679175208372));
#4789=CARTESIAN_POINT('Origin',(4.20726797419397,-0.5,11.2679175208372));
#4790=CARTESIAN_POINT('',(3.71192131411121,-0.853553390593274,10.5405611226611));
#4791=CARTESIAN_POINT('Origin',(4.20726797419394,1.7,11.2679175208372));
#4792=CARTESIAN_POINT('',(5.10391311440786,1.7,13.3483075370086));
#4793=CARTESIAN_POINT('',(4.51903598804455,1.7,12.939084988669));
#4794=CARTESIAN_POINT('Origin',(4.6107324627065,1.7,13.430604832149));
#4795=CARTESIAN_POINT('Origin',(4.6107324627065,1.7,13.430604832149));
#4796=CARTESIAN_POINT('Origin',(4.20726797419394,1.7,11.2679175208372));
#4797=CARTESIAN_POINT('Origin',(2.12097335258718,9.7,8.61241598244538));
#4798=CARTESIAN_POINT('',(2.12097335258718,11.4,8.61241598244537));
#4799=CARTESIAN_POINT('',(1.8068769728558,11.5464466094067,8.77472268051923));
#4800=CARTESIAN_POINT('Origin',(2.12097335258718,11.9,8.61241598244537));
#4801=CARTESIAN_POINT('Origin',(2.12097335258718,11.9,8.61241598244537));
#4802=CARTESIAN_POINT('',(1.340549818075,9.7,7.10213815807679));
#4803=CARTESIAN_POINT('Origin',(2.12097335258718,9.7,8.61241598244538));
#4804=CARTESIAN_POINT('',(1.60419413609631,9.7,6.57564150282801));
#4805=CARTESIAN_POINT('Origin',(1.11101348439495,9.7,6.65793879796838));
#4806=CARTESIAN_POINT('Origin',(1.11101348439495,9.7,6.65793879796838));
#4807=CARTESIAN_POINT('Origin',(4.22052069545041,11.9,12.6754659199647));
#4808=CARTESIAN_POINT('',(3.60077259451427,11.4,11.476127647672));
#4809=CARTESIAN_POINT('',(3.28667621478289,11.5464466094067,11.6384343457459));
#4810=CARTESIAN_POINT('Origin',(3.60077259451427,11.9,11.476127647672));
#4811=CARTESIAN_POINT('',(3.90642431571903,11.5464466094067,12.8377726180386));
#4812=CARTESIAN_POINT('Origin',(3.60077259451427,11.9,11.476127647672));
#4813=CARTESIAN_POINT('Origin',(3.60077259451427,9.70000000000001,11.476127647672));
#4814=CARTESIAN_POINT('',(4.38119612902645,9.7,12.9864054720406));
#4815=CARTESIAN_POINT('',(5.10391311440786,9.7,13.3483075370086));
#4816=CARTESIAN_POINT('Origin',(4.6107324627065,9.7,13.430604832149));
#4817=CARTESIAN_POINT('Origin',(4.6107324627065,9.7,13.430604832149));
#4818=CARTESIAN_POINT('Origin',(3.60077259451427,9.70000000000001,11.476127647672));
#4819=CARTESIAN_POINT('Origin',(4.6107324627065,0.,13.430604832149));
#4820=CARTESIAN_POINT('',(5.10391311440786,0.,13.3483075370086));
#4821=CARTESIAN_POINT('Origin',(1.11101348439495,0.,6.65793879796838));
#4822=CARTESIAN_POINT('',(1.60419413609631,0.,6.57564150282801));
#4823=CARTESIAN_POINT('Origin',(-7.77285653256506,9.7,-4.27257982268631));
#4824=CARTESIAN_POINT('',(-7.77285653256506,11.4,-4.27257982268631));
#4825=CARTESIAN_POINT('',(-7.67953776149397,11.5464466094067,-4.6135953750674));
#4826=CARTESIAN_POINT('Origin',(-7.77285653256506,11.9,-4.27257982268631));
#4827=CARTESIAN_POINT('Origin',(-7.77285653256506,11.9,-4.27257982268631));
#4828=CARTESIAN_POINT('',(-6.13314254742956,9.7,-3.8238727389991));
#4829=CARTESIAN_POINT('Origin',(-7.77285653256506,9.7,-4.27257982268631));
#4830=CARTESIAN_POINT('',(-5.92434780733328,9.7,-3.27331682819512));
#4831=CARTESIAN_POINT('Origin',(-5.65087372827207,9.7,-3.69190006732639));
#4832=CARTESIAN_POINT('Origin',(-5.65087372827207,9.7,-3.69190006732639));
#4833=CARTESIAN_POINT('Origin',(-12.1841242459341,11.9,-5.47972148822856));
#4834=CARTESIAN_POINT('',(-10.8819984342088,11.4,-5.12339527471224));
#4835=CARTESIAN_POINT('',(-10.7886796631377,11.5464466094067,-5.46441082709334));
#4836=CARTESIAN_POINT('Origin',(-10.8819984342088,11.9,-5.12339527471224));
#4837=CARTESIAN_POINT('',(-12.090805474863,11.5464466094067,-5.82073704060965));
#4838=CARTESIAN_POINT('Origin',(-10.8819984342088,11.9,-5.12339527471224));
#4839=CARTESIAN_POINT('Origin',(-10.8819984342088,9.70000000000001,-5.12339527471224));
#4840=CARTESIAN_POINT('',(-12.5217124193443,9.7,-5.57210235839946));
#4841=CARTESIAN_POINT('',(-13.277455317563,9.7,-5.2854917909409));
#4842=CARTESIAN_POINT('Origin',(-13.0039812385018,9.7,-5.70407503007216));
#4843=CARTESIAN_POINT('Origin',(-13.0039812385018,9.7,-5.70407503007216));
#4844=CARTESIAN_POINT('Origin',(-10.8819984342088,9.70000000000001,-5.12339527471224));
#4845=CARTESIAN_POINT('Origin',(-13.0039812385018,0.,-5.70407503007217));
#4846=CARTESIAN_POINT('',(-13.277455317563,1.7,-5.2854917909409));
#4847=CARTESIAN_POINT('',(-13.277455317563,0.,-5.2854917909409));
#4848=CARTESIAN_POINT('',(-12.5802540046117,1.7,-5.43864098692805));
#4849=CARTESIAN_POINT('Origin',(-13.0039812385018,1.7,-5.70407503007215));
#4850=CARTESIAN_POINT('Origin',(-13.0039812385018,1.7,-5.70407503007215));
#4851=CARTESIAN_POINT('Origin',(-5.65087372827207,0.,-3.69190006732638));
#4852=CARTESIAN_POINT('',(-5.92434780733328,1.7,-3.27331682819512));
#4853=CARTESIAN_POINT('',(-5.92434780733328,0.,-3.27331682819512));
#4854=CARTESIAN_POINT('',(-5.96545595894568,1.7,-4.08053616979811));
#4855=CARTESIAN_POINT('Origin',(-5.65087372827207,1.7,-3.69190006732637));
#4856=CARTESIAN_POINT('Origin',(-5.65087372827207,1.7,-3.69190006732637));
#4857=CARTESIAN_POINT('Origin',(6.04996348873138,1.7,6.48615285065674));
#4858=CARTESIAN_POINT('',(6.04996348873137,0.,6.48615285065674));
#4859=CARTESIAN_POINT('',(5.74229132553946,-0.853553390593273,6.66033046114904));
#4860=CARTESIAN_POINT('Origin',(6.04996348873139,-0.5,6.48615285065673));
#4861=CARTESIAN_POINT('',(5.21246073606356,1.7,5.00676475442444));
#4862=CARTESIAN_POINT('Origin',(6.04996348873138,1.7,6.48615285065674));
#4863=CARTESIAN_POINT('',(5.30477718285651,1.7,4.20378865313719));
#4864=CARTESIAN_POINT('Origin',(4.96613639704363,1.7,4.57165060847375));
#4865=CARTESIAN_POINT('Origin',(4.96613639704363,1.7,4.57165060847375));
#4866=CARTESIAN_POINT('Origin',(6.04996348873139,-0.5,6.48615285065673));
#4867=CARTESIAN_POINT('Origin',(7.24098594356197,-0.5,8.59000795609855));
#4868=CARTESIAN_POINT('',(7.6379934285055,-2.77555756156284E-16,9.29129299124582));
#4869=CARTESIAN_POINT('',(7.33032126531359,-0.853553390593274,9.46547060173812));
#4870=CARTESIAN_POINT('Origin',(7.63799342850554,-0.5,9.2912929912458));
#4871=CARTESIAN_POINT('Origin',(7.63799342850554,-0.5,9.2912929912458));
#4872=CARTESIAN_POINT('',(6.93331378037005,-0.853553390593274,8.76418556659085));
#4873=CARTESIAN_POINT('Origin',(7.63799342850551,1.7,9.29129299124582));
#4874=CARTESIAN_POINT('',(9.16155739579652,1.7,10.9678215369103));
#4875=CARTESIAN_POINT('',(8.47549618117332,1.7,10.7706810874781));
#4876=CARTESIAN_POINT('Origin',(8.72182052019328,1.7,11.2057952334288));
#4877=CARTESIAN_POINT('Origin',(8.72182052019328,1.7,11.2057952334288));
#4878=CARTESIAN_POINT('Origin',(7.63799342850551,1.7,9.29129299124582));
#4879=CARTESIAN_POINT('Origin',(4.8025000641345,9.7,7.45709260711261));
#4880=CARTESIAN_POINT('',(4.8025000641345,11.4,7.45709260711261));
#4881=CARTESIAN_POINT('',(4.55812319134176,11.5464466094067,7.71259200837226));
#4882=CARTESIAN_POINT('Origin',(4.8025000641345,11.9,7.4570926071126));
#4883=CARTESIAN_POINT('Origin',(4.8025000641345,11.9,7.4570926071126));
#4884=CARTESIAN_POINT('',(3.57397562143985,9.7,6.28204890847762));
#4885=CARTESIAN_POINT('Origin',(4.8025000641345,9.7,7.45709260711261));
#4886=CARTESIAN_POINT('',(3.65238177860349,9.7,5.69847412412526));
#4887=CARTESIAN_POINT('Origin',(3.21264490300024,9.7,5.9364478206438));
#4888=CARTESIAN_POINT('Origin',(3.21264490300024,9.7,5.9364478206438));
#4889=CARTESIAN_POINT('Origin',(8.10755829884595,11.9,10.6182733841113));
#4890=CARTESIAN_POINT('',(7.13196535905902,11.4,9.68515044695998));
#4891=CARTESIAN_POINT('',(6.88758848626628,11.5464466094067,9.94064984821963));
#4892=CARTESIAN_POINT('Origin',(7.13196535905902,11.9,9.68515044695998));
#4893=CARTESIAN_POINT('',(7.86318142605321,11.5464466094067,10.8737727853709));
#4894=CARTESIAN_POINT('Origin',(7.13196535905902,11.9,9.68515044695998));
#4895=CARTESIAN_POINT('Origin',(7.13196535905902,9.70000000000001,9.68515044695998));
#4896=CARTESIAN_POINT('',(8.36048980175367,9.7,10.860194145595));
#4897=CARTESIAN_POINT('',(9.16155739579652,9.7,10.9678215369103));
#4898=CARTESIAN_POINT('Origin',(8.72182052019328,9.7,11.2057952334288));
#4899=CARTESIAN_POINT('Origin',(8.72182052019328,9.7,11.2057952334288));
#4900=CARTESIAN_POINT('Origin',(7.13196535905902,9.70000000000001,9.68515044695998));
#4901=CARTESIAN_POINT('Origin',(8.72182052019328,0.,11.2057952334288));
#4902=CARTESIAN_POINT('',(9.16155739579652,0.,10.9678215369103));
#4903=CARTESIAN_POINT('Origin',(3.21264490300025,0.,5.9364478206438));
#4904=CARTESIAN_POINT('',(3.65238177860349,0.,5.69847412412526));
#4905=CARTESIAN_POINT('Origin',(7.77285653256506,1.7,-4.27257982268628));
#4906=CARTESIAN_POINT('',(7.77285653256507,0.,-4.27257982268628));
#4907=CARTESIAN_POINT('',(7.86617530363614,-0.853553390593273,-3.93156427030518));
#4908=CARTESIAN_POINT('Origin',(7.77285653256506,-0.5,-4.2725798226863));
#4909=CARTESIAN_POINT('',(6.13314254742957,1.7,-3.82387273899906));
#4910=CARTESIAN_POINT('Origin',(7.77285653256506,1.7,-4.27257982268628));
#4911=CARTESIAN_POINT('',(5.37739964921086,1.7,-4.11048330645764));
#4912=CARTESIAN_POINT('Origin',(5.65087372827207,1.7,-3.69190006732638));
#4913=CARTESIAN_POINT('Origin',(5.65087372827207,1.7,-3.69190006732638));
#4914=CARTESIAN_POINT('Origin',(7.77285653256506,-0.5,-4.2725798226863));
#4915=CARTESIAN_POINT('Origin',(10.1047129587979,-0.5,-4.91069141170573));
#4916=CARTESIAN_POINT('',(10.8819984342088,-2.77555756156284E-16,-5.12339527471222));
#4917=CARTESIAN_POINT('',(10.9753172052799,-0.853553390593274,-4.78237972233112));
#4918=CARTESIAN_POINT('Origin',(10.8819984342088,-0.5,-5.12339527471226));
#4919=CARTESIAN_POINT('Origin',(10.8819984342088,-0.5,-5.12339527471226));
#4920=CARTESIAN_POINT('',(10.198031729869,-0.853553390593274,-4.56967585932464));
#4921=CARTESIAN_POINT('Origin',(10.8819984342088,1.7,-5.12339527471222));
#4922=CARTESIAN_POINT('',(12.8812384949314,1.7,-6.18877516304183));
#4923=CARTESIAN_POINT('',(12.5217124193443,1.7,-5.57210235839944));
#4924=CARTESIAN_POINT('Origin',(13.0039812385018,1.7,-5.70407503007216));
#4925=CARTESIAN_POINT('Origin',(13.0039812385018,1.7,-5.70407503007216));
#4926=CARTESIAN_POINT('Origin',(10.8819984342088,1.7,-5.12339527471222));
#4927=CARTESIAN_POINT('Origin',(7.82821016709015,1.7,4.17029526495808));
#4928=CARTESIAN_POINT('',(7.82821016709015,0.,4.17029526495808));
#4929=CARTESIAN_POINT('',(7.59376390802609,-0.853553390593273,4.43493644015738));
#4930=CARTESIAN_POINT('Origin',(7.82821016709016,-0.5,4.17029526495806));
#4931=CARTESIAN_POINT('',(6.55572909405083,1.7,3.04300119562359));
#4932=CARTESIAN_POINT('Origin',(7.82821016709015,1.7,4.17029526495808));
#4933=CARTESIAN_POINT('',(6.38231766724812,1.7,2.25355745308002));
#4934=CARTESIAN_POINT('Origin',(6.18146995492163,1.7,2.71144411640755));
#4935=CARTESIAN_POINT('Origin',(6.18146995492163,1.7,2.71144411640755));
#4936=CARTESIAN_POINT('Origin',(7.82821016709016,-0.5,4.17029526495806));
#4937=CARTESIAN_POINT('Origin',(9.63782037614206,-0.5,5.77343333883049));
#4938=CARTESIAN_POINT('',(10.2410237791594,-2.77555756156284E-16,6.30781269678796));
#4939=CARTESIAN_POINT('',(10.0065775200953,-0.853553390593274,6.57245387198727));
#4940=CARTESIAN_POINT('Origin',(10.2410237791594,-0.5,6.30781269678794));
#4941=CARTESIAN_POINT('Origin',(10.2410237791594,-0.5,6.30781269678794));
#4942=CARTESIAN_POINT('',(9.40337411707801,-0.853553390593274,6.0380745140298));
#4943=CARTESIAN_POINT('Origin',(10.2410237791594,1.7,6.30781269678796));
#4944=CARTESIAN_POINT('',(12.2264047771408,1.7,7.3988018900019));
#4945=CARTESIAN_POINT('',(11.5135048521987,1.7,7.43510676612244));
#4946=CARTESIAN_POINT('Origin',(11.8877639913279,1.7,7.76666384533847));
#4947=CARTESIAN_POINT('Origin',(11.8877639913279,1.7,7.76666384533847));
#4948=CARTESIAN_POINT('Origin',(10.2410237791594,1.7,6.30781269678796));
#4949=CARTESIAN_POINT('Origin',(8.40785162420696,9.7,-2.82493682803454));
#4950=CARTESIAN_POINT('',(8.40785162420696,11.4,-2.82493682803455));
#4951=CARTESIAN_POINT('',(8.59554183607193,11.5464466094067,-2.52531642757743));
#4952=CARTESIAN_POINT('Origin',(8.40785162420696,11.9,-2.82493682803455));
#4953=CARTESIAN_POINT('Origin',(8.40785162420696,11.9,-2.82493682803455));
#4954=CARTESIAN_POINT('',(6.96717902898059,9.7,-1.92246108134451));
#4955=CARTESIAN_POINT('Origin',(8.40785162420696,9.7,-2.82493682803454));
#4956=CARTESIAN_POINT('',(6.42070905152008,9.7,-2.14172717117006));
#4957=CARTESIAN_POINT('Origin',(6.54345179509048,9.7,-1.65702703820039));
#4958=CARTESIAN_POINT('Origin',(6.54345179509048,9.7,-1.65702703820039));
#4959=CARTESIAN_POINT('Origin',(12.2836449408886,11.9,-5.25283715672714));
#4960=CARTESIAN_POINT('',(11.1395814093853,11.4,-4.536165240238));
#4961=CARTESIAN_POINT('',(11.3272716212503,11.5464466094067,-4.23654483978089));
#4962=CARTESIAN_POINT('Origin',(11.1395814093853,11.9,-4.536165240238));
#4963=CARTESIAN_POINT('',(12.4713351527536,11.5464466094067,-4.95321675627003));
#4964=CARTESIAN_POINT('Origin',(11.1395814093853,11.9,-4.536165240238));
#4965=CARTESIAN_POINT('Origin',(11.1395814093853,9.70000000000001,-4.53616524023801));
#4966=CARTESIAN_POINT('',(12.5802540046117,9.7,-5.43864098692803));
#4967=CARTESIAN_POINT('',(12.8812384949314,9.7,-6.18877516304183));
#4968=CARTESIAN_POINT('Origin',(13.0039812385018,9.7,-5.70407503007216));
#4969=CARTESIAN_POINT('Origin',(13.0039812385018,9.7,-5.70407503007216));
#4970=CARTESIAN_POINT('Origin',(11.1395814093853,9.70000000000001,-4.53616524023801));
#4971=CARTESIAN_POINT('Origin',(13.0039812385018,0.,-5.70407503007216));
#4972=CARTESIAN_POINT('',(12.8812384949314,0.,-6.18877516304183));
#4973=CARTESIAN_POINT('Origin',(6.54345179509048,0.,-1.65702703820039));
#4974=CARTESIAN_POINT('',(6.42070905152008,1.7,-2.14172717117006));
#4975=CARTESIAN_POINT('',(6.42070905152008,0.,-2.14172717117006));
#4976=CARTESIAN_POINT('',(7.0424414158259,1.7,-1.6252566369073));
#4977=CARTESIAN_POINT('Origin',(6.54345179509048,1.7,-1.6570270382004));
#4978=CARTESIAN_POINT('Origin',(6.54345179509048,1.7,-1.6570270382004));
#4979=CARTESIAN_POINT('Origin',(8.73900612632632,1.7,-1.51723727251089));
#4980=CARTESIAN_POINT('',(8.73900612632633,0.,-1.51723727251089));
#4981=CARTESIAN_POINT('',(8.71654106013098,-0.853553390593273,-1.16439832794717));
#4982=CARTESIAN_POINT('Origin',(8.73900612632633,-0.5,-1.51723727251091));
#4983=CARTESIAN_POINT('Origin',(8.73900612632632,1.7,-1.51723727251089));
#4984=CARTESIAN_POINT('Origin',(8.73900612632633,-0.5,-1.51723727251091));
#4985=CARTESIAN_POINT('Origin',(11.1517106336757,-0.5,-1.36362167167515));
#4986=CARTESIAN_POINT('',(11.9559454694589,-2.77555756156284E-16,-1.31241647139657));
#4987=CARTESIAN_POINT('',(11.9334804032635,-0.853553390593274,-0.959577526832848));
#4988=CARTESIAN_POINT('Origin',(11.9559454694589,-0.5,-1.31241647139661));
#4989=CARTESIAN_POINT('Origin',(11.9559454694589,-0.5,-1.31241647139661));
#4990=CARTESIAN_POINT('',(11.1292455674804,-0.853553390593274,-1.01078272711143));
#4991=CARTESIAN_POINT('Origin',(11.9559454694589,1.7,-1.31241647139657));
#4992=CARTESIAN_POINT('',(14.1927894734309,1.7,-1.67091895221045));
#4993=CARTESIAN_POINT('',(13.6525101799593,1.7,-1.20439710700016));
#4994=CARTESIAN_POINT('Origin',(14.1514998006947,1.7,-1.17262670570711));
#4995=CARTESIAN_POINT('Origin',(14.1514998006947,1.7,-1.17262670570711));
#4996=CARTESIAN_POINT('Origin',(11.9559454694589,1.7,-1.31241647139657));
#4997=CARTESIAN_POINT('Origin',(8.86954652043521,9.7,0.0581510008615641));
#4998=CARTESIAN_POINT('',(8.8695465204352,11.4,0.0581510008615617));
#4999=CARTESIAN_POINT('',(8.94978057392422,11.5464466094067,0.40248005374662));
#5000=CARTESIAN_POINT('Origin',(8.8695465204352,11.9,0.0581510008615593));
#5001=CARTESIAN_POINT('Origin',(8.8695465204352,11.9,0.0581510008615593));
#5002=CARTESIAN_POINT('',(7.21390014430415,9.7,0.443942495329913));
#5003=CARTESIAN_POINT('Origin',(8.86954652043521,9.7,0.058151000861564));
#5004=CARTESIAN_POINT('',(6.76823500053119,9.7,0.0591183354349108));
#5005=CARTESIAN_POINT('Origin',(6.72694532779502,9.7,0.55741058193825));
#5006=CARTESIAN_POINT('Origin',(6.72694532779502,9.7,0.55741058193825));
#5007=CARTESIAN_POINT('Origin',(13.3236766126292,11.9,-0.979730958472937));
#5008=CARTESIAN_POINT('',(12.0088986080545,11.4,-0.673367124630424));
#5009=CARTESIAN_POINT('',(12.0891326615435,11.5464466094067,-0.329038071745368));
#5010=CARTESIAN_POINT('Origin',(12.0088986080545,11.9,-0.673367124630425));
#5011=CARTESIAN_POINT('',(13.4039106661182,11.5464466094067,-0.63540190558788));
#5012=CARTESIAN_POINT('Origin',(12.0088986080545,11.9,-0.673367124630425));
#5013=CARTESIAN_POINT('Origin',(12.0088986080545,9.70000000000001,-0.673367124630425));
#5014=CARTESIAN_POINT('',(13.6645449841856,9.7,-1.05915861909877));
#5015=CARTESIAN_POINT('',(14.1927894734309,9.7,-1.67091895221045));
#5016=CARTESIAN_POINT('Origin',(14.1514998006947,9.7,-1.17262670570711));
#5017=CARTESIAN_POINT('Origin',(14.1514998006947,9.7,-1.17262670570711));
#5018=CARTESIAN_POINT('Origin',(12.0088986080545,9.70000000000001,-0.673367124630425));
#5019=CARTESIAN_POINT('Origin',(14.1514998006947,0.,-1.17262670570711));
#5020=CARTESIAN_POINT('',(14.1927894734309,0.,-1.67091895221045));
#5021=CARTESIAN_POINT('Origin',(6.72694532779502,0.,0.557410581938246));
#5022=CARTESIAN_POINT('',(6.76823500053119,1.7,0.0591183354349108));
#5023=CARTESIAN_POINT('',(6.76823500053119,0.,0.0591183354349108));
#5024=CARTESIAN_POINT('',(7.18858248207995,1.7,0.749481240248433));
#5025=CARTESIAN_POINT('Origin',(6.72694532779502,1.7,0.557410581938234));
#5026=CARTESIAN_POINT('Origin',(6.72694532779502,1.7,0.557410581938234));
#5027=CARTESIAN_POINT('Origin',(8.75814880664876,1.7,1.40252147850299));
#5028=CARTESIAN_POINT('',(8.75814880664876,0.,1.40252147850299));
#5029=CARTESIAN_POINT('',(8.62233434169068,-0.853553390593273,1.72894824074553));
#5030=CARTESIAN_POINT('Origin',(8.75814880664877,-0.5,1.40252147850297));
#5031=CARTESIAN_POINT('Origin',(8.75814880664876,1.7,1.40252147850299));
#5032=CARTESIAN_POINT('Origin',(8.75814880664877,-0.5,1.40252147850297));
#5033=CARTESIAN_POINT('Origin',(10.9902474247757,-0.5,2.33121763525173));
#5034=CARTESIAN_POINT('',(11.7342802974847,-2.77555756156284E-16,2.64078302083465));
#5035=CARTESIAN_POINT('',(11.5984658325267,-0.853553390593274,2.96720978307719));
#5036=CARTESIAN_POINT('Origin',(11.7342802974847,-0.5,2.64078302083461));
#5037=CARTESIAN_POINT('Origin',(11.7342802974847,-0.5,2.64078302083461));
#5038=CARTESIAN_POINT('',(10.8544329598177,-0.853553390593274,2.65764439749428));
#5039=CARTESIAN_POINT('Origin',(11.7342802974847,1.7,2.64078302083464));
#5040=CARTESIAN_POINT('',(13.966331488665,1.7,3.02800725407183));
#5041=CARTESIAN_POINT('',(13.3038466220535,1.7,3.29382325908919));
#5042=CARTESIAN_POINT('Origin',(13.7654837763385,1.7,3.48589391739935));
#5043=CARTESIAN_POINT('Origin',(13.7654837763385,1.7,3.48589391739935));
#5044=CARTESIAN_POINT('Origin',(11.7342802974847,1.7,2.64078302083464));
#5045=CARTESIAN_POINT('Origin',(8.37008842598002,9.7,2.93493726650857));
#5046=CARTESIAN_POINT('',(8.37008842598001,11.4,2.93493726650857));
#5047=CARTESIAN_POINT('',(8.33417171643793,11.5464466094067,3.28666157612573));
#5048=CARTESIAN_POINT('Origin',(8.37008842598001,11.9,2.93493726650857));
#5049=CARTESIAN_POINT('Origin',(8.37008842598001,11.9,2.93493726650857));
#5050=CARTESIAN_POINT('',(6.67888324379854,9.7,2.76223801415778));
#5051=CARTESIAN_POINT('Origin',(8.37008842598002,9.7,2.93493726650857));
#5052=CARTESIAN_POINT('',(6.38231766724812,9.7,2.25355745308002));
#5053=CARTESIAN_POINT('Origin',(6.18146995492163,9.7,2.71144411640755));
#5054=CARTESIAN_POINT('Origin',(6.18146995492163,9.7,2.71144411640755));
#5055=CARTESIAN_POINT('Origin',(12.9198811852477,11.9,3.39954429122396));
#5056=CARTESIAN_POINT('',(11.5768653052801,11.4,3.26240076729833));
#5057=CARTESIAN_POINT('',(11.540948595738,11.5464466094067,3.61412507691549));
#5058=CARTESIAN_POINT('Origin',(11.5768653052801,11.9,3.26240076729833));
#5059=CARTESIAN_POINT('',(12.8839644757057,11.5464466094067,3.75126860084112));
#5060=CARTESIAN_POINT('Origin',(11.5768653052801,11.9,3.26240076729833));
#5061=CARTESIAN_POINT('Origin',(11.5768653052801,9.70000000000001,3.26240076729833));
#5062=CARTESIAN_POINT('',(13.2680704874616,9.7,3.43510001964912));
#5063=CARTESIAN_POINT('',(13.966331488665,9.7,3.02800725407183));
#5064=CARTESIAN_POINT('Origin',(13.7654837763385,9.7,3.48589391739935));
#5065=CARTESIAN_POINT('Origin',(13.7654837763385,9.7,3.48589391739935));
#5066=CARTESIAN_POINT('Origin',(11.5768653052801,9.70000000000001,3.26240076729833));
#5067=CARTESIAN_POINT('Origin',(13.7654837763385,0.,3.48589391739936));
#5068=CARTESIAN_POINT('',(13.966331488665,0.,3.02800725407183));
#5069=CARTESIAN_POINT('Origin',(6.18146995492164,0.,2.71144411640755));
#5070=CARTESIAN_POINT('',(6.38231766724812,0.,2.25355745308002));
#5071=CARTESIAN_POINT('Origin',(6.96360137526645,9.7,5.49367753908552));
#5072=CARTESIAN_POINT('',(6.96360137526645,11.4,5.49367753908551));
#5073=CARTESIAN_POINT('',(6.81542603547731,11.5464466094067,5.81468231892278));
#5074=CARTESIAN_POINT('Origin',(6.96360137526645,11.9,5.49367753908551));
#5075=CARTESIAN_POINT('Origin',(6.96360137526645,11.9,5.49367753908551));
#5076=CARTESIAN_POINT('',(5.42010571027609,9.7,4.78120218361279));
#5077=CARTESIAN_POINT('Origin',(6.96360137526645,9.7,5.49367753908552));
#5078=CARTESIAN_POINT('',(5.30477718285651,9.7,4.20378865313719));
#5079=CARTESIAN_POINT('Origin',(4.96613639704363,9.7,4.57165060847376));
#5080=CARTESIAN_POINT('Origin',(4.96613639704363,9.7,4.57165060847376));
#5081=CARTESIAN_POINT('Origin',(11.1160161588327,11.9,7.41042616760211));
#5082=CARTESIAN_POINT('',(9.89029901310509,11.4,6.84463691472671));
#5083=CARTESIAN_POINT('',(9.74212367331596,11.5464466094067,7.16564169456398));
#5084=CARTESIAN_POINT('Origin',(9.89029901310509,11.9,6.84463691472671));
#5085=CARTESIAN_POINT('',(10.9678408190436,11.5464466094067,7.73143094743938));
#5086=CARTESIAN_POINT('Origin',(9.89029901310509,11.9,6.84463691472671));
#5087=CARTESIAN_POINT('Origin',(9.89029901310509,9.70000000000001,6.84463691472671));
#5088=CARTESIAN_POINT('',(11.4337946780954,9.7,7.55711227019943));
#5089=CARTESIAN_POINT('',(12.2264047771408,9.7,7.3988018900019));
#5090=CARTESIAN_POINT('Origin',(11.8877639913279,9.7,7.76666384533846));
#5091=CARTESIAN_POINT('Origin',(11.8877639913279,9.7,7.76666384533846));
#5092=CARTESIAN_POINT('Origin',(9.89029901310509,9.70000000000001,6.84463691472671));
#5093=CARTESIAN_POINT('Origin',(11.8877639913279,0.,7.76666384533847));
#5094=CARTESIAN_POINT('',(12.2264047771408,0.,7.3988018900019));
#5095=CARTESIAN_POINT('Origin',(4.96613639704364,0.,4.57165060847375));
#5096=CARTESIAN_POINT('',(5.30477718285651,0.,4.20378865313719));
#5097=CARTESIAN_POINT('Origin',(2.23371654398685,9.7,-8.58386552889693));
#5098=CARTESIAN_POINT('',(2.23371654398685,11.4,-8.58386552889692));
#5099=CARTESIAN_POINT('',(2.5872055151303,11.5464466094067,-8.57711665640235));
#5100=CARTESIAN_POINT('Origin',(2.23371654398685,11.9,-8.58386552889692));
#5101=CARTESIAN_POINT('Origin',(2.23371654398685,11.9,-8.58386552889692));
#5102=CARTESIAN_POINT('',(2.20126576414417,9.7,-6.88417527861965));
#5103=CARTESIAN_POINT('Origin',(2.23371654398685,9.7,-8.58386552889693));
#5104=CARTESIAN_POINT('',(1.7188127962813,9.7,-6.54661611608162));
#5105=CARTESIAN_POINT('Origin',(2.19172141713162,9.7,-6.38426638147928));
#5106=CARTESIAN_POINT('Origin',(2.19172141713162,9.7,-6.38426638147928));
#5107=CARTESIAN_POINT('Origin',(2.32101779206509,11.9,-13.15648538318));
#5108=CARTESIAN_POINT('',(2.29524805513119,11.4,-11.806731360901));
#5109=CARTESIAN_POINT('',(2.64873702627464,11.5464466094067,-11.7999824884064));
#5110=CARTESIAN_POINT('Origin',(2.29524805513119,11.9,-11.806731360901));
#5111=CARTESIAN_POINT('',(2.67450676320853,11.5464466094067,-13.1497365106854));
#5112=CARTESIAN_POINT('Origin',(2.29524805513119,11.9,-11.806731360901));
#5113=CARTESIAN_POINT('Origin',(2.29524805513119,9.70000000000001,-11.806731360901));
#5114=CARTESIAN_POINT('',(2.32769883497387,9.7,-13.5064216111783));
#5115=CARTESIAN_POINT('',(1.86433456113611,9.7,-14.168680242921));
#5116=CARTESIAN_POINT('Origin',(2.33724318198642,9.7,-14.0063305083186));
#5117=CARTESIAN_POINT('Origin',(2.33724318198642,9.7,-14.0063305083186));
#5118=CARTESIAN_POINT('Origin',(2.29524805513119,9.70000000000001,-11.806731360901));
#5119=CARTESIAN_POINT('Origin',(2.33724318198643,0.,-14.0063305083187));
#5120=CARTESIAN_POINT('',(1.86433456113611,1.7,-14.168680242921));
#5121=CARTESIAN_POINT('',(1.86433456113611,0.,-14.168680242921));
#5122=CARTESIAN_POINT('',(2.18395023639951,1.7,-13.5304090097149));
#5123=CARTESIAN_POINT('Origin',(2.33724318198641,1.7,-14.0063305083187));
#5124=CARTESIAN_POINT('Origin',(2.33724318198641,1.7,-14.0063305083187));
#5125=CARTESIAN_POINT('Origin',(2.19172141713161,0.,-6.38426638147928));
#5126=CARTESIAN_POINT('',(1.7188127962813,1.7,-6.54661611608162));
#5127=CARTESIAN_POINT('',(1.7188127962813,0.,-6.54661611608162));
#5128=CARTESIAN_POINT('',(2.49123998607858,1.7,-6.78462700248984));
#5129=CARTESIAN_POINT('Origin',(2.19172141713161,1.7,-6.38426638147929));
#5130=CARTESIAN_POINT('Origin',(2.19172141713161,1.7,-6.38426638147929));
#5131=CARTESIAN_POINT('Origin',(0.674488960582523,1.7,-8.84405459385669));
#5132=CARTESIAN_POINT('',(0.674488960582526,0.,-8.84405459385669));
#5133=CARTESIAN_POINT('',(1.01101627955773,-0.853553390593273,-8.73566011252411));
#5134=CARTESIAN_POINT('Origin',(0.674488960582503,-0.5,-8.8440545938567));
#5135=CARTESIAN_POINT('',(0.153292945586959,1.7,-7.22592149860378));
#5136=CARTESIAN_POINT('Origin',(0.674488960582523,1.7,-8.84405459385669));
#5137=CARTESIAN_POINT('',(-0.5,1.7,-6.75));
#5138=CARTESIAN_POINT('Origin',(4.53757762199175E-16,1.7,-6.75));
#5139=CARTESIAN_POINT('Origin',(4.53757762199175E-16,1.7,-6.75));
#5140=CARTESIAN_POINT('Origin',(0.674488960582503,-0.5,-8.8440545938567));
#5141=CARTESIAN_POINT('Origin',(1.41568790619859,-0.5,-11.1452205843106));
#5142=CARTESIAN_POINT('',(1.66275422140395,-2.77555756156284E-16,-11.912275914462));
#5143=CARTESIAN_POINT('',(1.99928154037916,-0.853553390593274,-11.8038814331294));
#5144=CARTESIAN_POINT('Origin',(1.66275422140391,-0.5,-11.912275914462));
#5145=CARTESIAN_POINT('Origin',(1.66275422140391,-0.5,-11.912275914462));
#5146=CARTESIAN_POINT('',(1.7522152251738,-0.853553390593274,-11.0368261029781));
#5147=CARTESIAN_POINT('Origin',(1.66275422140394,1.7,-11.912275914462));
#5148=CARTESIAN_POINT('Origin',(1.66275422140394,1.7,-11.912275914462));
#5149=CARTESIAN_POINT('Origin',(-3.50960312049818,9.7,-8.14585311392582));
#5150=CARTESIAN_POINT('',(-3.50960312049818,11.4,-8.14585311392582));
#5151=CARTESIAN_POINT('',(-3.22650541046154,11.5464466094067,-8.35764472511948));
#5152=CARTESIAN_POINT('Origin',(-3.50960312049818,11.9,-8.14585311392581));
#5153=CARTESIAN_POINT('Origin',(-3.50960312049818,11.9,-8.14585311392581));
#5154=CARTESIAN_POINT('',(-2.49123998607856,9.7,-6.78462700248986));
#5155=CARTESIAN_POINT('Origin',(-3.50960312049818,9.7,-8.14585311392582));
#5156=CARTESIAN_POINT('',(-2.66463003798193,9.7,-6.22191664687694));
#5157=CARTESIAN_POINT('Origin',(-2.19172141713161,9.7,-6.38426638147929));
#5158=CARTESIAN_POINT('Origin',(-2.19172141713161,9.7,-6.38426638147929));
#5159=CARTESIAN_POINT('Origin',(-6.24927141391663,11.9,-11.8079142114142));
#5160=CARTESIAN_POINT('',(-5.44057127775988,11.4,-10.7269405346856));
#5161=CARTESIAN_POINT('',(-5.15747356772325,11.5464466094067,-10.9387321458793));
#5162=CARTESIAN_POINT('Origin',(-5.44057127775988,11.9,-10.7269405346856));
#5163=CARTESIAN_POINT('',(-5.96617370388,11.5464466094067,-12.0197058226078));
#5164=CARTESIAN_POINT('Origin',(-5.44057127775988,11.9,-10.7269405346856));
#5165=CARTESIAN_POINT('Origin',(-5.44057127775988,9.70000000000001,-10.7269405346856));
#5166=CARTESIAN_POINT('',(-6.45893441217949,9.7,-12.0881666461216));
#5167=CARTESIAN_POINT('',(-7.23136160197676,9.7,-12.3261775325298));
#5168=CARTESIAN_POINT('Origin',(-6.75845298112644,9.7,-12.4885272671321));
#5169=CARTESIAN_POINT('Origin',(-6.75845298112644,9.7,-12.4885272671321));
#5170=CARTESIAN_POINT('Origin',(-5.44057127775988,9.70000000000001,-10.7269405346856));
#5171=CARTESIAN_POINT('Origin',(-6.75845298112644,0.,-12.4885272671321));
#5172=CARTESIAN_POINT('',(-7.23136160197676,1.7,-12.3261775325298));
#5173=CARTESIAN_POINT('',(-7.23136160197676,0.,-12.3261775325298));
#5174=CARTESIAN_POINT('',(-6.58710561960901,1.7,-12.0188038573461));
#5175=CARTESIAN_POINT('Origin',(-6.75845298112646,1.7,-12.4885272671321));
#5176=CARTESIAN_POINT('Origin',(-6.75845298112646,1.7,-12.4885272671321));
#5177=CARTESIAN_POINT('Origin',(-2.19172141713161,0.,-6.38426638147928));
#5178=CARTESIAN_POINT('',(-2.66463003798193,1.7,-6.22191664687694));
#5179=CARTESIAN_POINT('',(-2.66463003798193,0.,-6.22191664687694));
#5180=CARTESIAN_POINT('',(-2.20126576414414,1.7,-6.88417527861966));
#5181=CARTESIAN_POINT('Origin',(-2.19172141713162,1.7,-6.38426638147928));
#5182=CARTESIAN_POINT('Origin',(-2.19172141713162,1.7,-6.38426638147928));
#5183=CARTESIAN_POINT('Origin',(-7.03503554323602,1.7,-5.40189891820193));
#5184=CARTESIAN_POINT('',(-7.03503554323602,0.,-5.40189891820193));
#5185=CARTESIAN_POINT('',(-6.76022831976436,-0.853553390593273,-5.62434214675204));
#5186=CARTESIAN_POINT('Origin',(-7.03503554323604,-0.5,-5.40189891820191));
#5187=CARTESIAN_POINT('Origin',(-7.03503554323602,1.7,-5.40189891820193));
#5188=CARTESIAN_POINT('Origin',(-7.03503554323604,-0.5,-5.40189891820191));
#5189=CARTESIAN_POINT('Origin',(-8.55609717325487,-0.5,-7.28102432920799));
#5190=CARTESIAN_POINT('',(-9.06311771659448,-2.77555756156284E-16,-7.90739946621001));
#5191=CARTESIAN_POINT('',(-8.78831049312282,-0.853553390593274,-8.12984269476012));
#5192=CARTESIAN_POINT('Origin',(-9.06311771659451,-0.5,-7.90739946620998));
#5193=CARTESIAN_POINT('Origin',(-9.06311771659451,-0.5,-7.90739946620998));
#5194=CARTESIAN_POINT('',(-8.28128994978321,-0.853553390593274,-7.5034675577581));
#5195=CARTESIAN_POINT('Origin',(-9.06311771659448,1.7,-7.90739946621));
#5196=CARTESIAN_POINT('',(-10.8418497862567,1.7,-9.31029196074069));
#5197=CARTESIAN_POINT('',(-10.1326973008848,1.7,-9.22876221461382));
#5198=CARTESIAN_POINT('Origin',(-10.4472795315585,1.7,-9.61739831708552));
#5199=CARTESIAN_POINT('Origin',(-10.4472795315585,1.7,-9.61739831708552));
#5200=CARTESIAN_POINT('Origin',(-9.06311771659448,1.7,-7.90739946621));
#5201=CARTESIAN_POINT('Origin',(-5.96439732520456,9.7,-6.56492205316698));
#5202=CARTESIAN_POINT('',(-5.96439732520456,11.4,-6.56492205316698));
#5203=CARTESIAN_POINT('',(-5.76540725370253,11.5464466094067,-6.85715988686347));
#5204=CARTESIAN_POINT('Origin',(-5.96439732520456,11.9,-6.56492205316698));
#5205=CARTESIAN_POINT('Origin',(-5.96439732520456,11.9,-6.56492205316698));
#5206=CARTESIAN_POINT('',(-4.55922251850737,9.7,-5.60811289632141));
#5207=CARTESIAN_POINT('Origin',(-5.96439732520456,9.7,-6.56492205316698));
#5208=CARTESIAN_POINT('',(-4.54050606535345,9.7,-5.01959208208082));
#5209=CARTESIAN_POINT('Origin',(-4.14593581065525,9.7,-5.32669843842566));
#5210=CARTESIAN_POINT('Origin',(-4.14593581065525,9.7,-5.32669843842566));
#5211=CARTESIAN_POINT('Origin',(-9.74469212820987,11.9,-9.13899373866274));
#5212=CARTESIAN_POINT('',(-8.62881801700917,11.4,-8.3791747023442));
#5213=CARTESIAN_POINT('',(-8.42982794550715,11.5464466094067,-8.67141253604069));
#5214=CARTESIAN_POINT('Origin',(-8.62881801700917,11.9,-8.3791747023442));
#5215=CARTESIAN_POINT('',(-9.54570205670785,11.5464466094067,-9.43123157235923));
#5216=CARTESIAN_POINT('Origin',(-8.62881801700917,11.9,-8.3791747023442));
#5217=CARTESIAN_POINT('Origin',(-8.62881801700917,9.70000000000001,-8.3791747023442));
#5218=CARTESIAN_POINT('',(-10.0339928237064,9.7,-9.33598385918977));
#5219=CARTESIAN_POINT('',(-10.8418497862567,9.7,-9.31029196074069));
#5220=CARTESIAN_POINT('Origin',(-10.4472795315585,9.7,-9.61739831708552));
#5221=CARTESIAN_POINT('Origin',(-10.4472795315585,9.7,-9.61739831708552));
#5222=CARTESIAN_POINT('Origin',(-8.62881801700917,9.70000000000001,-8.3791747023442));
#5223=CARTESIAN_POINT('Origin',(-10.4472795315585,0.,-9.61739831708552));
#5224=CARTESIAN_POINT('',(-10.8418497862567,0.,-9.31029196074069));
#5225=CARTESIAN_POINT('Origin',(-4.14593581065526,0.,-5.32669843842566));
#5226=CARTESIAN_POINT('',(-4.54050606535345,1.7,-5.01959208208082));
#5227=CARTESIAN_POINT('',(-4.54050606535345,0.,-5.01959208208082));
#5228=CARTESIAN_POINT('',(-4.31728317217265,1.7,-5.7964218482117));
#5229=CARTESIAN_POINT('Origin',(-4.14593581065527,1.7,-5.32669843842565));
#5230=CARTESIAN_POINT('Origin',(-4.14593581065527,1.7,-5.32669843842565));
#5231=CARTESIAN_POINT('Origin',(-4.8998642013319,1.7,-7.39348144148421));
#5232=CARTESIAN_POINT('',(-4.8998642013319,0.,-7.39348144148421));
#5233=CARTESIAN_POINT('',(-4.56771959299013,-0.853553390593273,-7.5146423227516));
#5234=CARTESIAN_POINT('Origin',(-4.89986420133192,-0.5,-7.3934814414842));
#5235=CARTESIAN_POINT('Origin',(-4.8998642013319,1.7,-7.39348144148421));
#5236=CARTESIAN_POINT('Origin',(-4.89986420133192,-0.5,-7.3934814414842));
#5237=CARTESIAN_POINT('Origin',(-5.72835949317029,-0.5,-9.66467855842626));
#5238=CARTESIAN_POINT('',(-6.00452459044976,-2.77555756156284E-16,-10.4217442640736));
#5239=CARTESIAN_POINT('',(-5.67237998210799,-0.853553390593274,-10.542905145341));
#5240=CARTESIAN_POINT('Origin',(-6.00452459044979,-0.5,-10.4217442640736));
#5241=CARTESIAN_POINT('Origin',(-6.00452459044979,-0.5,-10.4217442640736));
#5242=CARTESIAN_POINT('',(-5.39621488482852,-0.853553390593274,-9.78583943969365));
#5243=CARTESIAN_POINT('Origin',(-6.00452459044976,1.7,-10.4217442640736));
#5244=CARTESIAN_POINT('Origin',(-6.00452459044976,1.7,-10.4217442640736));
#5245=CARTESIAN_POINT('Origin',(-2.23371654398682,1.7,-8.58386552889693));
#5246=CARTESIAN_POINT('',(-2.23371654398682,0.,-8.58386552889693));
#5247=CARTESIAN_POINT('',(-1.88022757284337,-0.853553390593273,-8.5906144013915));
#5248=CARTESIAN_POINT('Origin',(-2.23371654398684,-0.5,-8.58386552889693));
#5249=CARTESIAN_POINT('Origin',(-2.23371654398682,1.7,-8.58386552889693));
#5250=CARTESIAN_POINT('Origin',(-2.23371654398684,-0.5,-8.58386552889693));
#5251=CARTESIAN_POINT('Origin',(-2.27986517734508,-0.5,-11.0010149029));
#5252=CARTESIAN_POINT('',(-2.29524805513116,-2.77555756156284E-16,-11.806731360901));
#5253=CARTESIAN_POINT('',(-1.94175908398772,-0.853553390593274,-11.8134802333956));
#5254=CARTESIAN_POINT('Origin',(-2.2952480551312,-0.5,-11.806731360901));
#5255=CARTESIAN_POINT('Origin',(-2.2952480551312,-0.5,-11.806731360901));
#5256=CARTESIAN_POINT('',(-1.92637620620163,-0.853553390593274,-11.0077637753946));
#5257=CARTESIAN_POINT('Origin',(-2.29524805513117,1.7,-11.806731360901));
#5258=CARTESIAN_POINT('',(-2.83724318198642,1.7,-14.0063305083187));
#5259=CARTESIAN_POINT('',(-2.32769883497385,1.7,-13.5064216111783));
#5260=CARTESIAN_POINT('Origin',(-2.33724318198642,1.7,-14.0063305083187));
#5261=CARTESIAN_POINT('Origin',(-2.33724318198642,1.7,-14.0063305083187));
#5262=CARTESIAN_POINT('Origin',(-2.29524805513117,1.7,-11.806731360901));
#5263=CARTESIAN_POINT('Origin',(-0.674488960582493,9.7,-8.8440545938567));
#5264=CARTESIAN_POINT('',(-0.674488960582496,11.4,-8.8440545938567));
#5265=CARTESIAN_POINT('',(-0.337961641607288,11.5464466094067,-8.95244907518927));
#5266=CARTESIAN_POINT('Origin',(-0.674488960582498,11.9,-8.8440545938567));
#5267=CARTESIAN_POINT('Origin',(-0.674488960582498,11.9,-8.8440545938567));
#5268=CARTESIAN_POINT('',(-0.153292945586927,9.7,-7.22592149860379));
#5269=CARTESIAN_POINT('Origin',(-0.674488960582493,9.7,-8.8440545938567));
#5270=CARTESIAN_POINT('',(-0.5,9.7,-6.75));
#5271=CARTESIAN_POINT('Origin',(4.44089209850063E-15,9.7,-6.75));
#5272=CARTESIAN_POINT('Origin',(4.44089209850063E-15,9.7,-6.75));
#5273=CARTESIAN_POINT('Origin',(-2.07664517448864,11.9,-13.1972639606922));
#5274=CARTESIAN_POINT('',(-1.66275422140392,11.4,-11.912275914462));
#5275=CARTESIAN_POINT('',(-1.32622690242872,11.5464466094067,-12.0206703957945));
#5276=CARTESIAN_POINT('Origin',(-1.66275422140392,11.9,-11.912275914462));
#5277=CARTESIAN_POINT('',(-1.74011785551343,11.5464466094067,-13.3056584420248));
#5278=CARTESIAN_POINT('Origin',(-1.66275422140392,11.9,-11.912275914462));
#5279=CARTESIAN_POINT('Origin',(-1.66275422140392,9.70000000000001,-11.912275914462));
#5280=CARTESIAN_POINT('',(-2.18395023639949,9.7,-13.5304090097149));
#5281=CARTESIAN_POINT('',(-2.83724318198642,9.7,-14.0063305083187));
#5282=CARTESIAN_POINT('Origin',(-2.33724318198642,9.7,-14.0063305083186));
#5283=CARTESIAN_POINT('Origin',(-2.33724318198642,9.7,-14.0063305083186));
#5284=CARTESIAN_POINT('Origin',(-1.66275422140392,9.70000000000001,-11.912275914462));
#5285=CARTESIAN_POINT('Origin',(-2.33724318198642,0.,-14.0063305083187));
#5286=CARTESIAN_POINT('',(-2.83724318198642,0.,-14.0063305083187));
#5287=CARTESIAN_POINT('Origin',(0.,0.,-6.75));
#5288=CARTESIAN_POINT('',(-0.5,0.,-6.75));
#5289=CARTESIAN_POINT('Origin',(5.96439732520457,1.7,-6.56492205316696));
#5290=CARTESIAN_POINT('',(5.96439732520457,0.,-6.56492205316695));
#5291=CARTESIAN_POINT('',(6.1633873967066,-0.853553390593273,-6.27268421947046));
#5292=CARTESIAN_POINT('Origin',(5.96439732520456,-0.5,-6.56492205316697));
#5293=CARTESIAN_POINT('',(4.55922251850739,1.7,-5.60811289632139));
#5294=CARTESIAN_POINT('Origin',(5.96439732520457,1.7,-6.56492205316696));
#5295=CARTESIAN_POINT('',(3.75136555595706,1.7,-5.63380479477049));
#5296=CARTESIAN_POINT('Origin',(4.14593581065526,1.7,-5.32669843842565));
#5297=CARTESIAN_POINT('Origin',(4.14593581065526,1.7,-5.32669843842565));
#5298=CARTESIAN_POINT('Origin',(5.96439732520456,-0.5,-6.56492205316697));
#5299=CARTESIAN_POINT('Origin',(7.96271284405803,-0.5,-7.92561154004988));
#5300=CARTESIAN_POINT('',(8.62881801700918,-2.77555756156284E-16,-8.37917470234418));
#5301=CARTESIAN_POINT('',(8.82780808851121,-0.853553390593274,-8.08693686864769));
#5302=CARTESIAN_POINT('Origin',(8.62881801700916,-0.5,-8.37917470234421));
#5303=CARTESIAN_POINT('Origin',(8.62881801700916,-0.5,-8.37917470234421));
#5304=CARTESIAN_POINT('',(8.16170291556006,-0.853553390593274,-7.63337370635338));
#5305=CARTESIAN_POINT('Origin',(8.62881801700919,1.7,-8.37917470234419));
#5306=CARTESIAN_POINT('',(10.1738054524973,1.7,-10.0359815562168));
#5307=CARTESIAN_POINT('',(10.0339928237064,1.7,-9.33598385918975));
#5308=CARTESIAN_POINT('Origin',(10.4472795315585,1.7,-9.61739831708551));
#5309=CARTESIAN_POINT('Origin',(10.4472795315585,1.7,-9.61739831708551));
#5310=CARTESIAN_POINT('Origin',(8.62881801700919,1.7,-8.37917470234419));
#5311=CARTESIAN_POINT('Origin',(7.03503554323605,9.7,-5.40189891820191));
#5312=CARTESIAN_POINT('',(7.03503554323605,11.4,-5.40189891820191));
#5313=CARTESIAN_POINT('',(7.3098427667077,11.5464466094067,-5.17945568965179));
#5314=CARTESIAN_POINT('Origin',(7.03503554323604,11.9,-5.40189891820191));
#5315=CARTESIAN_POINT('Origin',(7.03503554323604,11.9,-5.40189891820191));
#5316=CARTESIAN_POINT('',(5.9654559589457,9.7,-4.08053616979809));
#5317=CARTESIAN_POINT('Origin',(7.03503554323605,9.7,-5.40189891820191));
#5318=CARTESIAN_POINT('',(5.37739964921086,9.7,-4.11048330645764));
#5319=CARTESIAN_POINT('Origin',(5.65087372827207,9.7,-3.69190006732638));
#5320=CARTESIAN_POINT('Origin',(5.65087372827207,9.7,-3.69190006732638));
#5321=CARTESIAN_POINT('Origin',(9.9124897394133,11.9,-8.95671694288361));
#5322=CARTESIAN_POINT('',(9.0631177165945,11.4,-7.90739946620998));
#5323=CARTESIAN_POINT('',(9.33792494006615,11.5464466094067,-7.68495623765988));
#5324=CARTESIAN_POINT('Origin',(9.0631177165945,11.9,-7.90739946620999));
#5325=CARTESIAN_POINT('',(10.187296962885,11.5464466094067,-8.73427371433349));
#5326=CARTESIAN_POINT('Origin',(9.0631177165945,11.9,-7.90739946620999));
#5327=CARTESIAN_POINT('Origin',(9.0631177165945,9.70000000000001,-7.90739946620999));
#5328=CARTESIAN_POINT('',(10.1326973008848,9.7,-9.2287622146138));
#5329=CARTESIAN_POINT('',(10.1738054524973,9.7,-10.0359815562168));
#5330=CARTESIAN_POINT('Origin',(10.4472795315585,9.7,-9.61739831708552));
#5331=CARTESIAN_POINT('Origin',(10.4472795315585,9.7,-9.61739831708552));
#5332=CARTESIAN_POINT('Origin',(9.0631177165945,9.70000000000001,-7.90739946620999));
#5333=CARTESIAN_POINT('Origin',(10.4472795315585,0.,-9.61739831708552));
#5334=CARTESIAN_POINT('',(10.1738054524973,0.,-10.0359815562168));
#5335=CARTESIAN_POINT('Origin',(5.65087372827207,0.,-3.69190006732638));
#5336=CARTESIAN_POINT('',(5.37739964921086,0.,-4.11048330645764));
#5337=CARTESIAN_POINT('Origin',(4.89986420133193,9.7,-7.3934814414842));
#5338=CARTESIAN_POINT('',(4.89986420133193,11.4,-7.3934814414842));
#5339=CARTESIAN_POINT('',(5.2320088096737,11.5464466094067,-7.2723205602168));
#5340=CARTESIAN_POINT('Origin',(4.89986420133193,11.9,-7.3934814414842));
#5341=CARTESIAN_POINT('Origin',(4.89986420133193,11.9,-7.3934814414842));
#5342=CARTESIAN_POINT('',(4.31728317217269,9.7,-5.79642184821169));
#5343=CARTESIAN_POINT('Origin',(4.89986420133193,9.7,-7.3934814414842));
#5344=CARTESIAN_POINT('',(3.75136555595706,9.7,-5.63380479477049));
#5345=CARTESIAN_POINT('Origin',(4.14593581065526,9.7,-5.32669843842565));
#5346=CARTESIAN_POINT('Origin',(4.14593581065526,9.7,-5.32669843842565));
#5347=CARTESIAN_POINT('Origin',(6.46716246654683,11.9,-11.6899974704959));
#5348=CARTESIAN_POINT('',(6.00452459044978,11.4,-10.4217442640736));
#5349=CARTESIAN_POINT('',(6.33666919879155,11.5464466094067,-10.3005833828062));
#5350=CARTESIAN_POINT('Origin',(6.00452459044978,11.9,-10.4217442640736));
#5351=CARTESIAN_POINT('',(6.7993070748886,11.5464466094067,-11.5688365892285));
#5352=CARTESIAN_POINT('Origin',(6.00452459044978,11.9,-10.4217442640736));
#5353=CARTESIAN_POINT('Origin',(6.00452459044978,9.70000000000001,-10.4217442640736));
#5354=CARTESIAN_POINT('',(6.58710561960902,9.7,-12.0188038573461));
#5355=CARTESIAN_POINT('',(6.36388272642825,9.7,-12.795633623477));
#5356=CARTESIAN_POINT('Origin',(6.75845298112644,9.7,-12.4885272671321));
#5357=CARTESIAN_POINT('Origin',(6.75845298112644,9.7,-12.4885272671321));
#5358=CARTESIAN_POINT('Origin',(6.00452459044978,9.70000000000001,-10.4217442640736));
#5359=CARTESIAN_POINT('Origin',(6.75845298112645,0.,-12.4885272671321));
#5360=CARTESIAN_POINT('',(6.36388272642825,1.7,-12.795633623477));
#5361=CARTESIAN_POINT('',(6.36388272642825,0.,-12.795633623477));
#5362=CARTESIAN_POINT('',(6.45893441217951,1.7,-12.0881666461216));
#5363=CARTESIAN_POINT('Origin',(6.75845298112644,1.7,-12.4885272671322));
#5364=CARTESIAN_POINT('Origin',(6.75845298112644,1.7,-12.4885272671322));
#5365=CARTESIAN_POINT('Origin',(4.14593581065526,0.,-5.32669843842566));
#5366=CARTESIAN_POINT('',(3.75136555595706,0.,-5.63380479477049));
#5367=CARTESIAN_POINT('Origin',(3.5096031204982,1.7,-8.1458531139258));
#5368=CARTESIAN_POINT('',(3.5096031204982,0.,-8.1458531139258));
#5369=CARTESIAN_POINT('',(3.79270083053484,-0.853553390593273,-7.93406150273212));
#5370=CARTESIAN_POINT('Origin',(3.50960312049818,-0.5,-8.14585311392581));
#5371=CARTESIAN_POINT('Origin',(3.5096031204982,1.7,-8.1458531139258));
#5372=CARTESIAN_POINT('Origin',(3.50960312049818,-0.5,-8.14585311392581));
#5373=CARTESIAN_POINT('Origin',(4.95782923844448,-0.5,-10.0816686794956));
#5374=CARTESIAN_POINT('',(5.4405712777599,-2.77555756156284E-16,-10.7269405346856));
#5375=CARTESIAN_POINT('',(5.72366898779654,-0.853553390593274,-10.5151489234919));
#5376=CARTESIAN_POINT('Origin',(5.44057127775987,-0.5,-10.7269405346856));
#5377=CARTESIAN_POINT('Origin',(5.44057127775987,-0.5,-10.7269405346856));
#5378=CARTESIAN_POINT('',(5.24092694848111,-0.853553390593274,-9.86987706830197));
#5379=CARTESIAN_POINT('Origin',(5.4405712777599,1.7,-10.7269405346856));
#5380=CARTESIAN_POINT('Origin',(5.4405712777599,1.7,-10.7269405346856));
#5381=CARTESIAN_POINT('Origin',(-8.40785162420694,1.7,-2.82493682803457));
#5382=CARTESIAN_POINT('',(-8.40785162420694,0.,-2.82493682803457));
#5383=CARTESIAN_POINT('',(-8.22016141234197,-0.853553390593273,-3.12455722849168));
#5384=CARTESIAN_POINT('Origin',(-8.40785162420695,-0.5,-2.82493682803455));
#5385=CARTESIAN_POINT('',(-6.96717902898057,1.7,-1.92246108134454));
#5386=CARTESIAN_POINT('Origin',(-8.40785162420694,1.7,-2.82493682803457));
#5387=CARTESIAN_POINT('',(-6.66619453866088,1.7,-1.17232690523073));
#5388=CARTESIAN_POINT('Origin',(-6.54345179509048,1.7,-1.65702703820039));
#5389=CARTESIAN_POINT('Origin',(-6.54345179509048,1.7,-1.65702703820039));
#5390=CARTESIAN_POINT('Origin',(-8.40785162420695,-0.5,-2.82493682803455));
#5391=CARTESIAN_POINT('Origin',(-10.4566489630907,-0.5,-4.10835813718716));
#5392=CARTESIAN_POINT('',(-11.1395814093853,-2.77555756156284E-16,-4.53616524023803));
#5393=CARTESIAN_POINT('',(-10.9518911975204,-0.853553390593274,-4.83578564069515));
#5394=CARTESIAN_POINT('Origin',(-11.1395814093854,-0.5,-4.536165240238));
#5395=CARTESIAN_POINT('Origin',(-11.1395814093854,-0.5,-4.536165240238));
#5396=CARTESIAN_POINT('',(-10.2689587512258,-0.853553390593274,-4.40797853764428));
#5397=CARTESIAN_POINT('Origin',(-11.1395814093853,1.7,-4.53616524023803));
#5398=CARTESIAN_POINT('Origin',(-11.1395814093853,1.7,-4.53616524023803));
#5399=CARTESIAN_POINT('Origin',(-8.73900612632633,9.7,-1.51723727251092));
#5400=CARTESIAN_POINT('',(-8.73900612632633,11.4,-1.51723727251092));
#5401=CARTESIAN_POINT('',(-8.76147119252166,11.5464466094067,-1.87007621707464));
#5402=CARTESIAN_POINT('Origin',(-8.73900612632632,11.9,-1.51723727251092));
#5403=CARTESIAN_POINT('Origin',(-8.73900612632632,11.9,-1.51723727251092));
#5404=CARTESIAN_POINT('',(-7.0424414158259,9.7,-1.62525663690734));
#5405=CARTESIAN_POINT('Origin',(-8.73900612632633,9.7,-1.51723727251092));
#5406=CARTESIAN_POINT('',(-6.66619453866088,9.7,-1.17232690523073));
#5407=CARTESIAN_POINT('Origin',(-6.54345179509048,9.7,-1.6570270382004));
#5408=CARTESIAN_POINT('Origin',(-6.54345179509048,9.7,-1.6570270382004));
#5409=CARTESIAN_POINT('Origin',(-13.3032174454445,11.9,-1.22663638790533));
#5410=CARTESIAN_POINT('',(-11.9559454694589,11.4,-1.3124164713966));
#5411=CARTESIAN_POINT('',(-11.9784105356542,11.5464466094067,-1.66525541596031));
#5412=CARTESIAN_POINT('Origin',(-11.9559454694589,11.9,-1.3124164713966));
#5413=CARTESIAN_POINT('',(-13.3256825116398,11.5464466094067,-1.57947533246905));
#5414=CARTESIAN_POINT('Origin',(-11.9559454694589,11.9,-1.3124164713966));
#5415=CARTESIAN_POINT('Origin',(-11.9559454694589,9.70000000000001,-1.3124164713966));
#5416=CARTESIAN_POINT('',(-13.6525101799593,9.7,-1.20439710700019));
#5417=CARTESIAN_POINT('',(-14.2742425442651,9.7,-0.687926572737456));
#5418=CARTESIAN_POINT('Origin',(-14.1514998006947,9.7,-1.17262670570712));
#5419=CARTESIAN_POINT('Origin',(-14.1514998006947,9.7,-1.17262670570712));
#5420=CARTESIAN_POINT('Origin',(-11.9559454694589,9.70000000000001,-1.3124164713966));
#5421=CARTESIAN_POINT('Origin',(-14.1514998006947,0.,-1.17262670570712));
#5422=CARTESIAN_POINT('',(-14.2742425442651,1.7,-0.687926572737456));
#5423=CARTESIAN_POINT('',(-14.2742425442651,0.,-0.687926572737456));
#5424=CARTESIAN_POINT('',(-13.6645449841856,1.7,-1.05915861909879));
#5425=CARTESIAN_POINT('Origin',(-14.1514998006947,1.7,-1.1726267057071));
#5426=CARTESIAN_POINT('Origin',(-14.1514998006947,1.7,-1.1726267057071));
#5427=CARTESIAN_POINT('Origin',(-6.54345179509048,0.,-1.65702703820039));
#5428=CARTESIAN_POINT('',(-6.66619453866088,0.,-1.17232690523073));
#5429=CARTESIAN_POINT('Origin',(-3.6161093915128,9.7,8.09913513195566));
#5430=CARTESIAN_POINT('',(-3.6161093915128,11.4,8.09913513195566));
#5431=CARTESIAN_POINT('',(-3.96366640592523,11.5464466094067,8.03429593291129));
#5432=CARTESIAN_POINT('Origin',(-3.6161093915128,11.9,8.09913513195566));
#5433=CARTESIAN_POINT('Origin',(-3.6161093915128,11.9,8.09913513195566));
#5434=CARTESIAN_POINT('',(-3.30434137766219,9.7,6.42796766412377));
#5435=CARTESIAN_POINT('Origin',(-3.6161093915128,9.7,8.09913513195566));
#5436=CARTESIAN_POINT('',(-2.772908027397,9.7,6.17442151716234));
#5437=CARTESIAN_POINT('Origin',(-3.21264490300025,9.7,5.9364478206438));
#5438=CARTESIAN_POINT('Origin',(-3.21264490300025,9.7,5.9364478206438));
#5439=CARTESIAN_POINT('Origin',(-4.4548484557812,11.9,12.5950210982331));
#5440=CARTESIAN_POINT('',(-4.20726797419396,11.4,11.2679175208372));
#5441=CARTESIAN_POINT('',(-4.55482498860639,11.5464466094067,11.2030783217928));
#5442=CARTESIAN_POINT('Origin',(-4.20726797419396,11.9,11.2679175208372));
#5443=CARTESIAN_POINT('',(-4.80240547019364,11.5464466094067,12.5301818991887));
#5444=CARTESIAN_POINT('Origin',(-4.20726797419396,11.9,11.2679175208372));
#5445=CARTESIAN_POINT('Origin',(-4.20726797419396,9.70000000000001,11.2679175208372));
#5446=CARTESIAN_POINT('',(-4.51903598804457,9.7,12.939084988669));
#5447=CARTESIAN_POINT('',(-4.17099558710326,9.7,13.6685785286675));
#5448=CARTESIAN_POINT('Origin',(-4.6107324627065,9.7,13.430604832149));
#5449=CARTESIAN_POINT('Origin',(-4.6107324627065,9.7,13.430604832149));
#5450=CARTESIAN_POINT('Origin',(-4.20726797419396,9.70000000000001,11.2679175208372));
#5451=CARTESIAN_POINT('Origin',(-4.61073246270651,0.,13.430604832149));
#5452=CARTESIAN_POINT('',(-4.17099558710326,1.7,13.6685785286675));
#5453=CARTESIAN_POINT('',(-4.17099558710326,0.,13.6685785286675));
#5454=CARTESIAN_POINT('',(-4.38119612902647,1.7,12.9864054720406));
#5455=CARTESIAN_POINT('Origin',(-4.61073246270649,1.7,13.430604832149));
#5456=CARTESIAN_POINT('Origin',(-4.61073246270649,1.7,13.430604832149));
#5457=CARTESIAN_POINT('Origin',(-3.21264490300025,0.,5.9364478206438));
#5458=CARTESIAN_POINT('',(-2.772908027397,1.7,6.17442151716234));
#5459=CARTESIAN_POINT('',(-2.772908027397,0.,6.17442151716234));
#5460=CARTESIAN_POINT('',(-3.57397562143987,1.7,6.2820489084776));
#5461=CARTESIAN_POINT('Origin',(-3.21264490300024,1.7,5.93644782064381));
#5462=CARTESIAN_POINT('Origin',(-3.21264490300024,1.7,5.93644782064381));
#5463=CARTESIAN_POINT('Origin',(-7.82821016709017,9.7,4.17029526495805));
#5464=CARTESIAN_POINT('',(-7.82821016709017,11.4,4.17029526495805));
#5465=CARTESIAN_POINT('',(-8.06265642615422,11.5464466094067,3.90565408975875));
#5466=CARTESIAN_POINT('Origin',(-7.82821016709017,11.9,4.17029526495806));
#5467=CARTESIAN_POINT('Origin',(-7.82821016709017,11.9,4.17029526495806));
#5468=CARTESIAN_POINT('',(-6.55572909405085,9.7,3.04300119562356));
#5469=CARTESIAN_POINT('Origin',(-7.82821016709017,9.7,4.17029526495805));
#5470=CARTESIAN_POINT('',(-5.98062224259515,9.7,3.16933077973507));
#5471=CARTESIAN_POINT('Origin',(-6.18146995492164,9.7,2.71144411640754));
#5472=CARTESIAN_POINT('Origin',(-6.18146995492164,9.7,2.71144411640754));
#5473=CARTESIAN_POINT('Origin',(-11.2515234548082,11.9,7.20301681067121));
#5474=CARTESIAN_POINT('',(-10.2410237791594,11.4,6.30781269678794));
#5475=CARTESIAN_POINT('',(-10.4754700382234,11.5464466094067,6.04317152158864));
#5476=CARTESIAN_POINT('Origin',(-10.2410237791594,11.9,6.30781269678794));
#5477=CARTESIAN_POINT('',(-11.4859697138723,11.5464466094067,6.93837563547191));
#5478=CARTESIAN_POINT('Origin',(-10.2410237791594,11.9,6.30781269678794));
#5479=CARTESIAN_POINT('Origin',(-10.2410237791594,9.70000000000001,6.30781269678794));
#5480=CARTESIAN_POINT('',(-11.5135048521987,9.7,7.43510676612243));
#5481=CARTESIAN_POINT('',(-11.6869162790014,9.7,8.22455050866599));
#5482=CARTESIAN_POINT('Origin',(-11.8877639913279,9.7,7.76666384533846));
#5483=CARTESIAN_POINT('Origin',(-11.8877639913279,9.7,7.76666384533846));
#5484=CARTESIAN_POINT('Origin',(-10.2410237791594,9.70000000000001,6.30781269678794));
#5485=CARTESIAN_POINT('Origin',(-11.8877639913279,0.,7.76666384533846));
#5486=CARTESIAN_POINT('',(-11.6869162790014,1.7,8.22455050866599));
#5487=CARTESIAN_POINT('',(-11.6869162790014,0.,8.22455050866599));
#5488=CARTESIAN_POINT('',(-11.4337946780955,1.7,7.55711227019941));
#5489=CARTESIAN_POINT('Origin',(-11.8877639913279,1.7,7.76666384533848));
#5490=CARTESIAN_POINT('Origin',(-11.8877639913279,1.7,7.76666384533848));
#5491=CARTESIAN_POINT('Origin',(-6.18146995492164,0.,2.71144411640754));
#5492=CARTESIAN_POINT('',(-5.98062224259515,1.7,3.16933077973507));
#5493=CARTESIAN_POINT('',(-5.98062224259515,0.,3.16933077973507));
#5494=CARTESIAN_POINT('',(-6.67888324379854,1.7,2.76223801415775));
#5495=CARTESIAN_POINT('Origin',(-6.18146995492164,1.7,2.71144411640755));
#5496=CARTESIAN_POINT('Origin',(-6.18146995492164,1.7,2.71144411640755));
#5497=CARTESIAN_POINT('Origin',(-8.8695465204352,1.7,0.0581510008615327));
#5498=CARTESIAN_POINT('',(-8.8695465204352,0.,0.0581510008615302));
#5499=CARTESIAN_POINT('',(-8.78931246694618,-0.853553390593273,-0.286178052023527));
#5500=CARTESIAN_POINT('Origin',(-8.8695465204352,-0.5,0.0581510008615543));
#5501=CARTESIAN_POINT('',(-7.21390014430415,1.7,0.443942495329879));
#5502=CARTESIAN_POINT('Origin',(-8.8695465204352,1.7,0.058151000861533));
#5503=CARTESIAN_POINT('',(-6.68565565505885,1.7,1.05570282844158));
#5504=CARTESIAN_POINT('Origin',(-6.72694532779502,1.7,0.557410581938242));
#5505=CARTESIAN_POINT('Origin',(-6.72694532779502,1.7,0.557410581938242));
#5506=CARTESIAN_POINT('Origin',(-8.8695465204352,-0.5,0.0581510008615543));
#5507=CARTESIAN_POINT('Origin',(-11.2240605861497,-0.5,-0.490487593257456));
#5508=CARTESIAN_POINT('',(-12.0088986080545,-2.77555756156284E-16,-0.673367124630451));
#5509=CARTESIAN_POINT('',(-11.9286645545655,-0.853553390593274,-1.01769617751551));
#5510=CARTESIAN_POINT('Origin',(-12.0088986080545,-0.5,-0.673367124630414));
#5511=CARTESIAN_POINT('Origin',(-12.0088986080545,-0.5,-0.673367124630414));
#5512=CARTESIAN_POINT('',(-11.1438265326607,-0.853553390593274,-0.834816646142515));
#5513=CARTESIAN_POINT('Origin',(-12.0088986080545,1.7,-0.673367124630447));
#5514=CARTESIAN_POINT('Origin',(-12.0088986080545,1.7,-0.673367124630447));
#5515=CARTESIAN_POINT('Origin',(-8.37008842598002,1.7,2.93493726650854));
#5516=CARTESIAN_POINT('',(-8.37008842598002,0.,2.93493726650854));
#5517=CARTESIAN_POINT('',(-8.40600513552211,-0.853553390593273,2.58321295689138));
#5518=CARTESIAN_POINT('Origin',(-8.37008842598002,-0.5,2.93493726650856));
#5519=CARTESIAN_POINT('Origin',(-8.37008842598002,1.7,2.93493726650854));
#5520=CARTESIAN_POINT('Origin',(-8.37008842598002,-0.5,2.93493726650856));
#5521=CARTESIAN_POINT('Origin',(-10.7751710854551,-0.5,3.18053489210086));
#5522=CARTESIAN_POINT('',(-11.5768653052801,-2.77555756156284E-16,3.26240076729831));
#5523=CARTESIAN_POINT('',(-11.6127820148222,-0.853553390593274,2.91067645768114));
#5524=CARTESIAN_POINT('Origin',(-11.5768653052801,-0.5,3.26240076729834));
#5525=CARTESIAN_POINT('Origin',(-11.5768653052801,-0.5,3.26240076729834));
#5526=CARTESIAN_POINT('',(-10.8110877949972,-0.853553390593274,2.8288105824837));
#5527=CARTESIAN_POINT('Origin',(-11.5768653052801,1.7,3.26240076729831));
#5528=CARTESIAN_POINT('',(-13.7241941036023,1.7,3.98418616390268));
#5529=CARTESIAN_POINT('',(-13.2680704874616,1.7,3.4351000196491));
#5530=CARTESIAN_POINT('Origin',(-13.7654837763385,1.7,3.48589391739934));
#5531=CARTESIAN_POINT('Origin',(-13.7654837763385,1.7,3.48589391739934));
#5532=CARTESIAN_POINT('Origin',(-11.5768653052801,1.7,3.26240076729831));
#5533=CARTESIAN_POINT('Origin',(-8.75814880664877,9.7,1.40252147850296));
#5534=CARTESIAN_POINT('',(-8.75814880664877,11.4,1.40252147850296));
#5535=CARTESIAN_POINT('',(-8.89396327160685,11.5464466094067,1.07609471626042));
#5536=CARTESIAN_POINT('Origin',(-8.75814880664877,11.9,1.40252147850296));
#5537=CARTESIAN_POINT('Origin',(-8.75814880664877,11.9,1.40252147850296));
#5538=CARTESIAN_POINT('',(-7.18858248207996,9.7,0.749481240248402));
#5539=CARTESIAN_POINT('Origin',(-8.75814880664877,9.7,1.40252147850296));
#5540=CARTESIAN_POINT('',(-6.68565565505885,9.7,1.05570282844158));
#5541=CARTESIAN_POINT('Origin',(-6.72694532779502,9.7,0.557410581938238));
#5542=CARTESIAN_POINT('Origin',(-6.72694532779502,9.7,0.557410581938238));
#5543=CARTESIAN_POINT('Origin',(-12.9807006140541,11.9,3.15937379827207));
#5544=CARTESIAN_POINT('',(-11.7342802974847,11.4,2.64078302083462));
#5545=CARTESIAN_POINT('',(-11.8700947624428,11.5464466094067,2.31435625859208));
#5546=CARTESIAN_POINT('Origin',(-11.7342802974847,11.9,2.64078302083462));
#5547=CARTESIAN_POINT('',(-13.1165150790122,11.5464466094067,2.83294703602952));
#5548=CARTESIAN_POINT('Origin',(-11.7342802974847,11.9,2.64078302083462));
#5549=CARTESIAN_POINT('Origin',(-11.7342802974847,9.70000000000001,2.64078302083462));
#5550=CARTESIAN_POINT('',(-13.3038466220535,9.7,3.29382325908918));
#5551=CARTESIAN_POINT('',(-13.7241941036023,9.7,3.98418616390268));
#5552=CARTESIAN_POINT('Origin',(-13.7654837763385,9.7,3.48589391739935));
#5553=CARTESIAN_POINT('Origin',(-13.7654837763385,9.7,3.48589391739935));
#5554=CARTESIAN_POINT('Origin',(-11.7342802974847,9.70000000000001,2.64078302083462));
#5555=CARTESIAN_POINT('Origin',(-13.7654837763385,0.,3.48589391739935));
#5556=CARTESIAN_POINT('',(-13.7241941036023,0.,3.98418616390268));
#5557=CARTESIAN_POINT('Origin',(-6.72694532779502,0.,0.557410581938243));
#5558=CARTESIAN_POINT('',(-6.68565565505885,0.,1.05570282844158));
#5559=CARTESIAN_POINT('Origin',(-4.80250006413452,1.7,7.45709260711259));
#5560=CARTESIAN_POINT('',(-4.80250006413452,0.,7.45709260711259));
#5561=CARTESIAN_POINT('',(-5.04687693692726,-0.853553390593273,7.20159320585294));
#5562=CARTESIAN_POINT('Origin',(-4.80250006413451,-0.5,7.4570926071126));
#5563=CARTESIAN_POINT('Origin',(-4.80250006413452,1.7,7.45709260711259));
#5564=CARTESIAN_POINT('Origin',(-4.80250006413451,-0.5,7.4570926071126));
#5565=CARTESIAN_POINT('Origin',(-6.54959903532791,-0.5,9.12813598699812));
#5566=CARTESIAN_POINT('',(-7.13196535905904,-2.77555756156284E-16,9.68515044695997));
#5567=CARTESIAN_POINT('',(-7.37634223185179,-0.853553390593274,9.42965104570032));
#5568=CARTESIAN_POINT('Origin',(-7.13196535905901,-0.5,9.68515044696));
#5569=CARTESIAN_POINT('Origin',(-7.13196535905901,-0.5,9.68515044696));
#5570=CARTESIAN_POINT('',(-6.79397590812065,-0.853553390593274,8.87263658573847));
#5571=CARTESIAN_POINT('Origin',(-7.13196535905904,1.7,9.68515044695997));
#5572=CARTESIAN_POINT('',(-8.38317973438041,1.7,11.5736571887654));
#5573=CARTESIAN_POINT('',(-8.36048980175369,1.7,10.860194145595));
#5574=CARTESIAN_POINT('Origin',(-8.72182052019329,1.7,11.2057952334288));
#5575=CARTESIAN_POINT('Origin',(-8.72182052019329,1.7,11.2057952334288));
#5576=CARTESIAN_POINT('Origin',(-7.13196535905904,1.7,9.68515044695997));
#5577=CARTESIAN_POINT('Origin',(-6.96360137526646,1.7,5.49367753908549));
#5578=CARTESIAN_POINT('',(-6.96360137526646,0.,5.49367753908548));
#5579=CARTESIAN_POINT('',(-7.11177671505559,-0.853553390593273,5.17267275924821));
#5580=CARTESIAN_POINT('Origin',(-6.96360137526645,-0.5,5.49367753908551));
#5581=CARTESIAN_POINT('',(-5.42010571027611,1.7,4.78120218361276));
#5582=CARTESIAN_POINT('Origin',(-6.96360137526646,1.7,5.49367753908549));
#5583=CARTESIAN_POINT('',(-4.62749561123077,1.7,4.93951256381032));
#5584=CARTESIAN_POINT('Origin',(-4.96613639704364,1.7,4.57165060847375));
#5585=CARTESIAN_POINT('Origin',(-4.96613639704364,1.7,4.57165060847375));
#5586=CARTESIAN_POINT('Origin',(-6.96360137526645,-0.5,5.49367753908551));
#5587=CARTESIAN_POINT('Origin',(-9.15862460364544,-0.5,6.50689707081639));
#5588=CARTESIAN_POINT('',(-9.8902990131051,-2.77555756156284E-16,6.84463691472669));
#5589=CARTESIAN_POINT('',(-10.0384743528942,-0.853553390593274,6.52363213488942));
#5590=CARTESIAN_POINT('Origin',(-9.89029901310509,-0.5,6.84463691472672));
#5591=CARTESIAN_POINT('Origin',(-9.89029901310509,-0.5,6.84463691472672));
#5592=CARTESIAN_POINT('',(-9.30679994343458,-0.853553390593274,6.18589229097911));
#5593=CARTESIAN_POINT('Origin',(-9.8902990131051,1.7,6.84463691472669));
#5594=CARTESIAN_POINT('Origin',(-9.8902990131051,1.7,6.84463691472669));
#5595=CARTESIAN_POINT('Origin',(-6.0499634887314,9.7,6.48615285065673));
#5596=CARTESIAN_POINT('',(-6.0499634887314,11.4,6.48615285065673));
#5597=CARTESIAN_POINT('',(-6.35763565192332,11.5464466094067,6.31197524016443));
#5598=CARTESIAN_POINT('Origin',(-6.0499634887314,11.9,6.48615285065673));
#5599=CARTESIAN_POINT('Origin',(-6.0499634887314,11.9,6.48615285065673));
#5600=CARTESIAN_POINT('',(-5.21246073606359,9.7,5.00676475442442));
#5601=CARTESIAN_POINT('Origin',(-6.0499634887314,9.7,6.48615285065673));
#5602=CARTESIAN_POINT('',(-4.62749561123077,9.7,4.93951256381032));
#5603=CARTESIAN_POINT('Origin',(-4.96613639704364,9.7,4.57165060847375));
#5604=CARTESIAN_POINT('Origin',(-4.96613639704364,9.7,4.57165060847375));
#5605=CARTESIAN_POINT('Origin',(-8.30306914385938,11.9,10.4661011853126));
#5606=CARTESIAN_POINT('',(-7.63799342850553,11.4,9.29129299124581));
#5607=CARTESIAN_POINT('',(-7.94566559169744,11.5464466094067,9.11711538075351));
#5608=CARTESIAN_POINT('Origin',(-7.63799342850552,11.9,9.29129299124581));
#5609=CARTESIAN_POINT('',(-8.61074130705129,11.5464466094067,10.2919235748203));
#5610=CARTESIAN_POINT('Origin',(-7.63799342850552,11.9,9.29129299124581));
#5611=CARTESIAN_POINT('Origin',(-7.63799342850553,9.70000000000001,9.29129299124581));
#5612=CARTESIAN_POINT('',(-8.47549618117334,9.7,10.7706810874781));
#5613=CARTESIAN_POINT('',(-8.38317973438041,9.7,11.5736571887654));
#5614=CARTESIAN_POINT('Origin',(-8.72182052019328,9.7,11.2057952334288));
#5615=CARTESIAN_POINT('Origin',(-8.72182052019328,9.7,11.2057952334288));
#5616=CARTESIAN_POINT('Origin',(-7.63799342850553,9.70000000000001,9.29129299124581));
#5617=CARTESIAN_POINT('Origin',(-8.72182052019329,0.,11.2057952334288));
#5618=CARTESIAN_POINT('',(-8.38317973438041,0.,11.5736571887654));
#5619=CARTESIAN_POINT('Origin',(-4.96613639704364,0.,4.57165060847375));
#5620=CARTESIAN_POINT('',(-4.62749561123077,0.,4.93951256381032));
#5621=CARTESIAN_POINT('Origin',(-0.790393732005392,9.7,8.83445045067728));
#5622=CARTESIAN_POINT('',(-0.790393732005389,11.4,8.83445045067728));
#5623=CARTESIAN_POINT('',(-1.14017240222403,11.5464466094067,8.88597599638114));
#5624=CARTESIAN_POINT('Origin',(-0.790393732005387,11.9,8.83445045067728));
#5625=CARTESIAN_POINT('Origin',(-0.790393732005387,11.9,8.83445045067728));
#5626=CARTESIAN_POINT('',(-1.03814535885188,9.7,7.1526005372204));
#5627=CARTESIAN_POINT('Origin',(-0.790393732005392,9.7,8.83445045067728));
#5628=CARTESIAN_POINT('',(-0.617832832693593,9.7,6.74023609310874));
#5629=CARTESIAN_POINT('Origin',(-1.11101348439496,9.7,6.65793879796837));
#5630=CARTESIAN_POINT('Origin',(-1.11101348439496,9.7,6.65793879796837));
#5631=CARTESIAN_POINT('Origin',(-0.123875813423246,11.9,13.3590750432716));
#5632=CARTESIAN_POINT('',(-0.320619752389572,11.4,12.0234883472911));
#5633=CARTESIAN_POINT('',(-0.670398422608207,11.5464466094067,12.075013892995));
#5634=CARTESIAN_POINT('Origin',(-0.320619752389571,11.9,12.0234883472911));
#5635=CARTESIAN_POINT('',(-0.473654483641883,11.5464466094067,13.4106005889754));
#5636=CARTESIAN_POINT('Origin',(-0.320619752389571,11.9,12.0234883472911));
#5637=CARTESIAN_POINT('Origin',(-0.320619752389571,9.70000000000001,12.0234883472911));
#5638=CARTESIAN_POINT('',(-0.0728681255430886,9.7,13.705338260748));
#5639=CARTESIAN_POINT('',(0.493180651701358,9.7,14.2822972951404));
#5640=CARTESIAN_POINT('Origin',(0.,9.7,14.2));
#5641=CARTESIAN_POINT('Origin',(0.,9.7,14.2));
#5642=CARTESIAN_POINT('Origin',(-0.320619752389571,9.70000000000001,12.0234883472911));
#5643=CARTESIAN_POINT('Origin',(-3.60822483003176E-15,0.,14.2));
#5644=CARTESIAN_POINT('',(0.493180651701358,0.,14.2822972951404));
#5645=CARTESIAN_POINT('Origin',(-1.11101348439495,0.,6.65793879796837));
#5646=CARTESIAN_POINT('',(-0.617832832693593,1.7,6.74023609310874));
#5647=CARTESIAN_POINT('',(-0.617832832693593,0.,6.74023609310874));
#5648=CARTESIAN_POINT('',(-1.34054981807503,1.7,7.10213815807677));
#5649=CARTESIAN_POINT('Origin',(-1.11101348439495,1.7,6.65793879796838));
#5650=CARTESIAN_POINT('Origin',(-1.11101348439495,1.7,6.65793879796838));
#5651=CARTESIAN_POINT('Origin',(-2.12097335258721,1.7,8.61241598244536));
#5652=CARTESIAN_POINT('',(-2.12097335258721,0.,8.61241598244536));
#5653=CARTESIAN_POINT('',(-2.43506973231859,-0.853553390593273,8.4501092843715));
#5654=CARTESIAN_POINT('Origin',(-2.12097335258719,-0.5,8.61241598244537));
#5655=CARTESIAN_POINT('Origin',(-2.12097335258721,1.7,8.61241598244536));
#5656=CARTESIAN_POINT('Origin',(-2.12097335258719,-0.5,8.61241598244537));
#5657=CARTESIAN_POINT('Origin',(-3.23082278403252,-0.5,10.7601997313653));
#5658=CARTESIAN_POINT('',(-3.60077259451429,-2.77555756156284E-16,11.476127647672));
#5659=CARTESIAN_POINT('',(-3.91486897424568,-0.853553390593274,11.3138209495981));
#5660=CARTESIAN_POINT('Origin',(-3.60077259451426,-0.5,11.476127647672));
#5661=CARTESIAN_POINT('Origin',(-3.60077259451426,-0.5,11.476127647672));
#5662=CARTESIAN_POINT('',(-3.54491916376391,-0.853553390593274,10.5978930332915));
#5663=CARTESIAN_POINT('Origin',(-3.60077259451429,1.7,11.476127647672));
#5664=CARTESIAN_POINT('Origin',(-3.60077259451429,1.7,11.476127647672));
#5665=UNCERTAINTY_MEASURE_WITH_UNIT(LENGTH_MEASURE(0.01),#5669,
'DISTANCE_ACCURACY_VALUE',
'Maximum model space distance between geometric entities at asserted c
onnectivities');
#5666=UNCERTAINTY_MEASURE_WITH_UNIT(LENGTH_MEASURE(0.01),#5669,
'DISTANCE_ACCURACY_VALUE',
'Maximum model space distance between geometric entities at asserted c
onnectivities');
#5667=(
GEOMETRIC_REPRESENTATION_CONTEXT(3)
GLOBAL_UNCERTAINTY_ASSIGNED_CONTEXT((#5665))
GLOBAL_UNIT_ASSIGNED_CONTEXT((#5669,#5671,#5672))
REPRESENTATION_CONTEXT('','3D')
);
#5668=(
GEOMETRIC_REPRESENTATION_CONTEXT(3)
GLOBAL_UNCERTAINTY_ASSIGNED_CONTEXT((#5666))
GLOBAL_UNIT_ASSIGNED_CONTEXT((#5669,#5671,#5672))
REPRESENTATION_CONTEXT('','3D')
);
#5669=(
LENGTH_UNIT()
NAMED_UNIT(*)
SI_UNIT(.MILLI.,.METRE.)
);
#5670=(
LENGTH_UNIT()
NAMED_UNIT(*)
SI_UNIT($,.METRE.)
);
#5671=(
NAMED_UNIT(*)
PLANE_ANGLE_UNIT()
SI_UNIT($,.RADIAN.)
);
#5672=(
NAMED_UNIT(*)
SI_UNIT($,.STERADIAN.)
SOLID_ANGLE_UNIT()
);
#5673=SHAPE_DEFINITION_REPRESENTATION(#5674,#5675);
#5674=PRODUCT_DEFINITION_SHAPE('',$,#5677);
#5675=SHAPE_REPRESENTATION('',(#2965),#5667);
#5676=PRODUCT_DEFINITION_CONTEXT('part definition',#5681,'design');
#5677=PRODUCT_DEFINITION('koolmu core','koolmu core v2',#5678,#5676);
#5678=PRODUCT_DEFINITION_FORMATION('',$,#5683);
#5679=PRODUCT_RELATED_PRODUCT_CATEGORY('koolmu core v2',
'koolmu core v2',(#5683));
#5680=APPLICATION_PROTOCOL_DEFINITION('international standard',
'automotive_design',2009,#5681);
#5681=APPLICATION_CONTEXT(
'Core Data for Automotive Mechanical Design Process');
#5682=PRODUCT_CONTEXT('part definition',#5681,'mechanical');
#5683=PRODUCT('koolmu core','koolmu core v2',$,(#5682));
#5684=PRESENTATION_STYLE_ASSIGNMENT((#5687));
#5685=PRESENTATION_STYLE_ASSIGNMENT((#5688));
#5686=PRESENTATION_STYLE_ASSIGNMENT((#5689));
#5687=SURFACE_STYLE_USAGE(.BOTH.,#5690);
#5688=SURFACE_STYLE_USAGE(.BOTH.,#5691);
#5689=SURFACE_STYLE_USAGE(.BOTH.,#5692);
#5690=SURFACE_SIDE_STYLE('',(#5693));
#5691=SURFACE_SIDE_STYLE('',(#5694));
#5692=SURFACE_SIDE_STYLE('',(#5695));
#5693=SURFACE_STYLE_FILL_AREA(#5696);
#5694=SURFACE_STYLE_FILL_AREA(#5697);
#5695=SURFACE_STYLE_FILL_AREA(#5698);
#5696=FILL_AREA_STYLE('Steel - Satin',(#5699));
#5697=FILL_AREA_STYLE('Powder Coat (Black)',(#5700));
#5698=FILL_AREA_STYLE('Copper - Raw',(#5701));
#5699=FILL_AREA_STYLE_COLOUR('Steel - Satin',#5702);
#5700=FILL_AREA_STYLE_COLOUR('Powder Coat (Black)',#5703);
#5701=FILL_AREA_STYLE_COLOUR('Copper - Raw',#5704);
#5702=COLOUR_RGB('Steel - Satin',0.627450980392157,0.627450980392157,0.627450980392157);
#5703=COLOUR_RGB('Powder Coat (Black)',0.0980392156862745,0.0980392156862745,
0.0980392156862745);
#5704=COLOUR_RGB('Copper - Raw',0.,0.,0.);
ENDSEC;
END-ISO-10303-21;
