ISO-10303-21;
HEADER;
/* Generated by software containing ST-Developer
 * from STEP Tools, Inc. (www.steptools.com) 
 */

FILE_DESCRIPTION(
/* description */ (''),
/* implementation_level */ '2;1');

FILE_NAME(
/* name */ 'koolmu core THT.step',
/* time_stamp */ '2026-09-03T19:25:08-07:00',
/* author */ (''),
/* organization */ (''),
/* preprocessor_version */ 'ST-DEVELOPER v20.1',
/* originating_system */ 'Autodesk Translation Framework v15.8.0.0',
/* authorisation */ '');

FILE_SCHEMA (('AUTOMOTIVE_DESIGN { 1 0 10303 214 3 1 1 }'));
ENDSEC;

DATA;
#10=MECHANICAL_DESIGN_GEOMETRIC_PRESENTATION_REPRESENTATION('',(#2913,#2914,
#2915,#2916,#2917,#2918,#2919,#2920,#2921,#2922),#5986);
#11=SHAPE_REPRESENTATION_RELATIONSHIP('SRR','None',#5993,#12);
#12=ADVANCED_BREP_SHAPE_REPRESENTATION('',(#21,#22),#5985);
#13=B_SPLINE_CURVE_WITH_KNOTS('',3,(#4950,#4951,#4952,#4953,#4954,#4955,
#4956,#4957,#4958,#4959,#4960,#4961,#4962,#4963,#4964,#4965,#4966,#4967,
#4968,#4969,#4970,#4971,#4972,#4973),.UNSPECIFIED.,.F.,.F.,(4,2,2,2,2,2,
2,2,2,2,2,4),(0.,0.0215287836729117,0.091054172005676,0.169930693550473,
0.217431435686881,0.245659716739113,0.262634586030144,0.275947069791923,
0.2891509584321,0.306968496570121,0.338605695956804,0.338627366814866),
 .UNSPECIFIED.);
#14=B_SPLINE_CURVE_WITH_KNOTS('',3,(#4976,#4977,#4978,#4979,#4980,#4981,
#4982,#4983),.UNSPECIFIED.,.F.,.F.,(4,2,2,4),(0.338627366814866,0.402446267688425,
0.526394133147693,0.675058186228405),.UNSPECIFIED.);
#15=B_SPLINE_CURVE_WITH_KNOTS('',3,(#5005,#5006,#5007,#5008,#5009,#5010),
 .UNSPECIFIED.,.F.,.F.,(4,2,4),(-0.0376320234071946,-0.0373931611950166,
0.),.UNSPECIFIED.);
#16=B_SPLINE_CURVE_WITH_KNOTS('',3,(#5012,#5013,#5014,#5015,#5016,#5017),
 .UNSPECIFIED.,.F.,.F.,(4,2,4),(-0.0375250804739599,0.,0.000240818674595824),
 .UNSPECIFIED.);
#17=B_SPLINE_CURVE_WITH_KNOTS('',3,(#5022,#5023,#5024,#5025,#5026,#5027,
#5028,#5029,#5030,#5031,#5032,#5033,#5034,#5035,#5036,#5037,#5038,#5039,
#5040,#5041,#5042,#5043,#5044,#5045),.UNSPECIFIED.,.F.,.F.,(4,2,2,2,2,2,
2,2,2,2,2,4),(0.,0.0215287836724413,0.0910541720059043,0.169930693551492,
0.217431435688352,0.24565971674057,0.262634586031397,0.275947069793014,
0.289150958433021,0.306968496570772,0.338605695956942,0.338627366815256),
 .UNSPECIFIED.);
#18=B_SPLINE_CURVE_WITH_KNOTS('',3,(#5050,#5051,#5052,#5053,#5054,#5055,
#5056,#5057),.UNSPECIFIED.,.F.,.F.,(4,2,2,4),(0.338627366815256,0.40244626768744,
0.526394133145275,0.67505818622405),.UNSPECIFIED.);
#19=B_SPLINE_CURVE_WITH_KNOTS('',3,(#5076,#5077,#5078,#5079,#5080,#5081),
 .UNSPECIFIED.,.F.,.F.,(4,2,4),(-0.0372956697433441,-0.037055723402167,
0.),.UNSPECIFIED.);
#20=B_SPLINE_CURVE_WITH_KNOTS('',3,(#5083,#5084,#5085,#5086,#5087,#5088),
 .UNSPECIFIED.,.F.,.F.,(4,2,4),(-0.0366141933514279,0.,0.000228486739630669),
 .UNSPECIFIED.);
#21=MANIFOLD_SOLID_BREP('Body1',#3089);
#22=MANIFOLD_SOLID_BREP('Body46',#3090);
#23=LINE('',#4922,#103);
#24=LINE('',#4934,#104);
#25=LINE('',#4993,#105);
#26=LINE('',#5067,#106);
#27=LINE('',#5105,#107);
#28=LINE('',#5127,#108);
#29=LINE('',#5147,#109);
#30=LINE('',#5161,#110);
#31=LINE('',#5184,#111);
#32=LINE('',#5203,#112);
#33=LINE('',#5214,#113);
#34=LINE('',#5229,#114);
#35=LINE('',#5238,#115);
#36=LINE('',#5240,#116);
#37=LINE('',#5255,#117);
#38=LINE('',#5265,#118);
#39=LINE('',#5270,#119);
#40=LINE('',#5276,#120);
#41=LINE('',#5293,#121);
#42=LINE('',#5302,#122);
#43=LINE('',#5317,#123);
#44=LINE('',#5337,#124);
#45=LINE('',#5348,#125);
#46=LINE('',#5350,#126);
#47=LINE('',#5363,#127);
#48=LINE('',#5374,#128);
#49=LINE('',#5376,#129);
#50=LINE('',#5391,#130);
#51=LINE('',#5411,#131);
#52=LINE('',#5433,#132);
#53=LINE('',#5455,#133);
#54=LINE('',#5466,#134);
#55=LINE('',#5468,#135);
#56=LINE('',#5481,#136);
#57=LINE('',#5492,#137);
#58=LINE('',#5494,#138);
#59=LINE('',#5507,#139);
#60=LINE('',#5529,#140);
#61=LINE('',#5540,#141);
#62=LINE('',#5542,#142);
#63=LINE('',#5555,#143);
#64=LINE('',#5566,#144);
#65=LINE('',#5579,#145);
#66=LINE('',#5590,#146);
#67=LINE('',#5596,#147);
#68=LINE('',#5602,#148);
#69=LINE('',#5611,#149);
#70=LINE('',#5631,#150);
#71=LINE('',#5651,#151);
#72=LINE('',#5662,#152);
#73=LINE('',#5677,#153);
#74=LINE('',#5686,#154);
#75=LINE('',#5689,#155);
#76=LINE('',#5695,#156);
#77=LINE('',#5710,#157);
#78=LINE('',#5725,#158);
#79=LINE('',#5736,#159);
#80=LINE('',#5738,#160);
#81=LINE('',#5751,#161);
#82=LINE('',#5773,#162);
#83=LINE('',#5784,#163);
#84=LINE('',#5786,#164);
#85=LINE('',#5801,#165);
#86=LINE('',#5823,#166);
#87=LINE('',#5845,#167);
#88=LINE('',#5865,#168);
#89=LINE('',#5876,#169);
#90=LINE('',#5878,#170);
#91=LINE('',#5881,#171);
#92=LINE('',#5887,#172);
#93=LINE('',#5902,#173);
#94=LINE('',#5907,#174);
#95=LINE('',#5913,#175);
#96=LINE('',#5928,#176);
#97=LINE('',#5933,#177);
#98=LINE('',#5939,#178);
#99=LINE('',#5954,#179);
#100=LINE('',#5969,#180);
#101=LINE('',#5980,#181);
#102=LINE('',#5982,#182);
#103=VECTOR('',#3696,7.25);
#104=VECTOR('',#3711,13.7);
#105=VECTOR('',#3746,0.5);
#106=VECTOR('',#3779,0.5);
#107=VECTOR('',#3808,0.5);
#108=VECTOR('',#3835,0.5);
#109=VECTOR('',#3860,0.5);
#110=VECTOR('',#3877,0.5);
#111=VECTOR('',#3906,0.5);
#112=VECTOR('',#3929,0.5);
#113=VECTOR('',#3944,0.5);
#114=VECTOR('',#3961,0.5);
#115=VECTOR('',#3974,0.5);
#116=VECTOR('',#3977,0.5);
#117=VECTOR('',#3994,0.5);
#118=VECTOR('',#4007,0.5);
#119=VECTOR('',#4014,0.5);
#120=VECTOR('',#4021,0.5);
#121=VECTOR('',#4042,0.5);
#122=VECTOR('',#4055,0.5);
#123=VECTOR('',#4072,0.5);
#124=VECTOR('',#4097,0.5);
#125=VECTOR('',#4112,0.5);
#126=VECTOR('',#4115,0.5);
#127=VECTOR('',#4130,0.5);
#128=VECTOR('',#4145,0.5);
#129=VECTOR('',#4148,0.5);
#130=VECTOR('',#4165,0.5);
#131=VECTOR('',#4190,0.5);
#132=VECTOR('',#4217,0.5);
#133=VECTOR('',#4244,0.5);
#134=VECTOR('',#4259,0.5);
#135=VECTOR('',#4262,0.5);
#136=VECTOR('',#4277,0.5);
#137=VECTOR('',#4292,0.5);
#138=VECTOR('',#4295,0.5);
#139=VECTOR('',#4310,0.5);
#140=VECTOR('',#4337,0.5);
#141=VECTOR('',#4352,0.5);
#142=VECTOR('',#4355,0.5);
#143=VECTOR('',#4370,0.5);
#144=VECTOR('',#4385,0.5);
#145=VECTOR('',#4400,0.5);
#146=VECTOR('',#4415,0.5);
#147=VECTOR('',#4422,0.5);
#148=VECTOR('',#4429,0.5);
#149=VECTOR('',#4440,0.5);
#150=VECTOR('',#4465,0.5);
#151=VECTOR('',#4490,0.5);
#152=VECTOR('',#4505,0.5);
#153=VECTOR('',#4522,0.5);
#154=VECTOR('',#4535,0.5);
#155=VECTOR('',#4538,0.5);
#156=VECTOR('',#4545,0.5);
#157=VECTOR('',#4564,0.5);
#158=VECTOR('',#4583,0.5);
#159=VECTOR('',#4598,0.5);
#160=VECTOR('',#4601,0.5);
#161=VECTOR('',#4616,0.5);
#162=VECTOR('',#4643,0.5);
#163=VECTOR('',#4658,0.5);
#164=VECTOR('',#4661,0.5);
#165=VECTOR('',#4678,0.5);
#166=VECTOR('',#4705,0.5);
#167=VECTOR('',#4732,0.5);
#168=VECTOR('',#4757,0.5);
#169=VECTOR('',#4772,0.5);
#170=VECTOR('',#4775,0.5);
#171=VECTOR('',#4778,0.5);
#172=VECTOR('',#4785,0.5);
#173=VECTOR('',#4804,0.5);
#174=VECTOR('',#4811,0.5);
#175=VECTOR('',#4818,0.5);
#176=VECTOR('',#4837,0.5);
#177=VECTOR('',#4844,0.5);
#178=VECTOR('',#4851,0.5);
#179=VECTOR('',#4870,0.5);
#180=VECTOR('',#4889,0.5);
#181=VECTOR('',#4904,0.5);
#182=VECTOR('',#4907,0.5);
#183=CYLINDRICAL_SURFACE('',#3111,7.25);
#184=CYLINDRICAL_SURFACE('',#3118,13.7);
#185=CYLINDRICAL_SURFACE('',#3135,0.5);
#186=CYLINDRICAL_SURFACE('',#3151,0.5);
#187=CYLINDRICAL_SURFACE('',#3164,0.5);
#188=CYLINDRICAL_SURFACE('',#3177,0.5);
#189=CYLINDRICAL_SURFACE('',#3190,0.5);
#190=CYLINDRICAL_SURFACE('',#3197,0.5);
#191=CYLINDRICAL_SURFACE('',#3210,0.5);
#192=CYLINDRICAL_SURFACE('',#3223,0.5);
#193=CYLINDRICAL_SURFACE('',#3230,0.5);
#194=CYLINDRICAL_SURFACE('',#3237,0.5);
#195=CYLINDRICAL_SURFACE('',#3244,0.5);
#196=CYLINDRICAL_SURFACE('',#3245,0.5);
#197=CYLINDRICAL_SURFACE('',#3252,0.5);
#198=CYLINDRICAL_SURFACE('',#3259,0.5);
#199=CYLINDRICAL_SURFACE('',#3262,0.5);
#200=CYLINDRICAL_SURFACE('',#3263,0.5);
#201=CYLINDRICAL_SURFACE('',#3274,0.5);
#202=CYLINDRICAL_SURFACE('',#3281,0.5);
#203=CYLINDRICAL_SURFACE('',#3288,0.5);
#204=CYLINDRICAL_SURFACE('',#3301,0.5);
#205=CYLINDRICAL_SURFACE('',#3308,0.500000000000001);
#206=CYLINDRICAL_SURFACE('',#3309,0.5);
#207=CYLINDRICAL_SURFACE('',#3316,0.5);
#208=CYLINDRICAL_SURFACE('',#3323,0.5);
#209=CYLINDRICAL_SURFACE('',#3324,0.5);
#210=CYLINDRICAL_SURFACE('',#3331,0.5);
#211=CYLINDRICAL_SURFACE('',#3344,0.5);
#212=CYLINDRICAL_SURFACE('',#3357,0.5);
#213=CYLINDRICAL_SURFACE('',#3370,0.5);
#214=CYLINDRICAL_SURFACE('',#3377,0.5);
#215=CYLINDRICAL_SURFACE('',#3378,0.5);
#216=CYLINDRICAL_SURFACE('',#3385,0.5);
#217=CYLINDRICAL_SURFACE('',#3392,0.5);
#218=CYLINDRICAL_SURFACE('',#3393,0.5);
#219=CYLINDRICAL_SURFACE('',#3400,0.5);
#220=CYLINDRICAL_SURFACE('',#3413,0.5);
#221=CYLINDRICAL_SURFACE('',#3420,0.5);
#222=CYLINDRICAL_SURFACE('',#3421,0.5);
#223=CYLINDRICAL_SURFACE('',#3428,0.5);
#224=CYLINDRICAL_SURFACE('',#3435,0.5);
#225=CYLINDRICAL_SURFACE('',#3442,0.5);
#226=CYLINDRICAL_SURFACE('',#3449,0.5);
#227=CYLINDRICAL_SURFACE('',#3450,0.5);
#228=CYLINDRICAL_SURFACE('',#3453,0.500000000000001);
#229=CYLINDRICAL_SURFACE('',#3460,0.5);
#230=CYLINDRICAL_SURFACE('',#3471,0.5);
#231=CYLINDRICAL_SURFACE('',#3484,0.5);
#232=CYLINDRICAL_SURFACE('',#3491,0.5);
#233=CYLINDRICAL_SURFACE('',#3498,0.5);
#234=CYLINDRICAL_SURFACE('',#3505,0.5);
#235=CYLINDRICAL_SURFACE('',#3506,0.5);
#236=CYLINDRICAL_SURFACE('',#3509,0.5);
#237=CYLINDRICAL_SURFACE('',#3516,0.5);
#238=CYLINDRICAL_SURFACE('',#3527,0.5);
#239=CYLINDRICAL_SURFACE('',#3534,0.5);
#240=CYLINDRICAL_SURFACE('',#3535,0.5);
#241=CYLINDRICAL_SURFACE('',#3542,0.5);
#242=CYLINDRICAL_SURFACE('',#3555,0.5);
#243=CYLINDRICAL_SURFACE('',#3562,0.5);
#244=CYLINDRICAL_SURFACE('',#3563,0.5);
#245=CYLINDRICAL_SURFACE('',#3570,0.5);
#246=CYLINDRICAL_SURFACE('',#3583,0.5);
#247=CYLINDRICAL_SURFACE('',#3596,0.5);
#248=CYLINDRICAL_SURFACE('',#3609,0.5);
#249=CYLINDRICAL_SURFACE('',#3616,0.5);
#250=CYLINDRICAL_SURFACE('',#3617,0.5);
#251=CYLINDRICAL_SURFACE('',#3618,0.5);
#252=CYLINDRICAL_SURFACE('',#3621,0.5);
#253=CYLINDRICAL_SURFACE('',#3628,0.5);
#254=CYLINDRICAL_SURFACE('',#3633,0.5);
#255=CYLINDRICAL_SURFACE('',#3636,0.5);
#256=CYLINDRICAL_SURFACE('',#3643,0.5);
#257=CYLINDRICAL_SURFACE('',#3648,0.5);
#258=CYLINDRICAL_SURFACE('',#3651,0.5);
#259=CYLINDRICAL_SURFACE('',#3658,0.5);
#260=CYLINDRICAL_SURFACE('',#3669,0.5);
#261=CYLINDRICAL_SURFACE('',#3676,0.5);
#262=CYLINDRICAL_SURFACE('',#3677,0.5);
#263=FACE_BOUND('',#437,.T.);
#264=FACE_BOUND('',#443,.T.);
#265=PLANE('',#3109);
#266=PLANE('',#3124);
#267=PLANE('',#3133);
#268=PLANE('',#3149);
#269=FACE_OUTER_BOUND('',#435,.T.);
#270=FACE_OUTER_BOUND('',#436,.T.);
#271=FACE_OUTER_BOUND('',#438,.T.);
#272=FACE_OUTER_BOUND('',#439,.T.);
#273=FACE_OUTER_BOUND('',#440,.T.);
#274=FACE_OUTER_BOUND('',#441,.T.);
#275=FACE_OUTER_BOUND('',#442,.T.);
#276=FACE_OUTER_BOUND('',#444,.T.);
#277=FACE_OUTER_BOUND('',#445,.T.);
#278=FACE_OUTER_BOUND('',#446,.T.);
#279=FACE_OUTER_BOUND('',#447,.T.);
#280=FACE_OUTER_BOUND('',#448,.T.);
#281=FACE_OUTER_BOUND('',#449,.T.);
#282=FACE_OUTER_BOUND('',#450,.T.);
#283=FACE_OUTER_BOUND('',#451,.T.);
#284=FACE_OUTER_BOUND('',#452,.T.);
#285=FACE_OUTER_BOUND('',#453,.T.);
#286=FACE_OUTER_BOUND('',#454,.T.);
#287=FACE_OUTER_BOUND('',#455,.T.);
#288=FACE_OUTER_BOUND('',#456,.T.);
#289=FACE_OUTER_BOUND('',#457,.T.);
#290=FACE_OUTER_BOUND('',#458,.T.);
#291=FACE_OUTER_BOUND('',#459,.T.);
#292=FACE_OUTER_BOUND('',#460,.T.);
#293=FACE_OUTER_BOUND('',#461,.T.);
#294=FACE_OUTER_BOUND('',#462,.T.);
#295=FACE_OUTER_BOUND('',#463,.T.);
#296=FACE_OUTER_BOUND('',#464,.T.);
#297=FACE_OUTER_BOUND('',#465,.T.);
#298=FACE_OUTER_BOUND('',#466,.T.);
#299=FACE_OUTER_BOUND('',#467,.T.);
#300=FACE_OUTER_BOUND('',#468,.T.);
#301=FACE_OUTER_BOUND('',#469,.T.);
#302=FACE_OUTER_BOUND('',#470,.T.);
#303=FACE_OUTER_BOUND('',#471,.T.);
#304=FACE_OUTER_BOUND('',#472,.T.);
#305=FACE_OUTER_BOUND('',#473,.T.);
#306=FACE_OUTER_BOUND('',#474,.T.);
#307=FACE_OUTER_BOUND('',#475,.T.);
#308=FACE_OUTER_BOUND('',#476,.T.);
#309=FACE_OUTER_BOUND('',#477,.T.);
#310=FACE_OUTER_BOUND('',#478,.T.);
#311=FACE_OUTER_BOUND('',#479,.T.);
#312=FACE_OUTER_BOUND('',#480,.T.);
#313=FACE_OUTER_BOUND('',#481,.T.);
#314=FACE_OUTER_BOUND('',#482,.T.);
#315=FACE_OUTER_BOUND('',#483,.T.);
#316=FACE_OUTER_BOUND('',#484,.T.);
#317=FACE_OUTER_BOUND('',#485,.T.);
#318=FACE_OUTER_BOUND('',#486,.T.);
#319=FACE_OUTER_BOUND('',#487,.T.);
#320=FACE_OUTER_BOUND('',#488,.T.);
#321=FACE_OUTER_BOUND('',#489,.T.);
#322=FACE_OUTER_BOUND('',#490,.T.);
#323=FACE_OUTER_BOUND('',#491,.T.);
#324=FACE_OUTER_BOUND('',#492,.T.);
#325=FACE_OUTER_BOUND('',#493,.T.);
#326=FACE_OUTER_BOUND('',#494,.T.);
#327=FACE_OUTER_BOUND('',#495,.T.);
#328=FACE_OUTER_BOUND('',#496,.T.);
#329=FACE_OUTER_BOUND('',#497,.T.);
#330=FACE_OUTER_BOUND('',#498,.T.);
#331=FACE_OUTER_BOUND('',#499,.T.);
#332=FACE_OUTER_BOUND('',#500,.T.);
#333=FACE_OUTER_BOUND('',#501,.T.);
#334=FACE_OUTER_BOUND('',#502,.T.);
#335=FACE_OUTER_BOUND('',#503,.T.);
#336=FACE_OUTER_BOUND('',#504,.T.);
#337=FACE_OUTER_BOUND('',#505,.T.);
#338=FACE_OUTER_BOUND('',#506,.T.);
#339=FACE_OUTER_BOUND('',#507,.T.);
#340=FACE_OUTER_BOUND('',#508,.T.);
#341=FACE_OUTER_BOUND('',#509,.T.);
#342=FACE_OUTER_BOUND('',#510,.T.);
#343=FACE_OUTER_BOUND('',#511,.T.);
#344=FACE_OUTER_BOUND('',#512,.T.);
#345=FACE_OUTER_BOUND('',#513,.T.);
#346=FACE_OUTER_BOUND('',#514,.T.);
#347=FACE_OUTER_BOUND('',#515,.T.);
#348=FACE_OUTER_BOUND('',#516,.T.);
#349=FACE_OUTER_BOUND('',#517,.T.);
#350=FACE_OUTER_BOUND('',#518,.T.);
#351=FACE_OUTER_BOUND('',#519,.T.);
#352=FACE_OUTER_BOUND('',#520,.T.);
#353=FACE_OUTER_BOUND('',#521,.T.);
#354=FACE_OUTER_BOUND('',#522,.T.);
#355=FACE_OUTER_BOUND('',#523,.T.);
#356=FACE_OUTER_BOUND('',#524,.T.);
#357=FACE_OUTER_BOUND('',#525,.T.);
#358=FACE_OUTER_BOUND('',#526,.T.);
#359=FACE_OUTER_BOUND('',#527,.T.);
#360=FACE_OUTER_BOUND('',#528,.T.);
#361=FACE_OUTER_BOUND('',#529,.T.);
#362=FACE_OUTER_BOUND('',#530,.T.);
#363=FACE_OUTER_BOUND('',#531,.T.);
#364=FACE_OUTER_BOUND('',#532,.T.);
#365=FACE_OUTER_BOUND('',#533,.T.);
#366=FACE_OUTER_BOUND('',#534,.T.);
#367=FACE_OUTER_BOUND('',#535,.T.);
#368=FACE_OUTER_BOUND('',#536,.T.);
#369=FACE_OUTER_BOUND('',#537,.T.);
#370=FACE_OUTER_BOUND('',#538,.T.);
#371=FACE_OUTER_BOUND('',#539,.T.);
#372=FACE_OUTER_BOUND('',#540,.T.);
#373=FACE_OUTER_BOUND('',#541,.T.);
#374=FACE_OUTER_BOUND('',#542,.T.);
#375=FACE_OUTER_BOUND('',#543,.T.);
#376=FACE_OUTER_BOUND('',#544,.T.);
#377=FACE_OUTER_BOUND('',#545,.T.);
#378=FACE_OUTER_BOUND('',#546,.T.);
#379=FACE_OUTER_BOUND('',#547,.T.);
#380=FACE_OUTER_BOUND('',#548,.T.);
#381=FACE_OUTER_BOUND('',#549,.T.);
#382=FACE_OUTER_BOUND('',#550,.T.);
#383=FACE_OUTER_BOUND('',#551,.T.);
#384=FACE_OUTER_BOUND('',#552,.T.);
#385=FACE_OUTER_BOUND('',#553,.T.);
#386=FACE_OUTER_BOUND('',#554,.T.);
#387=FACE_OUTER_BOUND('',#555,.T.);
#388=FACE_OUTER_BOUND('',#556,.T.);
#389=FACE_OUTER_BOUND('',#557,.T.);
#390=FACE_OUTER_BOUND('',#558,.T.);
#391=FACE_OUTER_BOUND('',#559,.T.);
#392=FACE_OUTER_BOUND('',#560,.T.);
#393=FACE_OUTER_BOUND('',#561,.T.);
#394=FACE_OUTER_BOUND('',#562,.T.);
#395=FACE_OUTER_BOUND('',#563,.T.);
#396=FACE_OUTER_BOUND('',#564,.T.);
#397=FACE_OUTER_BOUND('',#565,.T.);
#398=FACE_OUTER_BOUND('',#566,.T.);
#399=FACE_OUTER_BOUND('',#567,.T.);
#400=FACE_OUTER_BOUND('',#568,.T.);
#401=FACE_OUTER_BOUND('',#569,.T.);
#402=FACE_OUTER_BOUND('',#570,.T.);
#403=FACE_OUTER_BOUND('',#571,.T.);
#404=FACE_OUTER_BOUND('',#572,.T.);
#405=FACE_OUTER_BOUND('',#573,.T.);
#406=FACE_OUTER_BOUND('',#574,.T.);
#407=FACE_OUTER_BOUND('',#575,.T.);
#408=FACE_OUTER_BOUND('',#576,.T.);
#409=FACE_OUTER_BOUND('',#577,.T.);
#410=FACE_OUTER_BOUND('',#578,.T.);
#411=FACE_OUTER_BOUND('',#579,.T.);
#412=FACE_OUTER_BOUND('',#580,.T.);
#413=FACE_OUTER_BOUND('',#581,.T.);
#414=FACE_OUTER_BOUND('',#582,.T.);
#415=FACE_OUTER_BOUND('',#583,.T.);
#416=FACE_OUTER_BOUND('',#584,.T.);
#417=FACE_OUTER_BOUND('',#585,.T.);
#418=FACE_OUTER_BOUND('',#586,.T.);
#419=FACE_OUTER_BOUND('',#587,.T.);
#420=FACE_OUTER_BOUND('',#588,.T.);
#421=FACE_OUTER_BOUND('',#589,.T.);
#422=FACE_OUTER_BOUND('',#590,.T.);
#423=FACE_OUTER_BOUND('',#591,.T.);
#424=FACE_OUTER_BOUND('',#592,.T.);
#425=FACE_OUTER_BOUND('',#593,.T.);
#426=FACE_OUTER_BOUND('',#594,.T.);
#427=FACE_OUTER_BOUND('',#595,.T.);
#428=FACE_OUTER_BOUND('',#596,.T.);
#429=FACE_OUTER_BOUND('',#597,.T.);
#430=FACE_OUTER_BOUND('',#598,.T.);
#431=FACE_OUTER_BOUND('',#599,.T.);
#432=FACE_OUTER_BOUND('',#600,.T.);
#433=FACE_OUTER_BOUND('',#601,.T.);
#434=FACE_OUTER_BOUND('',#602,.T.);
#435=EDGE_LOOP('',(#1839,#1840,#1841,#1842,#1843));
#436=EDGE_LOOP('',(#1844));
#437=EDGE_LOOP('',(#1845));
#438=EDGE_LOOP('',(#1846,#1847,#1848,#1849,#1850,#1851));
#439=EDGE_LOOP('',(#1852,#1853,#1854,#1855,#1856));
#440=EDGE_LOOP('',(#1857,#1858,#1859,#1860,#1861,#1862));
#441=EDGE_LOOP('',(#1863,#1864,#1865,#1866,#1867));
#442=EDGE_LOOP('',(#1868));
#443=EDGE_LOOP('',(#1869));
#444=EDGE_LOOP('',(#1870,#1871,#1872,#1873,#1874));
#445=EDGE_LOOP('',(#1875,#1876,#1877,#1878,#1879,#1880,#1881));
#446=EDGE_LOOP('',(#1882));
#447=EDGE_LOOP('',(#1883,#1884,#1885,#1886,#1887));
#448=EDGE_LOOP('',(#1888,#1889,#1890,#1891,#1892,#1893,#1894,#1895,#1896,
#1897,#1898));
#449=EDGE_LOOP('',(#1899,#1900,#1901,#1902,#1903,#1904,#1905,#1906));
#450=EDGE_LOOP('',(#1907));
#451=EDGE_LOOP('',(#1908,#1909,#1910,#1911,#1912));
#452=EDGE_LOOP('',(#1913,#1914,#1915,#1916,#1917,#1918,#1919,#1920,#1921,
#1922));
#453=EDGE_LOOP('',(#1923,#1924,#1925,#1926,#1927,#1928));
#454=EDGE_LOOP('',(#1929,#1930,#1931,#1932,#1933,#1934));
#455=EDGE_LOOP('',(#1935,#1936,#1937,#1938,#1939,#1940));
#456=EDGE_LOOP('',(#1941,#1942,#1943,#1944,#1945,#1946));
#457=EDGE_LOOP('',(#1947,#1948,#1949,#1950,#1951,#1952));
#458=EDGE_LOOP('',(#1953,#1954,#1955,#1956,#1957,#1958));
#459=EDGE_LOOP('',(#1959,#1960,#1961,#1962,#1963,#1964));
#460=EDGE_LOOP('',(#1965,#1966,#1967,#1968,#1969,#1970));
#461=EDGE_LOOP('',(#1971,#1972,#1973,#1974,#1975,#1976));
#462=EDGE_LOOP('',(#1977,#1978,#1979,#1980,#1981,#1982));
#463=EDGE_LOOP('',(#1983,#1984,#1985,#1986,#1987,#1988));
#464=EDGE_LOOP('',(#1989,#1990,#1991,#1992,#1993,#1994));
#465=EDGE_LOOP('',(#1995,#1996,#1997,#1998,#1999,#2000));
#466=EDGE_LOOP('',(#2001,#2002,#2003,#2004,#2005,#2006));
#467=EDGE_LOOP('',(#2007,#2008,#2009,#2010,#2011,#2012));
#468=EDGE_LOOP('',(#2013,#2014,#2015,#2016,#2017,#2018));
#469=EDGE_LOOP('',(#2019,#2020,#2021,#2022,#2023,#2024));
#470=EDGE_LOOP('',(#2025,#2026,#2027,#2028,#2029,#2030));
#471=EDGE_LOOP('',(#2031,#2032,#2033,#2034,#2035,#2036));
#472=EDGE_LOOP('',(#2037,#2038,#2039,#2040,#2041,#2042));
#473=EDGE_LOOP('',(#2043,#2044,#2045,#2046,#2047,#2048));
#474=EDGE_LOOP('',(#2049,#2050,#2051,#2052,#2053,#2054));
#475=EDGE_LOOP('',(#2055,#2056,#2057,#2058,#2059,#2060));
#476=EDGE_LOOP('',(#2061,#2062,#2063,#2064,#2065,#2066));
#477=EDGE_LOOP('',(#2067,#2068,#2069,#2070,#2071,#2072));
#478=EDGE_LOOP('',(#2073,#2074,#2075,#2076,#2077,#2078));
#479=EDGE_LOOP('',(#2079,#2080,#2081,#2082,#2083,#2084));
#480=EDGE_LOOP('',(#2085,#2086,#2087,#2088,#2089,#2090,#2091,#2092,#2093,
#2094,#2095,#2096,#2097,#2098));
#481=EDGE_LOOP('',(#2099,#2100,#2101,#2102,#2103,#2104));
#482=EDGE_LOOP('',(#2105,#2106,#2107,#2108,#2109,#2110));
#483=EDGE_LOOP('',(#2111,#2112,#2113,#2114,#2115,#2116));
#484=EDGE_LOOP('',(#2117,#2118,#2119,#2120,#2121,#2122));
#485=EDGE_LOOP('',(#2123,#2124,#2125,#2126,#2127,#2128));
#486=EDGE_LOOP('',(#2129,#2130,#2131,#2132,#2133,#2134));
#487=EDGE_LOOP('',(#2135,#2136,#2137,#2138,#2139,#2140));
#488=EDGE_LOOP('',(#2141,#2142,#2143,#2144,#2145,#2146));
#489=EDGE_LOOP('',(#2147,#2148,#2149,#2150,#2151,#2152));
#490=EDGE_LOOP('',(#2153,#2154,#2155,#2156,#2157,#2158));
#491=EDGE_LOOP('',(#2159,#2160,#2161,#2162,#2163,#2164));
#492=EDGE_LOOP('',(#2165,#2166,#2167,#2168,#2169,#2170));
#493=EDGE_LOOP('',(#2171,#2172,#2173,#2174,#2175,#2176));
#494=EDGE_LOOP('',(#2177,#2178,#2179,#2180,#2181,#2182));
#495=EDGE_LOOP('',(#2183,#2184,#2185,#2186,#2187,#2188));
#496=EDGE_LOOP('',(#2189,#2190,#2191,#2192,#2193,#2194));
#497=EDGE_LOOP('',(#2195,#2196,#2197,#2198,#2199,#2200));
#498=EDGE_LOOP('',(#2201,#2202,#2203,#2204,#2205,#2206));
#499=EDGE_LOOP('',(#2207,#2208,#2209,#2210,#2211,#2212));
#500=EDGE_LOOP('',(#2213,#2214,#2215,#2216,#2217,#2218));
#501=EDGE_LOOP('',(#2219,#2220,#2221,#2222,#2223,#2224));
#502=EDGE_LOOP('',(#2225,#2226,#2227,#2228,#2229,#2230));
#503=EDGE_LOOP('',(#2231,#2232,#2233,#2234,#2235,#2236));
#504=EDGE_LOOP('',(#2237,#2238,#2239,#2240,#2241,#2242));
#505=EDGE_LOOP('',(#2243,#2244,#2245,#2246,#2247,#2248));
#506=EDGE_LOOP('',(#2249,#2250,#2251,#2252,#2253,#2254));
#507=EDGE_LOOP('',(#2255,#2256,#2257,#2258,#2259,#2260));
#508=EDGE_LOOP('',(#2261,#2262,#2263,#2264,#2265,#2266));
#509=EDGE_LOOP('',(#2267,#2268,#2269,#2270,#2271,#2272));
#510=EDGE_LOOP('',(#2273,#2274,#2275,#2276,#2277,#2278));
#511=EDGE_LOOP('',(#2279,#2280,#2281,#2282,#2283,#2284));
#512=EDGE_LOOP('',(#2285,#2286,#2287,#2288,#2289,#2290));
#513=EDGE_LOOP('',(#2291,#2292,#2293,#2294,#2295,#2296));
#514=EDGE_LOOP('',(#2297,#2298,#2299,#2300,#2301,#2302));
#515=EDGE_LOOP('',(#2303,#2304,#2305,#2306,#2307,#2308));
#516=EDGE_LOOP('',(#2309,#2310,#2311,#2312,#2313,#2314));
#517=EDGE_LOOP('',(#2315,#2316,#2317,#2318,#2319,#2320));
#518=EDGE_LOOP('',(#2321,#2322,#2323,#2324,#2325,#2326));
#519=EDGE_LOOP('',(#2327,#2328,#2329,#2330,#2331,#2332));
#520=EDGE_LOOP('',(#2333,#2334,#2335,#2336,#2337,#2338));
#521=EDGE_LOOP('',(#2339,#2340,#2341,#2342,#2343,#2344));
#522=EDGE_LOOP('',(#2345,#2346,#2347,#2348,#2349,#2350));
#523=EDGE_LOOP('',(#2351,#2352,#2353,#2354,#2355,#2356));
#524=EDGE_LOOP('',(#2357,#2358,#2359,#2360,#2361,#2362));
#525=EDGE_LOOP('',(#2363,#2364,#2365,#2366,#2367,#2368));
#526=EDGE_LOOP('',(#2369,#2370,#2371,#2372,#2373,#2374));
#527=EDGE_LOOP('',(#2375,#2376,#2377,#2378,#2379,#2380));
#528=EDGE_LOOP('',(#2381,#2382,#2383,#2384,#2385,#2386));
#529=EDGE_LOOP('',(#2387,#2388,#2389,#2390,#2391,#2392));
#530=EDGE_LOOP('',(#2393,#2394,#2395,#2396,#2397,#2398));
#531=EDGE_LOOP('',(#2399,#2400,#2401,#2402,#2403,#2404));
#532=EDGE_LOOP('',(#2405,#2406,#2407,#2408,#2409,#2410));
#533=EDGE_LOOP('',(#2411,#2412,#2413,#2414,#2415,#2416));
#534=EDGE_LOOP('',(#2417,#2418,#2419,#2420,#2421,#2422));
#535=EDGE_LOOP('',(#2423,#2424,#2425,#2426,#2427,#2428));
#536=EDGE_LOOP('',(#2429,#2430,#2431,#2432,#2433,#2434));
#537=EDGE_LOOP('',(#2435,#2436,#2437,#2438,#2439,#2440));
#538=EDGE_LOOP('',(#2441,#2442,#2443,#2444,#2445,#2446));
#539=EDGE_LOOP('',(#2447,#2448,#2449,#2450,#2451,#2452));
#540=EDGE_LOOP('',(#2453,#2454,#2455,#2456,#2457,#2458));
#541=EDGE_LOOP('',(#2459,#2460,#2461,#2462,#2463,#2464));
#542=EDGE_LOOP('',(#2465,#2466,#2467,#2468,#2469,#2470));
#543=EDGE_LOOP('',(#2471,#2472,#2473,#2474,#2475,#2476));
#544=EDGE_LOOP('',(#2477,#2478,#2479,#2480,#2481,#2482));
#545=EDGE_LOOP('',(#2483,#2484,#2485,#2486,#2487,#2488));
#546=EDGE_LOOP('',(#2489,#2490,#2491,#2492,#2493,#2494));
#547=EDGE_LOOP('',(#2495,#2496,#2497,#2498,#2499,#2500));
#548=EDGE_LOOP('',(#2501,#2502,#2503,#2504,#2505,#2506));
#549=EDGE_LOOP('',(#2507,#2508,#2509,#2510,#2511,#2512));
#550=EDGE_LOOP('',(#2513,#2514,#2515,#2516,#2517,#2518));
#551=EDGE_LOOP('',(#2519,#2520,#2521,#2522,#2523,#2524));
#552=EDGE_LOOP('',(#2525,#2526,#2527,#2528,#2529,#2530));
#553=EDGE_LOOP('',(#2531,#2532,#2533,#2534,#2535,#2536));
#554=EDGE_LOOP('',(#2537,#2538,#2539,#2540,#2541,#2542));
#555=EDGE_LOOP('',(#2543,#2544,#2545,#2546,#2547,#2548));
#556=EDGE_LOOP('',(#2549,#2550,#2551,#2552,#2553,#2554));
#557=EDGE_LOOP('',(#2555,#2556,#2557,#2558,#2559,#2560));
#558=EDGE_LOOP('',(#2561,#2562,#2563,#2564,#2565,#2566));
#559=EDGE_LOOP('',(#2567,#2568,#2569,#2570,#2571,#2572));
#560=EDGE_LOOP('',(#2573,#2574,#2575,#2576,#2577,#2578));
#561=EDGE_LOOP('',(#2579,#2580,#2581,#2582,#2583,#2584));
#562=EDGE_LOOP('',(#2585,#2586,#2587,#2588,#2589,#2590));
#563=EDGE_LOOP('',(#2591,#2592,#2593,#2594,#2595,#2596));
#564=EDGE_LOOP('',(#2597,#2598,#2599,#2600,#2601,#2602));
#565=EDGE_LOOP('',(#2603,#2604,#2605,#2606,#2607,#2608));
#566=EDGE_LOOP('',(#2609,#2610,#2611,#2612,#2613,#2614));
#567=EDGE_LOOP('',(#2615,#2616,#2617,#2618,#2619,#2620));
#568=EDGE_LOOP('',(#2621,#2622,#2623,#2624,#2625,#2626));
#569=EDGE_LOOP('',(#2627,#2628,#2629,#2630,#2631,#2632));
#570=EDGE_LOOP('',(#2633,#2634,#2635,#2636,#2637,#2638));
#571=EDGE_LOOP('',(#2639,#2640,#2641,#2642,#2643,#2644));
#572=EDGE_LOOP('',(#2645,#2646,#2647,#2648,#2649,#2650));
#573=EDGE_LOOP('',(#2651,#2652,#2653,#2654,#2655,#2656));
#574=EDGE_LOOP('',(#2657,#2658,#2659,#2660,#2661,#2662));
#575=EDGE_LOOP('',(#2663,#2664,#2665,#2666,#2667,#2668));
#576=EDGE_LOOP('',(#2669,#2670,#2671,#2672,#2673,#2674));
#577=EDGE_LOOP('',(#2675,#2676,#2677,#2678,#2679,#2680));
#578=EDGE_LOOP('',(#2681,#2682,#2683,#2684,#2685,#2686));
#579=EDGE_LOOP('',(#2687,#2688,#2689,#2690,#2691,#2692));
#580=EDGE_LOOP('',(#2693,#2694,#2695,#2696,#2697,#2698));
#581=EDGE_LOOP('',(#2699,#2700,#2701,#2702,#2703,#2704));
#582=EDGE_LOOP('',(#2705,#2706,#2707,#2708,#2709,#2710));
#583=EDGE_LOOP('',(#2711,#2712,#2713,#2714,#2715,#2716));
#584=EDGE_LOOP('',(#2717,#2718,#2719,#2720,#2721,#2722));
#585=EDGE_LOOP('',(#2723,#2724,#2725,#2726,#2727,#2728));
#586=EDGE_LOOP('',(#2729,#2730,#2731,#2732,#2733,#2734));
#587=EDGE_LOOP('',(#2735,#2736,#2737,#2738,#2739,#2740));
#588=EDGE_LOOP('',(#2741,#2742,#2743,#2744,#2745,#2746));
#589=EDGE_LOOP('',(#2747,#2748,#2749,#2750,#2751,#2752));
#590=EDGE_LOOP('',(#2753,#2754,#2755,#2756,#2757,#2758));
#591=EDGE_LOOP('',(#2759,#2760,#2761,#2762,#2763,#2764));
#592=EDGE_LOOP('',(#2765,#2766,#2767,#2768,#2769,#2770));
#593=EDGE_LOOP('',(#2771,#2772,#2773,#2774,#2775,#2776));
#594=EDGE_LOOP('',(#2777,#2778,#2779,#2780,#2781,#2782));
#595=EDGE_LOOP('',(#2783,#2784,#2785,#2786,#2787,#2788));
#596=EDGE_LOOP('',(#2789,#2790,#2791,#2792,#2793,#2794));
#597=EDGE_LOOP('',(#2795,#2796,#2797,#2798,#2799,#2800));
#598=EDGE_LOOP('',(#2801,#2802,#2803,#2804,#2805,#2806));
#599=EDGE_LOOP('',(#2807,#2808,#2809,#2810,#2811,#2812));
#600=EDGE_LOOP('',(#2813,#2814,#2815,#2816,#2817,#2818));
#601=EDGE_LOOP('',(#2819,#2820,#2821,#2822,#2823,#2824));
#602=EDGE_LOOP('',(#2825,#2826,#2827,#2828,#2829,#2830));
#603=CIRCLE('',#3105,8.95);
#604=CIRCLE('',#3106,1.7);
#605=CIRCLE('',#3107,7.25);
#606=CIRCLE('',#3108,7.25);
#607=CIRCLE('',#3110,12.);
#608=CIRCLE('',#3112,7.25);
#609=CIRCLE('',#3113,7.25);
#610=CIRCLE('',#3115,1.7);
#611=CIRCLE('',#3116,13.7);
#612=CIRCLE('',#3117,13.7);
#613=CIRCLE('',#3119,13.7);
#614=CIRCLE('',#3120,13.7);
#615=CIRCLE('',#3122,1.7);
#616=CIRCLE('',#3123,8.95);
#617=CIRCLE('',#3125,12.);
#618=CIRCLE('',#3127,1.7);
#619=CIRCLE('',#3129,0.5);
#620=CIRCLE('',#3130,3.5);
#621=CIRCLE('',#3131,0.5);
#622=CIRCLE('',#3132,0.5);
#623=CIRCLE('',#3134,0.5);
#624=CIRCLE('',#3137,0.5);
#625=CIRCLE('',#3138,0.5);
#626=CIRCLE('',#3139,1.7);
#627=CIRCLE('',#3140,0.499999999999999);
#628=CIRCLE('',#3141,0.499999999999999);
#629=CIRCLE('',#3142,0.499999999999999);
#630=CIRCLE('',#3144,0.5);
#631=CIRCLE('',#3145,0.5);
#632=CIRCLE('',#3146,3.5);
#633=CIRCLE('',#3147,0.5);
#634=CIRCLE('',#3148,0.5);
#635=CIRCLE('',#3150,0.5);
#636=CIRCLE('',#3153,0.5);
#637=CIRCLE('',#3154,1.7);
#638=CIRCLE('',#3155,0.5);
#639=CIRCLE('',#3156,0.5);
#640=CIRCLE('',#3157,0.5);
#641=CIRCLE('',#3159,0.5);
#642=CIRCLE('',#3160,0.5);
#643=CIRCLE('',#3161,1.7);
#644=CIRCLE('',#3162,0.499999999999999);
#645=CIRCLE('',#3163,0.499999999999999);
#646=CIRCLE('',#3165,0.500000000000003);
#647=CIRCLE('',#3166,0.500000000000003);
#648=CIRCLE('',#3168,0.499999999999997);
#649=CIRCLE('',#3169,0.499999999999997);
#650=CIRCLE('',#3170,1.69999999999999);
#651=CIRCLE('',#3172,0.5);
#652=CIRCLE('',#3173,0.5);
#653=CIRCLE('',#3174,1.7);
#654=CIRCLE('',#3175,0.499999999999999);
#655=CIRCLE('',#3176,0.499999999999999);
#656=CIRCLE('',#3178,0.500000000000003);
#657=CIRCLE('',#3179,0.500000000000003);
#658=CIRCLE('',#3181,0.499999999999997);
#659=CIRCLE('',#3182,0.499999999999997);
#660=CIRCLE('',#3183,1.7);
#661=CIRCLE('',#3185,0.499999999999997);
#662=CIRCLE('',#3186,0.499999999999997);
#663=CIRCLE('',#3187,1.7);
#664=CIRCLE('',#3188,0.500000000000003);
#665=CIRCLE('',#3189,0.500000000000003);
#666=CIRCLE('',#3191,0.5);
#667=CIRCLE('',#3192,0.5);
#668=CIRCLE('',#3194,1.7);
#669=CIRCLE('',#3195,0.499999999999999);
#670=CIRCLE('',#3196,0.499999999999999);
#671=CIRCLE('',#3198,0.500000000000003);
#672=CIRCLE('',#3199,0.500000000000003);
#673=CIRCLE('',#3201,0.499999999999997);
#674=CIRCLE('',#3202,0.499999999999997);
#675=CIRCLE('',#3203,1.69999999999999);
#676=CIRCLE('',#3205,0.5);
#677=CIRCLE('',#3206,1.7);
#678=CIRCLE('',#3207,0.5);
#679=CIRCLE('',#3208,0.5);
#680=CIRCLE('',#3209,0.5);
#681=CIRCLE('',#3211,0.5);
#682=CIRCLE('',#3212,0.5);
#683=CIRCLE('',#3214,0.5);
#684=CIRCLE('',#3215,0.5);
#685=CIRCLE('',#3216,1.7);
#686=CIRCLE('',#3218,0.5);
#687=CIRCLE('',#3219,0.5);
#688=CIRCLE('',#3220,1.7);
#689=CIRCLE('',#3221,0.5);
#690=CIRCLE('',#3222,0.5);
#691=CIRCLE('',#3224,0.5);
#692=CIRCLE('',#3225,0.5);
#693=CIRCLE('',#3227,1.7);
#694=CIRCLE('',#3228,0.5);
#695=CIRCLE('',#3229,0.5);
#696=CIRCLE('',#3232,0.5);
#697=CIRCLE('',#3233,0.5);
#698=CIRCLE('',#3234,1.7);
#699=CIRCLE('',#3235,0.499999999999999);
#700=CIRCLE('',#3236,0.499999999999999);
#701=CIRCLE('',#3238,0.500000000000003);
#702=CIRCLE('',#3239,0.500000000000003);
#703=CIRCLE('',#3241,0.499999999999997);
#704=CIRCLE('',#3242,0.499999999999997);
#705=CIRCLE('',#3243,1.7);
#706=CIRCLE('',#3247,0.5);
#707=CIRCLE('',#3248,0.5);
#708=CIRCLE('',#3249,1.7);
#709=CIRCLE('',#3250,0.499999999999999);
#710=CIRCLE('',#3251,0.499999999999999);
#711=CIRCLE('',#3253,0.500000000000003);
#712=CIRCLE('',#3254,0.500000000000003);
#713=CIRCLE('',#3256,0.499999999999997);
#714=CIRCLE('',#3257,0.499999999999997);
#715=CIRCLE('',#3258,1.7);
#716=CIRCLE('',#3260,0.5);
#717=CIRCLE('',#3261,0.5);
#718=CIRCLE('',#3264,0.5);
#719=CIRCLE('',#3265,0.5);
#720=CIRCLE('',#3267,1.7);
#721=CIRCLE('',#3269,0.5);
#722=CIRCLE('',#3270,0.5);
#723=CIRCLE('',#3271,1.7);
#724=CIRCLE('',#3272,0.499999999999999);
#725=CIRCLE('',#3273,0.499999999999999);
#726=CIRCLE('',#3275,0.500000000000003);
#727=CIRCLE('',#3276,0.500000000000003);
#728=CIRCLE('',#3278,0.499999999999997);
#729=CIRCLE('',#3279,0.499999999999997);
#730=CIRCLE('',#3280,1.7);
#731=CIRCLE('',#3283,0.5);
#732=CIRCLE('',#3284,0.5);
#733=CIRCLE('',#3285,1.7);
#734=CIRCLE('',#3286,0.499999999999999);
#735=CIRCLE('',#3287,0.499999999999999);
#736=CIRCLE('',#3289,0.500000000000003);
#737=CIRCLE('',#3290,0.500000000000003);
#738=CIRCLE('',#3292,0.499999999999997);
#739=CIRCLE('',#3293,0.499999999999997);
#740=CIRCLE('',#3294,1.69999999999999);
#741=CIRCLE('',#3296,0.5);
#742=CIRCLE('',#3297,0.5);
#743=CIRCLE('',#3298,1.7);
#744=CIRCLE('',#3299,0.5);
#745=CIRCLE('',#3300,0.5);
#746=CIRCLE('',#3302,0.5);
#747=CIRCLE('',#3303,0.5);
#748=CIRCLE('',#3305,1.7);
#749=CIRCLE('',#3306,0.5);
#750=CIRCLE('',#3307,0.5);
#751=CIRCLE('',#3311,0.5);
#752=CIRCLE('',#3312,0.5);
#753=CIRCLE('',#3313,1.7);
#754=CIRCLE('',#3314,0.5);
#755=CIRCLE('',#3315,0.5);
#756=CIRCLE('',#3317,0.5);
#757=CIRCLE('',#3318,0.5);
#758=CIRCLE('',#3320,1.7);
#759=CIRCLE('',#3321,0.5);
#760=CIRCLE('',#3322,0.5);
#761=CIRCLE('',#3326,0.5);
#762=CIRCLE('',#3327,0.5);
#763=CIRCLE('',#3328,1.7);
#764=CIRCLE('',#3329,0.499999999999999);
#765=CIRCLE('',#3330,0.499999999999999);
#766=CIRCLE('',#3332,0.500000000000003);
#767=CIRCLE('',#3333,0.500000000000003);
#768=CIRCLE('',#3335,0.499999999999997);
#769=CIRCLE('',#3336,0.499999999999997);
#770=CIRCLE('',#3337,1.7);
#771=CIRCLE('',#3339,0.499999999999997);
#772=CIRCLE('',#3340,0.499999999999997);
#773=CIRCLE('',#3341,1.7);
#774=CIRCLE('',#3342,0.500000000000003);
#775=CIRCLE('',#3343,0.500000000000003);
#776=CIRCLE('',#3345,0.5);
#777=CIRCLE('',#3346,0.5);
#778=CIRCLE('',#3348,1.7);
#779=CIRCLE('',#3349,0.499999999999999);
#780=CIRCLE('',#3350,0.499999999999999);
#781=CIRCLE('',#3352,0.499999999999997);
#782=CIRCLE('',#3353,0.499999999999997);
#783=CIRCLE('',#3354,1.69999999999999);
#784=CIRCLE('',#3355,0.500000000000003);
#785=CIRCLE('',#3356,0.500000000000003);
#786=CIRCLE('',#3358,0.5);
#787=CIRCLE('',#3359,0.5);
#788=CIRCLE('',#3361,1.7);
#789=CIRCLE('',#3362,0.499999999999999);
#790=CIRCLE('',#3363,0.499999999999999);
#791=CIRCLE('',#3365,0.5);
#792=CIRCLE('',#3366,0.5);
#793=CIRCLE('',#3367,1.7);
#794=CIRCLE('',#3368,0.5);
#795=CIRCLE('',#3369,0.5);
#796=CIRCLE('',#3371,0.5);
#797=CIRCLE('',#3372,0.5);
#798=CIRCLE('',#3374,1.7);
#799=CIRCLE('',#3375,0.5);
#800=CIRCLE('',#3376,0.5);
#801=CIRCLE('',#3380,0.5);
#802=CIRCLE('',#3381,0.5);
#803=CIRCLE('',#3382,1.7);
#804=CIRCLE('',#3383,0.5);
#805=CIRCLE('',#3384,0.5);
#806=CIRCLE('',#3386,0.5);
#807=CIRCLE('',#3387,0.5);
#808=CIRCLE('',#3389,1.7);
#809=CIRCLE('',#3390,0.5);
#810=CIRCLE('',#3391,0.5);
#811=CIRCLE('',#3395,0.499999999999997);
#812=CIRCLE('',#3396,0.499999999999997);
#813=CIRCLE('',#3397,1.69999999999999);
#814=CIRCLE('',#3398,0.500000000000003);
#815=CIRCLE('',#3399,0.500000000000003);
#816=CIRCLE('',#3401,0.5);
#817=CIRCLE('',#3402,0.5);
#818=CIRCLE('',#3404,1.7);
#819=CIRCLE('',#3405,0.499999999999999);
#820=CIRCLE('',#3406,0.499999999999999);
#821=CIRCLE('',#3408,0.5);
#822=CIRCLE('',#3409,0.5);
#823=CIRCLE('',#3410,1.7);
#824=CIRCLE('',#3411,0.5);
#825=CIRCLE('',#3412,0.5);
#826=CIRCLE('',#3414,0.5);
#827=CIRCLE('',#3415,0.5);
#828=CIRCLE('',#3417,1.7);
#829=CIRCLE('',#3418,0.5);
#830=CIRCLE('',#3419,0.5);
#831=CIRCLE('',#3423,0.5);
#832=CIRCLE('',#3424,0.5);
#833=CIRCLE('',#3425,1.7);
#834=CIRCLE('',#3426,0.5);
#835=CIRCLE('',#3427,0.5);
#836=CIRCLE('',#3429,0.5);
#837=CIRCLE('',#3430,0.5);
#838=CIRCLE('',#3432,1.7);
#839=CIRCLE('',#3433,0.5);
#840=CIRCLE('',#3434,0.5);
#841=CIRCLE('',#3437,0.5);
#842=CIRCLE('',#3438,0.5);
#843=CIRCLE('',#3439,1.7);
#844=CIRCLE('',#3440,0.5);
#845=CIRCLE('',#3441,0.5);
#846=CIRCLE('',#3443,0.5);
#847=CIRCLE('',#3444,0.5);
#848=CIRCLE('',#3446,1.7);
#849=CIRCLE('',#3447,0.5);
#850=CIRCLE('',#3448,0.5);
#851=CIRCLE('',#3451,0.499999999999999);
#852=CIRCLE('',#3452,0.499999999999999);
#853=CIRCLE('',#3454,0.499999999999997);
#854=CIRCLE('',#3455,0.499999999999997);
#855=CIRCLE('',#3457,1.69999999999999);
#856=CIRCLE('',#3458,0.500000000000003);
#857=CIRCLE('',#3459,0.500000000000003);
#858=CIRCLE('',#3461,0.5);
#859=CIRCLE('',#3462,0.5);
#860=CIRCLE('',#3464,1.7);
#861=CIRCLE('',#3466,0.5);
#862=CIRCLE('',#3467,0.5);
#863=CIRCLE('',#3468,1.7);
#864=CIRCLE('',#3469,0.499999999999999);
#865=CIRCLE('',#3470,0.499999999999999);
#866=CIRCLE('',#3472,0.500000000000003);
#867=CIRCLE('',#3473,0.500000000000003);
#868=CIRCLE('',#3475,0.499999999999997);
#869=CIRCLE('',#3476,0.499999999999997);
#870=CIRCLE('',#3477,1.7);
#871=CIRCLE('',#3479,0.5);
#872=CIRCLE('',#3480,0.5);
#873=CIRCLE('',#3481,1.7);
#874=CIRCLE('',#3482,0.5);
#875=CIRCLE('',#3483,0.5);
#876=CIRCLE('',#3485,0.5);
#877=CIRCLE('',#3486,0.5);
#878=CIRCLE('',#3488,1.7);
#879=CIRCLE('',#3489,0.5);
#880=CIRCLE('',#3490,0.5);
#881=CIRCLE('',#3493,0.5);
#882=CIRCLE('',#3494,0.5);
#883=CIRCLE('',#3495,1.7);
#884=CIRCLE('',#3496,0.499999999999999);
#885=CIRCLE('',#3497,0.499999999999999);
#886=CIRCLE('',#3499,0.500000000000003);
#887=CIRCLE('',#3500,0.500000000000003);
#888=CIRCLE('',#3502,0.499999999999997);
#889=CIRCLE('',#3503,0.499999999999997);
#890=CIRCLE('',#3504,1.69999999999999);
#891=CIRCLE('',#3507,0.5);
#892=CIRCLE('',#3508,0.5);
#893=CIRCLE('',#3510,0.5);
#894=CIRCLE('',#3511,0.5);
#895=CIRCLE('',#3513,0.5);
#896=CIRCLE('',#3514,1.7);
#897=CIRCLE('',#3515,0.5);
#898=CIRCLE('',#3517,0.5);
#899=CIRCLE('',#3518,0.5);
#900=CIRCLE('',#3520,1.7);
#901=CIRCLE('',#3522,0.5);
#902=CIRCLE('',#3523,0.5);
#903=CIRCLE('',#3524,1.7);
#904=CIRCLE('',#3525,0.5);
#905=CIRCLE('',#3526,0.5);
#906=CIRCLE('',#3528,0.5);
#907=CIRCLE('',#3529,0.5);
#908=CIRCLE('',#3531,1.7);
#909=CIRCLE('',#3532,0.5);
#910=CIRCLE('',#3533,0.5);
#911=CIRCLE('',#3537,0.499999999999997);
#912=CIRCLE('',#3538,0.499999999999997);
#913=CIRCLE('',#3539,1.69999999999999);
#914=CIRCLE('',#3540,0.500000000000003);
#915=CIRCLE('',#3541,0.500000000000003);
#916=CIRCLE('',#3543,0.5);
#917=CIRCLE('',#3544,0.5);
#918=CIRCLE('',#3546,1.7);
#919=CIRCLE('',#3547,0.499999999999999);
#920=CIRCLE('',#3548,0.499999999999999);
#921=CIRCLE('',#3550,0.5);
#922=CIRCLE('',#3551,0.5);
#923=CIRCLE('',#3552,1.7);
#924=CIRCLE('',#3553,0.5);
#925=CIRCLE('',#3554,0.5);
#926=CIRCLE('',#3556,0.5);
#927=CIRCLE('',#3557,0.5);
#928=CIRCLE('',#3559,1.7);
#929=CIRCLE('',#3560,0.5);
#930=CIRCLE('',#3561,0.5);
#931=CIRCLE('',#3565,0.5);
#932=CIRCLE('',#3566,0.5);
#933=CIRCLE('',#3567,1.7);
#934=CIRCLE('',#3568,0.499999999999999);
#935=CIRCLE('',#3569,0.499999999999999);
#936=CIRCLE('',#3571,0.500000000000003);
#937=CIRCLE('',#3572,0.500000000000003);
#938=CIRCLE('',#3574,0.499999999999997);
#939=CIRCLE('',#3575,0.499999999999997);
#940=CIRCLE('',#3576,1.7);
#941=CIRCLE('',#3578,0.5);
#942=CIRCLE('',#3579,0.5);
#943=CIRCLE('',#3580,1.7);
#944=CIRCLE('',#3581,0.499999999999999);
#945=CIRCLE('',#3582,0.499999999999999);
#946=CIRCLE('',#3584,0.500000000000003);
#947=CIRCLE('',#3585,0.500000000000003);
#948=CIRCLE('',#3587,0.499999999999997);
#949=CIRCLE('',#3588,0.499999999999997);
#950=CIRCLE('',#3589,1.69999999999999);
#951=CIRCLE('',#3591,0.5);
#952=CIRCLE('',#3592,0.5);
#953=CIRCLE('',#3593,1.7);
#954=CIRCLE('',#3594,0.499999999999999);
#955=CIRCLE('',#3595,0.499999999999999);
#956=CIRCLE('',#3597,0.500000000000003);
#957=CIRCLE('',#3598,0.500000000000003);
#958=CIRCLE('',#3600,0.499999999999997);
#959=CIRCLE('',#3601,0.499999999999997);
#960=CIRCLE('',#3602,1.69999999999999);
#961=CIRCLE('',#3604,0.5);
#962=CIRCLE('',#3605,0.5);
#963=CIRCLE('',#3606,1.7);
#964=CIRCLE('',#3607,0.5);
#965=CIRCLE('',#3608,0.5);
#966=CIRCLE('',#3610,0.5);
#967=CIRCLE('',#3611,0.5);
#968=CIRCLE('',#3613,1.7);
#969=CIRCLE('',#3614,0.5);
#970=CIRCLE('',#3615,0.5);
#971=CIRCLE('',#3619,0.5);
#972=CIRCLE('',#3620,0.5);
#973=CIRCLE('',#3622,0.5);
#974=CIRCLE('',#3623,0.5);
#975=CIRCLE('',#3625,0.5);
#976=CIRCLE('',#3626,1.7);
#977=CIRCLE('',#3627,0.5);
#978=CIRCLE('',#3629,0.5);
#979=CIRCLE('',#3630,0.5);
#980=CIRCLE('',#3632,1.7);
#981=CIRCLE('',#3634,0.5);
#982=CIRCLE('',#3635,0.5);
#983=CIRCLE('',#3637,0.5);
#984=CIRCLE('',#3638,0.5);
#985=CIRCLE('',#3640,0.5);
#986=CIRCLE('',#3641,1.7);
#987=CIRCLE('',#3642,0.5);
#988=CIRCLE('',#3644,0.5);
#989=CIRCLE('',#3645,0.5);
#990=CIRCLE('',#3647,1.7);
#991=CIRCLE('',#3649,0.5);
#992=CIRCLE('',#3650,0.5);
#993=CIRCLE('',#3652,0.5);
#994=CIRCLE('',#3653,0.5);
#995=CIRCLE('',#3655,0.5);
#996=CIRCLE('',#3656,1.7);
#997=CIRCLE('',#3657,0.5);
#998=CIRCLE('',#3659,0.5);
#999=CIRCLE('',#3660,0.5);
#1000=CIRCLE('',#3662,1.7);
#1001=CIRCLE('',#3664,0.5);
#1002=CIRCLE('',#3665,0.5);
#1003=CIRCLE('',#3666,1.7);
#1004=CIRCLE('',#3667,0.5);
#1005=CIRCLE('',#3668,0.5);
#1006=CIRCLE('',#3670,0.5);
#1007=CIRCLE('',#3671,0.5);
#1008=CIRCLE('',#3673,1.7);
#1009=CIRCLE('',#3674,0.5);
#1010=CIRCLE('',#3675,0.5);
#1011=VERTEX_POINT('',#4910);
#1012=VERTEX_POINT('',#4912);
#1013=VERTEX_POINT('',#4914);
#1014=VERTEX_POINT('',#4918);
#1015=VERTEX_POINT('',#4921);
#1016=VERTEX_POINT('',#4923);
#1017=VERTEX_POINT('',#4927);
#1018=VERTEX_POINT('',#4929);
#1019=VERTEX_POINT('',#4933);
#1020=VERTEX_POINT('',#4935);
#1021=VERTEX_POINT('',#4939);
#1022=VERTEX_POINT('',#4943);
#1023=VERTEX_POINT('',#4948);
#1024=VERTEX_POINT('',#4949);
#1025=VERTEX_POINT('',#4974);
#1026=VERTEX_POINT('',#4984);
#1027=VERTEX_POINT('',#4986);
#1028=VERTEX_POINT('',#4990);
#1029=VERTEX_POINT('',#4995);
#1030=VERTEX_POINT('',#4996);
#1031=VERTEX_POINT('',#4999);
#1032=VERTEX_POINT('',#5001);
#1033=VERTEX_POINT('',#5003);
#1034=VERTEX_POINT('',#5011);
#1035=VERTEX_POINT('',#5020);
#1036=VERTEX_POINT('',#5021);
#1037=VERTEX_POINT('',#5046);
#1038=VERTEX_POINT('',#5048);
#1039=VERTEX_POINT('',#5058);
#1040=VERTEX_POINT('',#5060);
#1041=VERTEX_POINT('',#5064);
#1042=VERTEX_POINT('',#5069);
#1043=VERTEX_POINT('',#5070);
#1044=VERTEX_POINT('',#5072);
#1045=VERTEX_POINT('',#5074);
#1046=VERTEX_POINT('',#5082);
#1047=VERTEX_POINT('',#5092);
#1048=VERTEX_POINT('',#5093);
#1049=VERTEX_POINT('',#5096);
#1050=VERTEX_POINT('',#5098);
#1051=VERTEX_POINT('',#5102);
#1052=VERTEX_POINT('',#5103);
#1053=VERTEX_POINT('',#5108);
#1054=VERTEX_POINT('',#5109);
#1055=VERTEX_POINT('',#5114);
#1056=VERTEX_POINT('',#5115);
#1057=VERTEX_POINT('',#5118);
#1058=VERTEX_POINT('',#5120);
#1059=VERTEX_POINT('',#5124);
#1060=VERTEX_POINT('',#5125);
#1061=VERTEX_POINT('',#5130);
#1062=VERTEX_POINT('',#5131);
#1063=VERTEX_POINT('',#5136);
#1064=VERTEX_POINT('',#5137);
#1065=VERTEX_POINT('',#5140);
#1066=VERTEX_POINT('',#5142);
#1067=VERTEX_POINT('',#5146);
#1068=VERTEX_POINT('',#5148);
#1069=VERTEX_POINT('',#5152);
#1070=VERTEX_POINT('',#5154);
#1071=VERTEX_POINT('',#5158);
#1072=VERTEX_POINT('',#5159);
#1073=VERTEX_POINT('',#5164);
#1074=VERTEX_POINT('',#5165);
#1075=VERTEX_POINT('',#5170);
#1076=VERTEX_POINT('',#5171);
#1077=VERTEX_POINT('',#5173);
#1078=VERTEX_POINT('',#5175);
#1079=VERTEX_POINT('',#5180);
#1080=VERTEX_POINT('',#5181);
#1081=VERTEX_POINT('',#5186);
#1082=VERTEX_POINT('',#5187);
#1083=VERTEX_POINT('',#5192);
#1084=VERTEX_POINT('',#5193);
#1085=VERTEX_POINT('',#5196);
#1086=VERTEX_POINT('',#5198);
#1087=VERTEX_POINT('',#5202);
#1088=VERTEX_POINT('',#5204);
#1089=VERTEX_POINT('',#5208);
#1090=VERTEX_POINT('',#5210);
#1091=VERTEX_POINT('',#5216);
#1092=VERTEX_POINT('',#5217);
#1093=VERTEX_POINT('',#5220);
#1094=VERTEX_POINT('',#5222);
#1095=VERTEX_POINT('',#5226);
#1096=VERTEX_POINT('',#5227);
#1097=VERTEX_POINT('',#5232);
#1098=VERTEX_POINT('',#5233);
#1099=VERTEX_POINT('',#5242);
#1100=VERTEX_POINT('',#5243);
#1101=VERTEX_POINT('',#5246);
#1102=VERTEX_POINT('',#5248);
#1103=VERTEX_POINT('',#5252);
#1104=VERTEX_POINT('',#5253);
#1105=VERTEX_POINT('',#5258);
#1106=VERTEX_POINT('',#5259);
#1107=VERTEX_POINT('',#5264);
#1108=VERTEX_POINT('',#5266);
#1109=VERTEX_POINT('',#5272);
#1110=VERTEX_POINT('',#5273);
#1111=VERTEX_POINT('',#5280);
#1112=VERTEX_POINT('',#5281);
#1113=VERTEX_POINT('',#5284);
#1114=VERTEX_POINT('',#5286);
#1115=VERTEX_POINT('',#5290);
#1116=VERTEX_POINT('',#5291);
#1117=VERTEX_POINT('',#5296);
#1118=VERTEX_POINT('',#5297);
#1119=VERTEX_POINT('',#5304);
#1120=VERTEX_POINT('',#5305);
#1121=VERTEX_POINT('',#5308);
#1122=VERTEX_POINT('',#5310);
#1123=VERTEX_POINT('',#5314);
#1124=VERTEX_POINT('',#5315);
#1125=VERTEX_POINT('',#5320);
#1126=VERTEX_POINT('',#5321);
#1127=VERTEX_POINT('',#5326);
#1128=VERTEX_POINT('',#5327);
#1129=VERTEX_POINT('',#5330);
#1130=VERTEX_POINT('',#5332);
#1131=VERTEX_POINT('',#5336);
#1132=VERTEX_POINT('',#5338);
#1133=VERTEX_POINT('',#5342);
#1134=VERTEX_POINT('',#5344);
#1135=VERTEX_POINT('',#5352);
#1136=VERTEX_POINT('',#5353);
#1137=VERTEX_POINT('',#5356);
#1138=VERTEX_POINT('',#5358);
#1139=VERTEX_POINT('',#5362);
#1140=VERTEX_POINT('',#5364);
#1141=VERTEX_POINT('',#5368);
#1142=VERTEX_POINT('',#5370);
#1143=VERTEX_POINT('',#5378);
#1144=VERTEX_POINT('',#5379);
#1145=VERTEX_POINT('',#5382);
#1146=VERTEX_POINT('',#5384);
#1147=VERTEX_POINT('',#5388);
#1148=VERTEX_POINT('',#5389);
#1149=VERTEX_POINT('',#5394);
#1150=VERTEX_POINT('',#5395);
#1151=VERTEX_POINT('',#5400);
#1152=VERTEX_POINT('',#5401);
#1153=VERTEX_POINT('',#5404);
#1154=VERTEX_POINT('',#5406);
#1155=VERTEX_POINT('',#5410);
#1156=VERTEX_POINT('',#5412);
#1157=VERTEX_POINT('',#5416);
#1158=VERTEX_POINT('',#5418);
#1159=VERTEX_POINT('',#5422);
#1160=VERTEX_POINT('',#5423);
#1161=VERTEX_POINT('',#5426);
#1162=VERTEX_POINT('',#5428);
#1163=VERTEX_POINT('',#5432);
#1164=VERTEX_POINT('',#5434);
#1165=VERTEX_POINT('',#5438);
#1166=VERTEX_POINT('',#5440);
#1167=VERTEX_POINT('',#5444);
#1168=VERTEX_POINT('',#5445);
#1169=VERTEX_POINT('',#5448);
#1170=VERTEX_POINT('',#5450);
#1171=VERTEX_POINT('',#5454);
#1172=VERTEX_POINT('',#5456);
#1173=VERTEX_POINT('',#5460);
#1174=VERTEX_POINT('',#5462);
#1175=VERTEX_POINT('',#5470);
#1176=VERTEX_POINT('',#5471);
#1177=VERTEX_POINT('',#5474);
#1178=VERTEX_POINT('',#5476);
#1179=VERTEX_POINT('',#5480);
#1180=VERTEX_POINT('',#5482);
#1181=VERTEX_POINT('',#5486);
#1182=VERTEX_POINT('',#5488);
#1183=VERTEX_POINT('',#5496);
#1184=VERTEX_POINT('',#5497);
#1185=VERTEX_POINT('',#5500);
#1186=VERTEX_POINT('',#5502);
#1187=VERTEX_POINT('',#5506);
#1188=VERTEX_POINT('',#5508);
#1189=VERTEX_POINT('',#5512);
#1190=VERTEX_POINT('',#5514);
#1191=VERTEX_POINT('',#5518);
#1192=VERTEX_POINT('',#5519);
#1193=VERTEX_POINT('',#5522);
#1194=VERTEX_POINT('',#5524);
#1195=VERTEX_POINT('',#5528);
#1196=VERTEX_POINT('',#5530);
#1197=VERTEX_POINT('',#5534);
#1198=VERTEX_POINT('',#5536);
#1199=VERTEX_POINT('',#5544);
#1200=VERTEX_POINT('',#5545);
#1201=VERTEX_POINT('',#5548);
#1202=VERTEX_POINT('',#5550);
#1203=VERTEX_POINT('',#5554);
#1204=VERTEX_POINT('',#5556);
#1205=VERTEX_POINT('',#5560);
#1206=VERTEX_POINT('',#5562);
#1207=VERTEX_POINT('',#5568);
#1208=VERTEX_POINT('',#5569);
#1209=VERTEX_POINT('',#5572);
#1210=VERTEX_POINT('',#5574);
#1211=VERTEX_POINT('',#5578);
#1212=VERTEX_POINT('',#5580);
#1213=VERTEX_POINT('',#5584);
#1214=VERTEX_POINT('',#5586);
#1215=VERTEX_POINT('',#5592);
#1216=VERTEX_POINT('',#5593);
#1217=VERTEX_POINT('',#5598);
#1218=VERTEX_POINT('',#5599);
#1219=VERTEX_POINT('',#5604);
#1220=VERTEX_POINT('',#5606);
#1221=VERTEX_POINT('',#5610);
#1222=VERTEX_POINT('',#5612);
#1223=VERTEX_POINT('',#5618);
#1224=VERTEX_POINT('',#5619);
#1225=VERTEX_POINT('',#5622);
#1226=VERTEX_POINT('',#5624);
#1227=VERTEX_POINT('',#5628);
#1228=VERTEX_POINT('',#5629);
#1229=VERTEX_POINT('',#5634);
#1230=VERTEX_POINT('',#5635);
#1231=VERTEX_POINT('',#5640);
#1232=VERTEX_POINT('',#5641);
#1233=VERTEX_POINT('',#5644);
#1234=VERTEX_POINT('',#5646);
#1235=VERTEX_POINT('',#5650);
#1236=VERTEX_POINT('',#5652);
#1237=VERTEX_POINT('',#5656);
#1238=VERTEX_POINT('',#5658);
#1239=VERTEX_POINT('',#5664);
#1240=VERTEX_POINT('',#5665);
#1241=VERTEX_POINT('',#5668);
#1242=VERTEX_POINT('',#5670);
#1243=VERTEX_POINT('',#5674);
#1244=VERTEX_POINT('',#5675);
#1245=VERTEX_POINT('',#5680);
#1246=VERTEX_POINT('',#5681);
#1247=VERTEX_POINT('',#5688);
#1248=VERTEX_POINT('',#5690);
#1249=VERTEX_POINT('',#5694);
#1250=VERTEX_POINT('',#5696);
#1251=VERTEX_POINT('',#5700);
#1252=VERTEX_POINT('',#5701);
#1253=VERTEX_POINT('',#5706);
#1254=VERTEX_POINT('',#5707);
#1255=VERTEX_POINT('',#5714);
#1256=VERTEX_POINT('',#5715);
#1257=VERTEX_POINT('',#5718);
#1258=VERTEX_POINT('',#5720);
#1259=VERTEX_POINT('',#5724);
#1260=VERTEX_POINT('',#5726);
#1261=VERTEX_POINT('',#5730);
#1262=VERTEX_POINT('',#5732);
#1263=VERTEX_POINT('',#5740);
#1264=VERTEX_POINT('',#5741);
#1265=VERTEX_POINT('',#5744);
#1266=VERTEX_POINT('',#5746);
#1267=VERTEX_POINT('',#5750);
#1268=VERTEX_POINT('',#5752);
#1269=VERTEX_POINT('',#5756);
#1270=VERTEX_POINT('',#5758);
#1271=VERTEX_POINT('',#5762);
#1272=VERTEX_POINT('',#5763);
#1273=VERTEX_POINT('',#5766);
#1274=VERTEX_POINT('',#5768);
#1275=VERTEX_POINT('',#5772);
#1276=VERTEX_POINT('',#5774);
#1277=VERTEX_POINT('',#5778);
#1278=VERTEX_POINT('',#5780);
#1279=VERTEX_POINT('',#5788);
#1280=VERTEX_POINT('',#5789);
#1281=VERTEX_POINT('',#5792);
#1282=VERTEX_POINT('',#5794);
#1283=VERTEX_POINT('',#5798);
#1284=VERTEX_POINT('',#5799);
#1285=VERTEX_POINT('',#5804);
#1286=VERTEX_POINT('',#5805);
#1287=VERTEX_POINT('',#5810);
#1288=VERTEX_POINT('',#5811);
#1289=VERTEX_POINT('',#5814);
#1290=VERTEX_POINT('',#5816);
#1291=VERTEX_POINT('',#5820);
#1292=VERTEX_POINT('',#5821);
#1293=VERTEX_POINT('',#5826);
#1294=VERTEX_POINT('',#5827);
#1295=VERTEX_POINT('',#5832);
#1296=VERTEX_POINT('',#5833);
#1297=VERTEX_POINT('',#5836);
#1298=VERTEX_POINT('',#5838);
#1299=VERTEX_POINT('',#5842);
#1300=VERTEX_POINT('',#5843);
#1301=VERTEX_POINT('',#5848);
#1302=VERTEX_POINT('',#5849);
#1303=VERTEX_POINT('',#5854);
#1304=VERTEX_POINT('',#5855);
#1305=VERTEX_POINT('',#5858);
#1306=VERTEX_POINT('',#5860);
#1307=VERTEX_POINT('',#5864);
#1308=VERTEX_POINT('',#5866);
#1309=VERTEX_POINT('',#5870);
#1310=VERTEX_POINT('',#5872);
#1311=VERTEX_POINT('',#5880);
#1312=VERTEX_POINT('',#5882);
#1313=VERTEX_POINT('',#5886);
#1314=VERTEX_POINT('',#5888);
#1315=VERTEX_POINT('',#5892);
#1316=VERTEX_POINT('',#5893);
#1317=VERTEX_POINT('',#5898);
#1318=VERTEX_POINT('',#5899);
#1319=VERTEX_POINT('',#5906);
#1320=VERTEX_POINT('',#5908);
#1321=VERTEX_POINT('',#5912);
#1322=VERTEX_POINT('',#5914);
#1323=VERTEX_POINT('',#5918);
#1324=VERTEX_POINT('',#5919);
#1325=VERTEX_POINT('',#5924);
#1326=VERTEX_POINT('',#5925);
#1327=VERTEX_POINT('',#5932);
#1328=VERTEX_POINT('',#5934);
#1329=VERTEX_POINT('',#5938);
#1330=VERTEX_POINT('',#5940);
#1331=VERTEX_POINT('',#5944);
#1332=VERTEX_POINT('',#5945);
#1333=VERTEX_POINT('',#5950);
#1334=VERTEX_POINT('',#5951);
#1335=VERTEX_POINT('',#5958);
#1336=VERTEX_POINT('',#5959);
#1337=VERTEX_POINT('',#5962);
#1338=VERTEX_POINT('',#5964);
#1339=VERTEX_POINT('',#5968);
#1340=VERTEX_POINT('',#5970);
#1341=VERTEX_POINT('',#5974);
#1342=VERTEX_POINT('',#5976);
#1343=EDGE_CURVE('',#1011,#1011,#603,.T.);
#1344=EDGE_CURVE('',#1011,#1012,#604,.T.);
#1345=EDGE_CURVE('',#1012,#1013,#605,.T.);
#1346=EDGE_CURVE('',#1013,#1012,#606,.T.);
#1347=EDGE_CURVE('',#1014,#1014,#607,.T.);
#1348=EDGE_CURVE('',#1013,#1015,#23,.T.);
#1349=EDGE_CURVE('',#1016,#1015,#608,.T.);
#1350=EDGE_CURVE('',#1015,#1016,#609,.T.);
#1351=EDGE_CURVE('',#1014,#1017,#610,.T.);
#1352=EDGE_CURVE('',#1017,#1018,#611,.T.);
#1353=EDGE_CURVE('',#1018,#1017,#612,.T.);
#1354=EDGE_CURVE('',#1018,#1019,#24,.T.);
#1355=EDGE_CURVE('',#1020,#1019,#613,.T.);
#1356=EDGE_CURVE('',#1019,#1020,#614,.T.);
#1357=EDGE_CURVE('',#1016,#1021,#615,.T.);
#1358=EDGE_CURVE('',#1021,#1021,#616,.T.);
#1359=EDGE_CURVE('',#1022,#1022,#617,.T.);
#1360=EDGE_CURVE('',#1020,#1022,#618,.T.);
#1361=EDGE_CURVE('',#1023,#1024,#13,.T.);
#1362=EDGE_CURVE('',#1025,#1023,#619,.T.);
#1363=EDGE_CURVE('',#1024,#1025,#14,.T.);
#1364=EDGE_CURVE('',#1024,#1026,#620,.T.);
#1365=EDGE_CURVE('',#1026,#1027,#621,.T.);
#1366=EDGE_CURVE('',#1027,#1026,#622,.T.);
#1367=EDGE_CURVE('',#1028,#1028,#623,.T.);
#1368=EDGE_CURVE('',#1027,#1028,#25,.T.);
#1369=EDGE_CURVE('',#1029,#1030,#624,.T.);
#1370=EDGE_CURVE('',#1030,#1029,#625,.T.);
#1371=EDGE_CURVE('',#1029,#1031,#626,.T.);
#1372=EDGE_CURVE('',#1031,#1032,#627,.T.);
#1373=EDGE_CURVE('',#1032,#1033,#628,.T.);
#1374=EDGE_CURVE('',#1033,#1023,#15,.T.);
#1375=EDGE_CURVE('',#1025,#1034,#16,.T.);
#1376=EDGE_CURVE('',#1034,#1031,#629,.T.);
#1377=EDGE_CURVE('',#1035,#1036,#17,.T.);
#1378=EDGE_CURVE('',#1035,#1037,#630,.T.);
#1379=EDGE_CURVE('',#1037,#1038,#631,.T.);
#1380=EDGE_CURVE('',#1036,#1038,#18,.T.);
#1381=EDGE_CURVE('',#1036,#1039,#632,.T.);
#1382=EDGE_CURVE('',#1040,#1039,#633,.T.);
#1383=EDGE_CURVE('',#1039,#1040,#634,.T.);
#1384=EDGE_CURVE('',#1041,#1041,#635,.T.);
#1385=EDGE_CURVE('',#1040,#1041,#26,.T.);
#1386=EDGE_CURVE('',#1042,#1043,#636,.T.);
#1387=EDGE_CURVE('',#1042,#1044,#637,.T.);
#1388=EDGE_CURVE('',#1045,#1044,#638,.T.);
#1389=EDGE_CURVE('',#1045,#1035,#19,.T.);
#1390=EDGE_CURVE('',#1038,#1046,#20,.T.);
#1391=EDGE_CURVE('',#1044,#1046,#639,.T.);
#1392=EDGE_CURVE('',#1043,#1042,#640,.T.);
#1393=EDGE_CURVE('',#1047,#1048,#641,.T.);
#1394=EDGE_CURVE('',#1048,#1047,#642,.T.);
#1395=EDGE_CURVE('',#1047,#1049,#643,.T.);
#1396=EDGE_CURVE('',#1049,#1050,#644,.T.);
#1397=EDGE_CURVE('',#1050,#1049,#645,.T.);
#1398=EDGE_CURVE('',#1051,#1052,#646,.T.);
#1399=EDGE_CURVE('',#1052,#1048,#27,.T.);
#1400=EDGE_CURVE('',#1052,#1051,#647,.T.);
#1401=EDGE_CURVE('',#1053,#1054,#648,.T.);
#1402=EDGE_CURVE('',#1054,#1053,#649,.T.);
#1403=EDGE_CURVE('',#1053,#1051,#650,.T.);
#1404=EDGE_CURVE('',#1055,#1056,#651,.T.);
#1405=EDGE_CURVE('',#1056,#1055,#652,.T.);
#1406=EDGE_CURVE('',#1055,#1057,#653,.T.);
#1407=EDGE_CURVE('',#1057,#1058,#654,.T.);
#1408=EDGE_CURVE('',#1058,#1057,#655,.T.);
#1409=EDGE_CURVE('',#1059,#1060,#656,.T.);
#1410=EDGE_CURVE('',#1060,#1056,#28,.T.);
#1411=EDGE_CURVE('',#1060,#1059,#657,.T.);
#1412=EDGE_CURVE('',#1061,#1062,#658,.T.);
#1413=EDGE_CURVE('',#1062,#1061,#659,.T.);
#1414=EDGE_CURVE('',#1061,#1059,#660,.T.);
#1415=EDGE_CURVE('',#1063,#1064,#661,.T.);
#1416=EDGE_CURVE('',#1064,#1063,#662,.T.);
#1417=EDGE_CURVE('',#1063,#1065,#663,.T.);
#1418=EDGE_CURVE('',#1066,#1065,#664,.T.);
#1419=EDGE_CURVE('',#1065,#1066,#665,.T.);
#1420=EDGE_CURVE('',#1066,#1067,#29,.T.);
#1421=EDGE_CURVE('',#1068,#1067,#666,.T.);
#1422=EDGE_CURVE('',#1067,#1068,#667,.T.);
#1423=EDGE_CURVE('',#1068,#1069,#668,.T.);
#1424=EDGE_CURVE('',#1069,#1070,#669,.T.);
#1425=EDGE_CURVE('',#1070,#1069,#670,.T.);
#1426=EDGE_CURVE('',#1071,#1072,#671,.T.);
#1427=EDGE_CURVE('',#1072,#1030,#30,.T.);
#1428=EDGE_CURVE('',#1072,#1071,#672,.T.);
#1429=EDGE_CURVE('',#1073,#1074,#673,.T.);
#1430=EDGE_CURVE('',#1074,#1073,#674,.T.);
#1431=EDGE_CURVE('',#1073,#1071,#675,.T.);
#1432=EDGE_CURVE('',#1075,#1076,#676,.T.);
#1433=EDGE_CURVE('',#1075,#1077,#677,.T.);
#1434=EDGE_CURVE('',#1078,#1077,#678,.T.);
#1435=EDGE_CURVE('',#1077,#1078,#679,.T.);
#1436=EDGE_CURVE('',#1076,#1075,#680,.T.);
#1437=EDGE_CURVE('',#1079,#1080,#681,.T.);
#1438=EDGE_CURVE('',#1080,#1079,#682,.T.);
#1439=EDGE_CURVE('',#1080,#1076,#31,.T.);
#1440=EDGE_CURVE('',#1081,#1082,#683,.T.);
#1441=EDGE_CURVE('',#1082,#1081,#684,.T.);
#1442=EDGE_CURVE('',#1082,#1079,#685,.T.);
#1443=EDGE_CURVE('',#1083,#1084,#686,.T.);
#1444=EDGE_CURVE('',#1084,#1083,#687,.T.);
#1445=EDGE_CURVE('',#1084,#1085,#688,.T.);
#1446=EDGE_CURVE('',#1085,#1086,#689,.T.);
#1447=EDGE_CURVE('',#1086,#1085,#690,.T.);
#1448=EDGE_CURVE('',#1086,#1087,#32,.T.);
#1449=EDGE_CURVE('',#1087,#1088,#691,.T.);
#1450=EDGE_CURVE('',#1088,#1087,#692,.T.);
#1451=EDGE_CURVE('',#1088,#1089,#693,.T.);
#1452=EDGE_CURVE('',#1089,#1090,#694,.T.);
#1453=EDGE_CURVE('',#1090,#1089,#695,.T.);
#1454=EDGE_CURVE('',#1062,#1083,#33,.T.);
#1455=EDGE_CURVE('',#1091,#1092,#696,.T.);
#1456=EDGE_CURVE('',#1092,#1091,#697,.T.);
#1457=EDGE_CURVE('',#1091,#1093,#698,.T.);
#1458=EDGE_CURVE('',#1093,#1094,#699,.T.);
#1459=EDGE_CURVE('',#1094,#1093,#700,.T.);
#1460=EDGE_CURVE('',#1095,#1096,#701,.T.);
#1461=EDGE_CURVE('',#1096,#1092,#34,.T.);
#1462=EDGE_CURVE('',#1096,#1095,#702,.T.);
#1463=EDGE_CURVE('',#1097,#1098,#703,.T.);
#1464=EDGE_CURVE('',#1098,#1097,#704,.T.);
#1465=EDGE_CURVE('',#1097,#1095,#705,.T.);
#1466=EDGE_CURVE('',#1098,#1081,#35,.T.);
#1467=EDGE_CURVE('',#1094,#1090,#36,.T.);
#1468=EDGE_CURVE('',#1099,#1100,#706,.T.);
#1469=EDGE_CURVE('',#1100,#1099,#707,.T.);
#1470=EDGE_CURVE('',#1099,#1101,#708,.T.);
#1471=EDGE_CURVE('',#1101,#1102,#709,.T.);
#1472=EDGE_CURVE('',#1102,#1101,#710,.T.);
#1473=EDGE_CURVE('',#1103,#1104,#711,.T.);
#1474=EDGE_CURVE('',#1104,#1100,#37,.T.);
#1475=EDGE_CURVE('',#1104,#1103,#712,.T.);
#1476=EDGE_CURVE('',#1105,#1106,#713,.T.);
#1477=EDGE_CURVE('',#1106,#1105,#714,.T.);
#1478=EDGE_CURVE('',#1105,#1103,#715,.T.);
#1479=EDGE_CURVE('',#1106,#1107,#38,.T.);
#1480=EDGE_CURVE('',#1108,#1107,#716,.T.);
#1481=EDGE_CURVE('',#1107,#1108,#717,.T.);
#1482=EDGE_CURVE('',#1032,#1037,#39,.T.);
#1483=EDGE_CURVE('',#1109,#1110,#718,.T.);
#1484=EDGE_CURVE('',#1110,#1109,#719,.T.);
#1485=EDGE_CURVE('',#1110,#1043,#40,.T.);
#1486=EDGE_CURVE('',#1108,#1109,#720,.T.);
#1487=EDGE_CURVE('',#1111,#1112,#721,.T.);
#1488=EDGE_CURVE('',#1112,#1111,#722,.T.);
#1489=EDGE_CURVE('',#1111,#1113,#723,.T.);
#1490=EDGE_CURVE('',#1113,#1114,#724,.T.);
#1491=EDGE_CURVE('',#1114,#1113,#725,.T.);
#1492=EDGE_CURVE('',#1115,#1116,#726,.T.);
#1493=EDGE_CURVE('',#1116,#1112,#41,.T.);
#1494=EDGE_CURVE('',#1116,#1115,#727,.T.);
#1495=EDGE_CURVE('',#1117,#1118,#728,.T.);
#1496=EDGE_CURVE('',#1118,#1117,#729,.T.);
#1497=EDGE_CURVE('',#1117,#1115,#730,.T.);
#1498=EDGE_CURVE('',#1114,#1078,#42,.T.);
#1499=EDGE_CURVE('',#1119,#1120,#731,.T.);
#1500=EDGE_CURVE('',#1120,#1119,#732,.T.);
#1501=EDGE_CURVE('',#1119,#1121,#733,.T.);
#1502=EDGE_CURVE('',#1121,#1122,#734,.T.);
#1503=EDGE_CURVE('',#1122,#1121,#735,.T.);
#1504=EDGE_CURVE('',#1123,#1124,#736,.T.);
#1505=EDGE_CURVE('',#1124,#1120,#43,.T.);
#1506=EDGE_CURVE('',#1124,#1123,#737,.T.);
#1507=EDGE_CURVE('',#1125,#1126,#738,.T.);
#1508=EDGE_CURVE('',#1126,#1125,#739,.T.);
#1509=EDGE_CURVE('',#1125,#1123,#740,.T.);
#1510=EDGE_CURVE('',#1127,#1128,#741,.T.);
#1511=EDGE_CURVE('',#1128,#1127,#742,.T.);
#1512=EDGE_CURVE('',#1127,#1129,#743,.T.);
#1513=EDGE_CURVE('',#1129,#1130,#744,.T.);
#1514=EDGE_CURVE('',#1130,#1129,#745,.T.);
#1515=EDGE_CURVE('',#1130,#1131,#44,.T.);
#1516=EDGE_CURVE('',#1131,#1132,#746,.T.);
#1517=EDGE_CURVE('',#1132,#1131,#747,.T.);
#1518=EDGE_CURVE('',#1132,#1133,#748,.T.);
#1519=EDGE_CURVE('',#1133,#1134,#749,.T.);
#1520=EDGE_CURVE('',#1134,#1133,#750,.T.);
#1521=EDGE_CURVE('',#1126,#1128,#45,.T.);
#1522=EDGE_CURVE('',#1102,#1134,#46,.T.);
#1523=EDGE_CURVE('',#1135,#1136,#751,.T.);
#1524=EDGE_CURVE('',#1136,#1135,#752,.T.);
#1525=EDGE_CURVE('',#1136,#1137,#753,.T.);
#1526=EDGE_CURVE('',#1137,#1138,#754,.T.);
#1527=EDGE_CURVE('',#1138,#1137,#755,.T.);
#1528=EDGE_CURVE('',#1138,#1139,#47,.T.);
#1529=EDGE_CURVE('',#1139,#1140,#756,.T.);
#1530=EDGE_CURVE('',#1140,#1139,#757,.T.);
#1531=EDGE_CURVE('',#1140,#1141,#758,.T.);
#1532=EDGE_CURVE('',#1142,#1141,#759,.T.);
#1533=EDGE_CURVE('',#1141,#1142,#760,.T.);
#1534=EDGE_CURVE('',#1122,#1142,#48,.T.);
#1535=EDGE_CURVE('',#1118,#1135,#49,.T.);
#1536=EDGE_CURVE('',#1143,#1144,#761,.T.);
#1537=EDGE_CURVE('',#1144,#1143,#762,.T.);
#1538=EDGE_CURVE('',#1143,#1145,#763,.T.);
#1539=EDGE_CURVE('',#1145,#1146,#764,.T.);
#1540=EDGE_CURVE('',#1146,#1145,#765,.T.);
#1541=EDGE_CURVE('',#1147,#1148,#766,.T.);
#1542=EDGE_CURVE('',#1148,#1144,#50,.T.);
#1543=EDGE_CURVE('',#1148,#1147,#767,.T.);
#1544=EDGE_CURVE('',#1149,#1150,#768,.T.);
#1545=EDGE_CURVE('',#1150,#1149,#769,.T.);
#1546=EDGE_CURVE('',#1149,#1147,#770,.T.);
#1547=EDGE_CURVE('',#1151,#1152,#771,.T.);
#1548=EDGE_CURVE('',#1152,#1151,#772,.T.);
#1549=EDGE_CURVE('',#1151,#1153,#773,.T.);
#1550=EDGE_CURVE('',#1154,#1153,#774,.T.);
#1551=EDGE_CURVE('',#1153,#1154,#775,.T.);
#1552=EDGE_CURVE('',#1154,#1155,#51,.T.);
#1553=EDGE_CURVE('',#1156,#1155,#776,.T.);
#1554=EDGE_CURVE('',#1155,#1156,#777,.T.);
#1555=EDGE_CURVE('',#1156,#1157,#778,.T.);
#1556=EDGE_CURVE('',#1157,#1158,#779,.T.);
#1557=EDGE_CURVE('',#1158,#1157,#780,.T.);
#1558=EDGE_CURVE('',#1159,#1160,#781,.T.);
#1559=EDGE_CURVE('',#1160,#1159,#782,.T.);
#1560=EDGE_CURVE('',#1159,#1161,#783,.T.);
#1561=EDGE_CURVE('',#1162,#1161,#784,.T.);
#1562=EDGE_CURVE('',#1161,#1162,#785,.T.);
#1563=EDGE_CURVE('',#1162,#1163,#52,.T.);
#1564=EDGE_CURVE('',#1164,#1163,#786,.T.);
#1565=EDGE_CURVE('',#1163,#1164,#787,.T.);
#1566=EDGE_CURVE('',#1164,#1165,#788,.T.);
#1567=EDGE_CURVE('',#1165,#1166,#789,.T.);
#1568=EDGE_CURVE('',#1166,#1165,#790,.T.);
#1569=EDGE_CURVE('',#1167,#1168,#791,.T.);
#1570=EDGE_CURVE('',#1168,#1167,#792,.T.);
#1571=EDGE_CURVE('',#1167,#1169,#793,.T.);
#1572=EDGE_CURVE('',#1169,#1170,#794,.T.);
#1573=EDGE_CURVE('',#1170,#1169,#795,.T.);
#1574=EDGE_CURVE('',#1170,#1171,#53,.T.);
#1575=EDGE_CURVE('',#1171,#1172,#796,.T.);
#1576=EDGE_CURVE('',#1172,#1171,#797,.T.);
#1577=EDGE_CURVE('',#1172,#1173,#798,.T.);
#1578=EDGE_CURVE('',#1174,#1173,#799,.T.);
#1579=EDGE_CURVE('',#1173,#1174,#800,.T.);
#1580=EDGE_CURVE('',#1166,#1174,#54,.T.);
#1581=EDGE_CURVE('',#1150,#1168,#55,.T.);
#1582=EDGE_CURVE('',#1175,#1176,#801,.T.);
#1583=EDGE_CURVE('',#1176,#1175,#802,.T.);
#1584=EDGE_CURVE('',#1175,#1177,#803,.T.);
#1585=EDGE_CURVE('',#1177,#1178,#804,.T.);
#1586=EDGE_CURVE('',#1178,#1177,#805,.T.);
#1587=EDGE_CURVE('',#1178,#1179,#56,.T.);
#1588=EDGE_CURVE('',#1179,#1180,#806,.T.);
#1589=EDGE_CURVE('',#1180,#1179,#807,.T.);
#1590=EDGE_CURVE('',#1180,#1181,#808,.T.);
#1591=EDGE_CURVE('',#1182,#1181,#809,.T.);
#1592=EDGE_CURVE('',#1181,#1182,#810,.T.);
#1593=EDGE_CURVE('',#1158,#1182,#57,.T.);
#1594=EDGE_CURVE('',#1160,#1176,#58,.T.);
#1595=EDGE_CURVE('',#1183,#1184,#811,.T.);
#1596=EDGE_CURVE('',#1184,#1183,#812,.T.);
#1597=EDGE_CURVE('',#1183,#1185,#813,.T.);
#1598=EDGE_CURVE('',#1186,#1185,#814,.T.);
#1599=EDGE_CURVE('',#1185,#1186,#815,.T.);
#1600=EDGE_CURVE('',#1186,#1187,#59,.T.);
#1601=EDGE_CURVE('',#1188,#1187,#816,.T.);
#1602=EDGE_CURVE('',#1187,#1188,#817,.T.);
#1603=EDGE_CURVE('',#1188,#1189,#818,.T.);
#1604=EDGE_CURVE('',#1189,#1190,#819,.T.);
#1605=EDGE_CURVE('',#1190,#1189,#820,.T.);
#1606=EDGE_CURVE('',#1191,#1192,#821,.T.);
#1607=EDGE_CURVE('',#1192,#1191,#822,.T.);
#1608=EDGE_CURVE('',#1192,#1193,#823,.T.);
#1609=EDGE_CURVE('',#1193,#1194,#824,.T.);
#1610=EDGE_CURVE('',#1194,#1193,#825,.T.);
#1611=EDGE_CURVE('',#1194,#1195,#60,.T.);
#1612=EDGE_CURVE('',#1195,#1196,#826,.T.);
#1613=EDGE_CURVE('',#1196,#1195,#827,.T.);
#1614=EDGE_CURVE('',#1196,#1197,#828,.T.);
#1615=EDGE_CURVE('',#1197,#1198,#829,.T.);
#1616=EDGE_CURVE('',#1198,#1197,#830,.T.);
#1617=EDGE_CURVE('',#1152,#1191,#61,.T.);
#1618=EDGE_CURVE('',#1190,#1198,#62,.T.);
#1619=EDGE_CURVE('',#1199,#1200,#831,.T.);
#1620=EDGE_CURVE('',#1200,#1199,#832,.T.);
#1621=EDGE_CURVE('',#1200,#1201,#833,.T.);
#1622=EDGE_CURVE('',#1201,#1202,#834,.T.);
#1623=EDGE_CURVE('',#1202,#1201,#835,.T.);
#1624=EDGE_CURVE('',#1202,#1203,#63,.T.);
#1625=EDGE_CURVE('',#1203,#1204,#836,.T.);
#1626=EDGE_CURVE('',#1204,#1203,#837,.T.);
#1627=EDGE_CURVE('',#1204,#1205,#838,.T.);
#1628=EDGE_CURVE('',#1205,#1206,#839,.T.);
#1629=EDGE_CURVE('',#1206,#1205,#840,.T.);
#1630=EDGE_CURVE('',#1070,#1206,#64,.T.);
#1631=EDGE_CURVE('',#1207,#1208,#841,.T.);
#1632=EDGE_CURVE('',#1208,#1207,#842,.T.);
#1633=EDGE_CURVE('',#1207,#1209,#843,.T.);
#1634=EDGE_CURVE('',#1209,#1210,#844,.T.);
#1635=EDGE_CURVE('',#1210,#1209,#845,.T.);
#1636=EDGE_CURVE('',#1210,#1211,#65,.T.);
#1637=EDGE_CURVE('',#1211,#1212,#846,.T.);
#1638=EDGE_CURVE('',#1212,#1211,#847,.T.);
#1639=EDGE_CURVE('',#1212,#1213,#848,.T.);
#1640=EDGE_CURVE('',#1214,#1213,#849,.T.);
#1641=EDGE_CURVE('',#1213,#1214,#850,.T.);
#1642=EDGE_CURVE('',#1184,#1208,#66,.T.);
#1643=EDGE_CURVE('',#1215,#1216,#851,.T.);
#1644=EDGE_CURVE('',#1216,#1215,#852,.T.);
#1645=EDGE_CURVE('',#1216,#1214,#67,.T.);
#1646=EDGE_CURVE('',#1217,#1218,#853,.T.);
#1647=EDGE_CURVE('',#1218,#1217,#854,.T.);
#1648=EDGE_CURVE('',#1218,#1199,#68,.T.);
#1649=EDGE_CURVE('',#1217,#1219,#855,.T.);
#1650=EDGE_CURVE('',#1220,#1219,#856,.T.);
#1651=EDGE_CURVE('',#1219,#1220,#857,.T.);
#1652=EDGE_CURVE('',#1220,#1221,#69,.T.);
#1653=EDGE_CURVE('',#1222,#1221,#858,.T.);
#1654=EDGE_CURVE('',#1221,#1222,#859,.T.);
#1655=EDGE_CURVE('',#1222,#1215,#860,.T.);
#1656=EDGE_CURVE('',#1223,#1224,#861,.T.);
#1657=EDGE_CURVE('',#1224,#1223,#862,.T.);
#1658=EDGE_CURVE('',#1223,#1225,#863,.T.);
#1659=EDGE_CURVE('',#1225,#1226,#864,.T.);
#1660=EDGE_CURVE('',#1226,#1225,#865,.T.);
#1661=EDGE_CURVE('',#1227,#1228,#866,.T.);
#1662=EDGE_CURVE('',#1228,#1224,#70,.T.);
#1663=EDGE_CURVE('',#1228,#1227,#867,.T.);
#1664=EDGE_CURVE('',#1229,#1230,#868,.T.);
#1665=EDGE_CURVE('',#1230,#1229,#869,.T.);
#1666=EDGE_CURVE('',#1229,#1227,#870,.T.);
#1667=EDGE_CURVE('',#1231,#1232,#871,.T.);
#1668=EDGE_CURVE('',#1232,#1231,#872,.T.);
#1669=EDGE_CURVE('',#1231,#1233,#873,.T.);
#1670=EDGE_CURVE('',#1233,#1234,#874,.T.);
#1671=EDGE_CURVE('',#1234,#1233,#875,.T.);
#1672=EDGE_CURVE('',#1234,#1235,#71,.T.);
#1673=EDGE_CURVE('',#1235,#1236,#876,.T.);
#1674=EDGE_CURVE('',#1236,#1235,#877,.T.);
#1675=EDGE_CURVE('',#1236,#1237,#878,.T.);
#1676=EDGE_CURVE('',#1237,#1238,#879,.T.);
#1677=EDGE_CURVE('',#1238,#1237,#880,.T.);
#1678=EDGE_CURVE('',#1230,#1232,#72,.T.);
#1679=EDGE_CURVE('',#1239,#1240,#881,.T.);
#1680=EDGE_CURVE('',#1240,#1239,#882,.T.);
#1681=EDGE_CURVE('',#1239,#1241,#883,.T.);
#1682=EDGE_CURVE('',#1241,#1242,#884,.T.);
#1683=EDGE_CURVE('',#1242,#1241,#885,.T.);
#1684=EDGE_CURVE('',#1243,#1244,#886,.T.);
#1685=EDGE_CURVE('',#1244,#1240,#73,.T.);
#1686=EDGE_CURVE('',#1244,#1243,#887,.T.);
#1687=EDGE_CURVE('',#1245,#1246,#888,.T.);
#1688=EDGE_CURVE('',#1246,#1245,#889,.T.);
#1689=EDGE_CURVE('',#1245,#1243,#890,.T.);
#1690=EDGE_CURVE('',#1242,#1238,#74,.T.);
#1691=EDGE_CURVE('',#1146,#1247,#75,.T.);
#1692=EDGE_CURVE('',#1248,#1247,#891,.T.);
#1693=EDGE_CURVE('',#1247,#1248,#892,.T.);
#1694=EDGE_CURVE('',#1246,#1249,#76,.T.);
#1695=EDGE_CURVE('',#1249,#1250,#893,.T.);
#1696=EDGE_CURVE('',#1250,#1249,#894,.T.);
#1697=EDGE_CURVE('',#1251,#1252,#895,.T.);
#1698=EDGE_CURVE('',#1251,#1248,#896,.T.);
#1699=EDGE_CURVE('',#1252,#1251,#897,.T.);
#1700=EDGE_CURVE('',#1253,#1254,#898,.T.);
#1701=EDGE_CURVE('',#1254,#1253,#899,.T.);
#1702=EDGE_CURVE('',#1254,#1252,#77,.T.);
#1703=EDGE_CURVE('',#1250,#1253,#900,.T.);
#1704=EDGE_CURVE('',#1255,#1256,#901,.T.);
#1705=EDGE_CURVE('',#1256,#1255,#902,.T.);
#1706=EDGE_CURVE('',#1256,#1257,#903,.T.);
#1707=EDGE_CURVE('',#1257,#1258,#904,.T.);
#1708=EDGE_CURVE('',#1258,#1257,#905,.T.);
#1709=EDGE_CURVE('',#1258,#1259,#78,.T.);
#1710=EDGE_CURVE('',#1259,#1260,#906,.T.);
#1711=EDGE_CURVE('',#1260,#1259,#907,.T.);
#1712=EDGE_CURVE('',#1260,#1261,#908,.T.);
#1713=EDGE_CURVE('',#1261,#1262,#909,.T.);
#1714=EDGE_CURVE('',#1262,#1261,#910,.T.);
#1715=EDGE_CURVE('',#1074,#1255,#79,.T.);
#1716=EDGE_CURVE('',#1226,#1262,#80,.T.);
#1717=EDGE_CURVE('',#1263,#1264,#911,.T.);
#1718=EDGE_CURVE('',#1264,#1263,#912,.T.);
#1719=EDGE_CURVE('',#1263,#1265,#913,.T.);
#1720=EDGE_CURVE('',#1266,#1265,#914,.T.);
#1721=EDGE_CURVE('',#1265,#1266,#915,.T.);
#1722=EDGE_CURVE('',#1266,#1267,#81,.T.);
#1723=EDGE_CURVE('',#1268,#1267,#916,.T.);
#1724=EDGE_CURVE('',#1267,#1268,#917,.T.);
#1725=EDGE_CURVE('',#1268,#1269,#918,.T.);
#1726=EDGE_CURVE('',#1269,#1270,#919,.T.);
#1727=EDGE_CURVE('',#1270,#1269,#920,.T.);
#1728=EDGE_CURVE('',#1271,#1272,#921,.T.);
#1729=EDGE_CURVE('',#1272,#1271,#922,.T.);
#1730=EDGE_CURVE('',#1271,#1273,#923,.T.);
#1731=EDGE_CURVE('',#1273,#1274,#924,.T.);
#1732=EDGE_CURVE('',#1274,#1273,#925,.T.);
#1733=EDGE_CURVE('',#1274,#1275,#82,.T.);
#1734=EDGE_CURVE('',#1275,#1276,#926,.T.);
#1735=EDGE_CURVE('',#1276,#1275,#927,.T.);
#1736=EDGE_CURVE('',#1276,#1277,#928,.T.);
#1737=EDGE_CURVE('',#1277,#1278,#929,.T.);
#1738=EDGE_CURVE('',#1278,#1277,#930,.T.);
#1739=EDGE_CURVE('',#1270,#1278,#83,.T.);
#1740=EDGE_CURVE('',#1064,#1272,#84,.T.);
#1741=EDGE_CURVE('',#1279,#1280,#931,.T.);
#1742=EDGE_CURVE('',#1280,#1279,#932,.T.);
#1743=EDGE_CURVE('',#1279,#1281,#933,.T.);
#1744=EDGE_CURVE('',#1281,#1282,#934,.T.);
#1745=EDGE_CURVE('',#1282,#1281,#935,.T.);
#1746=EDGE_CURVE('',#1283,#1284,#936,.T.);
#1747=EDGE_CURVE('',#1284,#1280,#85,.T.);
#1748=EDGE_CURVE('',#1284,#1283,#937,.T.);
#1749=EDGE_CURVE('',#1285,#1286,#938,.T.);
#1750=EDGE_CURVE('',#1286,#1285,#939,.T.);
#1751=EDGE_CURVE('',#1285,#1283,#940,.T.);
#1752=EDGE_CURVE('',#1287,#1288,#941,.T.);
#1753=EDGE_CURVE('',#1288,#1287,#942,.T.);
#1754=EDGE_CURVE('',#1287,#1289,#943,.T.);
#1755=EDGE_CURVE('',#1289,#1290,#944,.T.);
#1756=EDGE_CURVE('',#1290,#1289,#945,.T.);
#1757=EDGE_CURVE('',#1291,#1292,#946,.T.);
#1758=EDGE_CURVE('',#1292,#1288,#86,.T.);
#1759=EDGE_CURVE('',#1292,#1291,#947,.T.);
#1760=EDGE_CURVE('',#1293,#1294,#948,.T.);
#1761=EDGE_CURVE('',#1294,#1293,#949,.T.);
#1762=EDGE_CURVE('',#1293,#1291,#950,.T.);
#1763=EDGE_CURVE('',#1295,#1296,#951,.T.);
#1764=EDGE_CURVE('',#1296,#1295,#952,.T.);
#1765=EDGE_CURVE('',#1295,#1297,#953,.T.);
#1766=EDGE_CURVE('',#1297,#1298,#954,.T.);
#1767=EDGE_CURVE('',#1298,#1297,#955,.T.);
#1768=EDGE_CURVE('',#1299,#1300,#956,.T.);
#1769=EDGE_CURVE('',#1300,#1296,#87,.T.);
#1770=EDGE_CURVE('',#1300,#1299,#957,.T.);
#1771=EDGE_CURVE('',#1301,#1302,#958,.T.);
#1772=EDGE_CURVE('',#1302,#1301,#959,.T.);
#1773=EDGE_CURVE('',#1301,#1299,#960,.T.);
#1774=EDGE_CURVE('',#1303,#1304,#961,.T.);
#1775=EDGE_CURVE('',#1304,#1303,#962,.T.);
#1776=EDGE_CURVE('',#1304,#1305,#963,.T.);
#1777=EDGE_CURVE('',#1305,#1306,#964,.T.);
#1778=EDGE_CURVE('',#1306,#1305,#965,.T.);
#1779=EDGE_CURVE('',#1306,#1307,#88,.T.);
#1780=EDGE_CURVE('',#1307,#1308,#966,.T.);
#1781=EDGE_CURVE('',#1308,#1307,#967,.T.);
#1782=EDGE_CURVE('',#1308,#1309,#968,.T.);
#1783=EDGE_CURVE('',#1310,#1309,#969,.T.);
#1784=EDGE_CURVE('',#1309,#1310,#970,.T.);
#1785=EDGE_CURVE('',#1298,#1310,#89,.T.);
#1786=EDGE_CURVE('',#1294,#1303,#90,.T.);
#1787=EDGE_CURVE('',#1302,#1311,#91,.T.);
#1788=EDGE_CURVE('',#1311,#1312,#971,.T.);
#1789=EDGE_CURVE('',#1312,#1311,#972,.T.);
#1790=EDGE_CURVE('',#1282,#1313,#92,.T.);
#1791=EDGE_CURVE('',#1313,#1314,#973,.T.);
#1792=EDGE_CURVE('',#1314,#1313,#974,.T.);
#1793=EDGE_CURVE('',#1315,#1316,#975,.T.);
#1794=EDGE_CURVE('',#1315,#1314,#976,.T.);
#1795=EDGE_CURVE('',#1316,#1315,#977,.T.);
#1796=EDGE_CURVE('',#1317,#1318,#978,.T.);
#1797=EDGE_CURVE('',#1318,#1317,#979,.T.);
#1798=EDGE_CURVE('',#1318,#1316,#93,.T.);
#1799=EDGE_CURVE('',#1312,#1317,#980,.T.);
#1800=EDGE_CURVE('',#1290,#1319,#94,.T.);
#1801=EDGE_CURVE('',#1319,#1320,#981,.T.);
#1802=EDGE_CURVE('',#1320,#1319,#982,.T.);
#1803=EDGE_CURVE('',#1264,#1321,#95,.T.);
#1804=EDGE_CURVE('',#1321,#1322,#983,.T.);
#1805=EDGE_CURVE('',#1322,#1321,#984,.T.);
#1806=EDGE_CURVE('',#1323,#1324,#985,.T.);
#1807=EDGE_CURVE('',#1323,#1320,#986,.T.);
#1808=EDGE_CURVE('',#1324,#1323,#987,.T.);
#1809=EDGE_CURVE('',#1325,#1326,#988,.T.);
#1810=EDGE_CURVE('',#1326,#1325,#989,.T.);
#1811=EDGE_CURVE('',#1326,#1324,#96,.T.);
#1812=EDGE_CURVE('',#1322,#1325,#990,.T.);
#1813=EDGE_CURVE('',#1050,#1327,#97,.T.);
#1814=EDGE_CURVE('',#1327,#1328,#991,.T.);
#1815=EDGE_CURVE('',#1328,#1327,#992,.T.);
#1816=EDGE_CURVE('',#1286,#1329,#98,.T.);
#1817=EDGE_CURVE('',#1329,#1330,#993,.T.);
#1818=EDGE_CURVE('',#1330,#1329,#994,.T.);
#1819=EDGE_CURVE('',#1331,#1332,#995,.T.);
#1820=EDGE_CURVE('',#1331,#1328,#996,.T.);
#1821=EDGE_CURVE('',#1332,#1331,#997,.T.);
#1822=EDGE_CURVE('',#1333,#1334,#998,.T.);
#1823=EDGE_CURVE('',#1334,#1333,#999,.T.);
#1824=EDGE_CURVE('',#1334,#1332,#99,.T.);
#1825=EDGE_CURVE('',#1330,#1333,#1000,.T.);
#1826=EDGE_CURVE('',#1335,#1336,#1001,.T.);
#1827=EDGE_CURVE('',#1336,#1335,#1002,.T.);
#1828=EDGE_CURVE('',#1336,#1337,#1003,.T.);
#1829=EDGE_CURVE('',#1337,#1338,#1004,.T.);
#1830=EDGE_CURVE('',#1338,#1337,#1005,.T.);
#1831=EDGE_CURVE('',#1338,#1339,#100,.T.);
#1832=EDGE_CURVE('',#1339,#1340,#1006,.T.);
#1833=EDGE_CURVE('',#1340,#1339,#1007,.T.);
#1834=EDGE_CURVE('',#1340,#1341,#1008,.T.);
#1835=EDGE_CURVE('',#1341,#1342,#1009,.T.);
#1836=EDGE_CURVE('',#1342,#1341,#1010,.T.);
#1837=EDGE_CURVE('',#1054,#1335,#101,.T.);
#1838=EDGE_CURVE('',#1058,#1342,#102,.T.);
#1839=ORIENTED_EDGE('',*,*,#1343,.T.);
#1840=ORIENTED_EDGE('',*,*,#1344,.T.);
#1841=ORIENTED_EDGE('',*,*,#1345,.T.);
#1842=ORIENTED_EDGE('',*,*,#1346,.T.);
#1843=ORIENTED_EDGE('',*,*,#1344,.F.);
#1844=ORIENTED_EDGE('',*,*,#1347,.F.);
#1845=ORIENTED_EDGE('',*,*,#1343,.F.);
#1846=ORIENTED_EDGE('',*,*,#1346,.F.);
#1847=ORIENTED_EDGE('',*,*,#1348,.T.);
#1848=ORIENTED_EDGE('',*,*,#1349,.F.);
#1849=ORIENTED_EDGE('',*,*,#1350,.F.);
#1850=ORIENTED_EDGE('',*,*,#1348,.F.);
#1851=ORIENTED_EDGE('',*,*,#1345,.F.);
#1852=ORIENTED_EDGE('',*,*,#1347,.T.);
#1853=ORIENTED_EDGE('',*,*,#1351,.T.);
#1854=ORIENTED_EDGE('',*,*,#1352,.T.);
#1855=ORIENTED_EDGE('',*,*,#1353,.T.);
#1856=ORIENTED_EDGE('',*,*,#1351,.F.);
#1857=ORIENTED_EDGE('',*,*,#1353,.F.);
#1858=ORIENTED_EDGE('',*,*,#1354,.T.);
#1859=ORIENTED_EDGE('',*,*,#1355,.F.);
#1860=ORIENTED_EDGE('',*,*,#1356,.F.);
#1861=ORIENTED_EDGE('',*,*,#1354,.F.);
#1862=ORIENTED_EDGE('',*,*,#1352,.F.);
#1863=ORIENTED_EDGE('',*,*,#1350,.T.);
#1864=ORIENTED_EDGE('',*,*,#1357,.T.);
#1865=ORIENTED_EDGE('',*,*,#1358,.T.);
#1866=ORIENTED_EDGE('',*,*,#1357,.F.);
#1867=ORIENTED_EDGE('',*,*,#1349,.T.);
#1868=ORIENTED_EDGE('',*,*,#1359,.F.);
#1869=ORIENTED_EDGE('',*,*,#1358,.F.);
#1870=ORIENTED_EDGE('',*,*,#1356,.T.);
#1871=ORIENTED_EDGE('',*,*,#1360,.T.);
#1872=ORIENTED_EDGE('',*,*,#1359,.T.);
#1873=ORIENTED_EDGE('',*,*,#1360,.F.);
#1874=ORIENTED_EDGE('',*,*,#1355,.T.);
#1875=ORIENTED_EDGE('',*,*,#1361,.F.);
#1876=ORIENTED_EDGE('',*,*,#1362,.F.);
#1877=ORIENTED_EDGE('',*,*,#1363,.F.);
#1878=ORIENTED_EDGE('',*,*,#1364,.T.);
#1879=ORIENTED_EDGE('',*,*,#1365,.T.);
#1880=ORIENTED_EDGE('',*,*,#1366,.T.);
#1881=ORIENTED_EDGE('',*,*,#1364,.F.);
#1882=ORIENTED_EDGE('',*,*,#1367,.T.);
#1883=ORIENTED_EDGE('',*,*,#1365,.F.);
#1884=ORIENTED_EDGE('',*,*,#1366,.F.);
#1885=ORIENTED_EDGE('',*,*,#1368,.T.);
#1886=ORIENTED_EDGE('',*,*,#1367,.F.);
#1887=ORIENTED_EDGE('',*,*,#1368,.F.);
#1888=ORIENTED_EDGE('',*,*,#1369,.T.);
#1889=ORIENTED_EDGE('',*,*,#1370,.T.);
#1890=ORIENTED_EDGE('',*,*,#1371,.T.);
#1891=ORIENTED_EDGE('',*,*,#1372,.T.);
#1892=ORIENTED_EDGE('',*,*,#1373,.T.);
#1893=ORIENTED_EDGE('',*,*,#1374,.T.);
#1894=ORIENTED_EDGE('',*,*,#1361,.T.);
#1895=ORIENTED_EDGE('',*,*,#1363,.T.);
#1896=ORIENTED_EDGE('',*,*,#1375,.T.);
#1897=ORIENTED_EDGE('',*,*,#1376,.T.);
#1898=ORIENTED_EDGE('',*,*,#1371,.F.);
#1899=ORIENTED_EDGE('',*,*,#1377,.F.);
#1900=ORIENTED_EDGE('',*,*,#1378,.T.);
#1901=ORIENTED_EDGE('',*,*,#1379,.T.);
#1902=ORIENTED_EDGE('',*,*,#1380,.F.);
#1903=ORIENTED_EDGE('',*,*,#1381,.T.);
#1904=ORIENTED_EDGE('',*,*,#1382,.F.);
#1905=ORIENTED_EDGE('',*,*,#1383,.F.);
#1906=ORIENTED_EDGE('',*,*,#1381,.F.);
#1907=ORIENTED_EDGE('',*,*,#1384,.F.);
#1908=ORIENTED_EDGE('',*,*,#1383,.T.);
#1909=ORIENTED_EDGE('',*,*,#1385,.T.);
#1910=ORIENTED_EDGE('',*,*,#1384,.T.);
#1911=ORIENTED_EDGE('',*,*,#1385,.F.);
#1912=ORIENTED_EDGE('',*,*,#1382,.T.);
#1913=ORIENTED_EDGE('',*,*,#1386,.F.);
#1914=ORIENTED_EDGE('',*,*,#1387,.T.);
#1915=ORIENTED_EDGE('',*,*,#1388,.F.);
#1916=ORIENTED_EDGE('',*,*,#1389,.T.);
#1917=ORIENTED_EDGE('',*,*,#1377,.T.);
#1918=ORIENTED_EDGE('',*,*,#1380,.T.);
#1919=ORIENTED_EDGE('',*,*,#1390,.T.);
#1920=ORIENTED_EDGE('',*,*,#1391,.F.);
#1921=ORIENTED_EDGE('',*,*,#1387,.F.);
#1922=ORIENTED_EDGE('',*,*,#1392,.F.);
#1923=ORIENTED_EDGE('',*,*,#1393,.T.);
#1924=ORIENTED_EDGE('',*,*,#1394,.T.);
#1925=ORIENTED_EDGE('',*,*,#1395,.T.);
#1926=ORIENTED_EDGE('',*,*,#1396,.T.);
#1927=ORIENTED_EDGE('',*,*,#1397,.T.);
#1928=ORIENTED_EDGE('',*,*,#1395,.F.);
#1929=ORIENTED_EDGE('',*,*,#1398,.T.);
#1930=ORIENTED_EDGE('',*,*,#1399,.T.);
#1931=ORIENTED_EDGE('',*,*,#1393,.F.);
#1932=ORIENTED_EDGE('',*,*,#1394,.F.);
#1933=ORIENTED_EDGE('',*,*,#1399,.F.);
#1934=ORIENTED_EDGE('',*,*,#1400,.T.);
#1935=ORIENTED_EDGE('',*,*,#1401,.T.);
#1936=ORIENTED_EDGE('',*,*,#1402,.T.);
#1937=ORIENTED_EDGE('',*,*,#1403,.T.);
#1938=ORIENTED_EDGE('',*,*,#1400,.F.);
#1939=ORIENTED_EDGE('',*,*,#1398,.F.);
#1940=ORIENTED_EDGE('',*,*,#1403,.F.);
#1941=ORIENTED_EDGE('',*,*,#1404,.T.);
#1942=ORIENTED_EDGE('',*,*,#1405,.T.);
#1943=ORIENTED_EDGE('',*,*,#1406,.T.);
#1944=ORIENTED_EDGE('',*,*,#1407,.T.);
#1945=ORIENTED_EDGE('',*,*,#1408,.T.);
#1946=ORIENTED_EDGE('',*,*,#1406,.F.);
#1947=ORIENTED_EDGE('',*,*,#1409,.T.);
#1948=ORIENTED_EDGE('',*,*,#1410,.T.);
#1949=ORIENTED_EDGE('',*,*,#1404,.F.);
#1950=ORIENTED_EDGE('',*,*,#1405,.F.);
#1951=ORIENTED_EDGE('',*,*,#1410,.F.);
#1952=ORIENTED_EDGE('',*,*,#1411,.T.);
#1953=ORIENTED_EDGE('',*,*,#1412,.T.);
#1954=ORIENTED_EDGE('',*,*,#1413,.T.);
#1955=ORIENTED_EDGE('',*,*,#1414,.T.);
#1956=ORIENTED_EDGE('',*,*,#1411,.F.);
#1957=ORIENTED_EDGE('',*,*,#1409,.F.);
#1958=ORIENTED_EDGE('',*,*,#1414,.F.);
#1959=ORIENTED_EDGE('',*,*,#1415,.T.);
#1960=ORIENTED_EDGE('',*,*,#1416,.T.);
#1961=ORIENTED_EDGE('',*,*,#1417,.T.);
#1962=ORIENTED_EDGE('',*,*,#1418,.F.);
#1963=ORIENTED_EDGE('',*,*,#1419,.F.);
#1964=ORIENTED_EDGE('',*,*,#1417,.F.);
#1965=ORIENTED_EDGE('',*,*,#1419,.T.);
#1966=ORIENTED_EDGE('',*,*,#1420,.T.);
#1967=ORIENTED_EDGE('',*,*,#1421,.F.);
#1968=ORIENTED_EDGE('',*,*,#1422,.F.);
#1969=ORIENTED_EDGE('',*,*,#1420,.F.);
#1970=ORIENTED_EDGE('',*,*,#1418,.T.);
#1971=ORIENTED_EDGE('',*,*,#1421,.T.);
#1972=ORIENTED_EDGE('',*,*,#1422,.T.);
#1973=ORIENTED_EDGE('',*,*,#1423,.T.);
#1974=ORIENTED_EDGE('',*,*,#1424,.T.);
#1975=ORIENTED_EDGE('',*,*,#1425,.T.);
#1976=ORIENTED_EDGE('',*,*,#1423,.F.);
#1977=ORIENTED_EDGE('',*,*,#1426,.T.);
#1978=ORIENTED_EDGE('',*,*,#1427,.T.);
#1979=ORIENTED_EDGE('',*,*,#1369,.F.);
#1980=ORIENTED_EDGE('',*,*,#1370,.F.);
#1981=ORIENTED_EDGE('',*,*,#1427,.F.);
#1982=ORIENTED_EDGE('',*,*,#1428,.T.);
#1983=ORIENTED_EDGE('',*,*,#1429,.T.);
#1984=ORIENTED_EDGE('',*,*,#1430,.T.);
#1985=ORIENTED_EDGE('',*,*,#1431,.T.);
#1986=ORIENTED_EDGE('',*,*,#1428,.F.);
#1987=ORIENTED_EDGE('',*,*,#1426,.F.);
#1988=ORIENTED_EDGE('',*,*,#1431,.F.);
#1989=ORIENTED_EDGE('',*,*,#1432,.F.);
#1990=ORIENTED_EDGE('',*,*,#1433,.T.);
#1991=ORIENTED_EDGE('',*,*,#1434,.F.);
#1992=ORIENTED_EDGE('',*,*,#1435,.F.);
#1993=ORIENTED_EDGE('',*,*,#1433,.F.);
#1994=ORIENTED_EDGE('',*,*,#1436,.F.);
#1995=ORIENTED_EDGE('',*,*,#1437,.F.);
#1996=ORIENTED_EDGE('',*,*,#1438,.F.);
#1997=ORIENTED_EDGE('',*,*,#1439,.T.);
#1998=ORIENTED_EDGE('',*,*,#1436,.T.);
#1999=ORIENTED_EDGE('',*,*,#1432,.T.);
#2000=ORIENTED_EDGE('',*,*,#1439,.F.);
#2001=ORIENTED_EDGE('',*,*,#1440,.F.);
#2002=ORIENTED_EDGE('',*,*,#1441,.F.);
#2003=ORIENTED_EDGE('',*,*,#1442,.T.);
#2004=ORIENTED_EDGE('',*,*,#1437,.T.);
#2005=ORIENTED_EDGE('',*,*,#1438,.T.);
#2006=ORIENTED_EDGE('',*,*,#1442,.F.);
#2007=ORIENTED_EDGE('',*,*,#1443,.F.);
#2008=ORIENTED_EDGE('',*,*,#1444,.F.);
#2009=ORIENTED_EDGE('',*,*,#1445,.T.);
#2010=ORIENTED_EDGE('',*,*,#1446,.T.);
#2011=ORIENTED_EDGE('',*,*,#1447,.T.);
#2012=ORIENTED_EDGE('',*,*,#1445,.F.);
#2013=ORIENTED_EDGE('',*,*,#1446,.F.);
#2014=ORIENTED_EDGE('',*,*,#1447,.F.);
#2015=ORIENTED_EDGE('',*,*,#1448,.T.);
#2016=ORIENTED_EDGE('',*,*,#1449,.T.);
#2017=ORIENTED_EDGE('',*,*,#1450,.T.);
#2018=ORIENTED_EDGE('',*,*,#1448,.F.);
#2019=ORIENTED_EDGE('',*,*,#1450,.F.);
#2020=ORIENTED_EDGE('',*,*,#1451,.T.);
#2021=ORIENTED_EDGE('',*,*,#1452,.T.);
#2022=ORIENTED_EDGE('',*,*,#1453,.T.);
#2023=ORIENTED_EDGE('',*,*,#1451,.F.);
#2024=ORIENTED_EDGE('',*,*,#1449,.F.);
#2025=ORIENTED_EDGE('',*,*,#1412,.F.);
#2026=ORIENTED_EDGE('',*,*,#1413,.F.);
#2027=ORIENTED_EDGE('',*,*,#1454,.T.);
#2028=ORIENTED_EDGE('',*,*,#1443,.T.);
#2029=ORIENTED_EDGE('',*,*,#1444,.T.);
#2030=ORIENTED_EDGE('',*,*,#1454,.F.);
#2031=ORIENTED_EDGE('',*,*,#1455,.T.);
#2032=ORIENTED_EDGE('',*,*,#1456,.T.);
#2033=ORIENTED_EDGE('',*,*,#1457,.T.);
#2034=ORIENTED_EDGE('',*,*,#1458,.T.);
#2035=ORIENTED_EDGE('',*,*,#1459,.T.);
#2036=ORIENTED_EDGE('',*,*,#1457,.F.);
#2037=ORIENTED_EDGE('',*,*,#1460,.T.);
#2038=ORIENTED_EDGE('',*,*,#1461,.T.);
#2039=ORIENTED_EDGE('',*,*,#1455,.F.);
#2040=ORIENTED_EDGE('',*,*,#1456,.F.);
#2041=ORIENTED_EDGE('',*,*,#1461,.F.);
#2042=ORIENTED_EDGE('',*,*,#1462,.T.);
#2043=ORIENTED_EDGE('',*,*,#1463,.T.);
#2044=ORIENTED_EDGE('',*,*,#1464,.T.);
#2045=ORIENTED_EDGE('',*,*,#1465,.T.);
#2046=ORIENTED_EDGE('',*,*,#1462,.F.);
#2047=ORIENTED_EDGE('',*,*,#1460,.F.);
#2048=ORIENTED_EDGE('',*,*,#1465,.F.);
#2049=ORIENTED_EDGE('',*,*,#1463,.F.);
#2050=ORIENTED_EDGE('',*,*,#1464,.F.);
#2051=ORIENTED_EDGE('',*,*,#1466,.T.);
#2052=ORIENTED_EDGE('',*,*,#1440,.T.);
#2053=ORIENTED_EDGE('',*,*,#1441,.T.);
#2054=ORIENTED_EDGE('',*,*,#1466,.F.);
#2055=ORIENTED_EDGE('',*,*,#1458,.F.);
#2056=ORIENTED_EDGE('',*,*,#1459,.F.);
#2057=ORIENTED_EDGE('',*,*,#1467,.T.);
#2058=ORIENTED_EDGE('',*,*,#1452,.F.);
#2059=ORIENTED_EDGE('',*,*,#1453,.F.);
#2060=ORIENTED_EDGE('',*,*,#1467,.F.);
#2061=ORIENTED_EDGE('',*,*,#1468,.T.);
#2062=ORIENTED_EDGE('',*,*,#1469,.T.);
#2063=ORIENTED_EDGE('',*,*,#1470,.T.);
#2064=ORIENTED_EDGE('',*,*,#1471,.T.);
#2065=ORIENTED_EDGE('',*,*,#1472,.T.);
#2066=ORIENTED_EDGE('',*,*,#1470,.F.);
#2067=ORIENTED_EDGE('',*,*,#1473,.T.);
#2068=ORIENTED_EDGE('',*,*,#1474,.T.);
#2069=ORIENTED_EDGE('',*,*,#1468,.F.);
#2070=ORIENTED_EDGE('',*,*,#1469,.F.);
#2071=ORIENTED_EDGE('',*,*,#1474,.F.);
#2072=ORIENTED_EDGE('',*,*,#1475,.T.);
#2073=ORIENTED_EDGE('',*,*,#1476,.T.);
#2074=ORIENTED_EDGE('',*,*,#1477,.T.);
#2075=ORIENTED_EDGE('',*,*,#1478,.T.);
#2076=ORIENTED_EDGE('',*,*,#1475,.F.);
#2077=ORIENTED_EDGE('',*,*,#1473,.F.);
#2078=ORIENTED_EDGE('',*,*,#1478,.F.);
#2079=ORIENTED_EDGE('',*,*,#1476,.F.);
#2080=ORIENTED_EDGE('',*,*,#1477,.F.);
#2081=ORIENTED_EDGE('',*,*,#1479,.T.);
#2082=ORIENTED_EDGE('',*,*,#1480,.F.);
#2083=ORIENTED_EDGE('',*,*,#1481,.F.);
#2084=ORIENTED_EDGE('',*,*,#1479,.F.);
#2085=ORIENTED_EDGE('',*,*,#1376,.F.);
#2086=ORIENTED_EDGE('',*,*,#1375,.F.);
#2087=ORIENTED_EDGE('',*,*,#1362,.T.);
#2088=ORIENTED_EDGE('',*,*,#1374,.F.);
#2089=ORIENTED_EDGE('',*,*,#1373,.F.);
#2090=ORIENTED_EDGE('',*,*,#1482,.T.);
#2091=ORIENTED_EDGE('',*,*,#1378,.F.);
#2092=ORIENTED_EDGE('',*,*,#1389,.F.);
#2093=ORIENTED_EDGE('',*,*,#1388,.T.);
#2094=ORIENTED_EDGE('',*,*,#1391,.T.);
#2095=ORIENTED_EDGE('',*,*,#1390,.F.);
#2096=ORIENTED_EDGE('',*,*,#1379,.F.);
#2097=ORIENTED_EDGE('',*,*,#1482,.F.);
#2098=ORIENTED_EDGE('',*,*,#1372,.F.);
#2099=ORIENTED_EDGE('',*,*,#1483,.F.);
#2100=ORIENTED_EDGE('',*,*,#1484,.F.);
#2101=ORIENTED_EDGE('',*,*,#1485,.T.);
#2102=ORIENTED_EDGE('',*,*,#1392,.T.);
#2103=ORIENTED_EDGE('',*,*,#1386,.T.);
#2104=ORIENTED_EDGE('',*,*,#1485,.F.);
#2105=ORIENTED_EDGE('',*,*,#1480,.T.);
#2106=ORIENTED_EDGE('',*,*,#1481,.T.);
#2107=ORIENTED_EDGE('',*,*,#1486,.T.);
#2108=ORIENTED_EDGE('',*,*,#1483,.T.);
#2109=ORIENTED_EDGE('',*,*,#1484,.T.);
#2110=ORIENTED_EDGE('',*,*,#1486,.F.);
#2111=ORIENTED_EDGE('',*,*,#1487,.T.);
#2112=ORIENTED_EDGE('',*,*,#1488,.T.);
#2113=ORIENTED_EDGE('',*,*,#1489,.T.);
#2114=ORIENTED_EDGE('',*,*,#1490,.T.);
#2115=ORIENTED_EDGE('',*,*,#1491,.T.);
#2116=ORIENTED_EDGE('',*,*,#1489,.F.);
#2117=ORIENTED_EDGE('',*,*,#1492,.T.);
#2118=ORIENTED_EDGE('',*,*,#1493,.T.);
#2119=ORIENTED_EDGE('',*,*,#1487,.F.);
#2120=ORIENTED_EDGE('',*,*,#1488,.F.);
#2121=ORIENTED_EDGE('',*,*,#1493,.F.);
#2122=ORIENTED_EDGE('',*,*,#1494,.T.);
#2123=ORIENTED_EDGE('',*,*,#1495,.T.);
#2124=ORIENTED_EDGE('',*,*,#1496,.T.);
#2125=ORIENTED_EDGE('',*,*,#1497,.T.);
#2126=ORIENTED_EDGE('',*,*,#1494,.F.);
#2127=ORIENTED_EDGE('',*,*,#1492,.F.);
#2128=ORIENTED_EDGE('',*,*,#1497,.F.);
#2129=ORIENTED_EDGE('',*,*,#1490,.F.);
#2130=ORIENTED_EDGE('',*,*,#1491,.F.);
#2131=ORIENTED_EDGE('',*,*,#1498,.T.);
#2132=ORIENTED_EDGE('',*,*,#1434,.T.);
#2133=ORIENTED_EDGE('',*,*,#1435,.T.);
#2134=ORIENTED_EDGE('',*,*,#1498,.F.);
#2135=ORIENTED_EDGE('',*,*,#1499,.T.);
#2136=ORIENTED_EDGE('',*,*,#1500,.T.);
#2137=ORIENTED_EDGE('',*,*,#1501,.T.);
#2138=ORIENTED_EDGE('',*,*,#1502,.T.);
#2139=ORIENTED_EDGE('',*,*,#1503,.T.);
#2140=ORIENTED_EDGE('',*,*,#1501,.F.);
#2141=ORIENTED_EDGE('',*,*,#1504,.T.);
#2142=ORIENTED_EDGE('',*,*,#1505,.T.);
#2143=ORIENTED_EDGE('',*,*,#1499,.F.);
#2144=ORIENTED_EDGE('',*,*,#1500,.F.);
#2145=ORIENTED_EDGE('',*,*,#1505,.F.);
#2146=ORIENTED_EDGE('',*,*,#1506,.T.);
#2147=ORIENTED_EDGE('',*,*,#1507,.T.);
#2148=ORIENTED_EDGE('',*,*,#1508,.T.);
#2149=ORIENTED_EDGE('',*,*,#1509,.T.);
#2150=ORIENTED_EDGE('',*,*,#1506,.F.);
#2151=ORIENTED_EDGE('',*,*,#1504,.F.);
#2152=ORIENTED_EDGE('',*,*,#1509,.F.);
#2153=ORIENTED_EDGE('',*,*,#1510,.T.);
#2154=ORIENTED_EDGE('',*,*,#1511,.T.);
#2155=ORIENTED_EDGE('',*,*,#1512,.T.);
#2156=ORIENTED_EDGE('',*,*,#1513,.T.);
#2157=ORIENTED_EDGE('',*,*,#1514,.T.);
#2158=ORIENTED_EDGE('',*,*,#1512,.F.);
#2159=ORIENTED_EDGE('',*,*,#1513,.F.);
#2160=ORIENTED_EDGE('',*,*,#1514,.F.);
#2161=ORIENTED_EDGE('',*,*,#1515,.T.);
#2162=ORIENTED_EDGE('',*,*,#1516,.T.);
#2163=ORIENTED_EDGE('',*,*,#1517,.T.);
#2164=ORIENTED_EDGE('',*,*,#1515,.F.);
#2165=ORIENTED_EDGE('',*,*,#1517,.F.);
#2166=ORIENTED_EDGE('',*,*,#1518,.T.);
#2167=ORIENTED_EDGE('',*,*,#1519,.T.);
#2168=ORIENTED_EDGE('',*,*,#1520,.T.);
#2169=ORIENTED_EDGE('',*,*,#1518,.F.);
#2170=ORIENTED_EDGE('',*,*,#1516,.F.);
#2171=ORIENTED_EDGE('',*,*,#1507,.F.);
#2172=ORIENTED_EDGE('',*,*,#1508,.F.);
#2173=ORIENTED_EDGE('',*,*,#1521,.T.);
#2174=ORIENTED_EDGE('',*,*,#1510,.F.);
#2175=ORIENTED_EDGE('',*,*,#1511,.F.);
#2176=ORIENTED_EDGE('',*,*,#1521,.F.);
#2177=ORIENTED_EDGE('',*,*,#1471,.F.);
#2178=ORIENTED_EDGE('',*,*,#1472,.F.);
#2179=ORIENTED_EDGE('',*,*,#1522,.T.);
#2180=ORIENTED_EDGE('',*,*,#1519,.F.);
#2181=ORIENTED_EDGE('',*,*,#1520,.F.);
#2182=ORIENTED_EDGE('',*,*,#1522,.F.);
#2183=ORIENTED_EDGE('',*,*,#1523,.F.);
#2184=ORIENTED_EDGE('',*,*,#1524,.F.);
#2185=ORIENTED_EDGE('',*,*,#1525,.T.);
#2186=ORIENTED_EDGE('',*,*,#1526,.T.);
#2187=ORIENTED_EDGE('',*,*,#1527,.T.);
#2188=ORIENTED_EDGE('',*,*,#1525,.F.);
#2189=ORIENTED_EDGE('',*,*,#1526,.F.);
#2190=ORIENTED_EDGE('',*,*,#1527,.F.);
#2191=ORIENTED_EDGE('',*,*,#1528,.T.);
#2192=ORIENTED_EDGE('',*,*,#1529,.T.);
#2193=ORIENTED_EDGE('',*,*,#1530,.T.);
#2194=ORIENTED_EDGE('',*,*,#1528,.F.);
#2195=ORIENTED_EDGE('',*,*,#1530,.F.);
#2196=ORIENTED_EDGE('',*,*,#1531,.T.);
#2197=ORIENTED_EDGE('',*,*,#1532,.F.);
#2198=ORIENTED_EDGE('',*,*,#1533,.F.);
#2199=ORIENTED_EDGE('',*,*,#1531,.F.);
#2200=ORIENTED_EDGE('',*,*,#1529,.F.);
#2201=ORIENTED_EDGE('',*,*,#1502,.F.);
#2202=ORIENTED_EDGE('',*,*,#1503,.F.);
#2203=ORIENTED_EDGE('',*,*,#1534,.T.);
#2204=ORIENTED_EDGE('',*,*,#1532,.T.);
#2205=ORIENTED_EDGE('',*,*,#1533,.T.);
#2206=ORIENTED_EDGE('',*,*,#1534,.F.);
#2207=ORIENTED_EDGE('',*,*,#1495,.F.);
#2208=ORIENTED_EDGE('',*,*,#1496,.F.);
#2209=ORIENTED_EDGE('',*,*,#1535,.T.);
#2210=ORIENTED_EDGE('',*,*,#1523,.T.);
#2211=ORIENTED_EDGE('',*,*,#1524,.T.);
#2212=ORIENTED_EDGE('',*,*,#1535,.F.);
#2213=ORIENTED_EDGE('',*,*,#1536,.T.);
#2214=ORIENTED_EDGE('',*,*,#1537,.T.);
#2215=ORIENTED_EDGE('',*,*,#1538,.T.);
#2216=ORIENTED_EDGE('',*,*,#1539,.T.);
#2217=ORIENTED_EDGE('',*,*,#1540,.T.);
#2218=ORIENTED_EDGE('',*,*,#1538,.F.);
#2219=ORIENTED_EDGE('',*,*,#1541,.T.);
#2220=ORIENTED_EDGE('',*,*,#1542,.T.);
#2221=ORIENTED_EDGE('',*,*,#1536,.F.);
#2222=ORIENTED_EDGE('',*,*,#1537,.F.);
#2223=ORIENTED_EDGE('',*,*,#1542,.F.);
#2224=ORIENTED_EDGE('',*,*,#1543,.T.);
#2225=ORIENTED_EDGE('',*,*,#1544,.T.);
#2226=ORIENTED_EDGE('',*,*,#1545,.T.);
#2227=ORIENTED_EDGE('',*,*,#1546,.T.);
#2228=ORIENTED_EDGE('',*,*,#1543,.F.);
#2229=ORIENTED_EDGE('',*,*,#1541,.F.);
#2230=ORIENTED_EDGE('',*,*,#1546,.F.);
#2231=ORIENTED_EDGE('',*,*,#1547,.T.);
#2232=ORIENTED_EDGE('',*,*,#1548,.T.);
#2233=ORIENTED_EDGE('',*,*,#1549,.T.);
#2234=ORIENTED_EDGE('',*,*,#1550,.F.);
#2235=ORIENTED_EDGE('',*,*,#1551,.F.);
#2236=ORIENTED_EDGE('',*,*,#1549,.F.);
#2237=ORIENTED_EDGE('',*,*,#1551,.T.);
#2238=ORIENTED_EDGE('',*,*,#1552,.T.);
#2239=ORIENTED_EDGE('',*,*,#1553,.F.);
#2240=ORIENTED_EDGE('',*,*,#1554,.F.);
#2241=ORIENTED_EDGE('',*,*,#1552,.F.);
#2242=ORIENTED_EDGE('',*,*,#1550,.T.);
#2243=ORIENTED_EDGE('',*,*,#1553,.T.);
#2244=ORIENTED_EDGE('',*,*,#1554,.T.);
#2245=ORIENTED_EDGE('',*,*,#1555,.T.);
#2246=ORIENTED_EDGE('',*,*,#1556,.T.);
#2247=ORIENTED_EDGE('',*,*,#1557,.T.);
#2248=ORIENTED_EDGE('',*,*,#1555,.F.);
#2249=ORIENTED_EDGE('',*,*,#1558,.T.);
#2250=ORIENTED_EDGE('',*,*,#1559,.T.);
#2251=ORIENTED_EDGE('',*,*,#1560,.T.);
#2252=ORIENTED_EDGE('',*,*,#1561,.F.);
#2253=ORIENTED_EDGE('',*,*,#1562,.F.);
#2254=ORIENTED_EDGE('',*,*,#1560,.F.);
#2255=ORIENTED_EDGE('',*,*,#1562,.T.);
#2256=ORIENTED_EDGE('',*,*,#1563,.T.);
#2257=ORIENTED_EDGE('',*,*,#1564,.F.);
#2258=ORIENTED_EDGE('',*,*,#1565,.F.);
#2259=ORIENTED_EDGE('',*,*,#1563,.F.);
#2260=ORIENTED_EDGE('',*,*,#1561,.T.);
#2261=ORIENTED_EDGE('',*,*,#1564,.T.);
#2262=ORIENTED_EDGE('',*,*,#1565,.T.);
#2263=ORIENTED_EDGE('',*,*,#1566,.T.);
#2264=ORIENTED_EDGE('',*,*,#1567,.T.);
#2265=ORIENTED_EDGE('',*,*,#1568,.T.);
#2266=ORIENTED_EDGE('',*,*,#1566,.F.);
#2267=ORIENTED_EDGE('',*,*,#1569,.T.);
#2268=ORIENTED_EDGE('',*,*,#1570,.T.);
#2269=ORIENTED_EDGE('',*,*,#1571,.T.);
#2270=ORIENTED_EDGE('',*,*,#1572,.T.);
#2271=ORIENTED_EDGE('',*,*,#1573,.T.);
#2272=ORIENTED_EDGE('',*,*,#1571,.F.);
#2273=ORIENTED_EDGE('',*,*,#1572,.F.);
#2274=ORIENTED_EDGE('',*,*,#1573,.F.);
#2275=ORIENTED_EDGE('',*,*,#1574,.T.);
#2276=ORIENTED_EDGE('',*,*,#1575,.T.);
#2277=ORIENTED_EDGE('',*,*,#1576,.T.);
#2278=ORIENTED_EDGE('',*,*,#1574,.F.);
#2279=ORIENTED_EDGE('',*,*,#1576,.F.);
#2280=ORIENTED_EDGE('',*,*,#1577,.T.);
#2281=ORIENTED_EDGE('',*,*,#1578,.F.);
#2282=ORIENTED_EDGE('',*,*,#1579,.F.);
#2283=ORIENTED_EDGE('',*,*,#1577,.F.);
#2284=ORIENTED_EDGE('',*,*,#1575,.F.);
#2285=ORIENTED_EDGE('',*,*,#1567,.F.);
#2286=ORIENTED_EDGE('',*,*,#1568,.F.);
#2287=ORIENTED_EDGE('',*,*,#1580,.T.);
#2288=ORIENTED_EDGE('',*,*,#1578,.T.);
#2289=ORIENTED_EDGE('',*,*,#1579,.T.);
#2290=ORIENTED_EDGE('',*,*,#1580,.F.);
#2291=ORIENTED_EDGE('',*,*,#1544,.F.);
#2292=ORIENTED_EDGE('',*,*,#1545,.F.);
#2293=ORIENTED_EDGE('',*,*,#1581,.T.);
#2294=ORIENTED_EDGE('',*,*,#1569,.F.);
#2295=ORIENTED_EDGE('',*,*,#1570,.F.);
#2296=ORIENTED_EDGE('',*,*,#1581,.F.);
#2297=ORIENTED_EDGE('',*,*,#1582,.T.);
#2298=ORIENTED_EDGE('',*,*,#1583,.T.);
#2299=ORIENTED_EDGE('',*,*,#1584,.T.);
#2300=ORIENTED_EDGE('',*,*,#1585,.T.);
#2301=ORIENTED_EDGE('',*,*,#1586,.T.);
#2302=ORIENTED_EDGE('',*,*,#1584,.F.);
#2303=ORIENTED_EDGE('',*,*,#1585,.F.);
#2304=ORIENTED_EDGE('',*,*,#1586,.F.);
#2305=ORIENTED_EDGE('',*,*,#1587,.T.);
#2306=ORIENTED_EDGE('',*,*,#1588,.T.);
#2307=ORIENTED_EDGE('',*,*,#1589,.T.);
#2308=ORIENTED_EDGE('',*,*,#1587,.F.);
#2309=ORIENTED_EDGE('',*,*,#1589,.F.);
#2310=ORIENTED_EDGE('',*,*,#1590,.T.);
#2311=ORIENTED_EDGE('',*,*,#1591,.F.);
#2312=ORIENTED_EDGE('',*,*,#1592,.F.);
#2313=ORIENTED_EDGE('',*,*,#1590,.F.);
#2314=ORIENTED_EDGE('',*,*,#1588,.F.);
#2315=ORIENTED_EDGE('',*,*,#1556,.F.);
#2316=ORIENTED_EDGE('',*,*,#1557,.F.);
#2317=ORIENTED_EDGE('',*,*,#1593,.T.);
#2318=ORIENTED_EDGE('',*,*,#1591,.T.);
#2319=ORIENTED_EDGE('',*,*,#1592,.T.);
#2320=ORIENTED_EDGE('',*,*,#1593,.F.);
#2321=ORIENTED_EDGE('',*,*,#1558,.F.);
#2322=ORIENTED_EDGE('',*,*,#1559,.F.);
#2323=ORIENTED_EDGE('',*,*,#1594,.T.);
#2324=ORIENTED_EDGE('',*,*,#1582,.F.);
#2325=ORIENTED_EDGE('',*,*,#1583,.F.);
#2326=ORIENTED_EDGE('',*,*,#1594,.F.);
#2327=ORIENTED_EDGE('',*,*,#1595,.T.);
#2328=ORIENTED_EDGE('',*,*,#1596,.T.);
#2329=ORIENTED_EDGE('',*,*,#1597,.T.);
#2330=ORIENTED_EDGE('',*,*,#1598,.F.);
#2331=ORIENTED_EDGE('',*,*,#1599,.F.);
#2332=ORIENTED_EDGE('',*,*,#1597,.F.);
#2333=ORIENTED_EDGE('',*,*,#1599,.T.);
#2334=ORIENTED_EDGE('',*,*,#1600,.T.);
#2335=ORIENTED_EDGE('',*,*,#1601,.F.);
#2336=ORIENTED_EDGE('',*,*,#1602,.F.);
#2337=ORIENTED_EDGE('',*,*,#1600,.F.);
#2338=ORIENTED_EDGE('',*,*,#1598,.T.);
#2339=ORIENTED_EDGE('',*,*,#1601,.T.);
#2340=ORIENTED_EDGE('',*,*,#1602,.T.);
#2341=ORIENTED_EDGE('',*,*,#1603,.T.);
#2342=ORIENTED_EDGE('',*,*,#1604,.T.);
#2343=ORIENTED_EDGE('',*,*,#1605,.T.);
#2344=ORIENTED_EDGE('',*,*,#1603,.F.);
#2345=ORIENTED_EDGE('',*,*,#1606,.F.);
#2346=ORIENTED_EDGE('',*,*,#1607,.F.);
#2347=ORIENTED_EDGE('',*,*,#1608,.T.);
#2348=ORIENTED_EDGE('',*,*,#1609,.T.);
#2349=ORIENTED_EDGE('',*,*,#1610,.T.);
#2350=ORIENTED_EDGE('',*,*,#1608,.F.);
#2351=ORIENTED_EDGE('',*,*,#1609,.F.);
#2352=ORIENTED_EDGE('',*,*,#1610,.F.);
#2353=ORIENTED_EDGE('',*,*,#1611,.T.);
#2354=ORIENTED_EDGE('',*,*,#1612,.T.);
#2355=ORIENTED_EDGE('',*,*,#1613,.T.);
#2356=ORIENTED_EDGE('',*,*,#1611,.F.);
#2357=ORIENTED_EDGE('',*,*,#1613,.F.);
#2358=ORIENTED_EDGE('',*,*,#1614,.T.);
#2359=ORIENTED_EDGE('',*,*,#1615,.T.);
#2360=ORIENTED_EDGE('',*,*,#1616,.T.);
#2361=ORIENTED_EDGE('',*,*,#1614,.F.);
#2362=ORIENTED_EDGE('',*,*,#1612,.F.);
#2363=ORIENTED_EDGE('',*,*,#1547,.F.);
#2364=ORIENTED_EDGE('',*,*,#1548,.F.);
#2365=ORIENTED_EDGE('',*,*,#1617,.T.);
#2366=ORIENTED_EDGE('',*,*,#1606,.T.);
#2367=ORIENTED_EDGE('',*,*,#1607,.T.);
#2368=ORIENTED_EDGE('',*,*,#1617,.F.);
#2369=ORIENTED_EDGE('',*,*,#1604,.F.);
#2370=ORIENTED_EDGE('',*,*,#1605,.F.);
#2371=ORIENTED_EDGE('',*,*,#1618,.T.);
#2372=ORIENTED_EDGE('',*,*,#1615,.F.);
#2373=ORIENTED_EDGE('',*,*,#1616,.F.);
#2374=ORIENTED_EDGE('',*,*,#1618,.F.);
#2375=ORIENTED_EDGE('',*,*,#1619,.F.);
#2376=ORIENTED_EDGE('',*,*,#1620,.F.);
#2377=ORIENTED_EDGE('',*,*,#1621,.T.);
#2378=ORIENTED_EDGE('',*,*,#1622,.T.);
#2379=ORIENTED_EDGE('',*,*,#1623,.T.);
#2380=ORIENTED_EDGE('',*,*,#1621,.F.);
#2381=ORIENTED_EDGE('',*,*,#1622,.F.);
#2382=ORIENTED_EDGE('',*,*,#1623,.F.);
#2383=ORIENTED_EDGE('',*,*,#1624,.T.);
#2384=ORIENTED_EDGE('',*,*,#1625,.T.);
#2385=ORIENTED_EDGE('',*,*,#1626,.T.);
#2386=ORIENTED_EDGE('',*,*,#1624,.F.);
#2387=ORIENTED_EDGE('',*,*,#1626,.F.);
#2388=ORIENTED_EDGE('',*,*,#1627,.T.);
#2389=ORIENTED_EDGE('',*,*,#1628,.T.);
#2390=ORIENTED_EDGE('',*,*,#1629,.T.);
#2391=ORIENTED_EDGE('',*,*,#1627,.F.);
#2392=ORIENTED_EDGE('',*,*,#1625,.F.);
#2393=ORIENTED_EDGE('',*,*,#1424,.F.);
#2394=ORIENTED_EDGE('',*,*,#1425,.F.);
#2395=ORIENTED_EDGE('',*,*,#1630,.T.);
#2396=ORIENTED_EDGE('',*,*,#1628,.F.);
#2397=ORIENTED_EDGE('',*,*,#1629,.F.);
#2398=ORIENTED_EDGE('',*,*,#1630,.F.);
#2399=ORIENTED_EDGE('',*,*,#1631,.T.);
#2400=ORIENTED_EDGE('',*,*,#1632,.T.);
#2401=ORIENTED_EDGE('',*,*,#1633,.T.);
#2402=ORIENTED_EDGE('',*,*,#1634,.T.);
#2403=ORIENTED_EDGE('',*,*,#1635,.T.);
#2404=ORIENTED_EDGE('',*,*,#1633,.F.);
#2405=ORIENTED_EDGE('',*,*,#1634,.F.);
#2406=ORIENTED_EDGE('',*,*,#1635,.F.);
#2407=ORIENTED_EDGE('',*,*,#1636,.T.);
#2408=ORIENTED_EDGE('',*,*,#1637,.T.);
#2409=ORIENTED_EDGE('',*,*,#1638,.T.);
#2410=ORIENTED_EDGE('',*,*,#1636,.F.);
#2411=ORIENTED_EDGE('',*,*,#1638,.F.);
#2412=ORIENTED_EDGE('',*,*,#1639,.T.);
#2413=ORIENTED_EDGE('',*,*,#1640,.F.);
#2414=ORIENTED_EDGE('',*,*,#1641,.F.);
#2415=ORIENTED_EDGE('',*,*,#1639,.F.);
#2416=ORIENTED_EDGE('',*,*,#1637,.F.);
#2417=ORIENTED_EDGE('',*,*,#1595,.F.);
#2418=ORIENTED_EDGE('',*,*,#1596,.F.);
#2419=ORIENTED_EDGE('',*,*,#1642,.T.);
#2420=ORIENTED_EDGE('',*,*,#1631,.F.);
#2421=ORIENTED_EDGE('',*,*,#1632,.F.);
#2422=ORIENTED_EDGE('',*,*,#1642,.F.);
#2423=ORIENTED_EDGE('',*,*,#1643,.F.);
#2424=ORIENTED_EDGE('',*,*,#1644,.F.);
#2425=ORIENTED_EDGE('',*,*,#1645,.T.);
#2426=ORIENTED_EDGE('',*,*,#1640,.T.);
#2427=ORIENTED_EDGE('',*,*,#1641,.T.);
#2428=ORIENTED_EDGE('',*,*,#1645,.F.);
#2429=ORIENTED_EDGE('',*,*,#1646,.F.);
#2430=ORIENTED_EDGE('',*,*,#1647,.F.);
#2431=ORIENTED_EDGE('',*,*,#1648,.T.);
#2432=ORIENTED_EDGE('',*,*,#1619,.T.);
#2433=ORIENTED_EDGE('',*,*,#1620,.T.);
#2434=ORIENTED_EDGE('',*,*,#1648,.F.);
#2435=ORIENTED_EDGE('',*,*,#1646,.T.);
#2436=ORIENTED_EDGE('',*,*,#1647,.T.);
#2437=ORIENTED_EDGE('',*,*,#1649,.T.);
#2438=ORIENTED_EDGE('',*,*,#1650,.F.);
#2439=ORIENTED_EDGE('',*,*,#1651,.F.);
#2440=ORIENTED_EDGE('',*,*,#1649,.F.);
#2441=ORIENTED_EDGE('',*,*,#1651,.T.);
#2442=ORIENTED_EDGE('',*,*,#1652,.T.);
#2443=ORIENTED_EDGE('',*,*,#1653,.F.);
#2444=ORIENTED_EDGE('',*,*,#1654,.F.);
#2445=ORIENTED_EDGE('',*,*,#1652,.F.);
#2446=ORIENTED_EDGE('',*,*,#1650,.T.);
#2447=ORIENTED_EDGE('',*,*,#1653,.T.);
#2448=ORIENTED_EDGE('',*,*,#1654,.T.);
#2449=ORIENTED_EDGE('',*,*,#1655,.T.);
#2450=ORIENTED_EDGE('',*,*,#1643,.T.);
#2451=ORIENTED_EDGE('',*,*,#1644,.T.);
#2452=ORIENTED_EDGE('',*,*,#1655,.F.);
#2453=ORIENTED_EDGE('',*,*,#1656,.T.);
#2454=ORIENTED_EDGE('',*,*,#1657,.T.);
#2455=ORIENTED_EDGE('',*,*,#1658,.T.);
#2456=ORIENTED_EDGE('',*,*,#1659,.T.);
#2457=ORIENTED_EDGE('',*,*,#1660,.T.);
#2458=ORIENTED_EDGE('',*,*,#1658,.F.);
#2459=ORIENTED_EDGE('',*,*,#1661,.T.);
#2460=ORIENTED_EDGE('',*,*,#1662,.T.);
#2461=ORIENTED_EDGE('',*,*,#1656,.F.);
#2462=ORIENTED_EDGE('',*,*,#1657,.F.);
#2463=ORIENTED_EDGE('',*,*,#1662,.F.);
#2464=ORIENTED_EDGE('',*,*,#1663,.T.);
#2465=ORIENTED_EDGE('',*,*,#1664,.T.);
#2466=ORIENTED_EDGE('',*,*,#1665,.T.);
#2467=ORIENTED_EDGE('',*,*,#1666,.T.);
#2468=ORIENTED_EDGE('',*,*,#1663,.F.);
#2469=ORIENTED_EDGE('',*,*,#1661,.F.);
#2470=ORIENTED_EDGE('',*,*,#1666,.F.);
#2471=ORIENTED_EDGE('',*,*,#1667,.T.);
#2472=ORIENTED_EDGE('',*,*,#1668,.T.);
#2473=ORIENTED_EDGE('',*,*,#1669,.T.);
#2474=ORIENTED_EDGE('',*,*,#1670,.T.);
#2475=ORIENTED_EDGE('',*,*,#1671,.T.);
#2476=ORIENTED_EDGE('',*,*,#1669,.F.);
#2477=ORIENTED_EDGE('',*,*,#1670,.F.);
#2478=ORIENTED_EDGE('',*,*,#1671,.F.);
#2479=ORIENTED_EDGE('',*,*,#1672,.T.);
#2480=ORIENTED_EDGE('',*,*,#1673,.T.);
#2481=ORIENTED_EDGE('',*,*,#1674,.T.);
#2482=ORIENTED_EDGE('',*,*,#1672,.F.);
#2483=ORIENTED_EDGE('',*,*,#1674,.F.);
#2484=ORIENTED_EDGE('',*,*,#1675,.T.);
#2485=ORIENTED_EDGE('',*,*,#1676,.T.);
#2486=ORIENTED_EDGE('',*,*,#1677,.T.);
#2487=ORIENTED_EDGE('',*,*,#1675,.F.);
#2488=ORIENTED_EDGE('',*,*,#1673,.F.);
#2489=ORIENTED_EDGE('',*,*,#1664,.F.);
#2490=ORIENTED_EDGE('',*,*,#1665,.F.);
#2491=ORIENTED_EDGE('',*,*,#1678,.T.);
#2492=ORIENTED_EDGE('',*,*,#1667,.F.);
#2493=ORIENTED_EDGE('',*,*,#1668,.F.);
#2494=ORIENTED_EDGE('',*,*,#1678,.F.);
#2495=ORIENTED_EDGE('',*,*,#1679,.T.);
#2496=ORIENTED_EDGE('',*,*,#1680,.T.);
#2497=ORIENTED_EDGE('',*,*,#1681,.T.);
#2498=ORIENTED_EDGE('',*,*,#1682,.T.);
#2499=ORIENTED_EDGE('',*,*,#1683,.T.);
#2500=ORIENTED_EDGE('',*,*,#1681,.F.);
#2501=ORIENTED_EDGE('',*,*,#1684,.T.);
#2502=ORIENTED_EDGE('',*,*,#1685,.T.);
#2503=ORIENTED_EDGE('',*,*,#1679,.F.);
#2504=ORIENTED_EDGE('',*,*,#1680,.F.);
#2505=ORIENTED_EDGE('',*,*,#1685,.F.);
#2506=ORIENTED_EDGE('',*,*,#1686,.T.);
#2507=ORIENTED_EDGE('',*,*,#1687,.T.);
#2508=ORIENTED_EDGE('',*,*,#1688,.T.);
#2509=ORIENTED_EDGE('',*,*,#1689,.T.);
#2510=ORIENTED_EDGE('',*,*,#1686,.F.);
#2511=ORIENTED_EDGE('',*,*,#1684,.F.);
#2512=ORIENTED_EDGE('',*,*,#1689,.F.);
#2513=ORIENTED_EDGE('',*,*,#1682,.F.);
#2514=ORIENTED_EDGE('',*,*,#1683,.F.);
#2515=ORIENTED_EDGE('',*,*,#1690,.T.);
#2516=ORIENTED_EDGE('',*,*,#1676,.F.);
#2517=ORIENTED_EDGE('',*,*,#1677,.F.);
#2518=ORIENTED_EDGE('',*,*,#1690,.F.);
#2519=ORIENTED_EDGE('',*,*,#1539,.F.);
#2520=ORIENTED_EDGE('',*,*,#1540,.F.);
#2521=ORIENTED_EDGE('',*,*,#1691,.T.);
#2522=ORIENTED_EDGE('',*,*,#1692,.F.);
#2523=ORIENTED_EDGE('',*,*,#1693,.F.);
#2524=ORIENTED_EDGE('',*,*,#1691,.F.);
#2525=ORIENTED_EDGE('',*,*,#1687,.F.);
#2526=ORIENTED_EDGE('',*,*,#1688,.F.);
#2527=ORIENTED_EDGE('',*,*,#1694,.T.);
#2528=ORIENTED_EDGE('',*,*,#1695,.T.);
#2529=ORIENTED_EDGE('',*,*,#1696,.T.);
#2530=ORIENTED_EDGE('',*,*,#1694,.F.);
#2531=ORIENTED_EDGE('',*,*,#1697,.F.);
#2532=ORIENTED_EDGE('',*,*,#1698,.T.);
#2533=ORIENTED_EDGE('',*,*,#1692,.T.);
#2534=ORIENTED_EDGE('',*,*,#1693,.T.);
#2535=ORIENTED_EDGE('',*,*,#1698,.F.);
#2536=ORIENTED_EDGE('',*,*,#1699,.F.);
#2537=ORIENTED_EDGE('',*,*,#1700,.F.);
#2538=ORIENTED_EDGE('',*,*,#1701,.F.);
#2539=ORIENTED_EDGE('',*,*,#1702,.T.);
#2540=ORIENTED_EDGE('',*,*,#1699,.T.);
#2541=ORIENTED_EDGE('',*,*,#1697,.T.);
#2542=ORIENTED_EDGE('',*,*,#1702,.F.);
#2543=ORIENTED_EDGE('',*,*,#1695,.F.);
#2544=ORIENTED_EDGE('',*,*,#1696,.F.);
#2545=ORIENTED_EDGE('',*,*,#1703,.T.);
#2546=ORIENTED_EDGE('',*,*,#1700,.T.);
#2547=ORIENTED_EDGE('',*,*,#1701,.T.);
#2548=ORIENTED_EDGE('',*,*,#1703,.F.);
#2549=ORIENTED_EDGE('',*,*,#1704,.F.);
#2550=ORIENTED_EDGE('',*,*,#1705,.F.);
#2551=ORIENTED_EDGE('',*,*,#1706,.T.);
#2552=ORIENTED_EDGE('',*,*,#1707,.T.);
#2553=ORIENTED_EDGE('',*,*,#1708,.T.);
#2554=ORIENTED_EDGE('',*,*,#1706,.F.);
#2555=ORIENTED_EDGE('',*,*,#1707,.F.);
#2556=ORIENTED_EDGE('',*,*,#1708,.F.);
#2557=ORIENTED_EDGE('',*,*,#1709,.T.);
#2558=ORIENTED_EDGE('',*,*,#1710,.T.);
#2559=ORIENTED_EDGE('',*,*,#1711,.T.);
#2560=ORIENTED_EDGE('',*,*,#1709,.F.);
#2561=ORIENTED_EDGE('',*,*,#1711,.F.);
#2562=ORIENTED_EDGE('',*,*,#1712,.T.);
#2563=ORIENTED_EDGE('',*,*,#1713,.T.);
#2564=ORIENTED_EDGE('',*,*,#1714,.T.);
#2565=ORIENTED_EDGE('',*,*,#1712,.F.);
#2566=ORIENTED_EDGE('',*,*,#1710,.F.);
#2567=ORIENTED_EDGE('',*,*,#1429,.F.);
#2568=ORIENTED_EDGE('',*,*,#1430,.F.);
#2569=ORIENTED_EDGE('',*,*,#1715,.T.);
#2570=ORIENTED_EDGE('',*,*,#1704,.T.);
#2571=ORIENTED_EDGE('',*,*,#1705,.T.);
#2572=ORIENTED_EDGE('',*,*,#1715,.F.);
#2573=ORIENTED_EDGE('',*,*,#1659,.F.);
#2574=ORIENTED_EDGE('',*,*,#1660,.F.);
#2575=ORIENTED_EDGE('',*,*,#1716,.T.);
#2576=ORIENTED_EDGE('',*,*,#1713,.F.);
#2577=ORIENTED_EDGE('',*,*,#1714,.F.);
#2578=ORIENTED_EDGE('',*,*,#1716,.F.);
#2579=ORIENTED_EDGE('',*,*,#1717,.T.);
#2580=ORIENTED_EDGE('',*,*,#1718,.T.);
#2581=ORIENTED_EDGE('',*,*,#1719,.T.);
#2582=ORIENTED_EDGE('',*,*,#1720,.F.);
#2583=ORIENTED_EDGE('',*,*,#1721,.F.);
#2584=ORIENTED_EDGE('',*,*,#1719,.F.);
#2585=ORIENTED_EDGE('',*,*,#1721,.T.);
#2586=ORIENTED_EDGE('',*,*,#1722,.T.);
#2587=ORIENTED_EDGE('',*,*,#1723,.F.);
#2588=ORIENTED_EDGE('',*,*,#1724,.F.);
#2589=ORIENTED_EDGE('',*,*,#1722,.F.);
#2590=ORIENTED_EDGE('',*,*,#1720,.T.);
#2591=ORIENTED_EDGE('',*,*,#1723,.T.);
#2592=ORIENTED_EDGE('',*,*,#1724,.T.);
#2593=ORIENTED_EDGE('',*,*,#1725,.T.);
#2594=ORIENTED_EDGE('',*,*,#1726,.T.);
#2595=ORIENTED_EDGE('',*,*,#1727,.T.);
#2596=ORIENTED_EDGE('',*,*,#1725,.F.);
#2597=ORIENTED_EDGE('',*,*,#1728,.T.);
#2598=ORIENTED_EDGE('',*,*,#1729,.T.);
#2599=ORIENTED_EDGE('',*,*,#1730,.T.);
#2600=ORIENTED_EDGE('',*,*,#1731,.T.);
#2601=ORIENTED_EDGE('',*,*,#1732,.T.);
#2602=ORIENTED_EDGE('',*,*,#1730,.F.);
#2603=ORIENTED_EDGE('',*,*,#1731,.F.);
#2604=ORIENTED_EDGE('',*,*,#1732,.F.);
#2605=ORIENTED_EDGE('',*,*,#1733,.T.);
#2606=ORIENTED_EDGE('',*,*,#1734,.T.);
#2607=ORIENTED_EDGE('',*,*,#1735,.T.);
#2608=ORIENTED_EDGE('',*,*,#1733,.F.);
#2609=ORIENTED_EDGE('',*,*,#1735,.F.);
#2610=ORIENTED_EDGE('',*,*,#1736,.T.);
#2611=ORIENTED_EDGE('',*,*,#1737,.T.);
#2612=ORIENTED_EDGE('',*,*,#1738,.T.);
#2613=ORIENTED_EDGE('',*,*,#1736,.F.);
#2614=ORIENTED_EDGE('',*,*,#1734,.F.);
#2615=ORIENTED_EDGE('',*,*,#1726,.F.);
#2616=ORIENTED_EDGE('',*,*,#1727,.F.);
#2617=ORIENTED_EDGE('',*,*,#1739,.T.);
#2618=ORIENTED_EDGE('',*,*,#1737,.F.);
#2619=ORIENTED_EDGE('',*,*,#1738,.F.);
#2620=ORIENTED_EDGE('',*,*,#1739,.F.);
#2621=ORIENTED_EDGE('',*,*,#1415,.F.);
#2622=ORIENTED_EDGE('',*,*,#1416,.F.);
#2623=ORIENTED_EDGE('',*,*,#1740,.T.);
#2624=ORIENTED_EDGE('',*,*,#1728,.F.);
#2625=ORIENTED_EDGE('',*,*,#1729,.F.);
#2626=ORIENTED_EDGE('',*,*,#1740,.F.);
#2627=ORIENTED_EDGE('',*,*,#1741,.T.);
#2628=ORIENTED_EDGE('',*,*,#1742,.T.);
#2629=ORIENTED_EDGE('',*,*,#1743,.T.);
#2630=ORIENTED_EDGE('',*,*,#1744,.T.);
#2631=ORIENTED_EDGE('',*,*,#1745,.T.);
#2632=ORIENTED_EDGE('',*,*,#1743,.F.);
#2633=ORIENTED_EDGE('',*,*,#1746,.T.);
#2634=ORIENTED_EDGE('',*,*,#1747,.T.);
#2635=ORIENTED_EDGE('',*,*,#1741,.F.);
#2636=ORIENTED_EDGE('',*,*,#1742,.F.);
#2637=ORIENTED_EDGE('',*,*,#1747,.F.);
#2638=ORIENTED_EDGE('',*,*,#1748,.T.);
#2639=ORIENTED_EDGE('',*,*,#1749,.T.);
#2640=ORIENTED_EDGE('',*,*,#1750,.T.);
#2641=ORIENTED_EDGE('',*,*,#1751,.T.);
#2642=ORIENTED_EDGE('',*,*,#1748,.F.);
#2643=ORIENTED_EDGE('',*,*,#1746,.F.);
#2644=ORIENTED_EDGE('',*,*,#1751,.F.);
#2645=ORIENTED_EDGE('',*,*,#1752,.T.);
#2646=ORIENTED_EDGE('',*,*,#1753,.T.);
#2647=ORIENTED_EDGE('',*,*,#1754,.T.);
#2648=ORIENTED_EDGE('',*,*,#1755,.T.);
#2649=ORIENTED_EDGE('',*,*,#1756,.T.);
#2650=ORIENTED_EDGE('',*,*,#1754,.F.);
#2651=ORIENTED_EDGE('',*,*,#1757,.T.);
#2652=ORIENTED_EDGE('',*,*,#1758,.T.);
#2653=ORIENTED_EDGE('',*,*,#1752,.F.);
#2654=ORIENTED_EDGE('',*,*,#1753,.F.);
#2655=ORIENTED_EDGE('',*,*,#1758,.F.);
#2656=ORIENTED_EDGE('',*,*,#1759,.T.);
#2657=ORIENTED_EDGE('',*,*,#1760,.T.);
#2658=ORIENTED_EDGE('',*,*,#1761,.T.);
#2659=ORIENTED_EDGE('',*,*,#1762,.T.);
#2660=ORIENTED_EDGE('',*,*,#1759,.F.);
#2661=ORIENTED_EDGE('',*,*,#1757,.F.);
#2662=ORIENTED_EDGE('',*,*,#1762,.F.);
#2663=ORIENTED_EDGE('',*,*,#1763,.T.);
#2664=ORIENTED_EDGE('',*,*,#1764,.T.);
#2665=ORIENTED_EDGE('',*,*,#1765,.T.);
#2666=ORIENTED_EDGE('',*,*,#1766,.T.);
#2667=ORIENTED_EDGE('',*,*,#1767,.T.);
#2668=ORIENTED_EDGE('',*,*,#1765,.F.);
#2669=ORIENTED_EDGE('',*,*,#1768,.T.);
#2670=ORIENTED_EDGE('',*,*,#1769,.T.);
#2671=ORIENTED_EDGE('',*,*,#1763,.F.);
#2672=ORIENTED_EDGE('',*,*,#1764,.F.);
#2673=ORIENTED_EDGE('',*,*,#1769,.F.);
#2674=ORIENTED_EDGE('',*,*,#1770,.T.);
#2675=ORIENTED_EDGE('',*,*,#1771,.T.);
#2676=ORIENTED_EDGE('',*,*,#1772,.T.);
#2677=ORIENTED_EDGE('',*,*,#1773,.T.);
#2678=ORIENTED_EDGE('',*,*,#1770,.F.);
#2679=ORIENTED_EDGE('',*,*,#1768,.F.);
#2680=ORIENTED_EDGE('',*,*,#1773,.F.);
#2681=ORIENTED_EDGE('',*,*,#1774,.F.);
#2682=ORIENTED_EDGE('',*,*,#1775,.F.);
#2683=ORIENTED_EDGE('',*,*,#1776,.T.);
#2684=ORIENTED_EDGE('',*,*,#1777,.T.);
#2685=ORIENTED_EDGE('',*,*,#1778,.T.);
#2686=ORIENTED_EDGE('',*,*,#1776,.F.);
#2687=ORIENTED_EDGE('',*,*,#1777,.F.);
#2688=ORIENTED_EDGE('',*,*,#1778,.F.);
#2689=ORIENTED_EDGE('',*,*,#1779,.T.);
#2690=ORIENTED_EDGE('',*,*,#1780,.T.);
#2691=ORIENTED_EDGE('',*,*,#1781,.T.);
#2692=ORIENTED_EDGE('',*,*,#1779,.F.);
#2693=ORIENTED_EDGE('',*,*,#1781,.F.);
#2694=ORIENTED_EDGE('',*,*,#1782,.T.);
#2695=ORIENTED_EDGE('',*,*,#1783,.F.);
#2696=ORIENTED_EDGE('',*,*,#1784,.F.);
#2697=ORIENTED_EDGE('',*,*,#1782,.F.);
#2698=ORIENTED_EDGE('',*,*,#1780,.F.);
#2699=ORIENTED_EDGE('',*,*,#1766,.F.);
#2700=ORIENTED_EDGE('',*,*,#1767,.F.);
#2701=ORIENTED_EDGE('',*,*,#1785,.T.);
#2702=ORIENTED_EDGE('',*,*,#1783,.T.);
#2703=ORIENTED_EDGE('',*,*,#1784,.T.);
#2704=ORIENTED_EDGE('',*,*,#1785,.F.);
#2705=ORIENTED_EDGE('',*,*,#1760,.F.);
#2706=ORIENTED_EDGE('',*,*,#1761,.F.);
#2707=ORIENTED_EDGE('',*,*,#1786,.T.);
#2708=ORIENTED_EDGE('',*,*,#1774,.T.);
#2709=ORIENTED_EDGE('',*,*,#1775,.T.);
#2710=ORIENTED_EDGE('',*,*,#1786,.F.);
#2711=ORIENTED_EDGE('',*,*,#1771,.F.);
#2712=ORIENTED_EDGE('',*,*,#1772,.F.);
#2713=ORIENTED_EDGE('',*,*,#1787,.T.);
#2714=ORIENTED_EDGE('',*,*,#1788,.T.);
#2715=ORIENTED_EDGE('',*,*,#1789,.T.);
#2716=ORIENTED_EDGE('',*,*,#1787,.F.);
#2717=ORIENTED_EDGE('',*,*,#1744,.F.);
#2718=ORIENTED_EDGE('',*,*,#1745,.F.);
#2719=ORIENTED_EDGE('',*,*,#1790,.T.);
#2720=ORIENTED_EDGE('',*,*,#1791,.T.);
#2721=ORIENTED_EDGE('',*,*,#1792,.T.);
#2722=ORIENTED_EDGE('',*,*,#1790,.F.);
#2723=ORIENTED_EDGE('',*,*,#1793,.F.);
#2724=ORIENTED_EDGE('',*,*,#1794,.T.);
#2725=ORIENTED_EDGE('',*,*,#1791,.F.);
#2726=ORIENTED_EDGE('',*,*,#1792,.F.);
#2727=ORIENTED_EDGE('',*,*,#1794,.F.);
#2728=ORIENTED_EDGE('',*,*,#1795,.F.);
#2729=ORIENTED_EDGE('',*,*,#1796,.F.);
#2730=ORIENTED_EDGE('',*,*,#1797,.F.);
#2731=ORIENTED_EDGE('',*,*,#1798,.T.);
#2732=ORIENTED_EDGE('',*,*,#1795,.T.);
#2733=ORIENTED_EDGE('',*,*,#1793,.T.);
#2734=ORIENTED_EDGE('',*,*,#1798,.F.);
#2735=ORIENTED_EDGE('',*,*,#1788,.F.);
#2736=ORIENTED_EDGE('',*,*,#1789,.F.);
#2737=ORIENTED_EDGE('',*,*,#1799,.T.);
#2738=ORIENTED_EDGE('',*,*,#1796,.T.);
#2739=ORIENTED_EDGE('',*,*,#1797,.T.);
#2740=ORIENTED_EDGE('',*,*,#1799,.F.);
#2741=ORIENTED_EDGE('',*,*,#1755,.F.);
#2742=ORIENTED_EDGE('',*,*,#1756,.F.);
#2743=ORIENTED_EDGE('',*,*,#1800,.T.);
#2744=ORIENTED_EDGE('',*,*,#1801,.T.);
#2745=ORIENTED_EDGE('',*,*,#1802,.T.);
#2746=ORIENTED_EDGE('',*,*,#1800,.F.);
#2747=ORIENTED_EDGE('',*,*,#1717,.F.);
#2748=ORIENTED_EDGE('',*,*,#1718,.F.);
#2749=ORIENTED_EDGE('',*,*,#1803,.T.);
#2750=ORIENTED_EDGE('',*,*,#1804,.T.);
#2751=ORIENTED_EDGE('',*,*,#1805,.T.);
#2752=ORIENTED_EDGE('',*,*,#1803,.F.);
#2753=ORIENTED_EDGE('',*,*,#1806,.F.);
#2754=ORIENTED_EDGE('',*,*,#1807,.T.);
#2755=ORIENTED_EDGE('',*,*,#1801,.F.);
#2756=ORIENTED_EDGE('',*,*,#1802,.F.);
#2757=ORIENTED_EDGE('',*,*,#1807,.F.);
#2758=ORIENTED_EDGE('',*,*,#1808,.F.);
#2759=ORIENTED_EDGE('',*,*,#1809,.F.);
#2760=ORIENTED_EDGE('',*,*,#1810,.F.);
#2761=ORIENTED_EDGE('',*,*,#1811,.T.);
#2762=ORIENTED_EDGE('',*,*,#1808,.T.);
#2763=ORIENTED_EDGE('',*,*,#1806,.T.);
#2764=ORIENTED_EDGE('',*,*,#1811,.F.);
#2765=ORIENTED_EDGE('',*,*,#1804,.F.);
#2766=ORIENTED_EDGE('',*,*,#1805,.F.);
#2767=ORIENTED_EDGE('',*,*,#1812,.T.);
#2768=ORIENTED_EDGE('',*,*,#1809,.T.);
#2769=ORIENTED_EDGE('',*,*,#1810,.T.);
#2770=ORIENTED_EDGE('',*,*,#1812,.F.);
#2771=ORIENTED_EDGE('',*,*,#1396,.F.);
#2772=ORIENTED_EDGE('',*,*,#1397,.F.);
#2773=ORIENTED_EDGE('',*,*,#1813,.T.);
#2774=ORIENTED_EDGE('',*,*,#1814,.T.);
#2775=ORIENTED_EDGE('',*,*,#1815,.T.);
#2776=ORIENTED_EDGE('',*,*,#1813,.F.);
#2777=ORIENTED_EDGE('',*,*,#1749,.F.);
#2778=ORIENTED_EDGE('',*,*,#1750,.F.);
#2779=ORIENTED_EDGE('',*,*,#1816,.T.);
#2780=ORIENTED_EDGE('',*,*,#1817,.T.);
#2781=ORIENTED_EDGE('',*,*,#1818,.T.);
#2782=ORIENTED_EDGE('',*,*,#1816,.F.);
#2783=ORIENTED_EDGE('',*,*,#1819,.F.);
#2784=ORIENTED_EDGE('',*,*,#1820,.T.);
#2785=ORIENTED_EDGE('',*,*,#1814,.F.);
#2786=ORIENTED_EDGE('',*,*,#1815,.F.);
#2787=ORIENTED_EDGE('',*,*,#1820,.F.);
#2788=ORIENTED_EDGE('',*,*,#1821,.F.);
#2789=ORIENTED_EDGE('',*,*,#1822,.F.);
#2790=ORIENTED_EDGE('',*,*,#1823,.F.);
#2791=ORIENTED_EDGE('',*,*,#1824,.T.);
#2792=ORIENTED_EDGE('',*,*,#1821,.T.);
#2793=ORIENTED_EDGE('',*,*,#1819,.T.);
#2794=ORIENTED_EDGE('',*,*,#1824,.F.);
#2795=ORIENTED_EDGE('',*,*,#1817,.F.);
#2796=ORIENTED_EDGE('',*,*,#1818,.F.);
#2797=ORIENTED_EDGE('',*,*,#1825,.T.);
#2798=ORIENTED_EDGE('',*,*,#1822,.T.);
#2799=ORIENTED_EDGE('',*,*,#1823,.T.);
#2800=ORIENTED_EDGE('',*,*,#1825,.F.);
#2801=ORIENTED_EDGE('',*,*,#1826,.F.);
#2802=ORIENTED_EDGE('',*,*,#1827,.F.);
#2803=ORIENTED_EDGE('',*,*,#1828,.T.);
#2804=ORIENTED_EDGE('',*,*,#1829,.T.);
#2805=ORIENTED_EDGE('',*,*,#1830,.T.);
#2806=ORIENTED_EDGE('',*,*,#1828,.F.);
#2807=ORIENTED_EDGE('',*,*,#1829,.F.);
#2808=ORIENTED_EDGE('',*,*,#1830,.F.);
#2809=ORIENTED_EDGE('',*,*,#1831,.T.);
#2810=ORIENTED_EDGE('',*,*,#1832,.T.);
#2811=ORIENTED_EDGE('',*,*,#1833,.T.);
#2812=ORIENTED_EDGE('',*,*,#1831,.F.);
#2813=ORIENTED_EDGE('',*,*,#1833,.F.);
#2814=ORIENTED_EDGE('',*,*,#1834,.T.);
#2815=ORIENTED_EDGE('',*,*,#1835,.T.);
#2816=ORIENTED_EDGE('',*,*,#1836,.T.);
#2817=ORIENTED_EDGE('',*,*,#1834,.F.);
#2818=ORIENTED_EDGE('',*,*,#1832,.F.);
#2819=ORIENTED_EDGE('',*,*,#1401,.F.);
#2820=ORIENTED_EDGE('',*,*,#1402,.F.);
#2821=ORIENTED_EDGE('',*,*,#1837,.T.);
#2822=ORIENTED_EDGE('',*,*,#1826,.T.);
#2823=ORIENTED_EDGE('',*,*,#1827,.T.);
#2824=ORIENTED_EDGE('',*,*,#1837,.F.);
#2825=ORIENTED_EDGE('',*,*,#1407,.F.);
#2826=ORIENTED_EDGE('',*,*,#1408,.F.);
#2827=ORIENTED_EDGE('',*,*,#1838,.T.);
#2828=ORIENTED_EDGE('',*,*,#1835,.F.);
#2829=ORIENTED_EDGE('',*,*,#1836,.F.);
#2830=ORIENTED_EDGE('',*,*,#1838,.F.);
#2831=TOROIDAL_SURFACE('',#3104,8.95,1.7);
#2832=TOROIDAL_SURFACE('',#3114,12.,1.7);
#2833=TOROIDAL_SURFACE('',#3121,8.95,1.7);
#2834=TOROIDAL_SURFACE('',#3126,12.,1.7);
#2835=TOROIDAL_SURFACE('',#3128,4.,0.5);
#2836=TOROIDAL_SURFACE('',#3136,2.2,0.5);
#2837=TOROIDAL_SURFACE('',#3143,4.,0.5);
#2838=TOROIDAL_SURFACE('',#3152,2.2,0.5);
#2839=TOROIDAL_SURFACE('',#3158,2.2,0.5);
#2840=TOROIDAL_SURFACE('',#3167,2.19999999999999,0.5);
#2841=TOROIDAL_SURFACE('',#3171,2.2,0.5);
#2842=TOROIDAL_SURFACE('',#3180,2.19999999999999,0.5);
#2843=TOROIDAL_SURFACE('',#3184,2.19999999999999,0.5);
#2844=TOROIDAL_SURFACE('',#3193,2.2,0.5);
#2845=TOROIDAL_SURFACE('',#3200,2.19999999999999,0.5);
#2846=TOROIDAL_SURFACE('',#3204,2.2,0.5);
#2847=TOROIDAL_SURFACE('',#3213,2.2,0.5);
#2848=TOROIDAL_SURFACE('',#3217,2.2,0.5);
#2849=TOROIDAL_SURFACE('',#3226,2.2,0.5);
#2850=TOROIDAL_SURFACE('',#3231,2.2,0.5);
#2851=TOROIDAL_SURFACE('',#3240,2.19999999999999,0.5);
#2852=TOROIDAL_SURFACE('',#3246,2.2,0.5);
#2853=TOROIDAL_SURFACE('',#3255,2.19999999999999,0.5);
#2854=TOROIDAL_SURFACE('',#3266,2.2,0.5);
#2855=TOROIDAL_SURFACE('',#3268,2.2,0.5);
#2856=TOROIDAL_SURFACE('',#3277,2.19999999999999,0.5);
#2857=TOROIDAL_SURFACE('',#3282,2.2,0.5);
#2858=TOROIDAL_SURFACE('',#3291,2.19999999999999,0.5);
#2859=TOROIDAL_SURFACE('',#3295,2.2,0.5);
#2860=TOROIDAL_SURFACE('',#3304,2.2,0.5);
#2861=TOROIDAL_SURFACE('',#3310,2.2,0.5);
#2862=TOROIDAL_SURFACE('',#3319,2.2,0.5);
#2863=TOROIDAL_SURFACE('',#3325,2.2,0.5);
#2864=TOROIDAL_SURFACE('',#3334,2.19999999999999,0.5);
#2865=TOROIDAL_SURFACE('',#3338,2.19999999999999,0.5);
#2866=TOROIDAL_SURFACE('',#3347,2.2,0.5);
#2867=TOROIDAL_SURFACE('',#3351,2.19999999999999,0.5);
#2868=TOROIDAL_SURFACE('',#3360,2.2,0.5);
#2869=TOROIDAL_SURFACE('',#3364,2.2,0.5);
#2870=TOROIDAL_SURFACE('',#3373,2.2,0.5);
#2871=TOROIDAL_SURFACE('',#3379,2.2,0.5);
#2872=TOROIDAL_SURFACE('',#3388,2.2,0.5);
#2873=TOROIDAL_SURFACE('',#3394,2.19999999999999,0.5);
#2874=TOROIDAL_SURFACE('',#3403,2.2,0.5);
#2875=TOROIDAL_SURFACE('',#3407,2.2,0.5);
#2876=TOROIDAL_SURFACE('',#3416,2.2,0.5);
#2877=TOROIDAL_SURFACE('',#3422,2.2,0.5);
#2878=TOROIDAL_SURFACE('',#3431,2.2,0.5);
#2879=TOROIDAL_SURFACE('',#3436,2.2,0.5);
#2880=TOROIDAL_SURFACE('',#3445,2.2,0.5);
#2881=TOROIDAL_SURFACE('',#3456,2.19999999999999,0.5);
#2882=TOROIDAL_SURFACE('',#3463,2.2,0.5);
#2883=TOROIDAL_SURFACE('',#3465,2.2,0.5);
#2884=TOROIDAL_SURFACE('',#3474,2.19999999999999,0.5);
#2885=TOROIDAL_SURFACE('',#3478,2.2,0.5);
#2886=TOROIDAL_SURFACE('',#3487,2.2,0.5);
#2887=TOROIDAL_SURFACE('',#3492,2.2,0.5);
#2888=TOROIDAL_SURFACE('',#3501,2.19999999999999,0.5);
#2889=TOROIDAL_SURFACE('',#3512,2.2,0.5);
#2890=TOROIDAL_SURFACE('',#3519,2.2,0.5);
#2891=TOROIDAL_SURFACE('',#3521,2.2,0.5);
#2892=TOROIDAL_SURFACE('',#3530,2.2,0.5);
#2893=TOROIDAL_SURFACE('',#3536,2.19999999999999,0.5);
#2894=TOROIDAL_SURFACE('',#3545,2.2,0.5);
#2895=TOROIDAL_SURFACE('',#3549,2.2,0.5);
#2896=TOROIDAL_SURFACE('',#3558,2.2,0.5);
#2897=TOROIDAL_SURFACE('',#3564,2.2,0.5);
#2898=TOROIDAL_SURFACE('',#3573,2.19999999999999,0.5);
#2899=TOROIDAL_SURFACE('',#3577,2.2,0.5);
#2900=TOROIDAL_SURFACE('',#3586,2.19999999999999,0.5);
#2901=TOROIDAL_SURFACE('',#3590,2.2,0.5);
#2902=TOROIDAL_SURFACE('',#3599,2.19999999999999,0.5);
#2903=TOROIDAL_SURFACE('',#3603,2.2,0.5);
#2904=TOROIDAL_SURFACE('',#3612,2.2,0.5);
#2905=TOROIDAL_SURFACE('',#3624,2.2,0.5);
#2906=TOROIDAL_SURFACE('',#3631,2.2,0.5);
#2907=TOROIDAL_SURFACE('',#3639,2.2,0.5);
#2908=TOROIDAL_SURFACE('',#3646,2.2,0.5);
#2909=TOROIDAL_SURFACE('',#3654,2.2,0.5);
#2910=TOROIDAL_SURFACE('',#3661,2.2,0.5);
#2911=TOROIDAL_SURFACE('',#3663,2.2,0.5);
#2912=TOROIDAL_SURFACE('',#3672,2.2,0.5);
#2913=STYLED_ITEM('',(#6003),#2923);
#2914=STYLED_ITEM('',(#6003),#2924);
#2915=STYLED_ITEM('',(#6003),#2925);
#2916=STYLED_ITEM('',(#6003),#2926);
#2917=STYLED_ITEM('',(#6003),#2927);
#2918=STYLED_ITEM('',(#6003),#2928);
#2919=STYLED_ITEM('',(#6003),#2929);
#2920=STYLED_ITEM('',(#6003),#2930);
#2921=STYLED_ITEM('',(#6002),#21);
#2922=STYLED_ITEM('',(#6004),#22);
#2923=ADVANCED_FACE('',(#269),#2831,.T.);
#2924=ADVANCED_FACE('',(#270,#263),#265,.T.);
#2925=ADVANCED_FACE('',(#271),#183,.F.);
#2926=ADVANCED_FACE('',(#272),#2832,.T.);
#2927=ADVANCED_FACE('',(#273),#184,.T.);
#2928=ADVANCED_FACE('',(#274),#2833,.T.);
#2929=ADVANCED_FACE('',(#275,#264),#266,.F.);
#2930=ADVANCED_FACE('',(#276),#2834,.T.);
#2931=ADVANCED_FACE('',(#277),#2835,.T.);
#2932=ADVANCED_FACE('',(#278),#267,.F.);
#2933=ADVANCED_FACE('',(#279),#185,.T.);
#2934=ADVANCED_FACE('',(#280),#2836,.T.);
#2935=ADVANCED_FACE('',(#281),#2837,.T.);
#2936=ADVANCED_FACE('',(#282),#268,.T.);
#2937=ADVANCED_FACE('',(#283),#186,.T.);
#2938=ADVANCED_FACE('',(#284),#2838,.T.);
#2939=ADVANCED_FACE('',(#285),#2839,.T.);
#2940=ADVANCED_FACE('',(#286),#187,.T.);
#2941=ADVANCED_FACE('',(#287),#2840,.T.);
#2942=ADVANCED_FACE('',(#288),#2841,.T.);
#2943=ADVANCED_FACE('',(#289),#188,.T.);
#2944=ADVANCED_FACE('',(#290),#2842,.T.);
#2945=ADVANCED_FACE('',(#291),#2843,.T.);
#2946=ADVANCED_FACE('',(#292),#189,.T.);
#2947=ADVANCED_FACE('',(#293),#2844,.T.);
#2948=ADVANCED_FACE('',(#294),#190,.T.);
#2949=ADVANCED_FACE('',(#295),#2845,.T.);
#2950=ADVANCED_FACE('',(#296),#2846,.T.);
#2951=ADVANCED_FACE('',(#297),#191,.T.);
#2952=ADVANCED_FACE('',(#298),#2847,.T.);
#2953=ADVANCED_FACE('',(#299),#2848,.T.);
#2954=ADVANCED_FACE('',(#300),#192,.T.);
#2955=ADVANCED_FACE('',(#301),#2849,.T.);
#2956=ADVANCED_FACE('',(#302),#193,.T.);
#2957=ADVANCED_FACE('',(#303),#2850,.T.);
#2958=ADVANCED_FACE('',(#304),#194,.T.);
#2959=ADVANCED_FACE('',(#305),#2851,.T.);
#2960=ADVANCED_FACE('',(#306),#195,.T.);
#2961=ADVANCED_FACE('',(#307),#196,.T.);
#2962=ADVANCED_FACE('',(#308),#2852,.T.);
#2963=ADVANCED_FACE('',(#309),#197,.T.);
#2964=ADVANCED_FACE('',(#310),#2853,.T.);
#2965=ADVANCED_FACE('',(#311),#198,.T.);
#2966=ADVANCED_FACE('',(#312),#199,.T.);
#2967=ADVANCED_FACE('',(#313),#200,.T.);
#2968=ADVANCED_FACE('',(#314),#2854,.T.);
#2969=ADVANCED_FACE('',(#315),#2855,.T.);
#2970=ADVANCED_FACE('',(#316),#201,.T.);
#2971=ADVANCED_FACE('',(#317),#2856,.T.);
#2972=ADVANCED_FACE('',(#318),#202,.T.);
#2973=ADVANCED_FACE('',(#319),#2857,.T.);
#2974=ADVANCED_FACE('',(#320),#203,.T.);
#2975=ADVANCED_FACE('',(#321),#2858,.T.);
#2976=ADVANCED_FACE('',(#322),#2859,.T.);
#2977=ADVANCED_FACE('',(#323),#204,.T.);
#2978=ADVANCED_FACE('',(#324),#2860,.T.);
#2979=ADVANCED_FACE('',(#325),#205,.T.);
#2980=ADVANCED_FACE('',(#326),#206,.T.);
#2981=ADVANCED_FACE('',(#327),#2861,.T.);
#2982=ADVANCED_FACE('',(#328),#207,.T.);
#2983=ADVANCED_FACE('',(#329),#2862,.T.);
#2984=ADVANCED_FACE('',(#330),#208,.T.);
#2985=ADVANCED_FACE('',(#331),#209,.T.);
#2986=ADVANCED_FACE('',(#332),#2863,.T.);
#2987=ADVANCED_FACE('',(#333),#210,.T.);
#2988=ADVANCED_FACE('',(#334),#2864,.T.);
#2989=ADVANCED_FACE('',(#335),#2865,.T.);
#2990=ADVANCED_FACE('',(#336),#211,.T.);
#2991=ADVANCED_FACE('',(#337),#2866,.T.);
#2992=ADVANCED_FACE('',(#338),#2867,.T.);
#2993=ADVANCED_FACE('',(#339),#212,.T.);
#2994=ADVANCED_FACE('',(#340),#2868,.T.);
#2995=ADVANCED_FACE('',(#341),#2869,.T.);
#2996=ADVANCED_FACE('',(#342),#213,.T.);
#2997=ADVANCED_FACE('',(#343),#2870,.T.);
#2998=ADVANCED_FACE('',(#344),#214,.T.);
#2999=ADVANCED_FACE('',(#345),#215,.T.);
#3000=ADVANCED_FACE('',(#346),#2871,.T.);
#3001=ADVANCED_FACE('',(#347),#216,.T.);
#3002=ADVANCED_FACE('',(#348),#2872,.T.);
#3003=ADVANCED_FACE('',(#349),#217,.T.);
#3004=ADVANCED_FACE('',(#350),#218,.T.);
#3005=ADVANCED_FACE('',(#351),#2873,.T.);
#3006=ADVANCED_FACE('',(#352),#219,.T.);
#3007=ADVANCED_FACE('',(#353),#2874,.T.);
#3008=ADVANCED_FACE('',(#354),#2875,.T.);
#3009=ADVANCED_FACE('',(#355),#220,.T.);
#3010=ADVANCED_FACE('',(#356),#2876,.T.);
#3011=ADVANCED_FACE('',(#357),#221,.T.);
#3012=ADVANCED_FACE('',(#358),#222,.T.);
#3013=ADVANCED_FACE('',(#359),#2877,.T.);
#3014=ADVANCED_FACE('',(#360),#223,.T.);
#3015=ADVANCED_FACE('',(#361),#2878,.T.);
#3016=ADVANCED_FACE('',(#362),#224,.T.);
#3017=ADVANCED_FACE('',(#363),#2879,.T.);
#3018=ADVANCED_FACE('',(#364),#225,.T.);
#3019=ADVANCED_FACE('',(#365),#2880,.T.);
#3020=ADVANCED_FACE('',(#366),#226,.T.);
#3021=ADVANCED_FACE('',(#367),#227,.T.);
#3022=ADVANCED_FACE('',(#368),#228,.T.);
#3023=ADVANCED_FACE('',(#369),#2881,.T.);
#3024=ADVANCED_FACE('',(#370),#229,.T.);
#3025=ADVANCED_FACE('',(#371),#2882,.T.);
#3026=ADVANCED_FACE('',(#372),#2883,.T.);
#3027=ADVANCED_FACE('',(#373),#230,.T.);
#3028=ADVANCED_FACE('',(#374),#2884,.T.);
#3029=ADVANCED_FACE('',(#375),#2885,.T.);
#3030=ADVANCED_FACE('',(#376),#231,.T.);
#3031=ADVANCED_FACE('',(#377),#2886,.T.);
#3032=ADVANCED_FACE('',(#378),#232,.T.);
#3033=ADVANCED_FACE('',(#379),#2887,.T.);
#3034=ADVANCED_FACE('',(#380),#233,.T.);
#3035=ADVANCED_FACE('',(#381),#2888,.T.);
#3036=ADVANCED_FACE('',(#382),#234,.T.);
#3037=ADVANCED_FACE('',(#383),#235,.T.);
#3038=ADVANCED_FACE('',(#384),#236,.T.);
#3039=ADVANCED_FACE('',(#385),#2889,.T.);
#3040=ADVANCED_FACE('',(#386),#237,.T.);
#3041=ADVANCED_FACE('',(#387),#2890,.T.);
#3042=ADVANCED_FACE('',(#388),#2891,.T.);
#3043=ADVANCED_FACE('',(#389),#238,.T.);
#3044=ADVANCED_FACE('',(#390),#2892,.T.);
#3045=ADVANCED_FACE('',(#391),#239,.T.);
#3046=ADVANCED_FACE('',(#392),#240,.T.);
#3047=ADVANCED_FACE('',(#393),#2893,.T.);
#3048=ADVANCED_FACE('',(#394),#241,.T.);
#3049=ADVANCED_FACE('',(#395),#2894,.T.);
#3050=ADVANCED_FACE('',(#396),#2895,.T.);
#3051=ADVANCED_FACE('',(#397),#242,.T.);
#3052=ADVANCED_FACE('',(#398),#2896,.T.);
#3053=ADVANCED_FACE('',(#399),#243,.T.);
#3054=ADVANCED_FACE('',(#400),#244,.T.);
#3055=ADVANCED_FACE('',(#401),#2897,.T.);
#3056=ADVANCED_FACE('',(#402),#245,.T.);
#3057=ADVANCED_FACE('',(#403),#2898,.T.);
#3058=ADVANCED_FACE('',(#404),#2899,.T.);
#3059=ADVANCED_FACE('',(#405),#246,.T.);
#3060=ADVANCED_FACE('',(#406),#2900,.T.);
#3061=ADVANCED_FACE('',(#407),#2901,.T.);
#3062=ADVANCED_FACE('',(#408),#247,.T.);
#3063=ADVANCED_FACE('',(#409),#2902,.T.);
#3064=ADVANCED_FACE('',(#410),#2903,.T.);
#3065=ADVANCED_FACE('',(#411),#248,.T.);
#3066=ADVANCED_FACE('',(#412),#2904,.T.);
#3067=ADVANCED_FACE('',(#413),#249,.T.);
#3068=ADVANCED_FACE('',(#414),#250,.T.);
#3069=ADVANCED_FACE('',(#415),#251,.T.);
#3070=ADVANCED_FACE('',(#416),#252,.T.);
#3071=ADVANCED_FACE('',(#417),#2905,.T.);
#3072=ADVANCED_FACE('',(#418),#253,.T.);
#3073=ADVANCED_FACE('',(#419),#2906,.T.);
#3074=ADVANCED_FACE('',(#420),#254,.T.);
#3075=ADVANCED_FACE('',(#421),#255,.T.);
#3076=ADVANCED_FACE('',(#422),#2907,.T.);
#3077=ADVANCED_FACE('',(#423),#256,.T.);
#3078=ADVANCED_FACE('',(#424),#2908,.T.);
#3079=ADVANCED_FACE('',(#425),#257,.T.);
#3080=ADVANCED_FACE('',(#426),#258,.T.);
#3081=ADVANCED_FACE('',(#427),#2909,.T.);
#3082=ADVANCED_FACE('',(#428),#259,.T.);
#3083=ADVANCED_FACE('',(#429),#2910,.T.);
#3084=ADVANCED_FACE('',(#430),#2911,.T.);
#3085=ADVANCED_FACE('',(#431),#260,.T.);
#3086=ADVANCED_FACE('',(#432),#2912,.T.);
#3087=ADVANCED_FACE('',(#433),#261,.T.);
#3088=ADVANCED_FACE('',(#434),#262,.T.);
#3089=CLOSED_SHELL('',(#2923,#2924,#2925,#2926,#2927,#2928,#2929,#2930));
#3090=CLOSED_SHELL('',(#2931,#2932,#2933,#2934,#2935,#2936,#2937,#2938,
#2939,#2940,#2941,#2942,#2943,#2944,#2945,#2946,#2947,#2948,#2949,#2950,
#2951,#2952,#2953,#2954,#2955,#2956,#2957,#2958,#2959,#2960,#2961,#2962,
#2963,#2964,#2965,#2966,#2967,#2968,#2969,#2970,#2971,#2972,#2973,#2974,
#2975,#2976,#2977,#2978,#2979,#2980,#2981,#2982,#2983,#2984,#2985,#2986,
#2987,#2988,#2989,#2990,#2991,#2992,#2993,#2994,#2995,#2996,#2997,#2998,
#2999,#3000,#3001,#3002,#3003,#3004,#3005,#3006,#3007,#3008,#3009,#3010,
#3011,#3012,#3013,#3014,#3015,#3016,#3017,#3018,#3019,#3020,#3021,#3022,
#3023,#3024,#3025,#3026,#3027,#3028,#3029,#3030,#3031,#3032,#3033,#3034,
#3035,#3036,#3037,#3038,#3039,#3040,#3041,#3042,#3043,#3044,#3045,#3046,
#3047,#3048,#3049,#3050,#3051,#3052,#3053,#3054,#3055,#3056,#3057,#3058,
#3059,#3060,#3061,#3062,#3063,#3064,#3065,#3066,#3067,#3068,#3069,#3070,
#3071,#3072,#3073,#3074,#3075,#3076,#3077,#3078,#3079,#3080,#3081,#3082,
#3083,#3084,#3085,#3086,#3087,#3088));
#3091=DERIVED_UNIT_ELEMENT(#3093,1.);
#3092=DERIVED_UNIT_ELEMENT(#5988,-3.);
#3093=(
MASS_UNIT()
NAMED_UNIT(*)
SI_UNIT(.KILO.,.GRAM.)
);
#3094=DERIVED_UNIT((#3091,#3092));
#3095=MEASURE_REPRESENTATION_ITEM('density measure',
POSITIVE_RATIO_MEASURE(7850.),#3094);
#3096=PROPERTY_DEFINITION_REPRESENTATION(#3101,#3098);
#3097=PROPERTY_DEFINITION_REPRESENTATION(#3102,#3099);
#3098=REPRESENTATION('material name',(#3100),#5985);
#3099=REPRESENTATION('density',(#3095),#5985);
#3100=DESCRIPTIVE_REPRESENTATION_ITEM('Steel','Steel');
#3101=PROPERTY_DEFINITION('material property','material name',#5995);
#3102=PROPERTY_DEFINITION('material property','density of part',#5995);
#3103=AXIS2_PLACEMENT_3D('',#4908,#3678,#3679);
#3104=AXIS2_PLACEMENT_3D('',#4909,#3680,#3681);
#3105=AXIS2_PLACEMENT_3D('',#4911,#3682,#3683);
#3106=AXIS2_PLACEMENT_3D('',#4913,#3684,#3685);
#3107=AXIS2_PLACEMENT_3D('',#4915,#3686,#3687);
#3108=AXIS2_PLACEMENT_3D('',#4916,#3688,#3689);
#3109=AXIS2_PLACEMENT_3D('',#4917,#3690,#3691);
#3110=AXIS2_PLACEMENT_3D('',#4919,#3692,#3693);
#3111=AXIS2_PLACEMENT_3D('',#4920,#3694,#3695);
#3112=AXIS2_PLACEMENT_3D('',#4924,#3697,#3698);
#3113=AXIS2_PLACEMENT_3D('',#4925,#3699,#3700);
#3114=AXIS2_PLACEMENT_3D('',#4926,#3701,#3702);
#3115=AXIS2_PLACEMENT_3D('',#4928,#3703,#3704);
#3116=AXIS2_PLACEMENT_3D('',#4930,#3705,#3706);
#3117=AXIS2_PLACEMENT_3D('',#4931,#3707,#3708);
#3118=AXIS2_PLACEMENT_3D('',#4932,#3709,#3710);
#3119=AXIS2_PLACEMENT_3D('',#4936,#3712,#3713);
#3120=AXIS2_PLACEMENT_3D('',#4937,#3714,#3715);
#3121=AXIS2_PLACEMENT_3D('',#4938,#3716,#3717);
#3122=AXIS2_PLACEMENT_3D('',#4940,#3718,#3719);
#3123=AXIS2_PLACEMENT_3D('',#4941,#3720,#3721);
#3124=AXIS2_PLACEMENT_3D('',#4942,#3722,#3723);
#3125=AXIS2_PLACEMENT_3D('',#4944,#3724,#3725);
#3126=AXIS2_PLACEMENT_3D('',#4945,#3726,#3727);
#3127=AXIS2_PLACEMENT_3D('',#4946,#3728,#3729);
#3128=AXIS2_PLACEMENT_3D('',#4947,#3730,#3731);
#3129=AXIS2_PLACEMENT_3D('',#4975,#3732,#3733);
#3130=AXIS2_PLACEMENT_3D('',#4985,#3734,#3735);
#3131=AXIS2_PLACEMENT_3D('',#4987,#3736,#3737);
#3132=AXIS2_PLACEMENT_3D('',#4988,#3738,#3739);
#3133=AXIS2_PLACEMENT_3D('',#4989,#3740,#3741);
#3134=AXIS2_PLACEMENT_3D('',#4991,#3742,#3743);
#3135=AXIS2_PLACEMENT_3D('',#4992,#3744,#3745);
#3136=AXIS2_PLACEMENT_3D('',#4994,#3747,#3748);
#3137=AXIS2_PLACEMENT_3D('',#4997,#3749,#3750);
#3138=AXIS2_PLACEMENT_3D('',#4998,#3751,#3752);
#3139=AXIS2_PLACEMENT_3D('',#5000,#3753,#3754);
#3140=AXIS2_PLACEMENT_3D('',#5002,#3755,#3756);
#3141=AXIS2_PLACEMENT_3D('',#5004,#3757,#3758);
#3142=AXIS2_PLACEMENT_3D('',#5018,#3759,#3760);
#3143=AXIS2_PLACEMENT_3D('',#5019,#3761,#3762);
#3144=AXIS2_PLACEMENT_3D('',#5047,#3763,#3764);
#3145=AXIS2_PLACEMENT_3D('',#5049,#3765,#3766);
#3146=AXIS2_PLACEMENT_3D('',#5059,#3767,#3768);
#3147=AXIS2_PLACEMENT_3D('',#5061,#3769,#3770);
#3148=AXIS2_PLACEMENT_3D('',#5062,#3771,#3772);
#3149=AXIS2_PLACEMENT_3D('',#5063,#3773,#3774);
#3150=AXIS2_PLACEMENT_3D('',#5065,#3775,#3776);
#3151=AXIS2_PLACEMENT_3D('',#5066,#3777,#3778);
#3152=AXIS2_PLACEMENT_3D('',#5068,#3780,#3781);
#3153=AXIS2_PLACEMENT_3D('',#5071,#3782,#3783);
#3154=AXIS2_PLACEMENT_3D('',#5073,#3784,#3785);
#3155=AXIS2_PLACEMENT_3D('',#5075,#3786,#3787);
#3156=AXIS2_PLACEMENT_3D('',#5089,#3788,#3789);
#3157=AXIS2_PLACEMENT_3D('',#5090,#3790,#3791);
#3158=AXIS2_PLACEMENT_3D('',#5091,#3792,#3793);
#3159=AXIS2_PLACEMENT_3D('',#5094,#3794,#3795);
#3160=AXIS2_PLACEMENT_3D('',#5095,#3796,#3797);
#3161=AXIS2_PLACEMENT_3D('',#5097,#3798,#3799);
#3162=AXIS2_PLACEMENT_3D('',#5099,#3800,#3801);
#3163=AXIS2_PLACEMENT_3D('',#5100,#3802,#3803);
#3164=AXIS2_PLACEMENT_3D('',#5101,#3804,#3805);
#3165=AXIS2_PLACEMENT_3D('',#5104,#3806,#3807);
#3166=AXIS2_PLACEMENT_3D('',#5106,#3809,#3810);
#3167=AXIS2_PLACEMENT_3D('',#5107,#3811,#3812);
#3168=AXIS2_PLACEMENT_3D('',#5110,#3813,#3814);
#3169=AXIS2_PLACEMENT_3D('',#5111,#3815,#3816);
#3170=AXIS2_PLACEMENT_3D('',#5112,#3817,#3818);
#3171=AXIS2_PLACEMENT_3D('',#5113,#3819,#3820);
#3172=AXIS2_PLACEMENT_3D('',#5116,#3821,#3822);
#3173=AXIS2_PLACEMENT_3D('',#5117,#3823,#3824);
#3174=AXIS2_PLACEMENT_3D('',#5119,#3825,#3826);
#3175=AXIS2_PLACEMENT_3D('',#5121,#3827,#3828);
#3176=AXIS2_PLACEMENT_3D('',#5122,#3829,#3830);
#3177=AXIS2_PLACEMENT_3D('',#5123,#3831,#3832);
#3178=AXIS2_PLACEMENT_3D('',#5126,#3833,#3834);
#3179=AXIS2_PLACEMENT_3D('',#5128,#3836,#3837);
#3180=AXIS2_PLACEMENT_3D('',#5129,#3838,#3839);
#3181=AXIS2_PLACEMENT_3D('',#5132,#3840,#3841);
#3182=AXIS2_PLACEMENT_3D('',#5133,#3842,#3843);
#3183=AXIS2_PLACEMENT_3D('',#5134,#3844,#3845);
#3184=AXIS2_PLACEMENT_3D('',#5135,#3846,#3847);
#3185=AXIS2_PLACEMENT_3D('',#5138,#3848,#3849);
#3186=AXIS2_PLACEMENT_3D('',#5139,#3850,#3851);
#3187=AXIS2_PLACEMENT_3D('',#5141,#3852,#3853);
#3188=AXIS2_PLACEMENT_3D('',#5143,#3854,#3855);
#3189=AXIS2_PLACEMENT_3D('',#5144,#3856,#3857);
#3190=AXIS2_PLACEMENT_3D('',#5145,#3858,#3859);
#3191=AXIS2_PLACEMENT_3D('',#5149,#3861,#3862);
#3192=AXIS2_PLACEMENT_3D('',#5150,#3863,#3864);
#3193=AXIS2_PLACEMENT_3D('',#5151,#3865,#3866);
#3194=AXIS2_PLACEMENT_3D('',#5153,#3867,#3868);
#3195=AXIS2_PLACEMENT_3D('',#5155,#3869,#3870);
#3196=AXIS2_PLACEMENT_3D('',#5156,#3871,#3872);
#3197=AXIS2_PLACEMENT_3D('',#5157,#3873,#3874);
#3198=AXIS2_PLACEMENT_3D('',#5160,#3875,#3876);
#3199=AXIS2_PLACEMENT_3D('',#5162,#3878,#3879);
#3200=AXIS2_PLACEMENT_3D('',#5163,#3880,#3881);
#3201=AXIS2_PLACEMENT_3D('',#5166,#3882,#3883);
#3202=AXIS2_PLACEMENT_3D('',#5167,#3884,#3885);
#3203=AXIS2_PLACEMENT_3D('',#5168,#3886,#3887);
#3204=AXIS2_PLACEMENT_3D('',#5169,#3888,#3889);
#3205=AXIS2_PLACEMENT_3D('',#5172,#3890,#3891);
#3206=AXIS2_PLACEMENT_3D('',#5174,#3892,#3893);
#3207=AXIS2_PLACEMENT_3D('',#5176,#3894,#3895);
#3208=AXIS2_PLACEMENT_3D('',#5177,#3896,#3897);
#3209=AXIS2_PLACEMENT_3D('',#5178,#3898,#3899);
#3210=AXIS2_PLACEMENT_3D('',#5179,#3900,#3901);
#3211=AXIS2_PLACEMENT_3D('',#5182,#3902,#3903);
#3212=AXIS2_PLACEMENT_3D('',#5183,#3904,#3905);
#3213=AXIS2_PLACEMENT_3D('',#5185,#3907,#3908);
#3214=AXIS2_PLACEMENT_3D('',#5188,#3909,#3910);
#3215=AXIS2_PLACEMENT_3D('',#5189,#3911,#3912);
#3216=AXIS2_PLACEMENT_3D('',#5190,#3913,#3914);
#3217=AXIS2_PLACEMENT_3D('',#5191,#3915,#3916);
#3218=AXIS2_PLACEMENT_3D('',#5194,#3917,#3918);
#3219=AXIS2_PLACEMENT_3D('',#5195,#3919,#3920);
#3220=AXIS2_PLACEMENT_3D('',#5197,#3921,#3922);
#3221=AXIS2_PLACEMENT_3D('',#5199,#3923,#3924);
#3222=AXIS2_PLACEMENT_3D('',#5200,#3925,#3926);
#3223=AXIS2_PLACEMENT_3D('',#5201,#3927,#3928);
#3224=AXIS2_PLACEMENT_3D('',#5205,#3930,#3931);
#3225=AXIS2_PLACEMENT_3D('',#5206,#3932,#3933);
#3226=AXIS2_PLACEMENT_3D('',#5207,#3934,#3935);
#3227=AXIS2_PLACEMENT_3D('',#5209,#3936,#3937);
#3228=AXIS2_PLACEMENT_3D('',#5211,#3938,#3939);
#3229=AXIS2_PLACEMENT_3D('',#5212,#3940,#3941);
#3230=AXIS2_PLACEMENT_3D('',#5213,#3942,#3943);
#3231=AXIS2_PLACEMENT_3D('',#5215,#3945,#3946);
#3232=AXIS2_PLACEMENT_3D('',#5218,#3947,#3948);
#3233=AXIS2_PLACEMENT_3D('',#5219,#3949,#3950);
#3234=AXIS2_PLACEMENT_3D('',#5221,#3951,#3952);
#3235=AXIS2_PLACEMENT_3D('',#5223,#3953,#3954);
#3236=AXIS2_PLACEMENT_3D('',#5224,#3955,#3956);
#3237=AXIS2_PLACEMENT_3D('',#5225,#3957,#3958);
#3238=AXIS2_PLACEMENT_3D('',#5228,#3959,#3960);
#3239=AXIS2_PLACEMENT_3D('',#5230,#3962,#3963);
#3240=AXIS2_PLACEMENT_3D('',#5231,#3964,#3965);
#3241=AXIS2_PLACEMENT_3D('',#5234,#3966,#3967);
#3242=AXIS2_PLACEMENT_3D('',#5235,#3968,#3969);
#3243=AXIS2_PLACEMENT_3D('',#5236,#3970,#3971);
#3244=AXIS2_PLACEMENT_3D('',#5237,#3972,#3973);
#3245=AXIS2_PLACEMENT_3D('',#5239,#3975,#3976);
#3246=AXIS2_PLACEMENT_3D('',#5241,#3978,#3979);
#3247=AXIS2_PLACEMENT_3D('',#5244,#3980,#3981);
#3248=AXIS2_PLACEMENT_3D('',#5245,#3982,#3983);
#3249=AXIS2_PLACEMENT_3D('',#5247,#3984,#3985);
#3250=AXIS2_PLACEMENT_3D('',#5249,#3986,#3987);
#3251=AXIS2_PLACEMENT_3D('',#5250,#3988,#3989);
#3252=AXIS2_PLACEMENT_3D('',#5251,#3990,#3991);
#3253=AXIS2_PLACEMENT_3D('',#5254,#3992,#3993);
#3254=AXIS2_PLACEMENT_3D('',#5256,#3995,#3996);
#3255=AXIS2_PLACEMENT_3D('',#5257,#3997,#3998);
#3256=AXIS2_PLACEMENT_3D('',#5260,#3999,#4000);
#3257=AXIS2_PLACEMENT_3D('',#5261,#4001,#4002);
#3258=AXIS2_PLACEMENT_3D('',#5262,#4003,#4004);
#3259=AXIS2_PLACEMENT_3D('',#5263,#4005,#4006);
#3260=AXIS2_PLACEMENT_3D('',#5267,#4008,#4009);
#3261=AXIS2_PLACEMENT_3D('',#5268,#4010,#4011);
#3262=AXIS2_PLACEMENT_3D('',#5269,#4012,#4013);
#3263=AXIS2_PLACEMENT_3D('',#5271,#4015,#4016);
#3264=AXIS2_PLACEMENT_3D('',#5274,#4017,#4018);
#3265=AXIS2_PLACEMENT_3D('',#5275,#4019,#4020);
#3266=AXIS2_PLACEMENT_3D('',#5277,#4022,#4023);
#3267=AXIS2_PLACEMENT_3D('',#5278,#4024,#4025);
#3268=AXIS2_PLACEMENT_3D('',#5279,#4026,#4027);
#3269=AXIS2_PLACEMENT_3D('',#5282,#4028,#4029);
#3270=AXIS2_PLACEMENT_3D('',#5283,#4030,#4031);
#3271=AXIS2_PLACEMENT_3D('',#5285,#4032,#4033);
#3272=AXIS2_PLACEMENT_3D('',#5287,#4034,#4035);
#3273=AXIS2_PLACEMENT_3D('',#5288,#4036,#4037);
#3274=AXIS2_PLACEMENT_3D('',#5289,#4038,#4039);
#3275=AXIS2_PLACEMENT_3D('',#5292,#4040,#4041);
#3276=AXIS2_PLACEMENT_3D('',#5294,#4043,#4044);
#3277=AXIS2_PLACEMENT_3D('',#5295,#4045,#4046);
#3278=AXIS2_PLACEMENT_3D('',#5298,#4047,#4048);
#3279=AXIS2_PLACEMENT_3D('',#5299,#4049,#4050);
#3280=AXIS2_PLACEMENT_3D('',#5300,#4051,#4052);
#3281=AXIS2_PLACEMENT_3D('',#5301,#4053,#4054);
#3282=AXIS2_PLACEMENT_3D('',#5303,#4056,#4057);
#3283=AXIS2_PLACEMENT_3D('',#5306,#4058,#4059);
#3284=AXIS2_PLACEMENT_3D('',#5307,#4060,#4061);
#3285=AXIS2_PLACEMENT_3D('',#5309,#4062,#4063);
#3286=AXIS2_PLACEMENT_3D('',#5311,#4064,#4065);
#3287=AXIS2_PLACEMENT_3D('',#5312,#4066,#4067);
#3288=AXIS2_PLACEMENT_3D('',#5313,#4068,#4069);
#3289=AXIS2_PLACEMENT_3D('',#5316,#4070,#4071);
#3290=AXIS2_PLACEMENT_3D('',#5318,#4073,#4074);
#3291=AXIS2_PLACEMENT_3D('',#5319,#4075,#4076);
#3292=AXIS2_PLACEMENT_3D('',#5322,#4077,#4078);
#3293=AXIS2_PLACEMENT_3D('',#5323,#4079,#4080);
#3294=AXIS2_PLACEMENT_3D('',#5324,#4081,#4082);
#3295=AXIS2_PLACEMENT_3D('',#5325,#4083,#4084);
#3296=AXIS2_PLACEMENT_3D('',#5328,#4085,#4086);
#3297=AXIS2_PLACEMENT_3D('',#5329,#4087,#4088);
#3298=AXIS2_PLACEMENT_3D('',#5331,#4089,#4090);
#3299=AXIS2_PLACEMENT_3D('',#5333,#4091,#4092);
#3300=AXIS2_PLACEMENT_3D('',#5334,#4093,#4094);
#3301=AXIS2_PLACEMENT_3D('',#5335,#4095,#4096);
#3302=AXIS2_PLACEMENT_3D('',#5339,#4098,#4099);
#3303=AXIS2_PLACEMENT_3D('',#5340,#4100,#4101);
#3304=AXIS2_PLACEMENT_3D('',#5341,#4102,#4103);
#3305=AXIS2_PLACEMENT_3D('',#5343,#4104,#4105);
#3306=AXIS2_PLACEMENT_3D('',#5345,#4106,#4107);
#3307=AXIS2_PLACEMENT_3D('',#5346,#4108,#4109);
#3308=AXIS2_PLACEMENT_3D('',#5347,#4110,#4111);
#3309=AXIS2_PLACEMENT_3D('',#5349,#4113,#4114);
#3310=AXIS2_PLACEMENT_3D('',#5351,#4116,#4117);
#3311=AXIS2_PLACEMENT_3D('',#5354,#4118,#4119);
#3312=AXIS2_PLACEMENT_3D('',#5355,#4120,#4121);
#3313=AXIS2_PLACEMENT_3D('',#5357,#4122,#4123);
#3314=AXIS2_PLACEMENT_3D('',#5359,#4124,#4125);
#3315=AXIS2_PLACEMENT_3D('',#5360,#4126,#4127);
#3316=AXIS2_PLACEMENT_3D('',#5361,#4128,#4129);
#3317=AXIS2_PLACEMENT_3D('',#5365,#4131,#4132);
#3318=AXIS2_PLACEMENT_3D('',#5366,#4133,#4134);
#3319=AXIS2_PLACEMENT_3D('',#5367,#4135,#4136);
#3320=AXIS2_PLACEMENT_3D('',#5369,#4137,#4138);
#3321=AXIS2_PLACEMENT_3D('',#5371,#4139,#4140);
#3322=AXIS2_PLACEMENT_3D('',#5372,#4141,#4142);
#3323=AXIS2_PLACEMENT_3D('',#5373,#4143,#4144);
#3324=AXIS2_PLACEMENT_3D('',#5375,#4146,#4147);
#3325=AXIS2_PLACEMENT_3D('',#5377,#4149,#4150);
#3326=AXIS2_PLACEMENT_3D('',#5380,#4151,#4152);
#3327=AXIS2_PLACEMENT_3D('',#5381,#4153,#4154);
#3328=AXIS2_PLACEMENT_3D('',#5383,#4155,#4156);
#3329=AXIS2_PLACEMENT_3D('',#5385,#4157,#4158);
#3330=AXIS2_PLACEMENT_3D('',#5386,#4159,#4160);
#3331=AXIS2_PLACEMENT_3D('',#5387,#4161,#4162);
#3332=AXIS2_PLACEMENT_3D('',#5390,#4163,#4164);
#3333=AXIS2_PLACEMENT_3D('',#5392,#4166,#4167);
#3334=AXIS2_PLACEMENT_3D('',#5393,#4168,#4169);
#3335=AXIS2_PLACEMENT_3D('',#5396,#4170,#4171);
#3336=AXIS2_PLACEMENT_3D('',#5397,#4172,#4173);
#3337=AXIS2_PLACEMENT_3D('',#5398,#4174,#4175);
#3338=AXIS2_PLACEMENT_3D('',#5399,#4176,#4177);
#3339=AXIS2_PLACEMENT_3D('',#5402,#4178,#4179);
#3340=AXIS2_PLACEMENT_3D('',#5403,#4180,#4181);
#3341=AXIS2_PLACEMENT_3D('',#5405,#4182,#4183);
#3342=AXIS2_PLACEMENT_3D('',#5407,#4184,#4185);
#3343=AXIS2_PLACEMENT_3D('',#5408,#4186,#4187);
#3344=AXIS2_PLACEMENT_3D('',#5409,#4188,#4189);
#3345=AXIS2_PLACEMENT_3D('',#5413,#4191,#4192);
#3346=AXIS2_PLACEMENT_3D('',#5414,#4193,#4194);
#3347=AXIS2_PLACEMENT_3D('',#5415,#4195,#4196);
#3348=AXIS2_PLACEMENT_3D('',#5417,#4197,#4198);
#3349=AXIS2_PLACEMENT_3D('',#5419,#4199,#4200);
#3350=AXIS2_PLACEMENT_3D('',#5420,#4201,#4202);
#3351=AXIS2_PLACEMENT_3D('',#5421,#4203,#4204);
#3352=AXIS2_PLACEMENT_3D('',#5424,#4205,#4206);
#3353=AXIS2_PLACEMENT_3D('',#5425,#4207,#4208);
#3354=AXIS2_PLACEMENT_3D('',#5427,#4209,#4210);
#3355=AXIS2_PLACEMENT_3D('',#5429,#4211,#4212);
#3356=AXIS2_PLACEMENT_3D('',#5430,#4213,#4214);
#3357=AXIS2_PLACEMENT_3D('',#5431,#4215,#4216);
#3358=AXIS2_PLACEMENT_3D('',#5435,#4218,#4219);
#3359=AXIS2_PLACEMENT_3D('',#5436,#4220,#4221);
#3360=AXIS2_PLACEMENT_3D('',#5437,#4222,#4223);
#3361=AXIS2_PLACEMENT_3D('',#5439,#4224,#4225);
#3362=AXIS2_PLACEMENT_3D('',#5441,#4226,#4227);
#3363=AXIS2_PLACEMENT_3D('',#5442,#4228,#4229);
#3364=AXIS2_PLACEMENT_3D('',#5443,#4230,#4231);
#3365=AXIS2_PLACEMENT_3D('',#5446,#4232,#4233);
#3366=AXIS2_PLACEMENT_3D('',#5447,#4234,#4235);
#3367=AXIS2_PLACEMENT_3D('',#5449,#4236,#4237);
#3368=AXIS2_PLACEMENT_3D('',#5451,#4238,#4239);
#3369=AXIS2_PLACEMENT_3D('',#5452,#4240,#4241);
#3370=AXIS2_PLACEMENT_3D('',#5453,#4242,#4243);
#3371=AXIS2_PLACEMENT_3D('',#5457,#4245,#4246);
#3372=AXIS2_PLACEMENT_3D('',#5458,#4247,#4248);
#3373=AXIS2_PLACEMENT_3D('',#5459,#4249,#4250);
#3374=AXIS2_PLACEMENT_3D('',#5461,#4251,#4252);
#3375=AXIS2_PLACEMENT_3D('',#5463,#4253,#4254);
#3376=AXIS2_PLACEMENT_3D('',#5464,#4255,#4256);
#3377=AXIS2_PLACEMENT_3D('',#5465,#4257,#4258);
#3378=AXIS2_PLACEMENT_3D('',#5467,#4260,#4261);
#3379=AXIS2_PLACEMENT_3D('',#5469,#4263,#4264);
#3380=AXIS2_PLACEMENT_3D('',#5472,#4265,#4266);
#3381=AXIS2_PLACEMENT_3D('',#5473,#4267,#4268);
#3382=AXIS2_PLACEMENT_3D('',#5475,#4269,#4270);
#3383=AXIS2_PLACEMENT_3D('',#5477,#4271,#4272);
#3384=AXIS2_PLACEMENT_3D('',#5478,#4273,#4274);
#3385=AXIS2_PLACEMENT_3D('',#5479,#4275,#4276);
#3386=AXIS2_PLACEMENT_3D('',#5483,#4278,#4279);
#3387=AXIS2_PLACEMENT_3D('',#5484,#4280,#4281);
#3388=AXIS2_PLACEMENT_3D('',#5485,#4282,#4283);
#3389=AXIS2_PLACEMENT_3D('',#5487,#4284,#4285);
#3390=AXIS2_PLACEMENT_3D('',#5489,#4286,#4287);
#3391=AXIS2_PLACEMENT_3D('',#5490,#4288,#4289);
#3392=AXIS2_PLACEMENT_3D('',#5491,#4290,#4291);
#3393=AXIS2_PLACEMENT_3D('',#5493,#4293,#4294);
#3394=AXIS2_PLACEMENT_3D('',#5495,#4296,#4297);
#3395=AXIS2_PLACEMENT_3D('',#5498,#4298,#4299);
#3396=AXIS2_PLACEMENT_3D('',#5499,#4300,#4301);
#3397=AXIS2_PLACEMENT_3D('',#5501,#4302,#4303);
#3398=AXIS2_PLACEMENT_3D('',#5503,#4304,#4305);
#3399=AXIS2_PLACEMENT_3D('',#5504,#4306,#4307);
#3400=AXIS2_PLACEMENT_3D('',#5505,#4308,#4309);
#3401=AXIS2_PLACEMENT_3D('',#5509,#4311,#4312);
#3402=AXIS2_PLACEMENT_3D('',#5510,#4313,#4314);
#3403=AXIS2_PLACEMENT_3D('',#5511,#4315,#4316);
#3404=AXIS2_PLACEMENT_3D('',#5513,#4317,#4318);
#3405=AXIS2_PLACEMENT_3D('',#5515,#4319,#4320);
#3406=AXIS2_PLACEMENT_3D('',#5516,#4321,#4322);
#3407=AXIS2_PLACEMENT_3D('',#5517,#4323,#4324);
#3408=AXIS2_PLACEMENT_3D('',#5520,#4325,#4326);
#3409=AXIS2_PLACEMENT_3D('',#5521,#4327,#4328);
#3410=AXIS2_PLACEMENT_3D('',#5523,#4329,#4330);
#3411=AXIS2_PLACEMENT_3D('',#5525,#4331,#4332);
#3412=AXIS2_PLACEMENT_3D('',#5526,#4333,#4334);
#3413=AXIS2_PLACEMENT_3D('',#5527,#4335,#4336);
#3414=AXIS2_PLACEMENT_3D('',#5531,#4338,#4339);
#3415=AXIS2_PLACEMENT_3D('',#5532,#4340,#4341);
#3416=AXIS2_PLACEMENT_3D('',#5533,#4342,#4343);
#3417=AXIS2_PLACEMENT_3D('',#5535,#4344,#4345);
#3418=AXIS2_PLACEMENT_3D('',#5537,#4346,#4347);
#3419=AXIS2_PLACEMENT_3D('',#5538,#4348,#4349);
#3420=AXIS2_PLACEMENT_3D('',#5539,#4350,#4351);
#3421=AXIS2_PLACEMENT_3D('',#5541,#4353,#4354);
#3422=AXIS2_PLACEMENT_3D('',#5543,#4356,#4357);
#3423=AXIS2_PLACEMENT_3D('',#5546,#4358,#4359);
#3424=AXIS2_PLACEMENT_3D('',#5547,#4360,#4361);
#3425=AXIS2_PLACEMENT_3D('',#5549,#4362,#4363);
#3426=AXIS2_PLACEMENT_3D('',#5551,#4364,#4365);
#3427=AXIS2_PLACEMENT_3D('',#5552,#4366,#4367);
#3428=AXIS2_PLACEMENT_3D('',#5553,#4368,#4369);
#3429=AXIS2_PLACEMENT_3D('',#5557,#4371,#4372);
#3430=AXIS2_PLACEMENT_3D('',#5558,#4373,#4374);
#3431=AXIS2_PLACEMENT_3D('',#5559,#4375,#4376);
#3432=AXIS2_PLACEMENT_3D('',#5561,#4377,#4378);
#3433=AXIS2_PLACEMENT_3D('',#5563,#4379,#4380);
#3434=AXIS2_PLACEMENT_3D('',#5564,#4381,#4382);
#3435=AXIS2_PLACEMENT_3D('',#5565,#4383,#4384);
#3436=AXIS2_PLACEMENT_3D('',#5567,#4386,#4387);
#3437=AXIS2_PLACEMENT_3D('',#5570,#4388,#4389);
#3438=AXIS2_PLACEMENT_3D('',#5571,#4390,#4391);
#3439=AXIS2_PLACEMENT_3D('',#5573,#4392,#4393);
#3440=AXIS2_PLACEMENT_3D('',#5575,#4394,#4395);
#3441=AXIS2_PLACEMENT_3D('',#5576,#4396,#4397);
#3442=AXIS2_PLACEMENT_3D('',#5577,#4398,#4399);
#3443=AXIS2_PLACEMENT_3D('',#5581,#4401,#4402);
#3444=AXIS2_PLACEMENT_3D('',#5582,#4403,#4404);
#3445=AXIS2_PLACEMENT_3D('',#5583,#4405,#4406);
#3446=AXIS2_PLACEMENT_3D('',#5585,#4407,#4408);
#3447=AXIS2_PLACEMENT_3D('',#5587,#4409,#4410);
#3448=AXIS2_PLACEMENT_3D('',#5588,#4411,#4412);
#3449=AXIS2_PLACEMENT_3D('',#5589,#4413,#4414);
#3450=AXIS2_PLACEMENT_3D('',#5591,#4416,#4417);
#3451=AXIS2_PLACEMENT_3D('',#5594,#4418,#4419);
#3452=AXIS2_PLACEMENT_3D('',#5595,#4420,#4421);
#3453=AXIS2_PLACEMENT_3D('',#5597,#4423,#4424);
#3454=AXIS2_PLACEMENT_3D('',#5600,#4425,#4426);
#3455=AXIS2_PLACEMENT_3D('',#5601,#4427,#4428);
#3456=AXIS2_PLACEMENT_3D('',#5603,#4430,#4431);
#3457=AXIS2_PLACEMENT_3D('',#5605,#4432,#4433);
#3458=AXIS2_PLACEMENT_3D('',#5607,#4434,#4435);
#3459=AXIS2_PLACEMENT_3D('',#5608,#4436,#4437);
#3460=AXIS2_PLACEMENT_3D('',#5609,#4438,#4439);
#3461=AXIS2_PLACEMENT_3D('',#5613,#4441,#4442);
#3462=AXIS2_PLACEMENT_3D('',#5614,#4443,#4444);
#3463=AXIS2_PLACEMENT_3D('',#5615,#4445,#4446);
#3464=AXIS2_PLACEMENT_3D('',#5616,#4447,#4448);
#3465=AXIS2_PLACEMENT_3D('',#5617,#4449,#4450);
#3466=AXIS2_PLACEMENT_3D('',#5620,#4451,#4452);
#3467=AXIS2_PLACEMENT_3D('',#5621,#4453,#4454);
#3468=AXIS2_PLACEMENT_3D('',#5623,#4455,#4456);
#3469=AXIS2_PLACEMENT_3D('',#5625,#4457,#4458);
#3470=AXIS2_PLACEMENT_3D('',#5626,#4459,#4460);
#3471=AXIS2_PLACEMENT_3D('',#5627,#4461,#4462);
#3472=AXIS2_PLACEMENT_3D('',#5630,#4463,#4464);
#3473=AXIS2_PLACEMENT_3D('',#5632,#4466,#4467);
#3474=AXIS2_PLACEMENT_3D('',#5633,#4468,#4469);
#3475=AXIS2_PLACEMENT_3D('',#5636,#4470,#4471);
#3476=AXIS2_PLACEMENT_3D('',#5637,#4472,#4473);
#3477=AXIS2_PLACEMENT_3D('',#5638,#4474,#4475);
#3478=AXIS2_PLACEMENT_3D('',#5639,#4476,#4477);
#3479=AXIS2_PLACEMENT_3D('',#5642,#4478,#4479);
#3480=AXIS2_PLACEMENT_3D('',#5643,#4480,#4481);
#3481=AXIS2_PLACEMENT_3D('',#5645,#4482,#4483);
#3482=AXIS2_PLACEMENT_3D('',#5647,#4484,#4485);
#3483=AXIS2_PLACEMENT_3D('',#5648,#4486,#4487);
#3484=AXIS2_PLACEMENT_3D('',#5649,#4488,#4489);
#3485=AXIS2_PLACEMENT_3D('',#5653,#4491,#4492);
#3486=AXIS2_PLACEMENT_3D('',#5654,#4493,#4494);
#3487=AXIS2_PLACEMENT_3D('',#5655,#4495,#4496);
#3488=AXIS2_PLACEMENT_3D('',#5657,#4497,#4498);
#3489=AXIS2_PLACEMENT_3D('',#5659,#4499,#4500);
#3490=AXIS2_PLACEMENT_3D('',#5660,#4501,#4502);
#3491=AXIS2_PLACEMENT_3D('',#5661,#4503,#4504);
#3492=AXIS2_PLACEMENT_3D('',#5663,#4506,#4507);
#3493=AXIS2_PLACEMENT_3D('',#5666,#4508,#4509);
#3494=AXIS2_PLACEMENT_3D('',#5667,#4510,#4511);
#3495=AXIS2_PLACEMENT_3D('',#5669,#4512,#4513);
#3496=AXIS2_PLACEMENT_3D('',#5671,#4514,#4515);
#3497=AXIS2_PLACEMENT_3D('',#5672,#4516,#4517);
#3498=AXIS2_PLACEMENT_3D('',#5673,#4518,#4519);
#3499=AXIS2_PLACEMENT_3D('',#5676,#4520,#4521);
#3500=AXIS2_PLACEMENT_3D('',#5678,#4523,#4524);
#3501=AXIS2_PLACEMENT_3D('',#5679,#4525,#4526);
#3502=AXIS2_PLACEMENT_3D('',#5682,#4527,#4528);
#3503=AXIS2_PLACEMENT_3D('',#5683,#4529,#4530);
#3504=AXIS2_PLACEMENT_3D('',#5684,#4531,#4532);
#3505=AXIS2_PLACEMENT_3D('',#5685,#4533,#4534);
#3506=AXIS2_PLACEMENT_3D('',#5687,#4536,#4537);
#3507=AXIS2_PLACEMENT_3D('',#5691,#4539,#4540);
#3508=AXIS2_PLACEMENT_3D('',#5692,#4541,#4542);
#3509=AXIS2_PLACEMENT_3D('',#5693,#4543,#4544);
#3510=AXIS2_PLACEMENT_3D('',#5697,#4546,#4547);
#3511=AXIS2_PLACEMENT_3D('',#5698,#4548,#4549);
#3512=AXIS2_PLACEMENT_3D('',#5699,#4550,#4551);
#3513=AXIS2_PLACEMENT_3D('',#5702,#4552,#4553);
#3514=AXIS2_PLACEMENT_3D('',#5703,#4554,#4555);
#3515=AXIS2_PLACEMENT_3D('',#5704,#4556,#4557);
#3516=AXIS2_PLACEMENT_3D('',#5705,#4558,#4559);
#3517=AXIS2_PLACEMENT_3D('',#5708,#4560,#4561);
#3518=AXIS2_PLACEMENT_3D('',#5709,#4562,#4563);
#3519=AXIS2_PLACEMENT_3D('',#5711,#4565,#4566);
#3520=AXIS2_PLACEMENT_3D('',#5712,#4567,#4568);
#3521=AXIS2_PLACEMENT_3D('',#5713,#4569,#4570);
#3522=AXIS2_PLACEMENT_3D('',#5716,#4571,#4572);
#3523=AXIS2_PLACEMENT_3D('',#5717,#4573,#4574);
#3524=AXIS2_PLACEMENT_3D('',#5719,#4575,#4576);
#3525=AXIS2_PLACEMENT_3D('',#5721,#4577,#4578);
#3526=AXIS2_PLACEMENT_3D('',#5722,#4579,#4580);
#3527=AXIS2_PLACEMENT_3D('',#5723,#4581,#4582);
#3528=AXIS2_PLACEMENT_3D('',#5727,#4584,#4585);
#3529=AXIS2_PLACEMENT_3D('',#5728,#4586,#4587);
#3530=AXIS2_PLACEMENT_3D('',#5729,#4588,#4589);
#3531=AXIS2_PLACEMENT_3D('',#5731,#4590,#4591);
#3532=AXIS2_PLACEMENT_3D('',#5733,#4592,#4593);
#3533=AXIS2_PLACEMENT_3D('',#5734,#4594,#4595);
#3534=AXIS2_PLACEMENT_3D('',#5735,#4596,#4597);
#3535=AXIS2_PLACEMENT_3D('',#5737,#4599,#4600);
#3536=AXIS2_PLACEMENT_3D('',#5739,#4602,#4603);
#3537=AXIS2_PLACEMENT_3D('',#5742,#4604,#4605);
#3538=AXIS2_PLACEMENT_3D('',#5743,#4606,#4607);
#3539=AXIS2_PLACEMENT_3D('',#5745,#4608,#4609);
#3540=AXIS2_PLACEMENT_3D('',#5747,#4610,#4611);
#3541=AXIS2_PLACEMENT_3D('',#5748,#4612,#4613);
#3542=AXIS2_PLACEMENT_3D('',#5749,#4614,#4615);
#3543=AXIS2_PLACEMENT_3D('',#5753,#4617,#4618);
#3544=AXIS2_PLACEMENT_3D('',#5754,#4619,#4620);
#3545=AXIS2_PLACEMENT_3D('',#5755,#4621,#4622);
#3546=AXIS2_PLACEMENT_3D('',#5757,#4623,#4624);
#3547=AXIS2_PLACEMENT_3D('',#5759,#4625,#4626);
#3548=AXIS2_PLACEMENT_3D('',#5760,#4627,#4628);
#3549=AXIS2_PLACEMENT_3D('',#5761,#4629,#4630);
#3550=AXIS2_PLACEMENT_3D('',#5764,#4631,#4632);
#3551=AXIS2_PLACEMENT_3D('',#5765,#4633,#4634);
#3552=AXIS2_PLACEMENT_3D('',#5767,#4635,#4636);
#3553=AXIS2_PLACEMENT_3D('',#5769,#4637,#4638);
#3554=AXIS2_PLACEMENT_3D('',#5770,#4639,#4640);
#3555=AXIS2_PLACEMENT_3D('',#5771,#4641,#4642);
#3556=AXIS2_PLACEMENT_3D('',#5775,#4644,#4645);
#3557=AXIS2_PLACEMENT_3D('',#5776,#4646,#4647);
#3558=AXIS2_PLACEMENT_3D('',#5777,#4648,#4649);
#3559=AXIS2_PLACEMENT_3D('',#5779,#4650,#4651);
#3560=AXIS2_PLACEMENT_3D('',#5781,#4652,#4653);
#3561=AXIS2_PLACEMENT_3D('',#5782,#4654,#4655);
#3562=AXIS2_PLACEMENT_3D('',#5783,#4656,#4657);
#3563=AXIS2_PLACEMENT_3D('',#5785,#4659,#4660);
#3564=AXIS2_PLACEMENT_3D('',#5787,#4662,#4663);
#3565=AXIS2_PLACEMENT_3D('',#5790,#4664,#4665);
#3566=AXIS2_PLACEMENT_3D('',#5791,#4666,#4667);
#3567=AXIS2_PLACEMENT_3D('',#5793,#4668,#4669);
#3568=AXIS2_PLACEMENT_3D('',#5795,#4670,#4671);
#3569=AXIS2_PLACEMENT_3D('',#5796,#4672,#4673);
#3570=AXIS2_PLACEMENT_3D('',#5797,#4674,#4675);
#3571=AXIS2_PLACEMENT_3D('',#5800,#4676,#4677);
#3572=AXIS2_PLACEMENT_3D('',#5802,#4679,#4680);
#3573=AXIS2_PLACEMENT_3D('',#5803,#4681,#4682);
#3574=AXIS2_PLACEMENT_3D('',#5806,#4683,#4684);
#3575=AXIS2_PLACEMENT_3D('',#5807,#4685,#4686);
#3576=AXIS2_PLACEMENT_3D('',#5808,#4687,#4688);
#3577=AXIS2_PLACEMENT_3D('',#5809,#4689,#4690);
#3578=AXIS2_PLACEMENT_3D('',#5812,#4691,#4692);
#3579=AXIS2_PLACEMENT_3D('',#5813,#4693,#4694);
#3580=AXIS2_PLACEMENT_3D('',#5815,#4695,#4696);
#3581=AXIS2_PLACEMENT_3D('',#5817,#4697,#4698);
#3582=AXIS2_PLACEMENT_3D('',#5818,#4699,#4700);
#3583=AXIS2_PLACEMENT_3D('',#5819,#4701,#4702);
#3584=AXIS2_PLACEMENT_3D('',#5822,#4703,#4704);
#3585=AXIS2_PLACEMENT_3D('',#5824,#4706,#4707);
#3586=AXIS2_PLACEMENT_3D('',#5825,#4708,#4709);
#3587=AXIS2_PLACEMENT_3D('',#5828,#4710,#4711);
#3588=AXIS2_PLACEMENT_3D('',#5829,#4712,#4713);
#3589=AXIS2_PLACEMENT_3D('',#5830,#4714,#4715);
#3590=AXIS2_PLACEMENT_3D('',#5831,#4716,#4717);
#3591=AXIS2_PLACEMENT_3D('',#5834,#4718,#4719);
#3592=AXIS2_PLACEMENT_3D('',#5835,#4720,#4721);
#3593=AXIS2_PLACEMENT_3D('',#5837,#4722,#4723);
#3594=AXIS2_PLACEMENT_3D('',#5839,#4724,#4725);
#3595=AXIS2_PLACEMENT_3D('',#5840,#4726,#4727);
#3596=AXIS2_PLACEMENT_3D('',#5841,#4728,#4729);
#3597=AXIS2_PLACEMENT_3D('',#5844,#4730,#4731);
#3598=AXIS2_PLACEMENT_3D('',#5846,#4733,#4734);
#3599=AXIS2_PLACEMENT_3D('',#5847,#4735,#4736);
#3600=AXIS2_PLACEMENT_3D('',#5850,#4737,#4738);
#3601=AXIS2_PLACEMENT_3D('',#5851,#4739,#4740);
#3602=AXIS2_PLACEMENT_3D('',#5852,#4741,#4742);
#3603=AXIS2_PLACEMENT_3D('',#5853,#4743,#4744);
#3604=AXIS2_PLACEMENT_3D('',#5856,#4745,#4746);
#3605=AXIS2_PLACEMENT_3D('',#5857,#4747,#4748);
#3606=AXIS2_PLACEMENT_3D('',#5859,#4749,#4750);
#3607=AXIS2_PLACEMENT_3D('',#5861,#4751,#4752);
#3608=AXIS2_PLACEMENT_3D('',#5862,#4753,#4754);
#3609=AXIS2_PLACEMENT_3D('',#5863,#4755,#4756);
#3610=AXIS2_PLACEMENT_3D('',#5867,#4758,#4759);
#3611=AXIS2_PLACEMENT_3D('',#5868,#4760,#4761);
#3612=AXIS2_PLACEMENT_3D('',#5869,#4762,#4763);
#3613=AXIS2_PLACEMENT_3D('',#5871,#4764,#4765);
#3614=AXIS2_PLACEMENT_3D('',#5873,#4766,#4767);
#3615=AXIS2_PLACEMENT_3D('',#5874,#4768,#4769);
#3616=AXIS2_PLACEMENT_3D('',#5875,#4770,#4771);
#3617=AXIS2_PLACEMENT_3D('',#5877,#4773,#4774);
#3618=AXIS2_PLACEMENT_3D('',#5879,#4776,#4777);
#3619=AXIS2_PLACEMENT_3D('',#5883,#4779,#4780);
#3620=AXIS2_PLACEMENT_3D('',#5884,#4781,#4782);
#3621=AXIS2_PLACEMENT_3D('',#5885,#4783,#4784);
#3622=AXIS2_PLACEMENT_3D('',#5889,#4786,#4787);
#3623=AXIS2_PLACEMENT_3D('',#5890,#4788,#4789);
#3624=AXIS2_PLACEMENT_3D('',#5891,#4790,#4791);
#3625=AXIS2_PLACEMENT_3D('',#5894,#4792,#4793);
#3626=AXIS2_PLACEMENT_3D('',#5895,#4794,#4795);
#3627=AXIS2_PLACEMENT_3D('',#5896,#4796,#4797);
#3628=AXIS2_PLACEMENT_3D('',#5897,#4798,#4799);
#3629=AXIS2_PLACEMENT_3D('',#5900,#4800,#4801);
#3630=AXIS2_PLACEMENT_3D('',#5901,#4802,#4803);
#3631=AXIS2_PLACEMENT_3D('',#5903,#4805,#4806);
#3632=AXIS2_PLACEMENT_3D('',#5904,#4807,#4808);
#3633=AXIS2_PLACEMENT_3D('',#5905,#4809,#4810);
#3634=AXIS2_PLACEMENT_3D('',#5909,#4812,#4813);
#3635=AXIS2_PLACEMENT_3D('',#5910,#4814,#4815);
#3636=AXIS2_PLACEMENT_3D('',#5911,#4816,#4817);
#3637=AXIS2_PLACEMENT_3D('',#5915,#4819,#4820);
#3638=AXIS2_PLACEMENT_3D('',#5916,#4821,#4822);
#3639=AXIS2_PLACEMENT_3D('',#5917,#4823,#4824);
#3640=AXIS2_PLACEMENT_3D('',#5920,#4825,#4826);
#3641=AXIS2_PLACEMENT_3D('',#5921,#4827,#4828);
#3642=AXIS2_PLACEMENT_3D('',#5922,#4829,#4830);
#3643=AXIS2_PLACEMENT_3D('',#5923,#4831,#4832);
#3644=AXIS2_PLACEMENT_3D('',#5926,#4833,#4834);
#3645=AXIS2_PLACEMENT_3D('',#5927,#4835,#4836);
#3646=AXIS2_PLACEMENT_3D('',#5929,#4838,#4839);
#3647=AXIS2_PLACEMENT_3D('',#5930,#4840,#4841);
#3648=AXIS2_PLACEMENT_3D('',#5931,#4842,#4843);
#3649=AXIS2_PLACEMENT_3D('',#5935,#4845,#4846);
#3650=AXIS2_PLACEMENT_3D('',#5936,#4847,#4848);
#3651=AXIS2_PLACEMENT_3D('',#5937,#4849,#4850);
#3652=AXIS2_PLACEMENT_3D('',#5941,#4852,#4853);
#3653=AXIS2_PLACEMENT_3D('',#5942,#4854,#4855);
#3654=AXIS2_PLACEMENT_3D('',#5943,#4856,#4857);
#3655=AXIS2_PLACEMENT_3D('',#5946,#4858,#4859);
#3656=AXIS2_PLACEMENT_3D('',#5947,#4860,#4861);
#3657=AXIS2_PLACEMENT_3D('',#5948,#4862,#4863);
#3658=AXIS2_PLACEMENT_3D('',#5949,#4864,#4865);
#3659=AXIS2_PLACEMENT_3D('',#5952,#4866,#4867);
#3660=AXIS2_PLACEMENT_3D('',#5953,#4868,#4869);
#3661=AXIS2_PLACEMENT_3D('',#5955,#4871,#4872);
#3662=AXIS2_PLACEMENT_3D('',#5956,#4873,#4874);
#3663=AXIS2_PLACEMENT_3D('',#5957,#4875,#4876);
#3664=AXIS2_PLACEMENT_3D('',#5960,#4877,#4878);
#3665=AXIS2_PLACEMENT_3D('',#5961,#4879,#4880);
#3666=AXIS2_PLACEMENT_3D('',#5963,#4881,#4882);
#3667=AXIS2_PLACEMENT_3D('',#5965,#4883,#4884);
#3668=AXIS2_PLACEMENT_3D('',#5966,#4885,#4886);
#3669=AXIS2_PLACEMENT_3D('',#5967,#4887,#4888);
#3670=AXIS2_PLACEMENT_3D('',#5971,#4890,#4891);
#3671=AXIS2_PLACEMENT_3D('',#5972,#4892,#4893);
#3672=AXIS2_PLACEMENT_3D('',#5973,#4894,#4895);
#3673=AXIS2_PLACEMENT_3D('',#5975,#4896,#4897);
#3674=AXIS2_PLACEMENT_3D('',#5977,#4898,#4899);
#3675=AXIS2_PLACEMENT_3D('',#5978,#4900,#4901);
#3676=AXIS2_PLACEMENT_3D('',#5979,#4902,#4903);
#3677=AXIS2_PLACEMENT_3D('',#5981,#4905,#4906);
#3678=DIRECTION('axis',(0.,0.,1.));
#3679=DIRECTION('refdir',(1.,0.,0.));
#3680=DIRECTION('center_axis',(0.,-1.,0.));
#3681=DIRECTION('ref_axis',(0.,0.,-1.));
#3682=DIRECTION('center_axis',(0.,1.,0.));
#3683=DIRECTION('ref_axis',(1.,0.,0.));
#3684=DIRECTION('center_axis',(-1.,0.,-1.22464679914735E-16));
#3685=DIRECTION('ref_axis',(-1.22464679914735E-16,0.,1.));
#3686=DIRECTION('center_axis',(0.,-1.,0.));
#3687=DIRECTION('ref_axis',(1.,0.,0.));
#3688=DIRECTION('center_axis',(0.,-1.,0.));
#3689=DIRECTION('ref_axis',(1.,0.,0.));
#3690=DIRECTION('center_axis',(0.,1.,0.));
#3691=DIRECTION('ref_axis',(1.,0.,0.));
#3692=DIRECTION('center_axis',(0.,-1.,0.));
#3693=DIRECTION('ref_axis',(1.,0.,0.));
#3694=DIRECTION('center_axis',(0.,1.,0.));
#3695=DIRECTION('ref_axis',(1.,0.,0.));
#3696=DIRECTION('',(0.,-1.,0.));
#3697=DIRECTION('center_axis',(0.,1.,0.));
#3698=DIRECTION('ref_axis',(1.,0.,0.));
#3699=DIRECTION('center_axis',(0.,1.,0.));
#3700=DIRECTION('ref_axis',(1.,0.,0.));
#3701=DIRECTION('center_axis',(0.,1.,0.));
#3702=DIRECTION('ref_axis',(0.,0.,1.));
#3703=DIRECTION('center_axis',(-1.,0.,1.22464679914735E-16));
#3704=DIRECTION('ref_axis',(-1.22464679914735E-16,0.,-1.));
#3705=DIRECTION('center_axis',(0.,1.,0.));
#3706=DIRECTION('ref_axis',(1.,0.,0.));
#3707=DIRECTION('center_axis',(0.,1.,0.));
#3708=DIRECTION('ref_axis',(1.,0.,0.));
#3709=DIRECTION('center_axis',(0.,1.,0.));
#3710=DIRECTION('ref_axis',(1.,0.,0.));
#3711=DIRECTION('',(0.,-1.,0.));
#3712=DIRECTION('center_axis',(0.,-1.,0.));
#3713=DIRECTION('ref_axis',(1.,0.,0.));
#3714=DIRECTION('center_axis',(0.,-1.,0.));
#3715=DIRECTION('ref_axis',(1.,0.,0.));
#3716=DIRECTION('center_axis',(0.,-1.,0.));
#3717=DIRECTION('ref_axis',(0.,0.,-1.));
#3718=DIRECTION('center_axis',(-1.,0.,-1.22464679914735E-16));
#3719=DIRECTION('ref_axis',(-1.22464679914735E-16,0.,1.));
#3720=DIRECTION('center_axis',(0.,-1.,0.));
#3721=DIRECTION('ref_axis',(1.,0.,0.));
#3722=DIRECTION('center_axis',(0.,1.,0.));
#3723=DIRECTION('ref_axis',(1.,0.,0.));
#3724=DIRECTION('center_axis',(0.,1.,0.));
#3725=DIRECTION('ref_axis',(1.,0.,0.));
#3726=DIRECTION('center_axis',(0.,1.,0.));
#3727=DIRECTION('ref_axis',(0.,0.,1.));
#3728=DIRECTION('center_axis',(-1.,0.,1.22464679914735E-16));
#3729=DIRECTION('ref_axis',(-1.22464679914735E-16,0.,-1.));
#3730=DIRECTION('center_axis',(1.,0.,0.));
#3731=DIRECTION('ref_axis',(0.,0.,-1.));
#3732=DIRECTION('center_axis',(0.,-1.,-6.04901474817726E-16));
#3733=DIRECTION('ref_axis',(1.,0.,0.));
#3734=DIRECTION('center_axis',(-1.,0.,0.));
#3735=DIRECTION('ref_axis',(0.,0.,-1.));
#3736=DIRECTION('center_axis',(0.,0.,1.));
#3737=DIRECTION('ref_axis',(1.,0.,0.));
#3738=DIRECTION('center_axis',(0.,0.,1.));
#3739=DIRECTION('ref_axis',(1.,0.,0.));
#3740=DIRECTION('center_axis',(0.,0.,1.));
#3741=DIRECTION('ref_axis',(1.,0.,0.));
#3742=DIRECTION('center_axis',(0.,0.,-1.));
#3743=DIRECTION('ref_axis',(1.,0.,0.));
#3744=DIRECTION('center_axis',(0.,0.,1.));
#3745=DIRECTION('ref_axis',(1.,0.,0.));
#3746=DIRECTION('',(0.,0.,-1.));
#3747=DIRECTION('center_axis',(-0.95184299720759,0.,0.306585891173862));
#3748=DIRECTION('ref_axis',(0.306585891173862,0.,0.95184299720759));
#3749=DIRECTION('center_axis',(0.306585891173859,-6.66906482178797E-16,
0.951842997207591));
#3750=DIRECTION('ref_axis',(4.71844785465691E-15,-1.,-2.22044604925031E-15));
#3751=DIRECTION('center_axis',(0.306585891173859,-6.66906482178797E-16,
0.951842997207591));
#3752=DIRECTION('ref_axis',(4.71844785465691E-15,-1.,-2.22044604925031E-15));
#3753=DIRECTION('center_axis',(0.95184299720759,0.,-0.306585891173862));
#3754=DIRECTION('ref_axis',(0.306585891173862,0.,0.95184299720759));
#3755=DIRECTION('center_axis',(2.79427345346904E-15,1.,1.43275859184329E-15));
#3756=DIRECTION('ref_axis',(-0.306585891173863,2.22044604925032E-15,-0.95184299720759));
#3757=DIRECTION('center_axis',(2.79427345346904E-15,1.,1.43275859184329E-15));
#3758=DIRECTION('ref_axis',(-0.306585891173863,2.22044604925032E-15,-0.95184299720759));
#3759=DIRECTION('center_axis',(2.79427345346904E-15,1.,1.43275859184329E-15));
#3760=DIRECTION('ref_axis',(-0.306585891173863,2.22044604925032E-15,-0.95184299720759));
#3761=DIRECTION('center_axis',(1.,0.,0.));
#3762=DIRECTION('ref_axis',(0.,0.,-1.));
#3763=DIRECTION('center_axis',(0.,-1.,6.04901474817726E-16));
#3764=DIRECTION('ref_axis',(1.,0.,0.));
#3765=DIRECTION('center_axis',(0.,-1.,6.04901474817726E-16));
#3766=DIRECTION('ref_axis',(1.,0.,0.));
#3767=DIRECTION('center_axis',(1.,0.,0.));
#3768=DIRECTION('ref_axis',(0.,0.,-1.));
#3769=DIRECTION('center_axis',(0.,0.,-1.));
#3770=DIRECTION('ref_axis',(1.,0.,0.));
#3771=DIRECTION('center_axis',(0.,0.,-1.));
#3772=DIRECTION('ref_axis',(1.,0.,0.));
#3773=DIRECTION('center_axis',(0.,0.,-1.));
#3774=DIRECTION('ref_axis',(1.,0.,0.));
#3775=DIRECTION('center_axis',(0.,0.,1.));
#3776=DIRECTION('ref_axis',(1.,0.,0.));
#3777=DIRECTION('center_axis',(0.,0.,-1.));
#3778=DIRECTION('ref_axis',(1.,0.,0.));
#3779=DIRECTION('',(0.,0.,-1.));
#3780=DIRECTION('center_axis',(0.951842997207591,1.55415085920718E-15,0.306585891173861));
#3781=DIRECTION('ref_axis',(0.306585891173861,0.,-0.951842997207591));
#3782=DIRECTION('center_axis',(0.306585891173863,-2.13892732691768E-15,
-0.95184299720759));
#3783=DIRECTION('ref_axis',(4.8529215894753E-14,1.,1.33839778340729E-14));
#3784=DIRECTION('center_axis',(-0.951842997207591,-1.55415085920718E-15,
-0.306585891173861));
#3785=DIRECTION('ref_axis',(0.306585891173861,-1.26871622620057E-31,-0.951842997207591));
#3786=DIRECTION('center_axis',(0.,1.,0.));
#3787=DIRECTION('ref_axis',(0.456265675285256,0.,-0.889843600615574));
#3788=DIRECTION('center_axis',(0.,1.,0.));
#3789=DIRECTION('ref_axis',(0.456265675285256,0.,-0.889843600615574));
#3790=DIRECTION('center_axis',(0.306585891173863,-2.13892732691768E-15,
-0.95184299720759));
#3791=DIRECTION('ref_axis',(4.8529215894753E-14,1.,1.33839778340729E-14));
#3792=DIRECTION('center_axis',(0.101587795500465,0.,-0.994826577753809));
#3793=DIRECTION('ref_axis',(-0.994826577753809,0.,-0.101587795500466));
#3794=DIRECTION('center_axis',(-0.994826577753809,-6.66906482178797E-16,
-0.101587795500468));
#3795=DIRECTION('ref_axis',(1.38046350500734E-16,-1.,5.21297170718019E-15));
#3796=DIRECTION('center_axis',(-0.994826577753809,-6.66906482178797E-16,
-0.101587795500468));
#3797=DIRECTION('ref_axis',(1.38046350500734E-16,-1.,5.21297170718019E-15));
#3798=DIRECTION('center_axis',(-0.101587795500465,0.,0.994826577753809));
#3799=DIRECTION('ref_axis',(-0.994826577753809,0.,-0.101587795500465));
#3800=DIRECTION('center_axis',(-2.43452896343371E-15,1.,1.98338852509158E-15));
#3801=DIRECTION('ref_axis',(0.994826577753809,2.22044604925032E-15,0.101587795500465));
#3802=DIRECTION('center_axis',(-2.43452896343371E-15,1.,1.98338852509158E-15));
#3803=DIRECTION('ref_axis',(0.994826577753809,2.22044604925032E-15,0.101587795500465));
#3804=DIRECTION('center_axis',(0.994826577753809,0.,0.101587795500465));
#3805=DIRECTION('ref_axis',(0.0718334190841678,0.707106781186549,-0.703448619234324));
#3806=DIRECTION('center_axis',(-0.994826577753809,8.50946788516097E-16,
-0.101587795500469));
#3807=DIRECTION('ref_axis',(-1.11492877334076E-15,-1.,2.54178158147503E-15));
#3808=DIRECTION('',(-0.994826577753809,0.,-0.101587795500465));
#3809=DIRECTION('center_axis',(-0.994826577753809,8.50946788516097E-16,
-0.101587795500469));
#3810=DIRECTION('ref_axis',(-1.11492877334076E-15,-1.,2.54178158147503E-15));
#3811=DIRECTION('center_axis',(0.101587795500465,0.,-0.994826577753809));
#3812=DIRECTION('ref_axis',(-0.994826577753809,0.,-0.101587795500465));
#3813=DIRECTION('center_axis',(4.64348770769637E-15,1.,-1.75781830592055E-15));
#3814=DIRECTION('ref_axis',(-0.99482657775381,4.44089209850065E-15,-0.101587795500455));
#3815=DIRECTION('center_axis',(4.64348770769637E-15,1.,-1.75781830592055E-15));
#3816=DIRECTION('ref_axis',(-0.99482657775381,4.44089209850065E-15,-0.101587795500455));
#3817=DIRECTION('center_axis',(-0.101587795500465,0.,0.994826577753809));
#3818=DIRECTION('ref_axis',(-0.994826577753809,0.,-0.101587795500465));
#3819=DIRECTION('center_axis',(-0.226936173216675,0.,-0.973909633018265));
#3820=DIRECTION('ref_axis',(-0.973909633018265,0.,0.226936173216675));
#3821=DIRECTION('center_axis',(-0.973909633018265,-6.66906482178797E-16,
0.226936173216672));
#3822=DIRECTION('ref_axis',(1.82321576475788E-15,-1.,4.88569494441538E-15));
#3823=DIRECTION('center_axis',(-0.973909633018265,-6.66906482178797E-16,
0.226936173216672));
#3824=DIRECTION('ref_axis',(1.82321576475788E-15,-1.,4.88569494441538E-15));
#3825=DIRECTION('center_axis',(0.226936173216675,0.,0.973909633018265));
#3826=DIRECTION('ref_axis',(-0.973909633018265,0.,0.226936173216675));
#3827=DIRECTION('center_axis',(-1.65861426771129E-15,1.,2.66641332621316E-15));
#3828=DIRECTION('ref_axis',(0.973909633018265,2.22044604925032E-15,-0.226936173216676));
#3829=DIRECTION('center_axis',(-1.65861426771129E-15,1.,2.66641332621316E-15));
#3830=DIRECTION('ref_axis',(0.973909633018265,2.22044604925032E-15,-0.226936173216676));
#3831=DIRECTION('center_axis',(0.973909633018265,0.,-0.226936173216675));
#3832=DIRECTION('ref_axis',(-0.160468106978039,0.707106781186549,-0.688658105770115));
#3833=DIRECTION('center_axis',(-0.973909633018266,8.50946788516097E-16,
0.226936173216672));
#3834=DIRECTION('ref_axis',(-2.29203726754646E-16,-1.,2.76607762530097E-15));
#3835=DIRECTION('',(-0.973909633018265,0.,0.226936173216675));
#3836=DIRECTION('center_axis',(-0.973909633018266,8.50946788516097E-16,
0.226936173216672));
#3837=DIRECTION('ref_axis',(-2.29203726754646E-16,-1.,2.76607762530097E-15));
#3838=DIRECTION('center_axis',(-0.226936173216675,0.,-0.973909633018265));
#3839=DIRECTION('ref_axis',(-0.973909633018265,0.,0.226936173216675));
#3840=DIRECTION('center_axis',(3.82112806467351E-15,1.,-3.17031285546414E-15));
#3841=DIRECTION('ref_axis',(-0.973909633018262,4.44089209850065E-15,0.226936173216685));
#3842=DIRECTION('center_axis',(3.82112806467351E-15,1.,-3.17031285546414E-15));
#3843=DIRECTION('ref_axis',(-0.973909633018262,4.44089209850065E-15,0.226936173216685));
#3844=DIRECTION('center_axis',(0.226936173216675,0.,0.973909633018265));
#3845=DIRECTION('ref_axis',(-0.973909633018265,0.,0.226936173216675));
#3846=DIRECTION('center_axis',(0.983039686959935,0.,0.183392949323886));
#3847=DIRECTION('ref_axis',(0.183392949323886,0.,-0.983039686959935));
#3848=DIRECTION('center_axis',(1.36835828959329E-15,1.,4.77278732811949E-15));
#3849=DIRECTION('ref_axis',(0.183392949323876,4.44089209850065E-15,-0.983039686959937));
#3850=DIRECTION('center_axis',(1.36835828959329E-15,1.,4.77278732811949E-15));
#3851=DIRECTION('ref_axis',(0.183392949323876,4.44089209850065E-15,-0.983039686959937));
#3852=DIRECTION('center_axis',(-0.983039686959935,0.,-0.183392949323886));
#3853=DIRECTION('ref_axis',(0.183392949323886,0.,-0.983039686959935));
#3854=DIRECTION('center_axis',(0.18339294932389,8.50946788516097E-16,-0.983039686959934));
#3855=DIRECTION('ref_axis',(-2.44103002035724E-15,-1.,-1.32101938565019E-15));
#3856=DIRECTION('center_axis',(0.18339294932389,8.50946788516097E-16,-0.983039686959934));
#3857=DIRECTION('ref_axis',(-2.44103002035724E-15,-1.,-1.32101938565019E-15));
#3858=DIRECTION('center_axis',(-0.183392949323886,0.,0.983039686959935));
#3859=DIRECTION('ref_axis',(0.69511402882487,0.707106781186549,0.129678398088717));
#3860=DIRECTION('',(0.183392949323886,0.,-0.983039686959935));
#3861=DIRECTION('center_axis',(0.183392949323889,-6.66906482178797E-16,
-0.983039686959934));
#3862=DIRECTION('ref_axis',(-5.20656654312748E-15,-1.,-2.92908939319531E-16));
#3863=DIRECTION('center_axis',(0.183392949323889,-6.66906482178797E-16,
-0.983039686959934));
#3864=DIRECTION('ref_axis',(-5.20656654312748E-15,-1.,-2.92908939319531E-16));
#3865=DIRECTION('center_axis',(0.983039686959935,0.,0.183392949323886));
#3866=DIRECTION('ref_axis',(0.183392949323886,0.,-0.983039686959935));
#3867=DIRECTION('center_axis',(-0.983039686959935,0.,-0.183392949323886));
#3868=DIRECTION('ref_axis',(0.183392949323886,0.,-0.983039686959935));
#3869=DIRECTION('center_axis',(-1.77557243937984E-15,1.,-2.59000073895304E-15));
#3870=DIRECTION('ref_axis',(-0.183392949323886,2.22044604925032E-15,0.983039686959935));
#3871=DIRECTION('center_axis',(-1.77557243937984E-15,1.,-2.59000073895304E-15));
#3872=DIRECTION('ref_axis',(-0.183392949323886,2.22044604925032E-15,0.983039686959935));
#3873=DIRECTION('center_axis',(-0.306585891173862,0.,-0.95184299720759));
#3874=DIRECTION('ref_axis',(-0.673054637950413,0.707106781186549,0.216788962665162));
#3875=DIRECTION('center_axis',(0.306585891173859,8.50946788516097E-16,0.951842997207591));
#3876=DIRECTION('ref_axis',(2.77555756156288E-15,-1.,0.));
#3877=DIRECTION('',(0.306585891173862,0.,0.95184299720759));
#3878=DIRECTION('center_axis',(0.306585891173859,8.50946788516097E-16,0.951842997207591));
#3879=DIRECTION('ref_axis',(2.77555756156288E-15,-1.,0.));
#3880=DIRECTION('center_axis',(-0.95184299720759,0.,0.306585891173862));
#3881=DIRECTION('ref_axis',(0.306585891173862,0.,0.95184299720759));
#3882=DIRECTION('center_axis',(-3.47503088428196E-15,1.,-3.54627461449945E-15));
#3883=DIRECTION('ref_axis',(0.306585891173872,4.44089209850065E-15,0.951842997207587));
#3884=DIRECTION('center_axis',(-3.47503088428196E-15,1.,-3.54627461449945E-15));
#3885=DIRECTION('ref_axis',(0.306585891173872,4.44089209850065E-15,0.951842997207587));
#3886=DIRECTION('center_axis',(0.95184299720759,0.,-0.306585891173862));
#3887=DIRECTION('ref_axis',(0.306585891173862,0.,0.95184299720759));
#3888=DIRECTION('center_axis',(0.263945343345422,1.55415085920718E-15,0.964537638314995));
#3889=DIRECTION('ref_axis',(0.964537638314995,0.,-0.263945343345422));
#3890=DIRECTION('center_axis',(0.964537638314995,-2.13892732691768E-15,
-0.26394534334542));
#3891=DIRECTION('ref_axis',(1.53383476602661E-14,1.,4.79473747881498E-14));
#3892=DIRECTION('center_axis',(-0.263945343345422,-1.55415085920718E-15,
-0.964537638314995));
#3893=DIRECTION('ref_axis',(0.964537638314995,1.26871622620057E-31,-0.263945343345422));
#3894=DIRECTION('center_axis',(0.,1.,0.));
#3895=DIRECTION('ref_axis',(0.994500904043544,0.,-0.104727989843084));
#3896=DIRECTION('center_axis',(0.,1.,0.));
#3897=DIRECTION('ref_axis',(0.994500904043544,0.,-0.104727989843084));
#3898=DIRECTION('center_axis',(0.964537638314995,-2.13892732691768E-15,
-0.26394534334542));
#3899=DIRECTION('ref_axis',(1.53383476602661E-14,1.,4.79473747881498E-14));
#3900=DIRECTION('center_axis',(0.964537638314995,-8.61050997389906E-17,
-0.263945343345422));
#3901=DIRECTION('ref_axis',(-0.186637542142161,0.707106781186546,-0.682031104762191));
#3902=DIRECTION('center_axis',(0.964537638314996,-1.64693262078378E-15,
-0.263945343345417));
#3903=DIRECTION('ref_axis',(2.15448373484729E-14,1.,7.24918033054785E-14));
#3904=DIRECTION('center_axis',(0.964537638314996,-1.64693262078378E-15,
-0.263945343345417));
#3905=DIRECTION('ref_axis',(2.15448373484729E-14,1.,7.24918033054785E-14));
#3906=DIRECTION('',(-0.964537638314995,8.61050997389906E-17,0.263945343345422));
#3907=DIRECTION('center_axis',(0.263945343345422,1.55415085920718E-15,0.964537638314995));
#3908=DIRECTION('ref_axis',(0.964537638314995,0.,-0.263945343345422));
#3909=DIRECTION('center_axis',(0.,1.,0.));
#3910=DIRECTION('ref_axis',(-0.223860377184281,0.,0.974621224644175));
#3911=DIRECTION('center_axis',(0.,1.,0.));
#3912=DIRECTION('ref_axis',(-0.223860377184281,0.,0.974621224644175));
#3913=DIRECTION('center_axis',(-0.263945343345422,-1.55415085920718E-15,
-0.964537638314995));
#3914=DIRECTION('ref_axis',(0.964537638314995,-3.17179056550143E-31,-0.263945343345422));
#3915=DIRECTION('center_axis',(-0.0635408025861239,1.55415085920718E-15,
0.997979241470839));
#3916=DIRECTION('ref_axis',(0.997979241470839,0.,0.0635408025861238));
#3917=DIRECTION('center_axis',(0.,1.,0.));
#3918=DIRECTION('ref_axis',(-0.528189998792083,0.,0.849126212748152));
#3919=DIRECTION('center_axis',(0.,1.,0.));
#3920=DIRECTION('ref_axis',(-0.528189998792083,0.,0.849126212748152));
#3921=DIRECTION('center_axis',(0.0635408025861239,-1.55415085920718E-15,
-0.997979241470839));
#3922=DIRECTION('ref_axis',(0.997979241470839,4.75768584825215E-32,0.0635408025861239));
#3923=DIRECTION('center_axis',(0.997979241470839,-1.64693262078378E-15,
0.0635408025861287));
#3924=DIRECTION('ref_axis',(-3.16057142115775E-15,1.,7.55595946994431E-14));
#3925=DIRECTION('center_axis',(0.997979241470839,-1.64693262078378E-15,
0.0635408025861287));
#3926=DIRECTION('ref_axis',(-3.16057142115775E-15,1.,7.55595946994431E-14));
#3927=DIRECTION('center_axis',(0.997979241470839,-8.61050997389906E-17,
0.0635408025861239));
#3928=DIRECTION('ref_axis',(0.044930132390683,0.707106781186546,-0.705677889127438));
#3929=DIRECTION('',(-0.997979241470839,8.61050997389906E-17,-0.0635408025861239));
#3930=DIRECTION('center_axis',(0.997979241470839,-2.13892732691768E-15,
0.0635408025861258));
#3931=DIRECTION('ref_axis',(-1.06121346719198E-15,1.,5.03298071126798E-14));
#3932=DIRECTION('center_axis',(0.997979241470839,-2.13892732691768E-15,
0.0635408025861258));
#3933=DIRECTION('ref_axis',(-1.06121346719198E-15,1.,5.03298071126798E-14));
#3934=DIRECTION('center_axis',(-0.0635408025861239,1.55415085920718E-15,
0.997979241470839));
#3935=DIRECTION('ref_axis',(0.997979241470839,0.,0.0635408025861239));
#3936=DIRECTION('center_axis',(0.0635408025861239,-1.55415085920718E-15,
-0.997979241470839));
#3937=DIRECTION('ref_axis',(0.997979241470839,-1.42730575447565E-31,0.0635408025861239));
#3938=DIRECTION('center_axis',(-1.05816693051412E-16,-1.,1.66196929796831E-15));
#3939=DIRECTION('ref_axis',(-0.997979241470839,-6.40949485492072E-30,-0.0635408025861263));
#3940=DIRECTION('center_axis',(-1.05816693051412E-16,-1.,1.66196929796831E-15));
#3941=DIRECTION('ref_axis',(-0.997979241470839,-6.40949485492072E-30,-0.0635408025861263));
#3942=DIRECTION('center_axis',(0.,1.,0.));
#3943=DIRECTION('ref_axis',(-0.0825793454723327,0.,0.99658449300667));
#3944=DIRECTION('',(0.,-1.,0.));
#3945=DIRECTION('center_axis',(-0.530868086288252,0.,-0.847454467780216));
#3946=DIRECTION('ref_axis',(-0.847454467780216,0.,0.530868086288252));
#3947=DIRECTION('center_axis',(-0.847454467780217,-6.66906482178797E-16,
0.53086808628825));
#3948=DIRECTION('ref_axis',(3.3108114607961E-15,-1.,4.0289773250552E-15));
#3949=DIRECTION('center_axis',(-0.847454467780217,-6.66906482178797E-16,
0.53086808628825));
#3950=DIRECTION('ref_axis',(3.3108114607961E-15,-1.,4.0289773250552E-15));
#3951=DIRECTION('center_axis',(0.530868086288252,0.,0.847454467780216));
#3952=DIRECTION('ref_axis',(-0.847454467780216,0.,0.530868086288252));
#3953=DIRECTION('center_axis',(-7.02962980030298E-16,1.,3.06049086977391E-15));
#3954=DIRECTION('ref_axis',(0.847454467780216,2.22044604925032E-15,-0.530868086288252));
#3955=DIRECTION('center_axis',(-7.02962980030298E-16,1.,3.06049086977391E-15));
#3956=DIRECTION('ref_axis',(0.847454467780216,2.22044604925032E-15,-0.530868086288252));
#3957=DIRECTION('center_axis',(0.847454467780216,0.,-0.530868086288252));
#3958=DIRECTION('ref_axis',(-0.37538042372995,0.707106781186549,-0.599240800914224));
#3959=DIRECTION('center_axis',(-0.847454467780218,8.50946788516097E-16,
0.530868086288249));
#3960=DIRECTION('ref_axis',(6.8135910008759E-16,-1.,2.69062623830897E-15));
#3961=DIRECTION('',(-0.847454467780216,0.,0.530868086288252));
#3962=DIRECTION('center_axis',(-0.847454467780218,8.50946788516097E-16,
0.530868086288249));
#3963=DIRECTION('ref_axis',(6.8135910008759E-16,-1.,2.69062623830897E-15));
#3964=DIRECTION('center_axis',(-0.530868086288252,0.,-0.847454467780216));
#3965=DIRECTION('ref_axis',(-0.847454467780216,0.,0.530868086288252));
#3966=DIRECTION('center_axis',(2.58468990493239E-15,1.,-4.23925481464576E-15));
#3967=DIRECTION('ref_axis',(-0.847454467780211,4.44089209850065E-15,0.530868086288261));
#3968=DIRECTION('center_axis',(2.58468990493239E-15,1.,-4.23925481464576E-15));
#3969=DIRECTION('ref_axis',(-0.847454467780211,4.44089209850065E-15,0.530868086288261));
#3970=DIRECTION('center_axis',(0.530868086288252,0.,0.847454467780216));
#3971=DIRECTION('ref_axis',(-0.847454467780216,0.,0.530868086288252));
#3972=DIRECTION('center_axis',(0.,1.,0.));
#3973=DIRECTION('ref_axis',(0.245485487140799,0.,0.96940026593933));
#3974=DIRECTION('',(0.,-1.,0.));
#3975=DIRECTION('center_axis',(0.,1.,0.));
#3976=DIRECTION('ref_axis',(0.245485487140799,0.,0.969400265939331));
#3977=DIRECTION('',(0.,-1.,0.));
#3978=DIRECTION('center_axis',(-0.999817794280746,0.,-0.0190886940251065));
#3979=DIRECTION('ref_axis',(-0.0190886940251065,0.,0.999817794280746));
#3980=DIRECTION('center_axis',(-0.0190886940251094,-6.66906482178797E-16,
0.999817794280746));
#3981=DIRECTION('ref_axis',(5.18376698858909E-15,-1.,-5.68058643769923E-16));
#3982=DIRECTION('center_axis',(-0.0190886940251094,-6.66906482178797E-16,
0.999817794280746));
#3983=DIRECTION('ref_axis',(5.18376698858909E-15,-1.,-5.68058643769923E-16));
#3984=DIRECTION('center_axis',(0.999817794280746,0.,0.0190886940251065));
#3985=DIRECTION('ref_axis',(-0.0190886940251065,0.,0.999817794280746));
#3986=DIRECTION('center_axis',(2.17765605604743E-15,1.,2.26242688651424E-15));
#3987=DIRECTION('ref_axis',(0.0190886940251059,2.22044604925032E-15,-0.999817794280746));
#3988=DIRECTION('center_axis',(2.17765605604743E-15,1.,2.26242688651424E-15));
#3989=DIRECTION('ref_axis',(0.0190886940251059,2.22044604925032E-15,-0.999817794280746));
#3990=DIRECTION('center_axis',(0.0190886940251065,0.,-0.999817794280746));
#3991=DIRECTION('ref_axis',(-0.706977942286891,0.707106781186549,-0.0134977449891445));
#3992=DIRECTION('center_axis',(-0.01908869402511,8.50946788516097E-16,0.999817794280746));
#3993=DIRECTION('ref_axis',(2.62517019705874E-15,-1.,9.01222066986512E-16));
#3994=DIRECTION('',(-0.0190886940251065,0.,0.999817794280746));
#3995=DIRECTION('center_axis',(-0.01908869402511,8.50946788516097E-16,0.999817794280746));
#3996=DIRECTION('ref_axis',(2.62517019705874E-15,-1.,9.01222066986512E-16));
#3997=DIRECTION('center_axis',(-0.999817794280746,0.,-0.0190886940251065));
#3998=DIRECTION('ref_axis',(-0.0190886940251066,0.,0.999817794280746));
#3999=DIRECTION('center_axis',(-2.13527064081406E-15,1.,-4.48246835779509E-15));
#4000=DIRECTION('ref_axis',(-0.0190886940250964,4.44089209850065E-15,0.999817794280746));
#4001=DIRECTION('center_axis',(-2.13527064081406E-15,1.,-4.48246835779509E-15));
#4002=DIRECTION('ref_axis',(-0.0190886940250964,4.44089209850065E-15,0.999817794280746));
#4003=DIRECTION('center_axis',(0.999817794280746,0.,0.0190886940251065));
#4004=DIRECTION('ref_axis',(-0.0190886940251065,0.,0.999817794280746));
#4005=DIRECTION('center_axis',(0.,1.,0.));
#4006=DIRECTION('ref_axis',(0.945817241700635,0.,0.324699469204684));
#4007=DIRECTION('',(0.,-1.,0.));
#4008=DIRECTION('center_axis',(1.58513701699213E-15,-1.,5.10568073109661E-16));
#4009=DIRECTION('ref_axis',(0.306585891173863,6.40949485492072E-30,-0.95184299720759));
#4010=DIRECTION('center_axis',(1.58513701699213E-15,-1.,5.10568073109661E-16));
#4011=DIRECTION('ref_axis',(0.306585891173863,6.40949485492072E-30,-0.95184299720759));
#4012=DIRECTION('center_axis',(0.,1.,0.));
#4013=DIRECTION('ref_axis',(1.,0.,0.));
#4014=DIRECTION('',(0.,-1.,0.));
#4015=DIRECTION('center_axis',(0.306585891173861,-8.61050997389906E-17,
-0.951842997207591));
#4016=DIRECTION('ref_axis',(-0.673054637950417,0.707106781186546,-0.216788962665157));
#4017=DIRECTION('center_axis',(0.306585891173866,-1.64693262078378E-15,
-0.951842997207589));
#4018=DIRECTION('ref_axis',(7.24716167809419E-14,1.,2.16126426891447E-14));
#4019=DIRECTION('center_axis',(0.306585891173866,-1.64693262078378E-15,
-0.951842997207589));
#4020=DIRECTION('ref_axis',(7.24716167809419E-14,1.,2.16126426891447E-14));
#4021=DIRECTION('',(-0.306585891173861,8.61050997389906E-17,0.951842997207591));
#4022=DIRECTION('center_axis',(0.951842997207591,1.55415085920718E-15,0.306585891173861));
#4023=DIRECTION('ref_axis',(0.306585891173861,0.,-0.951842997207591));
#4024=DIRECTION('center_axis',(-0.951842997207591,-1.55415085920718E-15,
-0.306585891173861));
#4025=DIRECTION('ref_axis',(0.306585891173861,3.17179056550143E-31,-0.951842997207591));
#4026=DIRECTION('center_axis',(-0.777272204943423,0.,-0.629164461347262));
#4027=DIRECTION('ref_axis',(-0.629164461347262,0.,0.777272204943423));
#4028=DIRECTION('center_axis',(-0.629164461347264,-6.66906482178797E-16,
0.777272204943421));
#4029=DIRECTION('ref_axis',(4.43962936252414E-15,-1.,2.73565749650083E-15));
#4030=DIRECTION('center_axis',(-0.629164461347264,-6.66906482178797E-16,
0.777272204943421));
#4031=DIRECTION('ref_axis',(4.43962936252414E-15,-1.,2.73565749650083E-15));
#4032=DIRECTION('center_axis',(0.777272204943423,0.,0.629164461347262));
#4033=DIRECTION('ref_axis',(-0.629164461347262,0.,0.777272204943423));
#4034=DIRECTION('center_axis',(3.28865254131455E-16,1.,3.12291673918592E-15));
#4035=DIRECTION('ref_axis',(0.629164461347261,2.22044604925032E-15,-0.777272204943423));
#4036=DIRECTION('center_axis',(3.28865254131455E-16,1.,3.12291673918592E-15));
#4037=DIRECTION('ref_axis',(0.629164461347261,2.22044604925032E-15,-0.777272204943423));
#4038=DIRECTION('center_axis',(0.629164461347262,0.,-0.777272204943423));
#4039=DIRECTION('ref_axis',(-0.549614446943315,0.707106781186549,-0.444886457100227));
#4040=DIRECTION('center_axis',(-0.629164461347264,8.50946788516097E-16,
0.77727220494342));
#4041=DIRECTION('ref_axis',(1.51808609605959E-15,-1.,2.32360374902853E-15));
#4042=DIRECTION('',(-0.629164461347262,0.,0.777272204943423));
#4043=DIRECTION('center_axis',(-0.629164461347264,8.50946788516097E-16,
0.77727220494342));
#4044=DIRECTION('ref_axis',(1.51808609605959E-15,-1.,2.32360374902853E-15));
#4045=DIRECTION('center_axis',(-0.777272204943423,0.,-0.629164461347262));
#4046=DIRECTION('ref_axis',(-0.629164461347262,0.,0.777272204943423));
#4047=DIRECTION('center_axis',(1.06816048839575E-15,1.,-4.84880773584464E-15));
#4048=DIRECTION('ref_axis',(-0.629164461347254,4.44089209850065E-15,0.777272204943429));
#4049=DIRECTION('center_axis',(1.06816048839575E-15,1.,-4.84880773584464E-15));
#4050=DIRECTION('ref_axis',(-0.629164461347254,4.44089209850065E-15,0.777272204943429));
#4051=DIRECTION('center_axis',(0.777272204943423,0.,0.629164461347262));
#4052=DIRECTION('ref_axis',(-0.629164461347262,0.,0.777272204943423));
#4053=DIRECTION('center_axis',(0.,1.,0.));
#4054=DIRECTION('ref_axis',(0.546948158122427,0.,0.837166478262529));
#4055=DIRECTION('',(0.,-1.,0.));
#4056=DIRECTION('center_axis',(-0.939446819572065,0.,-0.342694723034849));
#4057=DIRECTION('ref_axis',(-0.342694723034849,0.,0.939446819572065));
#4058=DIRECTION('center_axis',(-0.342694723034852,-6.66906482178797E-16,
0.939446819572064));
#4059=DIRECTION('ref_axis',(5.08734453487537E-15,-1.,1.14588673010097E-15));
#4060=DIRECTION('center_axis',(-0.342694723034852,-6.66906482178797E-16,
0.939446819572064));
#4061=DIRECTION('ref_axis',(5.08734453487537E-15,-1.,1.14588673010097E-15));
#4062=DIRECTION('center_axis',(0.939446819572065,0.,0.342694723034849));
#4063=DIRECTION('ref_axis',(-0.342694723034849,0.,0.939446819572065));
#4064=DIRECTION('center_axis',(1.32505583513788E-15,1.,2.84692612286122E-15));
#4065=DIRECTION('ref_axis',(0.342694723034849,2.22044604925032E-15,-0.939446819572065));
#4066=DIRECTION('center_axis',(1.32505583513788E-15,1.,2.84692612286122E-15));
#4067=DIRECTION('ref_axis',(0.342694723034849,2.22044604925032E-15,-0.939446819572065));
#4068=DIRECTION('center_axis',(0.342694723034849,0.,-0.939446819572065));
#4069=DIRECTION('ref_axis',(-0.664289216683542,0.707106781186549,-0.242321762534784));
#4070=DIRECTION('center_axis',(-0.342694723034853,8.50946788516097E-16,
0.939446819572064));
#4071=DIRECTION('ref_axis',(2.19030490799074E-15,-1.,1.70478273911386E-15));
#4072=DIRECTION('',(-0.342694723034849,0.,0.939446819572065));
#4073=DIRECTION('center_axis',(-0.342694723034853,8.50946788516097E-16,
0.939446819572064));
#4074=DIRECTION('ref_axis',(2.19030490799074E-15,-1.,1.70478273911386E-15));
#4075=DIRECTION('center_axis',(-0.939446819572065,0.,-0.342694723034849));
#4076=DIRECTION('ref_axis',(-0.34269472303485,0.,0.939446819572065));
#4077=DIRECTION('center_axis',(-5.64120691276248E-16,1.,-4.93291710186079E-15));
#4078=DIRECTION('ref_axis',(-0.34269472303484,4.44089209850065E-15,0.939446819572068));
#4079=DIRECTION('center_axis',(-5.64120691276248E-16,1.,-4.93291710186079E-15));
#4080=DIRECTION('ref_axis',(-0.34269472303484,4.44089209850065E-15,0.939446819572068));
#4081=DIRECTION('center_axis',(0.939446819572065,0.,0.342694723034849));
#4082=DIRECTION('ref_axis',(-0.342694723034849,0.,0.939446819572065));
#4083=DIRECTION('center_axis',(0.800721242021151,1.55415085920718E-15,0.599037137893892));
#4084=DIRECTION('ref_axis',(0.599037137893892,0.,-0.800721242021151));
#4085=DIRECTION('center_axis',(1.3334687387975E-15,-1.,9.97597234643027E-16));
#4086=DIRECTION('ref_axis',(0.599037137893894,6.40949485492072E-30,-0.800721242021149));
#4087=DIRECTION('center_axis',(1.3334687387975E-15,-1.,9.97597234643027E-16));
#4088=DIRECTION('ref_axis',(0.599037137893894,6.40949485492072E-30,-0.800721242021149));
#4089=DIRECTION('center_axis',(-0.800721242021151,-1.55415085920718E-15,
-0.599037137893892));
#4090=DIRECTION('ref_axis',(0.599037137893892,0.,-0.800721242021151));
#4091=DIRECTION('center_axis',(0.599037137893896,-1.64693262078378E-15,
-0.800721242021148));
#4092=DIRECTION('ref_axis',(6.15272910760602E-14,1.,4.39731055952853E-14));
#4093=DIRECTION('center_axis',(0.599037137893896,-1.64693262078378E-15,
-0.800721242021148));
#4094=DIRECTION('ref_axis',(6.15272910760602E-14,1.,4.39731055952853E-14));
#4095=DIRECTION('center_axis',(0.599037137893892,-8.61050997389906E-17,
-0.800721242021151));
#4096=DIRECTION('ref_axis',(-0.566195420073272,0.707106781186546,-0.423583222387352));
#4097=DIRECTION('',(-0.599037137893892,8.61050997389906E-17,0.800721242021151));
#4098=DIRECTION('center_axis',(0.599037137893893,-2.13892732691768E-15,
-0.80072124202115));
#4099=DIRECTION('ref_axis',(4.15539986208991E-14,1.,2.84162076399511E-14));
#4100=DIRECTION('center_axis',(0.599037137893893,-2.13892732691768E-15,
-0.80072124202115));
#4101=DIRECTION('ref_axis',(4.15539986208991E-14,1.,2.84162076399511E-14));
#4102=DIRECTION('center_axis',(0.800721242021151,1.55415085920718E-15,0.599037137893892));
#4103=DIRECTION('ref_axis',(0.599037137893892,0.,-0.800721242021151));
#4104=DIRECTION('center_axis',(-0.800721242021151,-1.55415085920718E-15,
-0.599037137893892));
#4105=DIRECTION('ref_axis',(0.599037137893892,3.80614867860172E-31,-0.800721242021151));
#4106=DIRECTION('center_axis',(1.3334687387975E-15,-1.,9.97597234643027E-16));
#4107=DIRECTION('ref_axis',(-0.599037137893894,-6.40949485492072E-30,0.800721242021149));
#4108=DIRECTION('center_axis',(1.3334687387975E-15,-1.,9.97597234643027E-16));
#4109=DIRECTION('ref_axis',(-0.599037137893894,-6.40949485492072E-30,0.800721242021149));
#4110=DIRECTION('center_axis',(0.,1.,0.));
#4111=DIRECTION('ref_axis',(0.789140509396393,0.,0.614212712689668));
#4112=DIRECTION('',(0.,-1.,0.));
#4113=DIRECTION('center_axis',(0.,1.,0.));
#4114=DIRECTION('ref_axis',(0.945817241700635,0.,0.324699469204684));
#4115=DIRECTION('',(0.,-1.,0.));
#4116=DIRECTION('center_axis',(0.562828915791512,1.55415085920718E-15,0.826573415704226));
#4117=DIRECTION('ref_axis',(0.826573415704226,0.,-0.562828915791512));
#4118=DIRECTION('center_axis',(0.,1.,0.));
#4119=DIRECTION('ref_axis',(0.104727989843082,0.,0.994500904043545));
#4120=DIRECTION('center_axis',(0.,1.,0.));
#4121=DIRECTION('ref_axis',(0.104727989843082,0.,0.994500904043545));
#4122=DIRECTION('center_axis',(-0.562828915791512,-1.55415085920718E-15,
-0.826573415704226));
#4123=DIRECTION('ref_axis',(0.826573415704226,0.,-0.562828915791512));
#4124=DIRECTION('center_axis',(0.826573415704229,-1.64693262078378E-15,
-0.562828915791508));
#4125=DIRECTION('ref_axis',(4.39155286888007E-14,1.,6.15684001971423E-14));
#4126=DIRECTION('center_axis',(0.826573415704229,-1.64693262078378E-15,
-0.562828915791508));
#4127=DIRECTION('ref_axis',(4.39155286888007E-14,1.,6.15684001971423E-14));
#4128=DIRECTION('center_axis',(0.826573415704226,-8.61050997389906E-17,
-0.562828915791512));
#4129=DIRECTION('ref_axis',(-0.397980143004052,0.707106781186546,-0.584475667392986));
#4130=DIRECTION('',(-0.826573415704226,8.61050997389906E-17,0.562828915791512));
#4131=DIRECTION('center_axis',(0.826573415704227,-2.13892732691768E-15,
-0.56282891579151));
#4132=DIRECTION('ref_axis',(3.00757608197486E-14,1.,4.03691004251491E-14));
#4133=DIRECTION('center_axis',(0.826573415704227,-2.13892732691768E-15,
-0.56282891579151));
#4134=DIRECTION('ref_axis',(3.00757608197486E-14,1.,4.03691004251491E-14));
#4135=DIRECTION('center_axis',(0.562828915791512,1.55415085920718E-15,0.826573415704226));
#4136=DIRECTION('ref_axis',(0.826573415704226,0.,-0.562828915791512));
#4137=DIRECTION('center_axis',(-0.562828915791512,-1.55415085920718E-15,
-0.826573415704226));
#4138=DIRECTION('ref_axis',(0.826573415704226,1.26871622620057E-31,-0.562828915791512));
#4139=DIRECTION('center_axis',(0.,1.,0.));
#4140=DIRECTION('ref_axis',(0.90661097921833,0.,-0.421967454148755));
#4141=DIRECTION('center_axis',(0.,1.,0.));
#4142=DIRECTION('ref_axis',(0.90661097921833,0.,-0.421967454148755));
#4143=DIRECTION('center_axis',(0.,1.,0.));
#4144=DIRECTION('ref_axis',(0.789140509396393,0.,0.614212712689668));
#4145=DIRECTION('',(0.,-1.,0.));
#4146=DIRECTION('center_axis',(0.,1.,0.));
#4147=DIRECTION('ref_axis',(0.546948158122427,0.,0.837166478262529));
#4148=DIRECTION('',(0.,-1.,0.));
#4149=DIRECTION('center_axis',(-0.263945343345421,0.,0.964537638314995));
#4150=DIRECTION('ref_axis',(0.964537638314995,0.,0.263945343345421));
#4151=DIRECTION('center_axis',(0.964537638314994,-6.66906482178797E-16,
0.263945343345424));
#4152=DIRECTION('ref_axis',(7.21863364078486E-16,-1.,-5.16459525019619E-15));
#4153=DIRECTION('center_axis',(0.964537638314994,-6.66906482178797E-16,
0.263945343345424));
#4154=DIRECTION('ref_axis',(7.21863364078486E-16,-1.,-5.16459525019619E-15));
#4155=DIRECTION('center_axis',(0.263945343345421,0.,-0.964537638314995));
#4156=DIRECTION('ref_axis',(0.964537638314995,0.,0.263945343345421));
#4157=DIRECTION('center_axis',(2.72778018319911E-15,1.,-1.55562739350038E-15));
#4158=DIRECTION('ref_axis',(-0.964537638314995,2.22044604925032E-15,-0.26394534334542));
#4159=DIRECTION('center_axis',(2.72778018319911E-15,1.,-1.55562739350038E-15));
#4160=DIRECTION('ref_axis',(-0.964537638314995,2.22044604925032E-15,-0.26394534334542));
#4161=DIRECTION('center_axis',(-0.964537638314995,0.,-0.263945343345421));
#4162=DIRECTION('ref_axis',(-0.186637542142155,0.707106781186549,0.68203110476219));
#4163=DIRECTION('center_axis',(0.964537638314994,8.50946788516097E-16,0.263945343345424));
#4164=DIRECTION('ref_axis',(1.51808609605959E-15,-1.,-2.32360374902852E-15));
#4165=DIRECTION('',(0.964537638314995,0.,0.263945343345421));
#4166=DIRECTION('center_axis',(0.964537638314994,8.50946788516097E-16,0.263945343345424));
#4167=DIRECTION('ref_axis',(1.51808609605959E-15,-1.,-2.32360374902852E-15));
#4168=DIRECTION('center_axis',(-0.263945343345421,0.,0.964537638314995));
#4169=DIRECTION('ref_axis',(0.964537638314995,0.,0.263945343345421));
#4170=DIRECTION('center_axis',(-4.86948397154888E-15,1.,9.69550998651052E-16));
#4171=DIRECTION('ref_axis',(0.964537638314998,4.44089209850065E-15,0.263945343345411));
#4172=DIRECTION('center_axis',(-4.86948397154888E-15,1.,9.69550998651052E-16));
#4173=DIRECTION('ref_axis',(0.964537638314998,4.44089209850065E-15,0.263945343345411));
#4174=DIRECTION('center_axis',(0.263945343345421,0.,-0.964537638314995));
#4175=DIRECTION('ref_axis',(0.964537638314995,0.,0.263945343345421));
#4176=DIRECTION('center_axis',(0.384141316620327,0.,0.923274308569886));
#4177=DIRECTION('ref_axis',(0.923274308569886,0.,-0.384141316620327));
#4178=DIRECTION('center_axis',(-3.24719651283322E-15,1.,3.75601092852517E-15));
#4179=DIRECTION('ref_axis',(0.923274308569882,4.44089209850065E-15,-0.384141316620337));
#4180=DIRECTION('center_axis',(-3.24719651283322E-15,1.,3.75601092852517E-15));
#4181=DIRECTION('ref_axis',(0.923274308569882,4.44089209850065E-15,-0.384141316620337));
#4182=DIRECTION('center_axis',(-0.384141316620327,0.,-0.923274308569886));
#4183=DIRECTION('ref_axis',(0.923274308569886,0.,-0.384141316620327));
#4184=DIRECTION('center_axis',(0.923274308569888,8.50946788516097E-16,-0.384141316620324));
#4185=DIRECTION('ref_axis',(-2.29203726754645E-16,-1.,-2.76607762530097E-15));
#4186=DIRECTION('center_axis',(0.923274308569888,8.50946788516097E-16,-0.384141316620324));
#4187=DIRECTION('ref_axis',(-2.29203726754645E-16,-1.,-2.76607762530097E-15));
#4188=DIRECTION('center_axis',(-0.923274308569886,0.,0.384141316620327));
#4189=DIRECTION('ref_axis',(0.271628929916165,0.707106781186549,0.652853524485085));
#4190=DIRECTION('',(0.923274308569886,0.,-0.384141316620327));
#4191=DIRECTION('center_axis',(0.923274308569887,-6.66906482178797E-16,
-0.384141316620325));
#4192=DIRECTION('ref_axis',(-2.60250843572368E-15,-1.,-4.51896898160795E-15));
#4193=DIRECTION('center_axis',(0.923274308569887,-6.66906482178797E-16,
-0.384141316620325));
#4194=DIRECTION('ref_axis',(-2.60250843572368E-15,-1.,-4.51896898160795E-15));
#4195=DIRECTION('center_axis',(0.384141316620327,0.,0.923274308569886));
#4196=DIRECTION('ref_axis',(0.923274308569886,0.,-0.384141316620327));
#4197=DIRECTION('center_axis',(-0.384141316620327,0.,-0.923274308569886));
#4198=DIRECTION('ref_axis',(0.923274308569886,0.,-0.384141316620327));
#4199=DIRECTION('center_axis',(1.19711572199491E-15,1.,-2.90304585968172E-15));
#4200=DIRECTION('ref_axis',(-0.923274308569886,2.22044604925032E-15,0.384141316620328));
#4201=DIRECTION('center_axis',(1.19711572199491E-15,1.,-2.90304585968172E-15));
#4202=DIRECTION('ref_axis',(-0.923274308569886,2.22044604925032E-15,0.384141316620328));
#4203=DIRECTION('center_axis',(0.063540802586125,0.,0.997979241470839));
#4204=DIRECTION('ref_axis',(0.997979241470839,0.,-0.0635408025861249));
#4205=DIRECTION('center_axis',(-4.29082920384694E-15,1.,2.49813691209487E-15));
#4206=DIRECTION('ref_axis',(0.997979241470838,4.44089209850065E-15,-0.0635408025861351));
#4207=DIRECTION('center_axis',(-4.29082920384694E-15,1.,2.49813691209487E-15));
#4208=DIRECTION('ref_axis',(0.997979241470838,4.44089209850065E-15,-0.0635408025861351));
#4209=DIRECTION('center_axis',(-0.063540802586125,0.,-0.997979241470839));
#4210=DIRECTION('ref_axis',(0.997979241470839,0.,-0.063540802586125));
#4211=DIRECTION('center_axis',(0.997979241470839,8.50946788516097E-16,-0.0635408025861214));
#4212=DIRECTION('ref_axis',(6.81359100087592E-16,-1.,-2.69062623830897E-15));
#4213=DIRECTION('center_axis',(0.997979241470839,8.50946788516097E-16,-0.0635408025861214));
#4214=DIRECTION('ref_axis',(6.81359100087592E-16,-1.,-2.69062623830897E-15));
#4215=DIRECTION('center_axis',(-0.997979241470839,0.,0.063540802586125));
#4216=DIRECTION('ref_axis',(0.0449301323906879,0.707106781186549,0.705677889127436));
#4217=DIRECTION('',(0.997979241470839,0.,-0.0635408025861249));
#4218=DIRECTION('center_axis',(0.997979241470839,-6.66906482178797E-16,
-0.063540802586122));
#4219=DIRECTION('ref_axis',(-9.94190520498276E-16,-1.,-5.11915188519535E-15));
#4220=DIRECTION('center_axis',(0.997979241470839,-6.66906482178797E-16,
-0.063540802586122));
#4221=DIRECTION('ref_axis',(-9.94190520498276E-16,-1.,-5.11915188519535E-15));
#4222=DIRECTION('center_axis',(0.063540802586125,0.,0.997979241470839));
#4223=DIRECTION('ref_axis',(0.997979241470839,0.,-0.0635408025861249));
#4224=DIRECTION('center_axis',(-0.063540802586125,0.,-0.997979241470839));
#4225=DIRECTION('ref_axis',(0.997979241470839,0.,-0.063540802586125));
#4226=DIRECTION('center_axis',(2.0748701398892E-15,1.,-2.35704798802628E-15));
#4227=DIRECTION('ref_axis',(-0.997979241470839,2.22044604925032E-15,0.0635408025861255));
#4228=DIRECTION('center_axis',(2.0748701398892E-15,1.,-2.35704798802628E-15));
#4229=DIRECTION('ref_axis',(-0.997979241470839,2.22044604925032E-15,0.0635408025861255));
#4230=DIRECTION('center_axis',(0.530868086288251,1.55415085920718E-15,-0.847454467780217));
#4231=DIRECTION('ref_axis',(-0.847454467780216,0.,-0.530868086288251));
#4232=DIRECTION('center_axis',(8.84072958653862E-16,-1.,-1.41129519367658E-15));
#4233=DIRECTION('ref_axis',(-0.847454467780215,6.40949485492072E-30,-0.530868086288253));
#4234=DIRECTION('center_axis',(8.84072958653862E-16,-1.,-1.41129519367658E-15));
#4235=DIRECTION('ref_axis',(-0.847454467780215,6.40949485492072E-30,-0.530868086288253));
#4236=DIRECTION('center_axis',(-0.530868086288251,-1.55415085920718E-15,
0.847454467780217));
#4237=DIRECTION('ref_axis',(-0.847454467780216,3.80614867860172E-31,-0.530868086288251));
#4238=DIRECTION('center_axis',(-0.847454467780214,-1.64693262078378E-15,
-0.530868086288255));
#4239=DIRECTION('ref_axis',(3.87420317198594E-14,1.,-6.49484144615537E-14));
#4240=DIRECTION('center_axis',(-0.847454467780214,-1.64693262078378E-15,
-0.530868086288255));
#4241=DIRECTION('ref_axis',(3.87420317198594E-14,1.,-6.49484144615537E-14));
#4242=DIRECTION('center_axis',(-0.847454467780217,-8.61050997389906E-17,
-0.530868086288251));
#4243=DIRECTION('ref_axis',(-0.375380423729947,0.707106781186546,0.599240800914229));
#4244=DIRECTION('',(0.847454467780217,8.61050997389906E-17,0.530868086288251));
#4245=DIRECTION('center_axis',(-0.847454467780216,-2.13892732691768E-15,
-0.530868086288252));
#4246=DIRECTION('ref_axis',(2.48876498761608E-14,1.,-4.37586624757217E-14));
#4247=DIRECTION('center_axis',(-0.847454467780216,-2.13892732691768E-15,
-0.530868086288252));
#4248=DIRECTION('ref_axis',(2.48876498761608E-14,1.,-4.37586624757217E-14));
#4249=DIRECTION('center_axis',(0.530868086288251,1.55415085920718E-15,-0.847454467780217));
#4250=DIRECTION('ref_axis',(-0.847454467780217,0.,-0.530868086288251));
#4251=DIRECTION('center_axis',(-0.530868086288251,-1.55415085920718E-15,
0.847454467780217));
#4252=DIRECTION('ref_axis',(-0.847454467780217,3.80614867860172E-31,-0.530868086288251));
#4253=DIRECTION('center_axis',(0.,1.,0.));
#4254=DIRECTION('ref_axis',(-0.750608021518122,0.,-0.660747756736752));
#4255=DIRECTION('center_axis',(0.,1.,0.));
#4256=DIRECTION('ref_axis',(-0.750608021518122,0.,-0.660747756736752));
#4257=DIRECTION('center_axis',(0.,1.,0.));
#4258=DIRECTION('ref_axis',(0.245485487140799,0.,-0.96940026593933));
#4259=DIRECTION('',(0.,-1.,0.));
#4260=DIRECTION('center_axis',(0.,1.,0.));
#4261=DIRECTION('ref_axis',(0.546948158122427,0.,-0.837166478262529));
#4262=DIRECTION('',(0.,-1.,0.));
#4263=DIRECTION('center_axis',(0.226936173216674,1.55415085920718E-15,-0.973909633018265));
#4264=DIRECTION('ref_axis',(-0.973909633018265,0.,-0.226936173216674));
#4265=DIRECTION('center_axis',(3.77924646938208E-16,-1.,-1.62188534772167E-15));
#4266=DIRECTION('ref_axis',(-0.973909633018264,6.40949485492072E-30,-0.226936173216676));
#4267=DIRECTION('center_axis',(3.77924646938208E-16,-1.,-1.62188534772167E-15));
#4268=DIRECTION('ref_axis',(-0.973909633018264,6.40949485492072E-30,-0.226936173216676));
#4269=DIRECTION('center_axis',(-0.226936173216674,-1.55415085920718E-15,
0.973909633018265));
#4270=DIRECTION('ref_axis',(-0.973909633018265,0.,-0.226936173216674));
#4271=DIRECTION('center_axis',(-0.973909633018264,-1.64693262078378E-15,
-0.226936173216679));
#4272=DIRECTION('ref_axis',(1.55541658778037E-14,1.,-7.40088473542056E-14));
#4273=DIRECTION('center_axis',(-0.973909633018264,-1.64693262078378E-15,
-0.226936173216679));
#4274=DIRECTION('ref_axis',(1.55541658778037E-14,1.,-7.40088473542056E-14));
#4275=DIRECTION('center_axis',(-0.973909633018265,-8.61050997389906E-17,
-0.226936173216674));
#4276=DIRECTION('ref_axis',(-0.160468106978035,0.707106781186546,0.688658105770119));
#4277=DIRECTION('',(0.973909633018265,8.61050997389906E-17,0.226936173216674));
#4278=DIRECTION('center_axis',(-0.973909633018265,-2.13892732691768E-15,
-0.226936173216676));
#4279=DIRECTION('ref_axis',(9.33075387930787E-15,1.,-4.94687041478376E-14));
#4280=DIRECTION('center_axis',(-0.973909633018265,-2.13892732691768E-15,
-0.226936173216676));
#4281=DIRECTION('ref_axis',(9.33075387930787E-15,1.,-4.94687041478376E-14));
#4282=DIRECTION('center_axis',(0.226936173216674,1.55415085920718E-15,-0.973909633018265));
#4283=DIRECTION('ref_axis',(-0.973909633018265,0.,-0.226936173216674));
#4284=DIRECTION('center_axis',(-0.226936173216674,-1.55415085920718E-15,
0.973909633018265));
#4285=DIRECTION('ref_axis',(-0.973909633018265,2.53743245240114E-31,-0.226936173216674));
#4286=DIRECTION('center_axis',(0.,1.,0.));
#4287=DIRECTION('ref_axis',(-0.92448245440125,0.,-0.381224594568925));
#4288=DIRECTION('center_axis',(0.,1.,0.));
#4289=DIRECTION('ref_axis',(-0.92448245440125,0.,-0.381224594568925));
#4290=DIRECTION('center_axis',(0.,1.,0.));
#4291=DIRECTION('ref_axis',(-0.0825793454723323,0.,-0.99658449300667));
#4292=DIRECTION('',(0.,-1.,0.));
#4293=DIRECTION('center_axis',(0.,1.,0.));
#4294=DIRECTION('ref_axis',(0.245485487140799,0.,-0.96940026593933));
#4295=DIRECTION('',(0.,-1.,0.));
#4296=DIRECTION('center_axis',(0.663114158432051,0.,0.748518278258422));
#4297=DIRECTION('ref_axis',(0.748518278258422,0.,-0.663114158432051));
#4298=DIRECTION('center_axis',(-1.85167969420872E-15,1.,4.60686288033536E-15));
#4299=DIRECTION('ref_axis',(0.748518278258415,4.44089209850065E-15,-0.663114158432059));
#4300=DIRECTION('center_axis',(-1.85167969420872E-15,1.,4.60686288033536E-15));
#4301=DIRECTION('ref_axis',(0.748518278258415,4.44089209850065E-15,-0.663114158432059));
#4302=DIRECTION('center_axis',(-0.663114158432051,0.,-0.748518278258422));
#4303=DIRECTION('ref_axis',(0.748518278258422,0.,-0.663114158432051));
#4304=DIRECTION('center_axis',(0.748518278258424,8.50946788516097E-16,-0.663114158432049));
#4305=DIRECTION('ref_axis',(-1.11492877334076E-15,-1.,-2.54178158147504E-15));
#4306=DIRECTION('center_axis',(0.748518278258424,8.50946788516097E-16,-0.663114158432049));
#4307=DIRECTION('ref_axis',(-1.11492877334076E-15,-1.,-2.54178158147504E-15));
#4308=DIRECTION('center_axis',(-0.748518278258422,0.,0.663114158432051));
#4309=DIRECTION('ref_axis',(0.468892518128116,0.707106781186549,0.529282350398606));
#4310=DIRECTION('',(0.748518278258422,0.,-0.663114158432051));
#4311=DIRECTION('center_axis',(0.748518278258424,-6.66906482178797E-16,
-0.663114158432049));
#4312=DIRECTION('ref_axis',(-3.92880417985934E-15,-1.,-3.42908566983497E-15));
#4313=DIRECTION('center_axis',(0.748518278258424,-6.66906482178797E-16,
-0.663114158432049));
#4314=DIRECTION('ref_axis',(-3.92880417985934E-15,-1.,-3.42908566983497E-15));
#4315=DIRECTION('center_axis',(0.663114158432051,0.,0.748518278258422));
#4316=DIRECTION('ref_axis',(0.748518278258422,0.,-0.663114158432051));
#4317=DIRECTION('center_axis',(-0.663114158432051,0.,-0.748518278258422));
#4318=DIRECTION('ref_axis',(0.748518278258422,0.,-0.663114158432051));
#4319=DIRECTION('center_axis',(1.89635240458182E-16,1.,-3.13445366704294E-15));
#4320=DIRECTION('ref_axis',(-0.748518278258422,2.22044604925032E-15,0.663114158432052));
#4321=DIRECTION('center_axis',(1.89635240458182E-16,1.,-3.13445366704294E-15));
#4322=DIRECTION('ref_axis',(-0.748518278258422,2.22044604925032E-15,0.663114158432052));
#4323=DIRECTION('center_axis',(-0.101587795500467,1.55415085920718E-15,
-0.994826577753809));
#4324=DIRECTION('ref_axis',(-0.994826577753809,0.,0.101587795500467));
#4325=DIRECTION('center_axis',(0.,1.,0.));
#4326=DIRECTION('ref_axis',(0.381224594568927,0.,-0.924482454401249));
#4327=DIRECTION('center_axis',(0.,1.,0.));
#4328=DIRECTION('ref_axis',(0.381224594568927,0.,-0.924482454401249));
#4329=DIRECTION('center_axis',(0.101587795500467,-1.55415085920718E-15,
0.994826577753809));
#4330=DIRECTION('ref_axis',(-0.994826577753809,2.22025339585101E-31,0.101587795500467));
#4331=DIRECTION('center_axis',(-0.99482657775381,-1.64693262078378E-15,
0.101587795500462));
#4332=DIRECTION('ref_axis',(-9.31923518486262E-15,1.,-7.50492732704426E-14));
#4333=DIRECTION('center_axis',(-0.99482657775381,-1.64693262078378E-15,
0.101587795500462));
#4334=DIRECTION('ref_axis',(-9.31923518486262E-15,1.,-7.50492732704426E-14));
#4335=DIRECTION('center_axis',(-0.994826577753809,-8.61050997389906E-17,
0.101587795500467));
#4336=DIRECTION('ref_axis',(0.0718334190841732,0.707106781186546,0.703448619234326));
#4337=DIRECTION('',(0.994826577753809,8.61050997389906E-17,-0.101587795500467));
#4338=DIRECTION('center_axis',(-0.994826577753809,-2.13892732691768E-15,
0.101587795500465));
#4339=DIRECTION('ref_axis',(-7.23727408193191E-15,1.,-4.98180441395033E-14));
#4340=DIRECTION('center_axis',(-0.994826577753809,-2.13892732691768E-15,
0.101587795500465));
#4341=DIRECTION('ref_axis',(-7.23727408193191E-15,1.,-4.98180441395033E-14));
#4342=DIRECTION('center_axis',(-0.101587795500467,1.55415085920718E-15,
-0.994826577753809));
#4343=DIRECTION('ref_axis',(-0.994826577753809,0.,0.101587795500467));
#4344=DIRECTION('center_axis',(0.101587795500467,-1.55415085920718E-15,
0.994826577753809));
#4345=DIRECTION('ref_axis',(-0.994826577753809,1.26871622620057E-31,0.101587795500467));
#4346=DIRECTION('center_axis',(-1.69177664378297E-16,-1.,-1.65671905819699E-15));
#4347=DIRECTION('ref_axis',(0.994826577753809,-6.40949485492072E-30,-0.101587795500464));
#4348=DIRECTION('center_axis',(-1.69177664378297E-16,-1.,-1.65671905819699E-15));
#4349=DIRECTION('ref_axis',(0.994826577753809,-6.40949485492072E-30,-0.101587795500464));
#4350=DIRECTION('center_axis',(0.,1.,0.));
#4351=DIRECTION('ref_axis',(-0.0825793454723323,0.,-0.99658449300667));
#4352=DIRECTION('',(0.,-1.,0.));
#4353=DIRECTION('center_axis',(0.,1.,0.));
#4354=DIRECTION('ref_axis',(-0.401695424652969,0.,-0.915773326655058));
#4355=DIRECTION('',(0.,-1.,0.));
#4356=DIRECTION('center_axis',(-0.691202175667641,1.55415085920718E-15,
-0.722661436879207));
#4357=DIRECTION('ref_axis',(-0.722661436879207,0.,0.691202175667641));
#4358=DIRECTION('center_axis',(0.,1.,0.));
#4359=DIRECTION('ref_axis',(-0.266989105399236,0.,-0.963699547368429));
#4360=DIRECTION('center_axis',(0.,1.,0.));
#4361=DIRECTION('ref_axis',(-0.266989105399236,0.,-0.963699547368429));
#4362=DIRECTION('center_axis',(0.691202175667641,-1.55415085920718E-15,
0.722661436879207));
#4363=DIRECTION('ref_axis',(-0.722661436879207,6.34358113100287E-31,0.691202175667641));
#4364=DIRECTION('center_axis',(-0.72266143687921,-1.64693262078378E-15,
0.691202175667637));
#4365=DIRECTION('ref_axis',(-5.3450403721794E-14,1.,-5.35004290153787E-14));
#4366=DIRECTION('center_axis',(-0.72266143687921,-1.64693262078378E-15,
0.691202175667637));
#4367=DIRECTION('ref_axis',(-5.3450403721794E-14,1.,-5.35004290153787E-14));
#4368=DIRECTION('center_axis',(-0.722661436879207,-8.61050997389906E-17,
0.691202175667641));
#4369=DIRECTION('ref_axis',(0.488753745585485,0.707106781186546,0.510998802519302));
#4370=DIRECTION('',(0.722661436879207,8.61050997389906E-17,-0.691202175667641));
#4371=DIRECTION('center_axis',(-0.722661436879208,-2.13892732691768E-15,
0.691202175667639));
#4372=DIRECTION('ref_axis',(-3.6310102187475E-14,1.,-3.48682109830376E-14));
#4373=DIRECTION('center_axis',(-0.722661436879208,-2.13892732691768E-15,
0.691202175667639));
#4374=DIRECTION('ref_axis',(-3.6310102187475E-14,1.,-3.48682109830376E-14));
#4375=DIRECTION('center_axis',(-0.691202175667641,1.55415085920718E-15,
-0.722661436879207));
#4376=DIRECTION('ref_axis',(-0.722661436879207,0.,0.691202175667641));
#4377=DIRECTION('center_axis',(0.691202175667641,-1.55415085920718E-15,
0.722661436879207));
#4378=DIRECTION('ref_axis',(-0.722661436879207,6.34358113100286E-31,0.691202175667641));
#4379=DIRECTION('center_axis',(-1.15108285514583E-15,-1.,-1.20347304934799E-15));
#4380=DIRECTION('ref_axis',(0.722661436879209,-6.40949485492072E-30,-0.691202175667639));
#4381=DIRECTION('center_axis',(-1.15108285514583E-15,-1.,-1.20347304934799E-15));
#4382=DIRECTION('ref_axis',(0.722661436879209,-6.40949485492072E-30,-0.691202175667639));
#4383=DIRECTION('center_axis',(0.,1.,0.));
#4384=DIRECTION('ref_axis',(-0.879473751206489,0.,-0.475947393037074));
#4385=DIRECTION('',(0.,-1.,0.));
#4386=DIRECTION('center_axis',(-0.419103150278073,1.55415085920718E-15,
-0.907938626464914));
#4387=DIRECTION('ref_axis',(-0.907938626464914,0.,0.419103150278073));
#4388=DIRECTION('center_axis',(-6.97946950697482E-16,-1.,-1.51202155207183E-15));
#4389=DIRECTION('ref_axis',(-0.907938626464915,6.40949485492072E-30,0.419103150278071));
#4390=DIRECTION('center_axis',(-6.97946950697482E-16,-1.,-1.51202155207183E-15));
#4391=DIRECTION('ref_axis',(-0.907938626464915,6.40949485492072E-30,0.419103150278071));
#4392=DIRECTION('center_axis',(0.419103150278073,-1.55415085920718E-15,
0.907938626464914));
#4393=DIRECTION('ref_axis',(-0.907938626464914,-3.80614867860172E-31,0.419103150278073));
#4394=DIRECTION('center_axis',(-0.907938626464916,-1.64693262078378E-15,
0.419103150278069));
#4395=DIRECTION('ref_axis',(-3.31827525124162E-14,1.,-6.79569459183686E-14));
#4396=DIRECTION('center_axis',(-0.907938626464916,-1.64693262078378E-15,
0.419103150278069));
#4397=DIRECTION('ref_axis',(-3.31827525124162E-14,1.,-6.79569459183686E-14));
#4398=DIRECTION('center_axis',(-0.907938626464914,-8.61050997389906E-17,
0.419103150278073));
#4399=DIRECTION('ref_axis',(0.296350679578271,0.707106781186546,0.642009559674541));
#4400=DIRECTION('',(0.907938626464914,8.61050997389906E-17,-0.419103150278073));
#4401=DIRECTION('center_axis',(-0.907938626464915,-2.13892732691768E-15,
0.419103150278071));
#4402=DIRECTION('ref_axis',(-2.30210310985165E-14,1.,-4.47688260420533E-14));
#4403=DIRECTION('center_axis',(-0.907938626464915,-2.13892732691768E-15,
0.419103150278071));
#4404=DIRECTION('ref_axis',(-2.30210310985165E-14,1.,-4.47688260420533E-14));
#4405=DIRECTION('center_axis',(-0.419103150278073,1.55415085920718E-15,
-0.907938626464914));
#4406=DIRECTION('ref_axis',(-0.907938626464914,0.,0.419103150278073));
#4407=DIRECTION('center_axis',(0.419103150278073,-1.55415085920718E-15,
0.907938626464914));
#4408=DIRECTION('ref_axis',(-0.907938626464914,1.26871622620057E-31,0.419103150278073));
#4409=DIRECTION('center_axis',(0.,1.,0.));
#4410=DIRECTION('ref_axis',(-0.963699547368429,0.,0.266989105399238));
#4411=DIRECTION('center_axis',(0.,1.,0.));
#4412=DIRECTION('ref_axis',(-0.963699547368429,0.,0.266989105399238));
#4413=DIRECTION('center_axis',(0.,1.,0.));
#4414=DIRECTION('ref_axis',(-0.401695424652969,0.,-0.915773326655058));
#4415=DIRECTION('',(0.,-1.,0.));
#4416=DIRECTION('center_axis',(0.,1.,0.));
#4417=DIRECTION('ref_axis',(-0.677281571625741,0.,-0.735723910673132));
#4418=DIRECTION('center_axis',(-8.38395161876123E-16,1.,-3.02619478352027E-15));
#4419=DIRECTION('ref_axis',(-0.492648678039891,2.22044604925032E-15,0.870228291901354));
#4420=DIRECTION('center_axis',(-8.38395161876123E-16,1.,-3.02619478352027E-15));
#4421=DIRECTION('ref_axis',(-0.492648678039891,2.22044604925032E-15,0.870228291901354));
#4422=DIRECTION('',(0.,-1.,0.));
#4423=DIRECTION('center_axis',(0.,1.,0.));
#4424=DIRECTION('ref_axis',(-0.677281571625741,0.,-0.735723910673132));
#4425=DIRECTION('center_axis',(-2.55504648945917E-16,1.,4.95848975621849E-15));
#4426=DIRECTION('ref_axis',(0.492648678039883,4.44089209850065E-15,-0.870228291901359));
#4427=DIRECTION('center_axis',(-2.55504648945917E-16,1.,4.95848975621849E-15));
#4428=DIRECTION('ref_axis',(0.492648678039883,4.44089209850065E-15,-0.870228291901359));
#4429=DIRECTION('',(0.,-1.,0.));
#4430=DIRECTION('center_axis',(0.870228291901354,0.,0.492648678039891));
#4431=DIRECTION('ref_axis',(0.492648678039891,0.,-0.870228291901354));
#4432=DIRECTION('center_axis',(-0.870228291901354,0.,-0.492648678039891));
#4433=DIRECTION('ref_axis',(0.492648678039891,0.,-0.870228291901354));
#4434=DIRECTION('center_axis',(0.492648678039894,8.50946788516097E-16,-0.870228291901352));
#4435=DIRECTION('ref_axis',(-1.87983398743301E-15,-1.,-2.04204406349142E-15));
#4436=DIRECTION('center_axis',(0.492648678039894,8.50946788516097E-16,-0.870228291901352));
#4437=DIRECTION('ref_axis',(-1.87983398743301E-15,-1.,-2.04204406349142E-15));
#4438=DIRECTION('center_axis',(-0.492648678039891,0.,0.870228291901354));
#4439=DIRECTION('ref_axis',(0.615344326383834,0.707106781186549,0.348355220984592));
#4440=DIRECTION('',(0.492648678039891,0.,-0.870228291901354));
#4441=DIRECTION('center_axis',(0.492648678039894,-6.66906482178797E-16,
-0.870228291901352));
#4442=DIRECTION('ref_axis',(-4.82935302942928E-15,-1.,-1.96760771798901E-15));
#4443=DIRECTION('center_axis',(0.492648678039894,-6.66906482178797E-16,
-0.870228291901352));
#4444=DIRECTION('ref_axis',(-4.82935302942928E-15,-1.,-1.96760771798901E-15));
#4445=DIRECTION('center_axis',(0.870228291901354,0.,0.492648678039891));
#4446=DIRECTION('ref_axis',(0.492648678039891,0.,-0.870228291901354));
#4447=DIRECTION('center_axis',(-0.870228291901354,0.,-0.492648678039891));
#4448=DIRECTION('ref_axis',(0.492648678039891,0.,-0.870228291901354));
#4449=DIRECTION('center_axis',(-0.80072124202115,0.,0.599037137893893));
#4450=DIRECTION('ref_axis',(0.599037137893893,0.,0.80072124202115));
#4451=DIRECTION('center_axis',(0.599037137893891,-6.66906482178797E-16,
0.800721242021152));
#4452=DIRECTION('ref_axis',(3.74181168141067E-15,-1.,-3.63221367152408E-15));
#4453=DIRECTION('center_axis',(0.599037137893891,-6.66906482178797E-16,
0.800721242021152));
#4454=DIRECTION('ref_axis',(3.74181168141067E-15,-1.,-3.63221367152408E-15));
#4455=DIRECTION('center_axis',(0.80072124202115,0.,-0.599037137893893));
#4456=DIRECTION('ref_axis',(0.599037137893893,0.,0.80072124202115));
#4457=DIRECTION('center_axis',(3.10808796458736E-15,1.,4.47828672205972E-16));
#4458=DIRECTION('ref_axis',(-0.599037137893893,2.22044604925032E-15,-0.80072124202115));
#4459=DIRECTION('center_axis',(3.10808796458736E-15,1.,4.47828672205972E-16));
#4460=DIRECTION('ref_axis',(-0.599037137893893,2.22044604925032E-15,-0.80072124202115));
#4461=DIRECTION('center_axis',(-0.599037137893893,0.,-0.80072124202115));
#4462=DIRECTION('ref_axis',(-0.566195420073267,0.707106781186549,0.423583222387355));
#4463=DIRECTION('center_axis',(0.59903713789389,8.50946788516097E-16,0.800721242021152));
#4464=DIRECTION('ref_axis',(2.62517019705874E-15,-1.,-9.01222066986512E-16));
#4465=DIRECTION('',(0.599037137893893,0.,0.80072124202115));
#4466=DIRECTION('center_axis',(0.59903713789389,8.50946788516097E-16,0.800721242021152));
#4467=DIRECTION('ref_axis',(2.62517019705874E-15,-1.,-9.01222066986512E-16));
#4468=DIRECTION('center_axis',(-0.80072124202115,0.,0.599037137893893));
#4469=DIRECTION('ref_axis',(0.599037137893893,0.,0.80072124202115));
#4470=DIRECTION('center_axis',(-4.4382176107781E-15,1.,-2.22578699060262E-15));
#4471=DIRECTION('ref_axis',(0.599037137893901,4.44089209850065E-15,0.800721242021144));
#4472=DIRECTION('center_axis',(-4.4382176107781E-15,1.,-2.22578699060262E-15));
#4473=DIRECTION('ref_axis',(0.599037137893901,4.44089209850065E-15,0.800721242021144));
#4474=DIRECTION('center_axis',(0.80072124202115,0.,-0.599037137893893));
#4475=DIRECTION('ref_axis',(0.599037137893893,0.,0.80072124202115));
#4476=DIRECTION('center_axis',(0.939446819572065,1.55415085920718E-15,-0.34269472303485));
#4477=DIRECTION('ref_axis',(-0.34269472303485,0.,-0.939446819572065));
#4478=DIRECTION('center_axis',(1.56449323424967E-15,-1.,-5.70701357896249E-16));
#4479=DIRECTION('ref_axis',(-0.342694723034848,6.40949485492072E-30,-0.939446819572065));
#4480=DIRECTION('center_axis',(1.56449323424967E-15,-1.,-5.70701357896249E-16));
#4481=DIRECTION('ref_axis',(-0.342694723034848,6.40949485492072E-30,-0.939446819572065));
#4482=DIRECTION('center_axis',(-0.939446819572065,-1.55415085920718E-15,
0.34269472303485));
#4483=DIRECTION('ref_axis',(-0.34269472303485,6.34358113100287E-32,-0.939446819572065));
#4484=DIRECTION('center_axis',(-0.342694723034846,-1.64693262078378E-15,
-0.939446819572066));
#4485=DIRECTION('ref_axis',(7.04650484777848E-14,1.,-2.74575764749145E-14));
#4486=DIRECTION('center_axis',(-0.342694723034846,-1.64693262078378E-15,
-0.939446819572066));
#4487=DIRECTION('ref_axis',(7.04650484777848E-14,1.,-2.74575764749145E-14));
#4488=DIRECTION('center_axis',(-0.34269472303485,-8.61050997389906E-17,
-0.939446819572065));
#4489=DIRECTION('ref_axis',(-0.664289216683543,0.707106781186546,0.24232176253479));
#4490=DIRECTION('',(0.34269472303485,8.61050997389906E-17,0.939446819572065));
#4491=DIRECTION('center_axis',(-0.342694723034849,-2.13892732691768E-15,
-0.939446819572065));
#4492=DIRECTION('ref_axis',(4.65169794838372E-14,1.,-1.92454222536884E-14));
#4493=DIRECTION('center_axis',(-0.342694723034849,-2.13892732691768E-15,
-0.939446819572065));
#4494=DIRECTION('ref_axis',(4.65169794838372E-14,1.,-1.92454222536884E-14));
#4495=DIRECTION('center_axis',(0.939446819572065,1.55415085920718E-15,-0.34269472303485));
#4496=DIRECTION('ref_axis',(-0.34269472303485,0.,-0.939446819572065));
#4497=DIRECTION('center_axis',(-0.939446819572065,-1.55415085920718E-15,
0.34269472303485));
#4498=DIRECTION('ref_axis',(-0.34269472303485,-2.53743245240115E-31,-0.939446819572065));
#4499=DIRECTION('center_axis',(1.56449323424967E-15,-1.,-5.70701357896249E-16));
#4500=DIRECTION('ref_axis',(0.342694723034848,-6.40949485492072E-30,0.939446819572065));
#4501=DIRECTION('center_axis',(1.56449323424967E-15,-1.,-5.70701357896249E-16));
#4502=DIRECTION('ref_axis',(0.342694723034848,-6.40949485492072E-30,0.939446819572065));
#4503=DIRECTION('center_axis',(0.,1.,0.));
#4504=DIRECTION('ref_axis',(0.945817241700635,0.,-0.324699469204684));
#4505=DIRECTION('',(0.,-1.,0.));
#4506=DIRECTION('center_axis',(-0.562828915791511,0.,0.826573415704227));
#4507=DIRECTION('ref_axis',(0.826573415704227,0.,0.562828915791511));
#4508=DIRECTION('center_axis',(0.826573415704225,-6.66906482178797E-16,
0.562828915791513));
#4509=DIRECTION('ref_axis',(2.35969215229319E-15,-1.,-4.65037458288616E-15));
#4510=DIRECTION('center_axis',(0.826573415704225,-6.66906482178797E-16,
0.562828915791513));
#4511=DIRECTION('ref_axis',(2.35969215229319E-15,-1.,-4.65037458288616E-15));
#4512=DIRECTION('center_axis',(0.562828915791511,0.,-0.826573415704227));
#4513=DIRECTION('ref_axis',(0.826573415704227,0.,0.562828915791511));
#4514=DIRECTION('center_axis',(3.08509291778888E-15,1.,-5.85630432842671E-16));
#4515=DIRECTION('ref_axis',(-0.826573415704227,2.22044604925032E-15,-0.56282891579151));
#4516=DIRECTION('center_axis',(3.08509291778888E-15,1.,-5.85630432842671E-16));
#4517=DIRECTION('ref_axis',(-0.826573415704227,2.22044604925032E-15,-0.56282891579151));
#4518=DIRECTION('center_axis',(-0.826573415704227,0.,-0.562828915791511));
#4519=DIRECTION('ref_axis',(-0.397980143004046,0.707106781186549,0.584475667392987));
#4520=DIRECTION('center_axis',(0.826573415704225,8.50946788516097E-16,0.562828915791514));
#4521=DIRECTION('ref_axis',(2.19030490799074E-15,-1.,-1.70478273911385E-15));
#4522=DIRECTION('',(0.826573415704227,0.,0.562828915791511));
#4523=DIRECTION('center_axis',(0.826573415704225,8.50946788516097E-16,0.562828915791514));
#4524=DIRECTION('ref_axis',(2.19030490799074E-15,-1.,-1.70478273911385E-15));
#4525=DIRECTION('center_axis',(-0.562828915791511,0.,0.826573415704227));
#4526=DIRECTION('ref_axis',(0.826573415704227,0.,0.562828915791511));
#4527=DIRECTION('center_axis',(-4.92045459310468E-15,1.,-6.64100809630401E-16));
#4528=DIRECTION('ref_axis',(0.826573415704233,4.44089209850065E-15,0.562828915791502));
#4529=DIRECTION('center_axis',(-4.92045459310468E-15,1.,-6.64100809630401E-16));
#4530=DIRECTION('ref_axis',(0.826573415704233,4.44089209850065E-15,0.562828915791502));
#4531=DIRECTION('center_axis',(0.562828915791511,0.,-0.826573415704227));
#4532=DIRECTION('ref_axis',(0.826573415704227,0.,0.562828915791511));
#4533=DIRECTION('center_axis',(0.,1.,0.));
#4534=DIRECTION('ref_axis',(0.789140509396394,0.,-0.614212712689668));
#4535=DIRECTION('',(0.,-1.,0.));
#4536=DIRECTION('center_axis',(0.,1.,0.));
#4537=DIRECTION('ref_axis',(0.546948158122427,0.,-0.837166478262529));
#4538=DIRECTION('',(0.,-1.,0.));
#4539=DIRECTION('center_axis',(1.29441824749402E-15,-1.,-1.04776930689542E-15));
#4540=DIRECTION('ref_axis',(0.629164461347261,-6.40949485492072E-30,0.777272204943423));
#4541=DIRECTION('center_axis',(1.29441824749402E-15,-1.,-1.04776930689542E-15));
#4542=DIRECTION('ref_axis',(0.629164461347261,-6.40949485492072E-30,0.777272204943423));
#4543=DIRECTION('center_axis',(0.,1.,0.));
#4544=DIRECTION('ref_axis',(0.789140509396394,0.,-0.614212712689668));
#4545=DIRECTION('',(0.,-1.,0.));
#4546=DIRECTION('center_axis',(0.,1.,0.));
#4547=DIRECTION('ref_axis',(0.982455810397036,0.,-0.186495524388935));
#4548=DIRECTION('center_axis',(0.,1.,0.));
#4549=DIRECTION('ref_axis',(0.982455810397036,0.,-0.186495524388935));
#4550=DIRECTION('center_axis',(0.777272204943422,1.55415085920718E-15,-0.629164461347263));
#4551=DIRECTION('ref_axis',(-0.629164461347263,0.,-0.777272204943422));
#4552=DIRECTION('center_axis',(-0.629164461347261,-2.13892732691768E-15,
-0.777272204943423));
#4553=DIRECTION('ref_axis',(3.77475828372553E-14,1.,-3.33066907387547E-14));
#4554=DIRECTION('center_axis',(-0.777272204943422,-1.55415085920718E-15,
0.629164461347263));
#4555=DIRECTION('ref_axis',(-0.629164461347263,-1.26871622620057E-31,-0.777272204943422));
#4556=DIRECTION('center_axis',(-0.629164461347261,-2.13892732691768E-15,
-0.777272204943423));
#4557=DIRECTION('ref_axis',(3.77475828372553E-14,1.,-3.33066907387547E-14));
#4558=DIRECTION('center_axis',(-0.629164461347263,-8.61050997389906E-17,
-0.777272204943422));
#4559=DIRECTION('ref_axis',(-0.549614446943314,0.707106781186546,0.444886457100232));
#4560=DIRECTION('center_axis',(-0.629164461347259,-1.64693262078378E-15,
-0.777272204943425));
#4561=DIRECTION('ref_axis',(5.77315972805082E-14,1.,-4.88498130835069E-14));
#4562=DIRECTION('center_axis',(-0.629164461347259,-1.64693262078378E-15,
-0.777272204943425));
#4563=DIRECTION('ref_axis',(5.77315972805082E-14,1.,-4.88498130835069E-14));
#4564=DIRECTION('',(0.629164461347263,8.61050997389906E-17,0.777272204943422));
#4565=DIRECTION('center_axis',(0.777272204943422,1.55415085920718E-15,-0.629164461347263));
#4566=DIRECTION('ref_axis',(-0.629164461347263,0.,-0.777272204943422));
#4567=DIRECTION('center_axis',(-0.777272204943422,-1.55415085920718E-15,
0.629164461347263));
#4568=DIRECTION('ref_axis',(-0.629164461347263,5.0748649048023E-31,-0.777272204943422));
#4569=DIRECTION('center_axis',(0.999817794280746,1.55415085920718E-15,-0.0190886940251076));
#4570=DIRECTION('ref_axis',(-0.0190886940251076,0.,-0.999817794280746));
#4571=DIRECTION('center_axis',(0.,1.,0.));
#4572=DIRECTION('ref_axis',(0.889843600615573,0.,0.456265675285258));
#4573=DIRECTION('center_axis',(0.,1.,0.));
#4574=DIRECTION('ref_axis',(0.889843600615573,0.,0.456265675285258));
#4575=DIRECTION('center_axis',(-0.999817794280746,-1.55415085920718E-15,
0.0190886940251076));
#4576=DIRECTION('ref_axis',(-0.0190886940251076,3.17179056550143E-32,-0.999817794280746));
#4577=DIRECTION('center_axis',(-0.0190886940251027,-1.64693262078378E-15,
-0.999817794280746));
#4578=DIRECTION('ref_axis',(7.55625182946117E-14,1.,-3.08988540706886E-15));
#4579=DIRECTION('center_axis',(-0.0190886940251027,-1.64693262078378E-15,
-0.999817794280746));
#4580=DIRECTION('ref_axis',(7.55625182946117E-14,1.,-3.08988540706886E-15));
#4581=DIRECTION('center_axis',(-0.0190886940251076,-8.61050997389906E-17,
-0.999817794280746));
#4582=DIRECTION('ref_axis',(-0.706977942286893,0.707106781186546,0.0134977449891496));
#4583=DIRECTION('',(0.0190886940251076,8.61050997389906E-17,0.999817794280746));
#4584=DIRECTION('center_axis',(-0.0190886940251057,-2.13892732691768E-15,
-0.999817794280746));
#4585=DIRECTION('ref_axis',(5.02455396180406E-14,1.,-3.09861364394047E-15));
#4586=DIRECTION('center_axis',(-0.0190886940251057,-2.13892732691768E-15,
-0.999817794280746));
#4587=DIRECTION('ref_axis',(5.02455396180406E-14,1.,-3.09861364394047E-15));
#4588=DIRECTION('center_axis',(0.999817794280746,1.55415085920718E-15,-0.0190886940251076));
#4589=DIRECTION('ref_axis',(-0.0190886940251075,0.,-0.999817794280746));
#4590=DIRECTION('center_axis',(-0.999817794280746,-1.55415085920718E-15,
0.0190886940251076));
#4591=DIRECTION('ref_axis',(-0.0190886940251076,3.17179056550143E-32,-0.999817794280746));
#4592=DIRECTION('center_axis',(1.66503110346063E-15,-1.,-3.1789061425051E-17));
#4593=DIRECTION('ref_axis',(0.0190886940251052,-6.40949485492072E-30,0.999817794280746));
#4594=DIRECTION('center_axis',(1.66503110346063E-15,-1.,-3.1789061425051E-17));
#4595=DIRECTION('ref_axis',(0.0190886940251052,-6.40949485492072E-30,0.999817794280746));
#4596=DIRECTION('center_axis',(0.,1.,0.));
#4597=DIRECTION('ref_axis',(1.,0.,0.));
#4598=DIRECTION('',(0.,-1.,0.));
#4599=DIRECTION('center_axis',(0.,1.,0.));
#4600=DIRECTION('ref_axis',(0.945817241700635,0.,-0.324699469204683));
#4601=DIRECTION('',(0.,-1.,0.));
#4602=DIRECTION('center_axis',(0.989323478504048,0.,-0.145736251086167));
#4603=DIRECTION('ref_axis',(-0.145736251086167,0.,-0.989323478504048));
#4604=DIRECTION('center_axis',(2.84393837518856E-15,1.,4.06987933559295E-15));
#4605=DIRECTION('ref_axis',(-0.145736251086177,4.44089209850065E-15,-0.989323478504047));
#4606=DIRECTION('center_axis',(2.84393837518856E-15,1.,4.06987933559295E-15));
#4607=DIRECTION('ref_axis',(-0.145736251086177,4.44089209850065E-15,-0.989323478504047));
#4608=DIRECTION('center_axis',(-0.989323478504048,0.,0.145736251086167));
#4609=DIRECTION('ref_axis',(-0.145736251086167,0.,-0.989323478504048));
#4610=DIRECTION('center_axis',(-0.145736251086163,8.50946788516097E-16,
-0.989323478504049));
#4611=DIRECTION('ref_axis',(-2.73770257409244E-15,-1.,-4.56841759646035E-16));
#4612=DIRECTION('center_axis',(-0.145736251086163,8.50946788516097E-16,
-0.989323478504049));
#4613=DIRECTION('ref_axis',(-2.73770257409244E-15,-1.,-4.56841759646035E-16));
#4614=DIRECTION('center_axis',(0.145736251086167,0.,0.989323478504048));
#4615=DIRECTION('ref_axis',(0.699557340437274,0.707106781186549,-0.103051091407737));
#4616=DIRECTION('',(-0.145736251086167,0.,-0.989323478504048));
#4617=DIRECTION('center_axis',(-0.145736251086164,-6.66906482178797E-16,
-0.989323478504049));
#4618=DIRECTION('ref_axis',(-5.019567783674E-15,-1.,1.4135310678757E-15));
#4619=DIRECTION('center_axis',(-0.145736251086164,-6.66906482178797E-16,
-0.989323478504049));
#4620=DIRECTION('ref_axis',(-5.019567783674E-15,-1.,1.4135310678757E-15));
#4621=DIRECTION('center_axis',(0.989323478504048,0.,-0.145736251086167));
#4622=DIRECTION('ref_axis',(-0.145736251086167,0.,-0.989323478504048));
#4623=DIRECTION('center_axis',(-0.989323478504048,0.,0.145736251086167));
#4624=DIRECTION('ref_axis',(-0.145736251086167,0.,-0.989323478504048));
#4625=DIRECTION('center_axis',(-2.5203388922317E-15,1.,-1.87313992631807E-15));
#4626=DIRECTION('ref_axis',(0.145736251086167,2.22044604925032E-15,0.989323478504048));
#4627=DIRECTION('center_axis',(-2.5203388922317E-15,1.,-1.87313992631807E-15));
#4628=DIRECTION('ref_axis',(0.145736251086167,2.22044604925032E-15,0.989323478504048));
#4629=DIRECTION('center_axis',(-0.888398720216818,1.55415085920718E-15,
-0.459072667360104));
#4630=DIRECTION('ref_axis',(-0.459072667360104,0.,0.888398720216818));
#4631=DIRECTION('center_axis',(-1.47948107134835E-15,-1.,-7.64509567918906E-16));
#4632=DIRECTION('ref_axis',(-0.459072667360106,6.40949485492072E-30,0.888398720216817));
#4633=DIRECTION('center_axis',(-1.47948107134835E-15,-1.,-7.64509567918906E-16));
#4634=DIRECTION('ref_axis',(-0.459072667360106,6.40949485492072E-30,0.888398720216817));
#4635=DIRECTION('center_axis',(0.888398720216818,-1.55415085920718E-15,
0.459072667360104));
#4636=DIRECTION('ref_axis',(-0.459072667360104,-5.0748649048023E-31,0.888398720216818));
#4637=DIRECTION('center_axis',(-0.459072667360108,-1.64693262078378E-15,
0.888398720216816));
#4638=DIRECTION('ref_axis',(-6.79258743194488E-14,1.,-3.32463104838836E-14));
#4639=DIRECTION('center_axis',(-0.459072667360108,-1.64693262078378E-15,
0.888398720216816));
#4640=DIRECTION('ref_axis',(-6.79258743194488E-14,1.,-3.32463104838836E-14));
#4641=DIRECTION('center_axis',(-0.459072667360104,-8.61050997389906E-17,
0.888398720216818));
#4642=DIRECTION('ref_axis',(0.628192759462764,0.707106781186546,0.324613396147725));
#4643=DIRECTION('',(0.459072667360104,8.61050997389906E-17,-0.888398720216818));
#4644=DIRECTION('center_axis',(-0.459072667360105,-2.13892732691768E-15,
0.888398720216817));
#4645=DIRECTION('ref_axis',(-4.5664410295135E-14,1.,-2.11890842279715E-14));
#4646=DIRECTION('center_axis',(-0.459072667360105,-2.13892732691768E-15,
0.888398720216817));
#4647=DIRECTION('ref_axis',(-4.5664410295135E-14,1.,-2.11890842279715E-14));
#4648=DIRECTION('center_axis',(-0.888398720216818,1.55415085920718E-15,
-0.459072667360104));
#4649=DIRECTION('ref_axis',(-0.459072667360104,0.,0.888398720216818));
#4650=DIRECTION('center_axis',(0.888398720216818,-1.55415085920718E-15,
0.459072667360104));
#4651=DIRECTION('ref_axis',(-0.459072667360104,5.07486490480229E-31,0.888398720216818));
#4652=DIRECTION('center_axis',(-1.47948107134835E-15,-1.,-7.64509567918906E-16));
#4653=DIRECTION('ref_axis',(0.459072667360106,-6.40949485492072E-30,-0.888398720216817));
#4654=DIRECTION('center_axis',(-1.47948107134835E-15,-1.,-7.64509567918906E-16));
#4655=DIRECTION('ref_axis',(0.459072667360106,-6.40949485492072E-30,-0.888398720216817));
#4656=DIRECTION('center_axis',(0.,1.,0.));
#4657=DIRECTION('ref_axis',(-0.986361303402722,0.,-0.164594590280734));
#4658=DIRECTION('',(0.,-1.,0.));
#4659=DIRECTION('center_axis',(0.,1.,0.));
#4660=DIRECTION('ref_axis',(-0.879473751206489,0.,-0.475947393037074));
#4661=DIRECTION('',(0.,-1.,0.));
#4662=DIRECTION('center_axis',(0.419103150278072,0.,-0.907938626464915));
#4663=DIRECTION('ref_axis',(-0.907938626464915,0.,-0.419103150278072));
#4664=DIRECTION('center_axis',(-0.907938626464913,-6.66906482178797E-16,
-0.419103150278075));
#4665=DIRECTION('ref_axis',(-1.562082527843E-15,-1.,4.97534209788185E-15));
#4666=DIRECTION('center_axis',(-0.907938626464913,-6.66906482178797E-16,
-0.419103150278075));
#4667=DIRECTION('ref_axis',(-1.562082527843E-15,-1.,4.97534209788185E-15));
#4668=DIRECTION('center_axis',(-0.419103150278072,0.,0.907938626464915));
#4669=DIRECTION('ref_axis',(-0.907938626464915,0.,-0.419103150278072));
#4670=DIRECTION('center_axis',(-2.94662467035908E-15,1.,1.08543280183245E-15));
#4671=DIRECTION('ref_axis',(0.907938626464915,2.22044604925032E-15,0.419103150278072));
#4672=DIRECTION('center_axis',(-2.94662467035908E-15,1.,1.08543280183245E-15));
#4673=DIRECTION('ref_axis',(0.907938626464915,2.22044604925032E-15,0.419103150278072));
#4674=DIRECTION('center_axis',(0.907938626464915,0.,0.419103150278072));
#4675=DIRECTION('ref_axis',(0.296350679578266,0.707106781186549,-0.642009559674541));
#4676=DIRECTION('center_axis',(-0.907938626464913,8.50946788516097E-16,
-0.419103150278075));
#4677=DIRECTION('ref_axis',(-1.87983398743302E-15,-1.,2.04204406349142E-15));
#4678=DIRECTION('',(-0.907938626464915,0.,-0.419103150278072));
#4679=DIRECTION('center_axis',(-0.907938626464913,8.50946788516097E-16,
-0.419103150278075));
#4680=DIRECTION('ref_axis',(-1.87983398743302E-15,-1.,2.04204406349142E-15));
#4681=DIRECTION('center_axis',(0.419103150278072,0.,-0.907938626464915));
#4682=DIRECTION('ref_axis',(-0.907938626464915,0.,-0.419103150278072));
#4683=DIRECTION('center_axis',(4.96265340645486E-15,1.,-1.54836867569172E-16));
#4684=DIRECTION('ref_axis',(-0.907938626464919,4.44089209850065E-15,-0.419103150278063));
#4685=DIRECTION('center_axis',(4.96265340645486E-15,1.,-1.54836867569172E-16));
#4686=DIRECTION('ref_axis',(-0.907938626464919,4.44089209850065E-15,-0.419103150278063));
#4687=DIRECTION('center_axis',(-0.419103150278072,0.,0.907938626464915));
#4688=DIRECTION('ref_axis',(-0.907938626464915,0.,-0.419103150278072));
#4689=DIRECTION('center_axis',(0.888398720216817,0.,-0.459072667360105));
#4690=DIRECTION('ref_axis',(-0.459072667360105,0.,-0.888398720216817));
#4691=DIRECTION('center_axis',(-0.459072667360102,-6.66906482178797E-16,
-0.888398720216818));
#4692=DIRECTION('ref_axis',(-4.28862096824034E-15,-1.,2.96679305067222E-15));
#4693=DIRECTION('center_axis',(-0.459072667360102,-6.66906482178797E-16,
-0.888398720216818));
#4694=DIRECTION('ref_axis',(-4.28862096824034E-15,-1.,2.96679305067222E-15));
#4695=DIRECTION('center_axis',(-0.888398720216817,0.,0.459072667360105));
#4696=DIRECTION('ref_axis',(-0.459072667360105,0.,-0.888398720216817));
#4697=DIRECTION('center_axis',(-2.991987519023E-15,1.,-9.5329533790593E-16));
#4698=DIRECTION('ref_axis',(0.459072667360105,2.22044604925032E-15,0.888398720216817));
#4699=DIRECTION('center_axis',(-2.991987519023E-15,1.,-9.5329533790593E-16));
#4700=DIRECTION('ref_axis',(0.459072667360105,2.22044604925032E-15,0.888398720216817));
#4701=DIRECTION('center_axis',(0.459072667360105,0.,0.888398720216817));
#4702=DIRECTION('ref_axis',(0.628192759462759,0.707106781186549,-0.324613396147729));
#4703=DIRECTION('center_axis',(-0.459072667360102,8.50946788516097E-16,
-0.888398720216819));
#4704=DIRECTION('ref_axis',(-2.73770257409244E-15,-1.,4.56841759646034E-16));
#4705=DIRECTION('',(-0.459072667360105,0.,-0.888398720216817));
#4706=DIRECTION('center_axis',(-0.459072667360102,8.50946788516097E-16,
-0.888398720216819));
#4707=DIRECTION('ref_axis',(-2.73770257409244E-15,-1.,4.56841759646034E-16));
#4708=DIRECTION('center_axis',(0.888398720216817,0.,-0.459072667360105));
#4709=DIRECTION('ref_axis',(-0.459072667360105,0.,-0.888398720216817));
#4710=DIRECTION('center_axis',(4.01133360958157E-15,1.,2.92593676637038E-15));
#4711=DIRECTION('ref_axis',(-0.459072667360114,4.44089209850065E-15,-0.888398720216812));
#4712=DIRECTION('center_axis',(4.01133360958157E-15,1.,2.92593676637038E-15));
#4713=DIRECTION('ref_axis',(-0.459072667360114,4.44089209850065E-15,-0.888398720216812));
#4714=DIRECTION('center_axis',(-0.888398720216817,0.,0.459072667360105));
#4715=DIRECTION('ref_axis',(-0.459072667360105,0.,-0.888398720216817));
#4716=DIRECTION('center_axis',(0.69120217566764,0.,-0.722661436879208));
#4717=DIRECTION('ref_axis',(-0.722661436879208,0.,-0.69120217566764));
#4718=DIRECTION('center_axis',(-0.722661436879206,-6.66906482178797E-16,
-0.691202175667642));
#4719=DIRECTION('ref_axis',(-3.09293552608717E-15,-1.,4.19855697189113E-15));
#4720=DIRECTION('center_axis',(-0.722661436879206,-6.66906482178797E-16,
-0.691202175667642));
#4721=DIRECTION('ref_axis',(-3.09293552608717E-15,-1.,4.19855697189113E-15));
#4722=DIRECTION('center_axis',(-0.69120217566764,0.,0.722661436879208));
#4723=DIRECTION('ref_axis',(-0.722661436879208,0.,-0.69120217566764));
#4724=DIRECTION('center_axis',(-3.13940787265841E-15,1.,6.98535922695432E-17));
#4725=DIRECTION('ref_axis',(0.722661436879209,2.22044604925032E-15,0.691202175667639));
#4726=DIRECTION('center_axis',(-3.13940787265841E-15,1.,6.98535922695432E-17));
#4727=DIRECTION('ref_axis',(0.722661436879209,2.22044604925032E-15,0.691202175667639));
#4728=DIRECTION('center_axis',(0.722661436879208,0.,0.69120217566764));
#4729=DIRECTION('ref_axis',(0.48875374558548,0.707106781186549,-0.510998802519304));
#4730=DIRECTION('center_axis',(-0.722661436879206,8.50946788516097E-16,
-0.691202175667642));
#4731=DIRECTION('ref_axis',(-2.44103002035724E-15,-1.,1.32101938565019E-15));
#4732=DIRECTION('',(-0.722661436879208,0.,-0.69120217566764));
#4733=DIRECTION('center_axis',(-0.722661436879206,8.50946788516097E-16,
-0.691202175667642));
#4734=DIRECTION('ref_axis',(-2.44103002035724E-15,-1.,1.32101938565019E-15));
#4735=DIRECTION('center_axis',(0.69120217566764,0.,-0.722661436879208));
#4736=DIRECTION('ref_axis',(-0.722661436879208,0.,-0.691202175667639));
#4737=DIRECTION('center_axis',(4.74403860512242E-15,1.,1.46492354792487E-15));
#4738=DIRECTION('ref_axis',(-0.722661436879215,4.44089209850065E-15,-0.691202175667632));
#4739=DIRECTION('center_axis',(4.74403860512242E-15,1.,1.46492354792487E-15));
#4740=DIRECTION('ref_axis',(-0.722661436879215,4.44089209850065E-15,-0.691202175667632));
#4741=DIRECTION('center_axis',(-0.69120217566764,0.,0.722661436879208));
#4742=DIRECTION('ref_axis',(-0.722661436879208,0.,-0.69120217566764));
#4743=DIRECTION('center_axis',(-0.983039686959935,1.55415085920718E-15,
0.183392949323888));
#4744=DIRECTION('ref_axis',(0.183392949323888,0.,0.983039686959934));
#4745=DIRECTION('center_axis',(0.,1.,0.));
#4746=DIRECTION('ref_axis',(-0.952806155610488,0.,-0.303579363315037));
#4747=DIRECTION('center_axis',(0.,1.,0.));
#4748=DIRECTION('ref_axis',(-0.952806155610488,0.,-0.303579363315037));
#4749=DIRECTION('center_axis',(0.983039686959935,-1.55415085920718E-15,
-0.183392949323888));
#4750=DIRECTION('ref_axis',(0.183392949323888,6.34358113100287E-32,0.983039686959934));
#4751=DIRECTION('center_axis',(0.183392949323883,-1.64693262078378E-15,
0.983039686959935));
#4752=DIRECTION('ref_axis',(-7.40233656108743E-14,1.,1.54849251367636E-14));
#4753=DIRECTION('center_axis',(0.183392949323883,-1.64693262078378E-15,
0.983039686959935));
#4754=DIRECTION('ref_axis',(-7.40233656108743E-14,1.,1.54849251367636E-14));
#4755=DIRECTION('center_axis',(0.183392949323888,-8.61050997389906E-17,
0.983039686959935));
#4756=DIRECTION('ref_axis',(0.695114028824872,0.707106781186546,-0.129678398088723));
#4757=DIRECTION('',(-0.183392949323888,8.61050997389906E-17,-0.983039686959934));
#4758=DIRECTION('center_axis',(0.183392949323886,-2.13892732691768E-15,
0.983039686959935));
#4759=DIRECTION('ref_axis',(-4.9050240904661E-14,1.,1.13264965994444E-14));
#4760=DIRECTION('center_axis',(0.183392949323886,-2.13892732691768E-15,
0.983039686959935));
#4761=DIRECTION('ref_axis',(-4.9050240904661E-14,1.,1.13264965994444E-14));
#4762=DIRECTION('center_axis',(-0.983039686959935,1.55415085920718E-15,
0.183392949323888));
#4763=DIRECTION('ref_axis',(0.183392949323888,0.,0.983039686959934));
#4764=DIRECTION('center_axis',(0.983039686959935,-1.55415085920718E-15,
-0.183392949323888));
#4765=DIRECTION('ref_axis',(0.183392949323887,-1.26871622620057E-31,0.983039686959934));
#4766=DIRECTION('center_axis',(0.,1.,0.));
#4767=DIRECTION('ref_axis',(0.0222450569338192,0.,0.999752548104785));
#4768=DIRECTION('center_axis',(0.,1.,0.));
#4769=DIRECTION('ref_axis',(0.0222450569338192,0.,0.999752548104785));
#4770=DIRECTION('center_axis',(0.,1.,0.));
#4771=DIRECTION('ref_axis',(-0.879473751206489,0.,0.475947393037074));
#4772=DIRECTION('',(0.,-1.,0.));
#4773=DIRECTION('center_axis',(0.,1.,0.));
#4774=DIRECTION('ref_axis',(-0.986361303402722,0.,0.164594590280734));
#4775=DIRECTION('',(0.,-1.,0.));
#4776=DIRECTION('center_axis',(0.,1.,0.));
#4777=DIRECTION('ref_axis',(-0.879473751206489,0.,0.475947393037073));
#4778=DIRECTION('',(0.,-1.,0.));
#4779=DIRECTION('center_axis',(0.,1.,0.));
#4780=DIRECTION('ref_axis',(-0.999752548104785,0.,0.0222450569338171));
#4781=DIRECTION('center_axis',(0.,1.,0.));
#4782=DIRECTION('ref_axis',(-0.999752548104785,0.,0.0222450569338171));
#4783=DIRECTION('center_axis',(0.,1.,0.));
#4784=DIRECTION('ref_axis',(-0.677281571625741,0.,0.735723910673131));
#4785=DIRECTION('',(0.,-1.,0.));
#4786=DIRECTION('center_axis',(0.,1.,0.));
#4787=DIRECTION('ref_axis',(0.345658880096272,0.,0.93836023925281));
#4788=DIRECTION('center_axis',(0.,1.,0.));
#4789=DIRECTION('ref_axis',(0.345658880096272,0.,0.93836023925281));
#4790=DIRECTION('center_axis',(-0.870228291901353,1.55415085920718E-15,
0.492648678039893));
#4791=DIRECTION('ref_axis',(0.492648678039893,0.,0.870228291901353));
#4792=DIRECTION('center_axis',(0.492648678039891,-2.13892732691768E-15,
0.870228291901354));
#4793=DIRECTION('ref_axis',(-4.27148561234098E-14,1.,2.66393829579233E-14));
#4794=DIRECTION('center_axis',(0.870228291901353,-1.55415085920718E-15,
-0.492648678039893));
#4795=DIRECTION('ref_axis',(0.492648678039893,1.26871622620057E-31,0.870228291901353));
#4796=DIRECTION('center_axis',(0.492648678039891,-2.13892732691768E-15,
0.870228291901354));
#4797=DIRECTION('ref_axis',(-4.27148561234098E-14,1.,2.66393829579233E-14));
#4798=DIRECTION('center_axis',(0.492648678039893,-8.61050997389906E-17,
0.870228291901353));
#4799=DIRECTION('ref_axis',(0.615344326383834,0.707106781186546,-0.348355220984598));
#4800=DIRECTION('center_axis',(0.492648678039888,-1.64693262078378E-15,
0.870228291901355));
#4801=DIRECTION('ref_axis',(-6.49846285108934E-14,1.,3.86812567033897E-14));
#4802=DIRECTION('center_axis',(0.492648678039888,-1.64693262078378E-15,
0.870228291901355));
#4803=DIRECTION('ref_axis',(-6.49846285108934E-14,1.,3.86812567033897E-14));
#4804=DIRECTION('',(-0.492648678039893,8.61050997389906E-17,-0.870228291901353));
#4805=DIRECTION('center_axis',(-0.870228291901353,1.55415085920718E-15,
0.492648678039893));
#4806=DIRECTION('ref_axis',(0.492648678039893,0.,0.870228291901353));
#4807=DIRECTION('center_axis',(0.870228291901353,-1.55415085920718E-15,
-0.492648678039893));
#4808=DIRECTION('ref_axis',(0.492648678039893,2.53743245240115E-31,0.870228291901353));
#4809=DIRECTION('center_axis',(0.,1.,0.));
#4810=DIRECTION('ref_axis',(-0.986361303402722,0.,0.164594590280734));
#4811=DIRECTION('',(0.,-1.,0.));
#4812=DIRECTION('center_axis',(0.,1.,0.));
#4813=DIRECTION('ref_axis',(-0.303579363315035,0.,0.952806155610488));
#4814=DIRECTION('center_axis',(0.,1.,0.));
#4815=DIRECTION('ref_axis',(-0.303579363315035,0.,0.952806155610488));
#4816=DIRECTION('center_axis',(0.,1.,0.));
#4817=DIRECTION('ref_axis',(-0.986361303402722,0.,-0.164594590280734));
#4818=DIRECTION('',(0.,-1.,0.));
#4819=DIRECTION('center_axis',(0.,1.,0.));
#4820=DIRECTION('ref_axis',(-0.802608431845009,0.,-0.596506249029544));
#4821=DIRECTION('center_axis',(0.,1.,0.));
#4822=DIRECTION('ref_axis',(-0.802608431845009,0.,-0.596506249029544));
#4823=DIRECTION('center_axis',(-0.989323478504048,1.55415085920718E-15,
-0.145736251086165));
#4824=DIRECTION('ref_axis',(-0.145736251086165,0.,0.989323478504048));
#4825=DIRECTION('center_axis',(-0.145736251086167,-2.13892732691768E-15,
0.989323478504048));
#4826=DIRECTION('ref_axis',(-5.00702709909863E-14,1.,-5.21379141428718E-15));
#4827=DIRECTION('center_axis',(0.989323478504048,-1.55415085920718E-15,
0.145736251086165));
#4828=DIRECTION('ref_axis',(-0.145736251086165,9.5153716965043E-32,0.989323478504048));
#4829=DIRECTION('center_axis',(-0.145736251086167,-2.13892732691768E-15,
0.989323478504048));
#4830=DIRECTION('ref_axis',(-5.00702709909863E-14,1.,-5.21379141428718E-15));
#4831=DIRECTION('center_axis',(-0.145736251086165,-8.61050997389906E-17,
0.989323478504048));
#4832=DIRECTION('ref_axis',(0.699557340437277,0.707106781186546,0.103051091407732));
#4833=DIRECTION('center_axis',(-0.14573625108617,-1.64693262078378E-15,
0.989323478504048));
#4834=DIRECTION('ref_axis',(-7.50405224560562E-14,1.,-9.38943834180057E-15));
#4835=DIRECTION('center_axis',(-0.14573625108617,-1.64693262078378E-15,
0.989323478504048));
#4836=DIRECTION('ref_axis',(-7.50405224560562E-14,1.,-9.38943834180057E-15));
#4837=DIRECTION('',(0.145736251086165,8.61050997389906E-17,-0.989323478504048));
#4838=DIRECTION('center_axis',(-0.989323478504048,1.55415085920718E-15,
-0.145736251086165));
#4839=DIRECTION('ref_axis',(-0.145736251086165,0.,0.989323478504048));
#4840=DIRECTION('center_axis',(0.989323478504048,-1.55415085920718E-15,
0.145736251086165));
#4841=DIRECTION('ref_axis',(-0.145736251086165,0.,0.989323478504048));
#4842=DIRECTION('center_axis',(0.,1.,0.));
#4843=DIRECTION('ref_axis',(-0.40169542465297,0.,0.915773326655057));
#4844=DIRECTION('',(0.,-1.,0.));
#4845=DIRECTION('center_axis',(0.,1.,0.));
#4846=DIRECTION('ref_axis',(0.631615200150154,0.,0.775282038318496));
#4847=DIRECTION('center_axis',(0.,1.,0.));
#4848=DIRECTION('ref_axis',(0.631615200150154,0.,0.775282038318496));
#4849=DIRECTION('center_axis',(0.,1.,0.));
#4850=DIRECTION('ref_axis',(-0.677281571625742,0.,0.735723910673131));
#4851=DIRECTION('',(0.,-1.,0.));
#4852=DIRECTION('center_axis',(0.,1.,0.));
#4853=DIRECTION('ref_axis',(-0.938360239252811,0.,0.34565888009627));
#4854=DIRECTION('center_axis',(0.,1.,0.));
#4855=DIRECTION('ref_axis',(-0.938360239252811,0.,0.34565888009627));
#4856=DIRECTION('center_axis',(-0.66311415843205,1.55415085920718E-15,0.748518278258423));
#4857=DIRECTION('ref_axis',(0.748518278258423,0.,0.66311415843205));
#4858=DIRECTION('center_axis',(0.748518278258422,-2.13892732691768E-15,
0.663114158432052));
#4859=DIRECTION('ref_axis',(-3.1750653891905E-14,1.,3.90654788202956E-14));
#4860=DIRECTION('center_axis',(0.66311415843205,-1.55415085920718E-15,-0.748518278258423));
#4861=DIRECTION('ref_axis',(0.748518278258423,-3.80614867860172E-31,0.66311415843205));
#4862=DIRECTION('center_axis',(0.748518278258422,-2.13892732691768E-15,
0.663114158432052));
#4863=DIRECTION('ref_axis',(-3.1750653891905E-14,1.,3.90654788202956E-14));
#4864=DIRECTION('center_axis',(0.748518278258423,-8.61050997389906E-17,
0.66311415843205));
#4865=DIRECTION('ref_axis',(0.468892518128113,0.707106781186546,-0.529282350398611));
#4866=DIRECTION('center_axis',(0.74851827825842,-1.64693262078378E-15,0.663114158432054));
#4867=DIRECTION('ref_axis',(-4.89037985713529E-14,1.,5.76858739046648E-14));
#4868=DIRECTION('center_axis',(0.74851827825842,-1.64693262078378E-15,0.663114158432054));
#4869=DIRECTION('ref_axis',(-4.89037985713529E-14,1.,5.76858739046648E-14));
#4870=DIRECTION('',(-0.748518278258423,8.61050997389906E-17,-0.66311415843205));
#4871=DIRECTION('center_axis',(-0.66311415843205,1.55415085920718E-15,0.748518278258423));
#4872=DIRECTION('ref_axis',(0.748518278258423,0.,0.66311415843205));
#4873=DIRECTION('center_axis',(0.66311415843205,-1.55415085920718E-15,-0.748518278258423));
#4874=DIRECTION('ref_axis',(0.748518278258423,-6.34358113100288E-31,0.66311415843205));
#4875=DIRECTION('center_axis',(-0.384141316620326,1.55415085920718E-15,
0.923274308569887));
#4876=DIRECTION('ref_axis',(0.923274308569887,0.,0.384141316620326));
#4877=DIRECTION('center_axis',(0.,1.,0.));
#4878=DIRECTION('ref_axis',(-0.775282038318497,0.,0.631615200150152));
#4879=DIRECTION('center_axis',(0.,1.,0.));
#4880=DIRECTION('ref_axis',(-0.775282038318497,0.,0.631615200150152));
#4881=DIRECTION('center_axis',(0.384141316620326,-1.55415085920718E-15,
-0.923274308569887));
#4882=DIRECTION('ref_axis',(0.923274308569887,0.,0.384141316620326));
#4883=DIRECTION('center_axis',(0.923274308569885,-1.64693262078378E-15,
0.38414131662033));
#4884=DIRECTION('ref_axis',(-2.75234832359874E-14,1.,7.04393315798117E-14));
#4885=DIRECTION('center_axis',(0.923274308569885,-1.64693262078378E-15,
0.38414131662033));
#4886=DIRECTION('ref_axis',(-2.75234832359874E-14,1.,7.04393315798117E-14));
#4887=DIRECTION('center_axis',(0.923274308569887,-8.61050997389906E-17,
0.384141316620326));
#4888=DIRECTION('ref_axis',(0.271628929916161,0.707106781186546,-0.652853524485089));
#4889=DIRECTION('',(-0.923274308569887,8.61050997389906E-17,-0.384141316620326));
#4890=DIRECTION('center_axis',(0.923274308569886,-2.13892732691768E-15,
0.384141316620328));
#4891=DIRECTION('ref_axis',(-1.73457756490563E-14,1.,4.72582238891297E-14));
#4892=DIRECTION('center_axis',(0.923274308569886,-2.13892732691768E-15,
0.384141316620328));
#4893=DIRECTION('ref_axis',(-1.73457756490563E-14,1.,4.72582238891297E-14));
#4894=DIRECTION('center_axis',(-0.384141316620326,1.55415085920718E-15,
0.923274308569887));
#4895=DIRECTION('ref_axis',(0.923274308569887,0.,0.384141316620326));
#4896=DIRECTION('center_axis',(0.384141316620326,-1.55415085920718E-15,
-0.923274308569887));
#4897=DIRECTION('ref_axis',(0.923274308569887,-6.34358113100287E-32,0.384141316620326));
#4898=DIRECTION('center_axis',(-6.39723801632559E-16,-1.,1.53756059312874E-15));
#4899=DIRECTION('ref_axis',(-0.923274308569886,-6.40949485492072E-30,-0.384141316620328));
#4900=DIRECTION('center_axis',(-6.39723801632559E-16,-1.,1.53756059312874E-15));
#4901=DIRECTION('ref_axis',(-0.923274308569886,-6.40949485492072E-30,-0.384141316620328));
#4902=DIRECTION('center_axis',(0.,1.,0.));
#4903=DIRECTION('ref_axis',(-0.40169542465297,0.,0.915773326655057));
#4904=DIRECTION('',(0.,-1.,0.));
#4905=DIRECTION('center_axis',(0.,1.,0.));
#4906=DIRECTION('ref_axis',(-0.0825793454723328,0.,0.99658449300667));
#4907=DIRECTION('',(0.,-1.,0.));
#4908=CARTESIAN_POINT('',(0.,0.,0.));
#4909=CARTESIAN_POINT('Origin',(0.,9.7,0.));
#4910=CARTESIAN_POINT('',(-1.09605888523688E-15,11.4,8.95));
#4911=CARTESIAN_POINT('Origin',(0.,11.4,0.));
#4912=CARTESIAN_POINT('',(-8.87868929381831E-16,9.7,7.25));
#4913=CARTESIAN_POINT('Origin',(-1.09605888523688E-15,9.7,8.95));
#4914=CARTESIAN_POINT('',(-7.25,9.7,-8.87868929381831E-16));
#4915=CARTESIAN_POINT('Origin',(0.,9.7,0.));
#4916=CARTESIAN_POINT('Origin',(0.,9.7,0.));
#4917=CARTESIAN_POINT('Origin',(0.,11.4,0.));
#4918=CARTESIAN_POINT('',(-1.46957615897682E-15,11.4,-12.));
#4919=CARTESIAN_POINT('Origin',(0.,11.4,0.));
#4920=CARTESIAN_POINT('Origin',(0.,0.,0.));
#4921=CARTESIAN_POINT('',(-7.25,1.7,8.87868929381831E-16));
#4922=CARTESIAN_POINT('',(-7.25,0.,8.87868929381831E-16));
#4923=CARTESIAN_POINT('',(-8.87868929381831E-16,1.7,7.25));
#4924=CARTESIAN_POINT('Origin',(0.,1.7,0.));
#4925=CARTESIAN_POINT('Origin',(0.,1.7,0.));
#4926=CARTESIAN_POINT('Origin',(0.,9.7,0.));
#4927=CARTESIAN_POINT('',(-1.67776611483187E-15,9.7,-13.7));
#4928=CARTESIAN_POINT('Origin',(-1.46957615897682E-15,9.7,-12.));
#4929=CARTESIAN_POINT('',(-13.7,9.7,1.67776611483187E-15));
#4930=CARTESIAN_POINT('Origin',(0.,9.7,0.));
#4931=CARTESIAN_POINT('Origin',(0.,9.7,0.));
#4932=CARTESIAN_POINT('Origin',(0.,0.,0.));
#4933=CARTESIAN_POINT('',(-13.7,1.7,-1.67776611483187E-15));
#4934=CARTESIAN_POINT('',(-13.7,0.,1.67776611483187E-15));
#4935=CARTESIAN_POINT('',(-1.67776611483187E-15,1.7,-13.7));
#4936=CARTESIAN_POINT('Origin',(0.,1.7,0.));
#4937=CARTESIAN_POINT('Origin',(0.,1.7,0.));
#4938=CARTESIAN_POINT('Origin',(0.,1.7,0.));
#4939=CARTESIAN_POINT('',(-1.09605888523688E-15,0.,8.95));
#4940=CARTESIAN_POINT('Origin',(-1.09605888523688E-15,1.7,8.95));
#4941=CARTESIAN_POINT('Origin',(0.,0.,0.));
#4942=CARTESIAN_POINT('Origin',(0.,0.,0.));
#4943=CARTESIAN_POINT('',(-1.46957615897682E-15,0.,-12.));
#4944=CARTESIAN_POINT('Origin',(0.,0.,0.));
#4945=CARTESIAN_POINT('Origin',(0.,1.7,0.));
#4946=CARTESIAN_POINT('Origin',(-1.46957615897682E-15,1.7,-12.));
#4947=CARTESIAN_POINT('Origin',(0.,10.075000089407,-10.75));
#4948=CARTESIAN_POINT('',(-0.48057764952073,10.075000089407,-6.61199593201238));
#4949=CARTESIAN_POINT('',(-3.2111144226139E-10,11.9907203478298,-7.82083358419699));
#4950=CARTESIAN_POINT('Ctrl Pts',(-0.480577649520721,10.075000089407,-6.61199593201235));
#4951=CARTESIAN_POINT('Ctrl Pts',(-0.482260507813304,10.1465032186118,-6.61785622362925));
#4952=CARTESIAN_POINT('Ctrl Pts',(-0.48244852041542,10.2456583073802,-6.62010385324647));
#4953=CARTESIAN_POINT('Ctrl Pts',(-0.488218457927037,10.785756795641,-6.68143914028838));
#4954=CARTESIAN_POINT('Ctrl Pts',(-0.498790322100273,11.0928789561396,-6.80985537490865));
#4955=CARTESIAN_POINT('Ctrl Pts',(-0.501122171798687,11.5841122273473,-7.08398692807085));
#4956=CARTESIAN_POINT('Ctrl Pts',(-0.492600645317852,11.7868451234287,-7.25904956214939));
#4957=CARTESIAN_POINT('Ctrl Pts',(-0.443410338434629,12.0167661173762,-7.52320465214204));
#4958=CARTESIAN_POINT('Ctrl Pts',(-0.41728787317152,12.0794382307287,-7.61609044934819));
#4959=CARTESIAN_POINT('Ctrl Pts',(-0.361990324584299,12.143121153544,-7.73773530937911));
#4960=CARTESIAN_POINT('Ctrl Pts',(-0.33838610291962,12.1587869425659,-7.77715525109614));
#4961=CARTESIAN_POINT('Ctrl Pts',(-0.295899386981087,12.1708441024403,-7.82732378024184));
#4962=CARTESIAN_POINT('Ctrl Pts',(-0.277604755046196,12.1727832542117,-7.84476845148372));
#4963=CARTESIAN_POINT('Ctrl Pts',(-0.240458114034543,12.1689014304175,-7.86941404651201));
#4964=CARTESIAN_POINT('Ctrl Pts',(-0.223361035140476,12.1647496208714,-7.87748422862613));
#4965=CARTESIAN_POINT('Ctrl Pts',(-0.187917371935293,12.1514525195158,-7.88758293189597));
#4966=CARTESIAN_POINT('Ctrl Pts',(-0.170610777819016,12.1427337273964,-7.8893703750239));
#4967=CARTESIAN_POINT('Ctrl Pts',(-0.131406334775351,12.1189949818683,-7.88792349569961));
#4968=CARTESIAN_POINT('Ctrl Pts',(-0.110228412879088,12.1029559319215,-7.88273044882807));
#4969=CARTESIAN_POINT('Ctrl Pts',(-0.0570125111470211,12.0570278056098,
-7.86262212312469));
#4970=CARTESIAN_POINT('Ctrl Pts',(-0.0261691711184785,12.0233022834499,
-7.84214038270046));
#4971=CARTESIAN_POINT('Ctrl Pts',(-3.5777212869484E-5,11.9907648979027,
-7.82086271985116));
#4972=CARTESIAN_POINT('Ctrl Pts',(-1.78888204896414E-5,11.9907426238078,
-7.82084815303197));
#4973=CARTESIAN_POINT('Ctrl Pts',(-6.42222984974668E-10,11.9907203478298,
-7.82083358419699));
#4974=CARTESIAN_POINT('',(0.47077909008788,10.075000089407,-6.91842520101228));
#4975=CARTESIAN_POINT('Origin',(0.,10.075000089407,-6.75));
#4976=CARTESIAN_POINT('Ctrl Pts',(-6.42222707306073E-10,11.9907203478298,
-7.82083358419699));
#4977=CARTESIAN_POINT('Ctrl Pts',(0.0526792182598608,11.9251194184742,-7.77792955920783));
#4978=CARTESIAN_POINT('Ctrl Pts',(0.1035283724475,11.8432475726469,-7.71748452846972));
#4979=CARTESIAN_POINT('Ctrl Pts',(0.24248262130771,11.5527110216276,-7.51124917078661));
#4980=CARTESIAN_POINT('Ctrl Pts',(0.318113651356553,11.3023351336158,-7.34250427850573));
#4981=CARTESIAN_POINT('Ctrl Pts',(0.442766801692095,10.5914974967183,-7.01610934248322));
#4982=CARTESIAN_POINT('Ctrl Pts',(0.466344610959302,10.2293850283701,-6.93082037724849));
#4983=CARTESIAN_POINT('Ctrl Pts',(0.470779090087885,10.075000089407,-6.91842520101227));
#4984=CARTESIAN_POINT('',(0.,13.575000089407,-10.75));
#4985=CARTESIAN_POINT('Origin',(-6.12323399573677E-17,10.075000089407,-10.75));
#4986=CARTESIAN_POINT('',(-0.5,14.075000089407,-10.75));
#4987=CARTESIAN_POINT('Origin',(0.,14.075000089407,-10.75));
#4988=CARTESIAN_POINT('Origin',(0.,14.075000089407,-10.75));
#4989=CARTESIAN_POINT('Origin',(0.,14.075000089407,-18.));
#4990=CARTESIAN_POINT('',(-0.5,14.075000089407,-18.));
#4991=CARTESIAN_POINT('Origin',(0.,14.075000089407,-18.));
#4992=CARTESIAN_POINT('Origin',(0.,14.075000089407,-13.));
#4993=CARTESIAN_POINT('',(-0.5,14.075000089407,-13.));
#4994=CARTESIAN_POINT('Origin',(-0.674488960582493,9.7,-8.8440545938567));
#4995=CARTESIAN_POINT('',(-0.674488960582496,11.4,-8.8440545938567));
#4996=CARTESIAN_POINT('',(-0.337961641607288,11.5464466094067,-8.95244907518927));
#4997=CARTESIAN_POINT('Origin',(-0.674488960582498,11.9,-8.8440545938567));
#4998=CARTESIAN_POINT('Origin',(-0.674488960582498,11.9,-8.8440545938567));
#4999=CARTESIAN_POINT('',(-0.153292945586926,9.7,-7.22592149860379));
#5000=CARTESIAN_POINT('Origin',(-0.674488960582493,9.7,-8.8440545938567));
#5001=CARTESIAN_POINT('',(-0.499999999999995,9.7,-6.75));
#5002=CARTESIAN_POINT('Origin',(4.44089209850063E-15,9.7,-6.75));
#5003=CARTESIAN_POINT('',(-0.475921498603791,9.7,-6.59670705441307));
#5004=CARTESIAN_POINT('Origin',(4.44089209850063E-15,9.7,-6.75));
#5005=CARTESIAN_POINT('Ctrl Pts',(-0.475921498603791,9.7,-6.59670705441307));
#5006=CARTESIAN_POINT('Ctrl Pts',(-0.475921498603791,9.70079282965899,-6.59670705441307));
#5007=CARTESIAN_POINT('Ctrl Pts',(-0.475921566724399,9.70160021104006,-6.59670726590351));
#5008=CARTESIAN_POINT('Ctrl Pts',(-0.475942343547314,9.82650812184632,-6.5967717710304));
#5009=CARTESIAN_POINT('Ctrl Pts',(-0.477654707270054,9.95080691263838,-6.60181724136219));
#5010=CARTESIAN_POINT('Ctrl Pts',(-0.480577649520718,10.075000089407,-6.61199593201234));
#5011=CARTESIAN_POINT('',(0.475921498603799,9.7,-6.90329294558693));
#5012=CARTESIAN_POINT('Ctrl Pts',(0.47077909008788,10.075000089407,-6.91842520101228));
#5013=CARTESIAN_POINT('Ctrl Pts',(0.474334828858156,9.95120820830866,-6.90848626400761));
#5014=CARTESIAN_POINT('Ctrl Pts',(0.475900389854142,9.82747662357223,-6.90335848065281));
#5015=CARTESIAN_POINT('Ctrl Pts',(0.47592143378482,9.70159031178979,-6.90329314682788));
#5016=CARTESIAN_POINT('Ctrl Pts',(0.475921498603799,9.70080272891532,-6.90329294558693));
#5017=CARTESIAN_POINT('Ctrl Pts',(0.475921498603799,9.7,-6.90329294558693));
#5018=CARTESIAN_POINT('Origin',(4.44089209850063E-15,9.7,-6.75));
#5019=CARTESIAN_POINT('Origin',(0.,1.32499991059303,-10.75));
#5020=CARTESIAN_POINT('',(0.480577649520565,1.32499991059303,-6.61199593201181));
#5021=CARTESIAN_POINT('',(3.21111849959122E-10,-0.59072034782978,-7.82083358419696));
#5022=CARTESIAN_POINT('Ctrl Pts',(0.480577649520568,1.32499991059303,-6.61199593201182));
#5023=CARTESIAN_POINT('Ctrl Pts',(0.482260507813177,1.25349678138983,-6.61785622362879));
#5024=CARTESIAN_POINT('Ctrl Pts',(0.482448520415336,1.15434169262376,-6.62010385324611));
#5025=CARTESIAN_POINT('Ctrl Pts',(0.488218457926907,0.614243204363935,-6.68143914028672));
#5026=CARTESIAN_POINT('Ctrl Pts',(0.498790322100138,0.307121043866377,-6.80985537490593));
#5027=CARTESIAN_POINT('Ctrl Pts',(0.50112217179879,-0.184112227343683,-7.08398692806803));
#5028=CARTESIAN_POINT('Ctrl Pts',(0.49260064531813,-0.386845123426216,-7.25904956214693));
#5029=CARTESIAN_POINT('Ctrl Pts',(0.443410338435035,-0.616766117375093,
-7.52320465214047));
#5030=CARTESIAN_POINT('Ctrl Pts',(0.417287873171955,-0.679438230727999,
-7.61609044934696));
#5031=CARTESIAN_POINT('Ctrl Pts',(0.361990324584921,-0.74312115354341,-7.73773530937791));
#5032=CARTESIAN_POINT('Ctrl Pts',(0.338386102920268,-0.758786942565621,
-7.77715525109529));
#5033=CARTESIAN_POINT('Ctrl Pts',(0.295899386981401,-0.770844102440295,
-7.82732378024153));
#5034=CARTESIAN_POINT('Ctrl Pts',(0.277604755046497,-0.772783254211681,
-7.84476845148347));
#5035=CARTESIAN_POINT('Ctrl Pts',(0.240458114034803,-0.768901430417552,
-7.86941404651187));
#5036=CARTESIAN_POINT('Ctrl Pts',(0.223361035140752,-0.764749620871475,
-7.87748422862601));
#5037=CARTESIAN_POINT('Ctrl Pts',(0.187917371935599,-0.751452519515913,
-7.8875829318959));
#5038=CARTESIAN_POINT('Ctrl Pts',(0.170610777819338,-0.742733727396557,
-7.88937037502386));
#5039=CARTESIAN_POINT('Ctrl Pts',(0.1314063347757,-0.718994981868506,-7.88792349569964));
#5040=CARTESIAN_POINT('Ctrl Pts',(0.110228412879467,-0.702955931921758,
-7.88273044882815));
#5041=CARTESIAN_POINT('Ctrl Pts',(0.0570125111475209,-0.657027805610243,
-7.86262212312492));
#5042=CARTESIAN_POINT('Ctrl Pts',(0.0261691711190548,-0.62330228345048,
-7.84214038270083));
#5043=CARTESIAN_POINT('Ctrl Pts',(3.57772132872618E-5,-0.590764897903131,
-7.82086271985148));
#5044=CARTESIAN_POINT('Ctrl Pts',(1.78888206991151E-5,-0.590742623807991,
-7.82084815303211));
#5045=CARTESIAN_POINT('Ctrl Pts',(6.42223602909616E-10,-0.590720347829779,
-7.82083358419696));
#5046=CARTESIAN_POINT('',(-0.5,1.32499991059303,-6.75));
#5047=CARTESIAN_POINT('Origin',(0.,1.32499991059303,-6.75));
#5048=CARTESIAN_POINT('',(-0.47077909008769,1.32499991059303,-6.91842520101281));
#5049=CARTESIAN_POINT('Origin',(0.,1.32499991059303,-6.75));
#5050=CARTESIAN_POINT('Ctrl Pts',(6.42223687424837E-10,-0.59072034782978,
-7.82083358419696));
#5051=CARTESIAN_POINT('Ctrl Pts',(-0.0526792182594622,-0.525119418474694,
-7.77792955920812));
#5052=CARTESIAN_POINT('Ctrl Pts',(-0.103528372446737,-0.443247572648093,
-7.71748452847059));
#5053=CARTESIAN_POINT('Ctrl Pts',(-0.242482621306972,-0.152711021629775,
-7.51124917078809));
#5054=CARTESIAN_POINT('Ctrl Pts',(-0.318113651356103,0.0976648663823165,
-7.34250427850676));
#5055=CARTESIAN_POINT('Ctrl Pts',(-0.442766801691936,0.808502503280508,
-7.01610934248366));
#5056=CARTESIAN_POINT('Ctrl Pts',(-0.466344610959237,1.17061497162939,-6.93082037724862));
#5057=CARTESIAN_POINT('Ctrl Pts',(-0.470779090087693,1.32499991059303,-6.9184252010128));
#5058=CARTESIAN_POINT('',(0.,-2.17500008940696,-10.75));
#5059=CARTESIAN_POINT('Origin',(-6.12323399573677E-17,1.32499991059303,
-10.75));
#5060=CARTESIAN_POINT('',(-0.5,-2.67500008940696,-10.75));
#5061=CARTESIAN_POINT('Origin',(0.,-2.67500008940696,-10.75));
#5062=CARTESIAN_POINT('Origin',(0.,-2.67500008940696,-10.75));
#5063=CARTESIAN_POINT('Origin',(0.,-2.67500008940696,-18.));
#5064=CARTESIAN_POINT('',(-0.5,-2.67500008940696,-18.));
#5065=CARTESIAN_POINT('Origin',(0.,-2.67500008940696,-18.));
#5066=CARTESIAN_POINT('Origin',(0.,-2.67500008940696,-13.));
#5067=CARTESIAN_POINT('',(-0.5,-2.67500008940696,-13.));
#5068=CARTESIAN_POINT('Origin',(0.674488960582523,1.7,-8.84405459385669));
#5069=CARTESIAN_POINT('',(0.674488960582526,0.,-8.84405459385669));
#5070=CARTESIAN_POINT('',(1.01101627955773,-0.853553390593273,-8.73566011252411));
#5071=CARTESIAN_POINT('Origin',(0.674488960582503,-0.5,-8.8440545938567));
#5072=CARTESIAN_POINT('',(0.153292945586959,1.7,-7.22592149860378));
#5073=CARTESIAN_POINT('Origin',(0.674488960582523,1.7,-8.84405459385669));
#5074=CARTESIAN_POINT('',(0.475921498603825,1.7,-6.59670705441306));
#5075=CARTESIAN_POINT('Origin',(4.53757762199175E-16,1.7,-6.75));
#5076=CARTESIAN_POINT('Ctrl Pts',(0.475921498603825,1.7,-6.59670705441306));
#5077=CARTESIAN_POINT('Ctrl Pts',(0.475921498603825,1.69916519200546,-6.59670705441306));
#5078=CARTESIAN_POINT('Ctrl Pts',(0.475921552658244,1.6984417672697,-6.59670722223281));
#5079=CARTESIAN_POINT('Ctrl Pts',(0.475943588538406,1.56868476270687,-6.59677563630744));
#5080=CARTESIAN_POINT('Ctrl Pts',(0.477681084049666,1.44807236180333,-6.60190909438463));
#5081=CARTESIAN_POINT('Ctrl Pts',(0.480577649520564,1.32499991059303,-6.61199593201181));
#5082=CARTESIAN_POINT('',(-0.475921498603795,1.7,-6.90329294558693));
#5083=CARTESIAN_POINT('Ctrl Pts',(-0.470779090087689,1.32499991059303,-6.91842520101282));
#5084=CARTESIAN_POINT('Ctrl Pts',(-0.474404569503521,1.45121978943647,-6.90829132621111));
#5085=CARTESIAN_POINT('Ctrl Pts',(-0.475901315026997,1.57555966565684,-6.9033556083186));
#5086=CARTESIAN_POINT('Ctrl Pts',(-0.475921420146483,1.69836858178534,-6.90329318917004));
#5087=CARTESIAN_POINT('Ctrl Pts',(-0.475921498603766,1.69923837753456,-6.90329294558692));
#5088=CARTESIAN_POINT('Ctrl Pts',(-0.475921498603766,1.7,-6.90329294558692));
#5089=CARTESIAN_POINT('Origin',(4.53757762199175E-16,1.7,-6.75));
#5090=CARTESIAN_POINT('Origin',(0.674488960582503,-0.5,-8.8440545938567));
#5091=CARTESIAN_POINT('Origin',(8.37008842598002,9.7,2.93493726650857));
#5092=CARTESIAN_POINT('',(8.37008842598001,11.4,2.93493726650857));
#5093=CARTESIAN_POINT('',(8.33417171643793,11.5464466094067,3.28666157612573));
#5094=CARTESIAN_POINT('Origin',(8.37008842598001,11.9,2.93493726650857));
#5095=CARTESIAN_POINT('Origin',(8.37008842598001,11.9,2.93493726650857));
#5096=CARTESIAN_POINT('',(6.67888324379854,9.7,2.76223801415778));
#5097=CARTESIAN_POINT('Origin',(8.37008842598002,9.7,2.93493726650857));
#5098=CARTESIAN_POINT('',(6.38231766724812,9.7,2.25355745308002));
#5099=CARTESIAN_POINT('Origin',(6.18146995492163,9.7,2.71144411640755));
#5100=CARTESIAN_POINT('Origin',(6.18146995492163,9.7,2.71144411640755));
#5101=CARTESIAN_POINT('Origin',(12.9198811852477,11.9,3.39954429122396));
#5102=CARTESIAN_POINT('',(11.5768653052801,11.4,3.26240076729833));
#5103=CARTESIAN_POINT('',(11.540948595738,11.5464466094067,3.61412507691549));
#5104=CARTESIAN_POINT('Origin',(11.5768653052801,11.9,3.26240076729833));
#5105=CARTESIAN_POINT('',(12.8839644757057,11.5464466094067,3.75126860084112));
#5106=CARTESIAN_POINT('Origin',(11.5768653052801,11.9,3.26240076729833));
#5107=CARTESIAN_POINT('Origin',(11.5768653052801,9.70000000000001,3.26240076729833));
#5108=CARTESIAN_POINT('',(13.2680704874616,9.7,3.43510001964912));
#5109=CARTESIAN_POINT('',(13.966331488665,9.7,3.02800725407183));
#5110=CARTESIAN_POINT('Origin',(13.7654837763385,9.7,3.48589391739935));
#5111=CARTESIAN_POINT('Origin',(13.7654837763385,9.7,3.48589391739935));
#5112=CARTESIAN_POINT('Origin',(11.5768653052801,9.70000000000001,3.26240076729833));
#5113=CARTESIAN_POINT('Origin',(8.86954652043521,9.7,0.0581510008615641));
#5114=CARTESIAN_POINT('',(8.8695465204352,11.4,0.0581510008615617));
#5115=CARTESIAN_POINT('',(8.94978057392422,11.5464466094067,0.40248005374662));
#5116=CARTESIAN_POINT('Origin',(8.8695465204352,11.9,0.0581510008615593));
#5117=CARTESIAN_POINT('Origin',(8.8695465204352,11.9,0.0581510008615593));
#5118=CARTESIAN_POINT('',(7.21390014430415,9.7,0.443942495329913));
#5119=CARTESIAN_POINT('Origin',(8.86954652043521,9.7,0.0581510008615641));
#5120=CARTESIAN_POINT('',(6.76823500053119,9.7,0.0591183354349108));
#5121=CARTESIAN_POINT('Origin',(6.72694532779502,9.7,0.55741058193825));
#5122=CARTESIAN_POINT('Origin',(6.72694532779502,9.7,0.55741058193825));
#5123=CARTESIAN_POINT('Origin',(13.3236766126292,11.9,-0.979730958472937));
#5124=CARTESIAN_POINT('',(12.0088986080545,11.4,-0.673367124630424));
#5125=CARTESIAN_POINT('',(12.0891326615435,11.5464466094067,-0.329038071745369));
#5126=CARTESIAN_POINT('Origin',(12.0088986080545,11.9,-0.673367124630425));
#5127=CARTESIAN_POINT('',(13.4039106661182,11.5464466094067,-0.63540190558788));
#5128=CARTESIAN_POINT('Origin',(12.0088986080545,11.9,-0.673367124630425));
#5129=CARTESIAN_POINT('Origin',(12.0088986080545,9.70000000000001,-0.673367124630425));
#5130=CARTESIAN_POINT('',(13.6645449841856,9.7,-1.05915861909877));
#5131=CARTESIAN_POINT('',(14.1927894734309,9.7,-1.67091895221045));
#5132=CARTESIAN_POINT('Origin',(14.1514998006947,9.7,-1.17262670570711));
#5133=CARTESIAN_POINT('Origin',(14.1514998006947,9.7,-1.17262670570711));
#5134=CARTESIAN_POINT('Origin',(12.0088986080545,9.70000000000001,-0.673367124630425));
#5135=CARTESIAN_POINT('Origin',(-4.20726797419396,9.70000000000001,11.2679175208372));
#5136=CARTESIAN_POINT('',(-4.51903598804457,9.7,12.939084988669));
#5137=CARTESIAN_POINT('',(-4.17099558710326,9.7,13.6685785286675));
#5138=CARTESIAN_POINT('Origin',(-4.6107324627065,9.7,13.430604832149));
#5139=CARTESIAN_POINT('Origin',(-4.6107324627065,9.7,13.430604832149));
#5140=CARTESIAN_POINT('',(-4.20726797419396,11.4,11.2679175208372));
#5141=CARTESIAN_POINT('Origin',(-4.20726797419396,9.70000000000001,11.2679175208372));
#5142=CARTESIAN_POINT('',(-4.55482498860639,11.5464466094067,11.2030783217928));
#5143=CARTESIAN_POINT('Origin',(-4.20726797419396,11.9,11.2679175208372));
#5144=CARTESIAN_POINT('Origin',(-4.20726797419396,11.9,11.2679175208372));
#5145=CARTESIAN_POINT('Origin',(-4.4548484557812,11.9,12.5950210982331));
#5146=CARTESIAN_POINT('',(-3.96366640592523,11.5464466094067,8.0342959329113));
#5147=CARTESIAN_POINT('',(-4.80240547019364,11.5464466094067,12.5301818991887));
#5148=CARTESIAN_POINT('',(-3.6161093915128,11.4,8.09913513195566));
#5149=CARTESIAN_POINT('Origin',(-3.6161093915128,11.9,8.09913513195566));
#5150=CARTESIAN_POINT('Origin',(-3.6161093915128,11.9,8.09913513195566));
#5151=CARTESIAN_POINT('Origin',(-3.6161093915128,9.7,8.09913513195566));
#5152=CARTESIAN_POINT('',(-3.30434137766219,9.7,6.42796766412377));
#5153=CARTESIAN_POINT('Origin',(-3.6161093915128,9.7,8.09913513195566));
#5154=CARTESIAN_POINT('',(-2.772908027397,9.7,6.17442151716234));
#5155=CARTESIAN_POINT('Origin',(-3.21264490300025,9.7,5.9364478206438));
#5156=CARTESIAN_POINT('Origin',(-3.21264490300025,9.7,5.9364478206438));
#5157=CARTESIAN_POINT('Origin',(-2.07664517448864,11.9,-13.1972639606922));
#5158=CARTESIAN_POINT('',(-1.66275422140392,11.4,-11.912275914462));
#5159=CARTESIAN_POINT('',(-1.32622690242872,11.5464466094067,-12.0206703957945));
#5160=CARTESIAN_POINT('Origin',(-1.66275422140392,11.9,-11.912275914462));
#5161=CARTESIAN_POINT('',(-1.74011785551343,11.5464466094067,-13.3056584420248));
#5162=CARTESIAN_POINT('Origin',(-1.66275422140392,11.9,-11.912275914462));
#5163=CARTESIAN_POINT('Origin',(-1.66275422140392,9.70000000000001,-11.912275914462));
#5164=CARTESIAN_POINT('',(-2.18395023639949,9.7,-13.5304090097149));
#5165=CARTESIAN_POINT('',(-2.83724318198642,9.7,-14.0063305083187));
#5166=CARTESIAN_POINT('Origin',(-2.33724318198642,9.7,-14.0063305083186));
#5167=CARTESIAN_POINT('Origin',(-2.33724318198642,9.7,-14.0063305083186));
#5168=CARTESIAN_POINT('Origin',(-1.66275422140392,9.70000000000001,-11.912275914462));
#5169=CARTESIAN_POINT('Origin',(7.77285653256506,1.7,-4.27257982268628));
#5170=CARTESIAN_POINT('',(7.77285653256507,0.,-4.27257982268628));
#5171=CARTESIAN_POINT('',(7.86617530363614,-0.853553390593273,-3.93156427030518));
#5172=CARTESIAN_POINT('Origin',(7.77285653256506,-0.5,-4.2725798226863));
#5173=CARTESIAN_POINT('',(6.13314254742957,1.7,-3.82387273899906));
#5174=CARTESIAN_POINT('Origin',(7.77285653256506,1.7,-4.27257982268628));
#5175=CARTESIAN_POINT('',(5.37739964921086,1.7,-4.11048330645764));
#5176=CARTESIAN_POINT('Origin',(5.65087372827207,1.7,-3.69190006732638));
#5177=CARTESIAN_POINT('Origin',(5.65087372827207,1.7,-3.69190006732638));
#5178=CARTESIAN_POINT('Origin',(7.77285653256506,-0.5,-4.2725798226863));
#5179=CARTESIAN_POINT('Origin',(10.1047129587979,-0.5,-4.91069141170573));
#5180=CARTESIAN_POINT('',(10.8819984342088,-2.77555756156284E-16,-5.12339527471222));
#5181=CARTESIAN_POINT('',(10.9753172052799,-0.853553390593274,-4.78237972233112));
#5182=CARTESIAN_POINT('Origin',(10.8819984342088,-0.5,-5.12339527471226));
#5183=CARTESIAN_POINT('Origin',(10.8819984342088,-0.5,-5.12339527471226));
#5184=CARTESIAN_POINT('',(10.198031729869,-0.853553390593274,-4.56967585932464));
#5185=CARTESIAN_POINT('Origin',(10.8819984342088,1.7,-5.12339527471222));
#5186=CARTESIAN_POINT('',(12.8812384949314,1.7,-6.18877516304183));
#5187=CARTESIAN_POINT('',(12.5217124193443,1.7,-5.57210235839944));
#5188=CARTESIAN_POINT('Origin',(13.0039812385018,1.7,-5.70407503007216));
#5189=CARTESIAN_POINT('Origin',(13.0039812385018,1.7,-5.70407503007216));
#5190=CARTESIAN_POINT('Origin',(10.8819984342088,1.7,-5.12339527471222));
#5191=CARTESIAN_POINT('Origin',(11.9559454694589,1.7,-1.31241647139657));
#5192=CARTESIAN_POINT('',(14.1927894734309,1.7,-1.67091895221045));
#5193=CARTESIAN_POINT('',(13.6525101799593,1.7,-1.20439710700016));
#5194=CARTESIAN_POINT('Origin',(14.1514998006947,1.7,-1.17262670570711));
#5195=CARTESIAN_POINT('Origin',(14.1514998006947,1.7,-1.17262670570711));
#5196=CARTESIAN_POINT('',(11.9559454694589,-2.77555756156284E-16,-1.31241647139657));
#5197=CARTESIAN_POINT('Origin',(11.9559454694589,1.7,-1.31241647139657));
#5198=CARTESIAN_POINT('',(11.9334804032635,-0.853553390593274,-0.959577526832848));
#5199=CARTESIAN_POINT('Origin',(11.9559454694589,-0.5,-1.31241647139661));
#5200=CARTESIAN_POINT('Origin',(11.9559454694589,-0.5,-1.31241647139661));
#5201=CARTESIAN_POINT('Origin',(11.1517106336757,-0.5,-1.36362167167515));
#5202=CARTESIAN_POINT('',(8.71654106013098,-0.853553390593273,-1.16439832794717));
#5203=CARTESIAN_POINT('',(11.1292455674804,-0.853553390593274,-1.01078272711143));
#5204=CARTESIAN_POINT('',(8.73900612632633,0.,-1.51723727251089));
#5205=CARTESIAN_POINT('Origin',(8.73900612632633,-0.5,-1.51723727251091));
#5206=CARTESIAN_POINT('Origin',(8.73900612632633,-0.5,-1.51723727251091));
#5207=CARTESIAN_POINT('Origin',(8.73900612632632,1.7,-1.51723727251089));
#5208=CARTESIAN_POINT('',(7.0424414158259,1.7,-1.6252566369073));
#5209=CARTESIAN_POINT('Origin',(8.73900612632632,1.7,-1.51723727251089));
#5210=CARTESIAN_POINT('',(6.42070905152008,1.7,-2.14172717117006));
#5211=CARTESIAN_POINT('Origin',(6.54345179509048,1.7,-1.6570270382004));
#5212=CARTESIAN_POINT('Origin',(6.54345179509048,1.7,-1.6570270382004));
#5213=CARTESIAN_POINT('Origin',(14.1514998006947,0.,-1.17262670570711));
#5214=CARTESIAN_POINT('',(14.1927894734309,0.,-1.67091895221045));
#5215=CARTESIAN_POINT('Origin',(8.40785162420696,9.7,-2.82493682803454));
#5216=CARTESIAN_POINT('',(8.40785162420696,11.4,-2.82493682803455));
#5217=CARTESIAN_POINT('',(8.59554183607193,11.5464466094067,-2.52531642757743));
#5218=CARTESIAN_POINT('Origin',(8.40785162420696,11.9,-2.82493682803455));
#5219=CARTESIAN_POINT('Origin',(8.40785162420696,11.9,-2.82493682803455));
#5220=CARTESIAN_POINT('',(6.96717902898059,9.7,-1.92246108134451));
#5221=CARTESIAN_POINT('Origin',(8.40785162420696,9.7,-2.82493682803454));
#5222=CARTESIAN_POINT('',(6.42070905152008,9.7,-2.14172717117006));
#5223=CARTESIAN_POINT('Origin',(6.54345179509048,9.7,-1.65702703820039));
#5224=CARTESIAN_POINT('Origin',(6.54345179509048,9.7,-1.65702703820039));
#5225=CARTESIAN_POINT('Origin',(12.2836449408886,11.9,-5.25283715672714));
#5226=CARTESIAN_POINT('',(11.1395814093853,11.4,-4.536165240238));
#5227=CARTESIAN_POINT('',(11.3272716212503,11.5464466094067,-4.23654483978089));
#5228=CARTESIAN_POINT('Origin',(11.1395814093853,11.9,-4.536165240238));
#5229=CARTESIAN_POINT('',(12.4713351527536,11.5464466094067,-4.95321675627003));
#5230=CARTESIAN_POINT('Origin',(11.1395814093853,11.9,-4.536165240238));
#5231=CARTESIAN_POINT('Origin',(11.1395814093853,9.70000000000001,-4.53616524023801));
#5232=CARTESIAN_POINT('',(12.5802540046117,9.7,-5.43864098692803));
#5233=CARTESIAN_POINT('',(12.8812384949314,9.7,-6.18877516304183));
#5234=CARTESIAN_POINT('Origin',(13.0039812385018,9.7,-5.70407503007216));
#5235=CARTESIAN_POINT('Origin',(13.0039812385018,9.7,-5.70407503007216));
#5236=CARTESIAN_POINT('Origin',(11.1395814093853,9.70000000000001,-4.53616524023801));
#5237=CARTESIAN_POINT('Origin',(13.0039812385018,0.,-5.70407503007216));
#5238=CARTESIAN_POINT('',(12.8812384949314,0.,-6.18877516304183));
#5239=CARTESIAN_POINT('Origin',(6.54345179509048,0.,-1.65702703820039));
#5240=CARTESIAN_POINT('',(6.42070905152008,0.,-2.14172717117006));
#5241=CARTESIAN_POINT('Origin',(2.23371654398685,9.7,-8.58386552889693));
#5242=CARTESIAN_POINT('',(2.23371654398685,11.4,-8.58386552889692));
#5243=CARTESIAN_POINT('',(2.5872055151303,11.5464466094067,-8.57711665640235));
#5244=CARTESIAN_POINT('Origin',(2.23371654398685,11.9,-8.58386552889692));
#5245=CARTESIAN_POINT('Origin',(2.23371654398685,11.9,-8.58386552889692));
#5246=CARTESIAN_POINT('',(2.20126576414417,9.7,-6.88417527861965));
#5247=CARTESIAN_POINT('Origin',(2.23371654398685,9.7,-8.58386552889693));
#5248=CARTESIAN_POINT('',(1.7188127962813,9.7,-6.54661611608162));
#5249=CARTESIAN_POINT('Origin',(2.19172141713162,9.7,-6.38426638147928));
#5250=CARTESIAN_POINT('Origin',(2.19172141713162,9.7,-6.38426638147928));
#5251=CARTESIAN_POINT('Origin',(2.32101779206509,11.9,-13.15648538318));
#5252=CARTESIAN_POINT('',(2.29524805513119,11.4,-11.806731360901));
#5253=CARTESIAN_POINT('',(2.64873702627464,11.5464466094067,-11.7999824884064));
#5254=CARTESIAN_POINT('Origin',(2.29524805513119,11.9,-11.806731360901));
#5255=CARTESIAN_POINT('',(2.67450676320853,11.5464466094067,-13.1497365106854));
#5256=CARTESIAN_POINT('Origin',(2.29524805513119,11.9,-11.806731360901));
#5257=CARTESIAN_POINT('Origin',(2.29524805513119,9.70000000000001,-11.806731360901));
#5258=CARTESIAN_POINT('',(2.32769883497387,9.7,-13.5064216111783));
#5259=CARTESIAN_POINT('',(1.86433456113611,9.7,-14.168680242921));
#5260=CARTESIAN_POINT('Origin',(2.33724318198642,9.7,-14.0063305083186));
#5261=CARTESIAN_POINT('Origin',(2.33724318198642,9.7,-14.0063305083186));
#5262=CARTESIAN_POINT('Origin',(2.29524805513119,9.70000000000001,-11.806731360901));
#5263=CARTESIAN_POINT('Origin',(2.33724318198643,0.,-14.0063305083187));
#5264=CARTESIAN_POINT('',(1.86433456113611,1.7,-14.168680242921));
#5265=CARTESIAN_POINT('',(1.86433456113611,0.,-14.168680242921));
#5266=CARTESIAN_POINT('',(2.18395023639951,1.7,-13.5304090097149));
#5267=CARTESIAN_POINT('Origin',(2.33724318198641,1.7,-14.0063305083187));
#5268=CARTESIAN_POINT('Origin',(2.33724318198641,1.7,-14.0063305083187));
#5269=CARTESIAN_POINT('Origin',(0.,0.,-6.75));
#5270=CARTESIAN_POINT('',(-0.5,0.,-6.75));
#5271=CARTESIAN_POINT('Origin',(1.41568790619859,-0.5,-11.1452205843106));
#5272=CARTESIAN_POINT('',(1.66275422140395,-2.77555756156284E-16,-11.912275914462));
#5273=CARTESIAN_POINT('',(1.99928154037916,-0.853553390593274,-11.8038814331294));
#5274=CARTESIAN_POINT('Origin',(1.66275422140391,-0.5,-11.912275914462));
#5275=CARTESIAN_POINT('Origin',(1.66275422140391,-0.5,-11.912275914462));
#5276=CARTESIAN_POINT('',(1.7522152251738,-0.853553390593274,-11.0368261029781));
#5277=CARTESIAN_POINT('Origin',(1.66275422140394,1.7,-11.912275914462));
#5278=CARTESIAN_POINT('Origin',(1.66275422140394,1.7,-11.912275914462));
#5279=CARTESIAN_POINT('Origin',(7.03503554323605,9.7,-5.40189891820191));
#5280=CARTESIAN_POINT('',(7.03503554323605,11.4,-5.40189891820191));
#5281=CARTESIAN_POINT('',(7.3098427667077,11.5464466094067,-5.17945568965179));
#5282=CARTESIAN_POINT('Origin',(7.03503554323604,11.9,-5.40189891820191));
#5283=CARTESIAN_POINT('Origin',(7.03503554323604,11.9,-5.40189891820191));
#5284=CARTESIAN_POINT('',(5.9654559589457,9.7,-4.08053616979809));
#5285=CARTESIAN_POINT('Origin',(7.03503554323605,9.7,-5.40189891820191));
#5286=CARTESIAN_POINT('',(5.37739964921086,9.7,-4.11048330645764));
#5287=CARTESIAN_POINT('Origin',(5.65087372827207,9.7,-3.69190006732638));
#5288=CARTESIAN_POINT('Origin',(5.65087372827207,9.7,-3.69190006732638));
#5289=CARTESIAN_POINT('Origin',(9.9124897394133,11.9,-8.95671694288361));
#5290=CARTESIAN_POINT('',(9.0631177165945,11.4,-7.90739946620998));
#5291=CARTESIAN_POINT('',(9.33792494006615,11.5464466094067,-7.68495623765988));
#5292=CARTESIAN_POINT('Origin',(9.0631177165945,11.9,-7.90739946620999));
#5293=CARTESIAN_POINT('',(10.187296962885,11.5464466094067,-8.73427371433349));
#5294=CARTESIAN_POINT('Origin',(9.0631177165945,11.9,-7.90739946620999));
#5295=CARTESIAN_POINT('Origin',(9.0631177165945,9.70000000000001,-7.90739946620999));
#5296=CARTESIAN_POINT('',(10.1326973008848,9.7,-9.2287622146138));
#5297=CARTESIAN_POINT('',(10.1738054524973,9.7,-10.0359815562168));
#5298=CARTESIAN_POINT('Origin',(10.4472795315585,9.7,-9.61739831708552));
#5299=CARTESIAN_POINT('Origin',(10.4472795315585,9.7,-9.61739831708552));
#5300=CARTESIAN_POINT('Origin',(9.0631177165945,9.70000000000001,-7.90739946620999));
#5301=CARTESIAN_POINT('Origin',(5.65087372827207,0.,-3.69190006732638));
#5302=CARTESIAN_POINT('',(5.37739964921086,0.,-4.11048330645764));
#5303=CARTESIAN_POINT('Origin',(4.89986420133193,9.7,-7.3934814414842));
#5304=CARTESIAN_POINT('',(4.89986420133193,11.4,-7.3934814414842));
#5305=CARTESIAN_POINT('',(5.2320088096737,11.5464466094067,-7.2723205602168));
#5306=CARTESIAN_POINT('Origin',(4.89986420133193,11.9,-7.3934814414842));
#5307=CARTESIAN_POINT('Origin',(4.89986420133193,11.9,-7.3934814414842));
#5308=CARTESIAN_POINT('',(4.31728317217269,9.7,-5.79642184821169));
#5309=CARTESIAN_POINT('Origin',(4.89986420133193,9.7,-7.3934814414842));
#5310=CARTESIAN_POINT('',(3.75136555595706,9.7,-5.63380479477049));
#5311=CARTESIAN_POINT('Origin',(4.14593581065526,9.7,-5.32669843842565));
#5312=CARTESIAN_POINT('Origin',(4.14593581065526,9.7,-5.32669843842565));
#5313=CARTESIAN_POINT('Origin',(6.46716246654683,11.9,-11.6899974704959));
#5314=CARTESIAN_POINT('',(6.00452459044978,11.4,-10.4217442640736));
#5315=CARTESIAN_POINT('',(6.33666919879155,11.5464466094067,-10.3005833828062));
#5316=CARTESIAN_POINT('Origin',(6.00452459044978,11.9,-10.4217442640736));
#5317=CARTESIAN_POINT('',(6.7993070748886,11.5464466094067,-11.5688365892285));
#5318=CARTESIAN_POINT('Origin',(6.00452459044978,11.9,-10.4217442640736));
#5319=CARTESIAN_POINT('Origin',(6.00452459044978,9.70000000000001,-10.4217442640736));
#5320=CARTESIAN_POINT('',(6.58710561960903,9.7,-12.0188038573461));
#5321=CARTESIAN_POINT('',(6.36388272642825,9.7,-12.795633623477));
#5322=CARTESIAN_POINT('Origin',(6.75845298112644,9.7,-12.4885272671321));
#5323=CARTESIAN_POINT('Origin',(6.75845298112644,9.7,-12.4885272671321));
#5324=CARTESIAN_POINT('Origin',(6.00452459044978,9.70000000000001,-10.4217442640736));
#5325=CARTESIAN_POINT('Origin',(5.4405712777599,1.7,-10.7269405346856));
#5326=CARTESIAN_POINT('',(6.45893441217951,1.7,-12.0881666461216));
#5327=CARTESIAN_POINT('',(6.36388272642825,1.7,-12.795633623477));
#5328=CARTESIAN_POINT('Origin',(6.75845298112644,1.7,-12.4885272671322));
#5329=CARTESIAN_POINT('Origin',(6.75845298112644,1.7,-12.4885272671322));
#5330=CARTESIAN_POINT('',(5.4405712777599,-2.77555756156284E-16,-10.7269405346856));
#5331=CARTESIAN_POINT('Origin',(5.4405712777599,1.7,-10.7269405346856));
#5332=CARTESIAN_POINT('',(5.72366898779654,-0.853553390593274,-10.5151489234919));
#5333=CARTESIAN_POINT('Origin',(5.44057127775987,-0.5,-10.7269405346856));
#5334=CARTESIAN_POINT('Origin',(5.44057127775987,-0.5,-10.7269405346856));
#5335=CARTESIAN_POINT('Origin',(4.95782923844448,-0.5,-10.0816686794956));
#5336=CARTESIAN_POINT('',(3.79270083053484,-0.853553390593273,-7.93406150273212));
#5337=CARTESIAN_POINT('',(5.24092694848111,-0.853553390593274,-9.86987706830197));
#5338=CARTESIAN_POINT('',(3.5096031204982,0.,-8.1458531139258));
#5339=CARTESIAN_POINT('Origin',(3.50960312049818,-0.5,-8.14585311392581));
#5340=CARTESIAN_POINT('Origin',(3.50960312049818,-0.5,-8.14585311392581));
#5341=CARTESIAN_POINT('Origin',(3.5096031204982,1.7,-8.1458531139258));
#5342=CARTESIAN_POINT('',(2.49123998607858,1.7,-6.78462700248984));
#5343=CARTESIAN_POINT('Origin',(3.5096031204982,1.7,-8.1458531139258));
#5344=CARTESIAN_POINT('',(1.7188127962813,1.7,-6.54661611608162));
#5345=CARTESIAN_POINT('Origin',(2.19172141713161,1.7,-6.38426638147929));
#5346=CARTESIAN_POINT('Origin',(2.19172141713161,1.7,-6.38426638147929));
#5347=CARTESIAN_POINT('Origin',(6.75845298112645,0.,-12.4885272671321));
#5348=CARTESIAN_POINT('',(6.36388272642825,0.,-12.795633623477));
#5349=CARTESIAN_POINT('Origin',(2.19172141713161,0.,-6.38426638147928));
#5350=CARTESIAN_POINT('',(1.7188127962813,0.,-6.54661611608162));
#5351=CARTESIAN_POINT('Origin',(8.62881801700919,1.7,-8.37917470234419));
#5352=CARTESIAN_POINT('',(10.1738054524973,1.7,-10.0359815562168));
#5353=CARTESIAN_POINT('',(10.0339928237064,1.7,-9.33598385918975));
#5354=CARTESIAN_POINT('Origin',(10.4472795315585,1.7,-9.61739831708551));
#5355=CARTESIAN_POINT('Origin',(10.4472795315585,1.7,-9.61739831708551));
#5356=CARTESIAN_POINT('',(8.62881801700918,-2.77555756156284E-16,-8.37917470234418));
#5357=CARTESIAN_POINT('Origin',(8.62881801700919,1.7,-8.37917470234419));
#5358=CARTESIAN_POINT('',(8.82780808851121,-0.853553390593274,-8.08693686864769));
#5359=CARTESIAN_POINT('Origin',(8.62881801700916,-0.5,-8.37917470234421));
#5360=CARTESIAN_POINT('Origin',(8.62881801700916,-0.5,-8.37917470234421));
#5361=CARTESIAN_POINT('Origin',(7.96271284405803,-0.5,-7.92561154004988));
#5362=CARTESIAN_POINT('',(6.1633873967066,-0.853553390593273,-6.27268421947046));
#5363=CARTESIAN_POINT('',(8.16170291556006,-0.853553390593274,-7.63337370635338));
#5364=CARTESIAN_POINT('',(5.96439732520457,0.,-6.56492205316695));
#5365=CARTESIAN_POINT('Origin',(5.96439732520456,-0.5,-6.56492205316697));
#5366=CARTESIAN_POINT('Origin',(5.96439732520456,-0.5,-6.56492205316697));
#5367=CARTESIAN_POINT('Origin',(5.96439732520457,1.7,-6.56492205316696));
#5368=CARTESIAN_POINT('',(4.55922251850739,1.7,-5.60811289632139));
#5369=CARTESIAN_POINT('Origin',(5.96439732520457,1.7,-6.56492205316696));
#5370=CARTESIAN_POINT('',(3.75136555595706,1.7,-5.63380479477049));
#5371=CARTESIAN_POINT('Origin',(4.14593581065526,1.7,-5.32669843842565));
#5372=CARTESIAN_POINT('Origin',(4.14593581065526,1.7,-5.32669843842565));
#5373=CARTESIAN_POINT('Origin',(4.14593581065526,0.,-5.32669843842566));
#5374=CARTESIAN_POINT('',(3.75136555595706,0.,-5.63380479477049));
#5375=CARTESIAN_POINT('Origin',(10.4472795315585,0.,-9.61739831708552));
#5376=CARTESIAN_POINT('',(10.1738054524973,0.,-10.0359815562168));
#5377=CARTESIAN_POINT('Origin',(-7.77285653256506,9.7,-4.27257982268631));
#5378=CARTESIAN_POINT('',(-7.77285653256506,11.4,-4.27257982268631));
#5379=CARTESIAN_POINT('',(-7.67953776149397,11.5464466094067,-4.6135953750674));
#5380=CARTESIAN_POINT('Origin',(-7.77285653256506,11.9,-4.27257982268631));
#5381=CARTESIAN_POINT('Origin',(-7.77285653256506,11.9,-4.27257982268631));
#5382=CARTESIAN_POINT('',(-6.13314254742956,9.7,-3.8238727389991));
#5383=CARTESIAN_POINT('Origin',(-7.77285653256506,9.7,-4.27257982268631));
#5384=CARTESIAN_POINT('',(-5.92434780733328,9.7,-3.27331682819512));
#5385=CARTESIAN_POINT('Origin',(-5.65087372827207,9.7,-3.69190006732639));
#5386=CARTESIAN_POINT('Origin',(-5.65087372827207,9.7,-3.69190006732639));
#5387=CARTESIAN_POINT('Origin',(-12.1841242459341,11.9,-5.47972148822856));
#5388=CARTESIAN_POINT('',(-10.8819984342088,11.4,-5.12339527471224));
#5389=CARTESIAN_POINT('',(-10.7886796631377,11.5464466094067,-5.46441082709334));
#5390=CARTESIAN_POINT('Origin',(-10.8819984342088,11.9,-5.12339527471224));
#5391=CARTESIAN_POINT('',(-12.090805474863,11.5464466094067,-5.82073704060965));
#5392=CARTESIAN_POINT('Origin',(-10.8819984342088,11.9,-5.12339527471224));
#5393=CARTESIAN_POINT('Origin',(-10.8819984342088,9.70000000000001,-5.12339527471224));
#5394=CARTESIAN_POINT('',(-12.5217124193443,9.7,-5.57210235839946));
#5395=CARTESIAN_POINT('',(-13.277455317563,9.7,-5.2854917909409));
#5396=CARTESIAN_POINT('Origin',(-13.0039812385018,9.7,-5.70407503007216));
#5397=CARTESIAN_POINT('Origin',(-13.0039812385018,9.7,-5.70407503007216));
#5398=CARTESIAN_POINT('Origin',(-10.8819984342088,9.70000000000001,-5.12339527471224));
#5399=CARTESIAN_POINT('Origin',(-11.7342802974847,9.70000000000001,2.64078302083462));
#5400=CARTESIAN_POINT('',(-13.3038466220535,9.7,3.29382325908918));
#5401=CARTESIAN_POINT('',(-13.7241941036023,9.7,3.98418616390268));
#5402=CARTESIAN_POINT('Origin',(-13.7654837763385,9.7,3.48589391739935));
#5403=CARTESIAN_POINT('Origin',(-13.7654837763385,9.7,3.48589391739935));
#5404=CARTESIAN_POINT('',(-11.7342802974847,11.4,2.64078302083462));
#5405=CARTESIAN_POINT('Origin',(-11.7342802974847,9.70000000000001,2.64078302083462));
#5406=CARTESIAN_POINT('',(-11.8700947624428,11.5464466094067,2.31435625859208));
#5407=CARTESIAN_POINT('Origin',(-11.7342802974847,11.9,2.64078302083462));
#5408=CARTESIAN_POINT('Origin',(-11.7342802974847,11.9,2.64078302083462));
#5409=CARTESIAN_POINT('Origin',(-12.9807006140541,11.9,3.15937379827207));
#5410=CARTESIAN_POINT('',(-8.89396327160685,11.5464466094067,1.07609471626042));
#5411=CARTESIAN_POINT('',(-13.1165150790122,11.5464466094067,2.83294703602952));
#5412=CARTESIAN_POINT('',(-8.75814880664877,11.4,1.40252147850296));
#5413=CARTESIAN_POINT('Origin',(-8.75814880664877,11.9,1.40252147850296));
#5414=CARTESIAN_POINT('Origin',(-8.75814880664877,11.9,1.40252147850296));
#5415=CARTESIAN_POINT('Origin',(-8.75814880664877,9.7,1.40252147850296));
#5416=CARTESIAN_POINT('',(-7.18858248207996,9.7,0.749481240248402));
#5417=CARTESIAN_POINT('Origin',(-8.75814880664877,9.7,1.40252147850296));
#5418=CARTESIAN_POINT('',(-6.68565565505885,9.7,1.05570282844158));
#5419=CARTESIAN_POINT('Origin',(-6.72694532779502,9.7,0.557410581938238));
#5420=CARTESIAN_POINT('Origin',(-6.72694532779502,9.7,0.557410581938238));
#5421=CARTESIAN_POINT('Origin',(-11.9559454694589,9.70000000000001,-1.3124164713966));
#5422=CARTESIAN_POINT('',(-13.6525101799593,9.7,-1.20439710700019));
#5423=CARTESIAN_POINT('',(-14.2742425442651,9.7,-0.687926572737456));
#5424=CARTESIAN_POINT('Origin',(-14.1514998006947,9.7,-1.17262670570712));
#5425=CARTESIAN_POINT('Origin',(-14.1514998006947,9.7,-1.17262670570712));
#5426=CARTESIAN_POINT('',(-11.9559454694589,11.4,-1.3124164713966));
#5427=CARTESIAN_POINT('Origin',(-11.9559454694589,9.70000000000001,-1.3124164713966));
#5428=CARTESIAN_POINT('',(-11.9784105356542,11.5464466094067,-1.66525541596031));
#5429=CARTESIAN_POINT('Origin',(-11.9559454694589,11.9,-1.3124164713966));
#5430=CARTESIAN_POINT('Origin',(-11.9559454694589,11.9,-1.3124164713966));
#5431=CARTESIAN_POINT('Origin',(-13.3032174454445,11.9,-1.22663638790533));
#5432=CARTESIAN_POINT('',(-8.76147119252166,11.5464466094067,-1.87007621707464));
#5433=CARTESIAN_POINT('',(-13.3256825116398,11.5464466094067,-1.57947533246905));
#5434=CARTESIAN_POINT('',(-8.73900612632633,11.4,-1.51723727251092));
#5435=CARTESIAN_POINT('Origin',(-8.73900612632632,11.9,-1.51723727251092));
#5436=CARTESIAN_POINT('Origin',(-8.73900612632632,11.9,-1.51723727251092));
#5437=CARTESIAN_POINT('Origin',(-8.73900612632633,9.7,-1.51723727251092));
#5438=CARTESIAN_POINT('',(-7.0424414158259,9.7,-1.62525663690734));
#5439=CARTESIAN_POINT('Origin',(-8.73900612632633,9.7,-1.51723727251092));
#5440=CARTESIAN_POINT('',(-6.66619453866088,9.7,-1.17232690523073));
#5441=CARTESIAN_POINT('Origin',(-6.54345179509048,9.7,-1.6570270382004));
#5442=CARTESIAN_POINT('Origin',(-6.54345179509048,9.7,-1.6570270382004));
#5443=CARTESIAN_POINT('Origin',(-11.1395814093853,1.7,-4.53616524023803));
#5444=CARTESIAN_POINT('',(-12.5802540046117,1.7,-5.43864098692805));
#5445=CARTESIAN_POINT('',(-13.277455317563,1.7,-5.2854917909409));
#5446=CARTESIAN_POINT('Origin',(-13.0039812385018,1.7,-5.70407503007215));
#5447=CARTESIAN_POINT('Origin',(-13.0039812385018,1.7,-5.70407503007215));
#5448=CARTESIAN_POINT('',(-11.1395814093853,-2.77555756156284E-16,-4.53616524023803));
#5449=CARTESIAN_POINT('Origin',(-11.1395814093853,1.7,-4.53616524023802));
#5450=CARTESIAN_POINT('',(-10.9518911975204,-0.853553390593274,-4.83578564069515));
#5451=CARTESIAN_POINT('Origin',(-11.1395814093854,-0.5,-4.536165240238));
#5452=CARTESIAN_POINT('Origin',(-11.1395814093854,-0.5,-4.536165240238));
#5453=CARTESIAN_POINT('Origin',(-10.4566489630907,-0.5,-4.10835813718716));
#5454=CARTESIAN_POINT('',(-8.22016141234197,-0.853553390593273,-3.12455722849168));
#5455=CARTESIAN_POINT('',(-10.2689587512258,-0.853553390593274,-4.40797853764428));
#5456=CARTESIAN_POINT('',(-8.40785162420694,0.,-2.82493682803457));
#5457=CARTESIAN_POINT('Origin',(-8.40785162420695,-0.5,-2.82493682803455));
#5458=CARTESIAN_POINT('Origin',(-8.40785162420695,-0.5,-2.82493682803455));
#5459=CARTESIAN_POINT('Origin',(-8.40785162420694,1.7,-2.82493682803457));
#5460=CARTESIAN_POINT('',(-6.96717902898057,1.7,-1.92246108134454));
#5461=CARTESIAN_POINT('Origin',(-8.40785162420694,1.7,-2.82493682803457));
#5462=CARTESIAN_POINT('',(-6.66619453866088,1.7,-1.17232690523073));
#5463=CARTESIAN_POINT('Origin',(-6.54345179509048,1.7,-1.65702703820039));
#5464=CARTESIAN_POINT('Origin',(-6.54345179509048,1.7,-1.65702703820039));
#5465=CARTESIAN_POINT('Origin',(-6.54345179509048,0.,-1.65702703820039));
#5466=CARTESIAN_POINT('',(-6.66619453866088,0.,-1.17232690523073));
#5467=CARTESIAN_POINT('Origin',(-13.0039812385018,0.,-5.70407503007217));
#5468=CARTESIAN_POINT('',(-13.277455317563,0.,-5.2854917909409));
#5469=CARTESIAN_POINT('Origin',(-12.0088986080545,1.7,-0.673367124630447));
#5470=CARTESIAN_POINT('',(-13.6645449841856,1.7,-1.05915861909879));
#5471=CARTESIAN_POINT('',(-14.2742425442651,1.7,-0.687926572737456));
#5472=CARTESIAN_POINT('Origin',(-14.1514998006947,1.7,-1.1726267057071));
#5473=CARTESIAN_POINT('Origin',(-14.1514998006947,1.7,-1.1726267057071));
#5474=CARTESIAN_POINT('',(-12.0088986080545,-2.77555756156284E-16,-0.673367124630451));
#5475=CARTESIAN_POINT('Origin',(-12.0088986080545,1.7,-0.673367124630447));
#5476=CARTESIAN_POINT('',(-11.9286645545655,-0.853553390593274,-1.01769617751551));
#5477=CARTESIAN_POINT('Origin',(-12.0088986080545,-0.5,-0.673367124630414));
#5478=CARTESIAN_POINT('Origin',(-12.0088986080545,-0.5,-0.673367124630414));
#5479=CARTESIAN_POINT('Origin',(-11.2240605861497,-0.5,-0.490487593257456));
#5480=CARTESIAN_POINT('',(-8.78931246694618,-0.853553390593273,-0.286178052023527));
#5481=CARTESIAN_POINT('',(-11.1438265326607,-0.853553390593274,-0.834816646142515));
#5482=CARTESIAN_POINT('',(-8.8695465204352,0.,0.0581510008615302));
#5483=CARTESIAN_POINT('Origin',(-8.8695465204352,-0.5,0.0581510008615543));
#5484=CARTESIAN_POINT('Origin',(-8.8695465204352,-0.5,0.0581510008615543));
#5485=CARTESIAN_POINT('Origin',(-8.8695465204352,1.7,0.0581510008615327));
#5486=CARTESIAN_POINT('',(-7.21390014430415,1.7,0.443942495329879));
#5487=CARTESIAN_POINT('Origin',(-8.8695465204352,1.7,0.058151000861533));
#5488=CARTESIAN_POINT('',(-6.68565565505885,1.7,1.05570282844158));
#5489=CARTESIAN_POINT('Origin',(-6.72694532779502,1.7,0.557410581938242));
#5490=CARTESIAN_POINT('Origin',(-6.72694532779502,1.7,0.557410581938242));
#5491=CARTESIAN_POINT('Origin',(-6.72694532779502,0.,0.557410581938243));
#5492=CARTESIAN_POINT('',(-6.68565565505885,0.,1.05570282844158));
#5493=CARTESIAN_POINT('Origin',(-14.1514998006947,0.,-1.17262670570712));
#5494=CARTESIAN_POINT('',(-14.2742425442651,0.,-0.687926572737456));
#5495=CARTESIAN_POINT('Origin',(-10.2410237791594,9.70000000000001,6.30781269678794));
#5496=CARTESIAN_POINT('',(-11.5135048521987,9.7,7.43510676612243));
#5497=CARTESIAN_POINT('',(-11.6869162790014,9.7,8.22455050866599));
#5498=CARTESIAN_POINT('Origin',(-11.8877639913279,9.7,7.76666384533846));
#5499=CARTESIAN_POINT('Origin',(-11.8877639913279,9.7,7.76666384533846));
#5500=CARTESIAN_POINT('',(-10.2410237791594,11.4,6.30781269678794));
#5501=CARTESIAN_POINT('Origin',(-10.2410237791594,9.70000000000001,6.30781269678794));
#5502=CARTESIAN_POINT('',(-10.4754700382234,11.5464466094067,6.04317152158864));
#5503=CARTESIAN_POINT('Origin',(-10.2410237791594,11.9,6.30781269678794));
#5504=CARTESIAN_POINT('Origin',(-10.2410237791594,11.9,6.30781269678794));
#5505=CARTESIAN_POINT('Origin',(-11.2515234548082,11.9,7.20301681067121));
#5506=CARTESIAN_POINT('',(-8.06265642615422,11.5464466094067,3.90565408975875));
#5507=CARTESIAN_POINT('',(-11.4859697138723,11.5464466094067,6.93837563547191));
#5508=CARTESIAN_POINT('',(-7.82821016709017,11.4,4.17029526495805));
#5509=CARTESIAN_POINT('Origin',(-7.82821016709017,11.9,4.17029526495806));
#5510=CARTESIAN_POINT('Origin',(-7.82821016709017,11.9,4.17029526495806));
#5511=CARTESIAN_POINT('Origin',(-7.82821016709017,9.7,4.17029526495805));
#5512=CARTESIAN_POINT('',(-6.55572909405085,9.7,3.04300119562356));
#5513=CARTESIAN_POINT('Origin',(-7.82821016709017,9.7,4.17029526495805));
#5514=CARTESIAN_POINT('',(-5.98062224259515,9.7,3.16933077973507));
#5515=CARTESIAN_POINT('Origin',(-6.18146995492164,9.7,2.71144411640754));
#5516=CARTESIAN_POINT('Origin',(-6.18146995492164,9.7,2.71144411640754));
#5517=CARTESIAN_POINT('Origin',(-11.5768653052801,1.7,3.26240076729831));
#5518=CARTESIAN_POINT('',(-13.7241941036023,1.7,3.98418616390268));
#5519=CARTESIAN_POINT('',(-13.2680704874616,1.7,3.4351000196491));
#5520=CARTESIAN_POINT('Origin',(-13.7654837763385,1.7,3.48589391739934));
#5521=CARTESIAN_POINT('Origin',(-13.7654837763385,1.7,3.48589391739934));
#5522=CARTESIAN_POINT('',(-11.5768653052801,-2.77555756156284E-16,3.26240076729831));
#5523=CARTESIAN_POINT('Origin',(-11.5768653052801,1.7,3.26240076729831));
#5524=CARTESIAN_POINT('',(-11.6127820148222,-0.853553390593274,2.91067645768114));
#5525=CARTESIAN_POINT('Origin',(-11.5768653052801,-0.5,3.26240076729834));
#5526=CARTESIAN_POINT('Origin',(-11.5768653052801,-0.5,3.26240076729834));
#5527=CARTESIAN_POINT('Origin',(-10.7751710854551,-0.5,3.18053489210086));
#5528=CARTESIAN_POINT('',(-8.40600513552211,-0.853553390593273,2.58321295689138));
#5529=CARTESIAN_POINT('',(-10.8110877949972,-0.853553390593274,2.8288105824837));
#5530=CARTESIAN_POINT('',(-8.37008842598002,0.,2.93493726650854));
#5531=CARTESIAN_POINT('Origin',(-8.37008842598002,-0.5,2.93493726650856));
#5532=CARTESIAN_POINT('Origin',(-8.37008842598002,-0.5,2.93493726650856));
#5533=CARTESIAN_POINT('Origin',(-8.37008842598002,1.7,2.93493726650854));
#5534=CARTESIAN_POINT('',(-6.67888324379854,1.7,2.76223801415775));
#5535=CARTESIAN_POINT('Origin',(-8.37008842598002,1.7,2.93493726650854));
#5536=CARTESIAN_POINT('',(-5.98062224259515,1.7,3.16933077973507));
#5537=CARTESIAN_POINT('Origin',(-6.18146995492164,1.7,2.71144411640755));
#5538=CARTESIAN_POINT('Origin',(-6.18146995492164,1.7,2.71144411640755));
#5539=CARTESIAN_POINT('Origin',(-13.7654837763385,0.,3.48589391739935));
#5540=CARTESIAN_POINT('',(-13.7241941036023,0.,3.98418616390268));
#5541=CARTESIAN_POINT('Origin',(-6.18146995492164,0.,2.71144411640754));
#5542=CARTESIAN_POINT('',(-5.98062224259515,0.,3.16933077973507));
#5543=CARTESIAN_POINT('Origin',(-7.13196535905904,1.7,9.68515044695997));
#5544=CARTESIAN_POINT('',(-8.38317973438041,1.7,11.5736571887654));
#5545=CARTESIAN_POINT('',(-8.36048980175369,1.7,10.860194145595));
#5546=CARTESIAN_POINT('Origin',(-8.72182052019329,1.7,11.2057952334288));
#5547=CARTESIAN_POINT('Origin',(-8.72182052019329,1.7,11.2057952334288));
#5548=CARTESIAN_POINT('',(-7.13196535905904,-2.77555756156284E-16,9.68515044695997));
#5549=CARTESIAN_POINT('Origin',(-7.13196535905904,1.7,9.68515044695997));
#5550=CARTESIAN_POINT('',(-7.37634223185179,-0.853553390593274,9.42965104570032));
#5551=CARTESIAN_POINT('Origin',(-7.13196535905901,-0.5,9.68515044696));
#5552=CARTESIAN_POINT('Origin',(-7.13196535905901,-0.5,9.68515044696));
#5553=CARTESIAN_POINT('Origin',(-6.54959903532791,-0.5,9.12813598699812));
#5554=CARTESIAN_POINT('',(-5.04687693692726,-0.853553390593273,7.20159320585294));
#5555=CARTESIAN_POINT('',(-6.79397590812065,-0.853553390593274,8.87263658573847));
#5556=CARTESIAN_POINT('',(-4.80250006413452,0.,7.45709260711259));
#5557=CARTESIAN_POINT('Origin',(-4.80250006413451,-0.5,7.4570926071126));
#5558=CARTESIAN_POINT('Origin',(-4.80250006413451,-0.5,7.4570926071126));
#5559=CARTESIAN_POINT('Origin',(-4.80250006413452,1.7,7.45709260711259));
#5560=CARTESIAN_POINT('',(-3.57397562143987,1.7,6.2820489084776));
#5561=CARTESIAN_POINT('Origin',(-4.80250006413452,1.7,7.45709260711259));
#5562=CARTESIAN_POINT('',(-2.772908027397,1.7,6.17442151716234));
#5563=CARTESIAN_POINT('Origin',(-3.21264490300024,1.7,5.93644782064381));
#5564=CARTESIAN_POINT('Origin',(-3.21264490300024,1.7,5.93644782064381));
#5565=CARTESIAN_POINT('Origin',(-3.21264490300025,0.,5.9364478206438));
#5566=CARTESIAN_POINT('',(-2.772908027397,0.,6.17442151716234));
#5567=CARTESIAN_POINT('Origin',(-9.8902990131051,1.7,6.84463691472669));
#5568=CARTESIAN_POINT('',(-11.4337946780955,1.7,7.55711227019941));
#5569=CARTESIAN_POINT('',(-11.6869162790014,1.7,8.22455050866599));
#5570=CARTESIAN_POINT('Origin',(-11.8877639913279,1.7,7.76666384533848));
#5571=CARTESIAN_POINT('Origin',(-11.8877639913279,1.7,7.76666384533848));
#5572=CARTESIAN_POINT('',(-9.8902990131051,-2.77555756156284E-16,6.84463691472669));
#5573=CARTESIAN_POINT('Origin',(-9.8902990131051,1.7,6.84463691472669));
#5574=CARTESIAN_POINT('',(-10.0384743528942,-0.853553390593274,6.52363213488942));
#5575=CARTESIAN_POINT('Origin',(-9.89029901310509,-0.5,6.84463691472672));
#5576=CARTESIAN_POINT('Origin',(-9.89029901310509,-0.5,6.84463691472672));
#5577=CARTESIAN_POINT('Origin',(-9.15862460364544,-0.5,6.50689707081639));
#5578=CARTESIAN_POINT('',(-7.1117767150556,-0.853553390593273,5.17267275924821));
#5579=CARTESIAN_POINT('',(-9.30679994343458,-0.853553390593274,6.18589229097911));
#5580=CARTESIAN_POINT('',(-6.96360137526646,0.,5.49367753908548));
#5581=CARTESIAN_POINT('Origin',(-6.96360137526645,-0.5,5.49367753908551));
#5582=CARTESIAN_POINT('Origin',(-6.96360137526645,-0.5,5.49367753908551));
#5583=CARTESIAN_POINT('Origin',(-6.96360137526646,1.7,5.49367753908549));
#5584=CARTESIAN_POINT('',(-5.42010571027611,1.7,4.78120218361276));
#5585=CARTESIAN_POINT('Origin',(-6.96360137526646,1.7,5.49367753908549));
#5586=CARTESIAN_POINT('',(-4.62749561123077,1.7,4.93951256381032));
#5587=CARTESIAN_POINT('Origin',(-4.96613639704364,1.7,4.57165060847375));
#5588=CARTESIAN_POINT('Origin',(-4.96613639704364,1.7,4.57165060847375));
#5589=CARTESIAN_POINT('Origin',(-11.8877639913279,0.,7.76666384533846));
#5590=CARTESIAN_POINT('',(-11.6869162790014,0.,8.22455050866599));
#5591=CARTESIAN_POINT('Origin',(-4.96613639704364,0.,4.57165060847375));
#5592=CARTESIAN_POINT('',(-5.21246073606359,9.7,5.00676475442442));
#5593=CARTESIAN_POINT('',(-4.62749561123077,9.7,4.93951256381032));
#5594=CARTESIAN_POINT('Origin',(-4.96613639704364,9.7,4.57165060847375));
#5595=CARTESIAN_POINT('Origin',(-4.96613639704364,9.7,4.57165060847375));
#5596=CARTESIAN_POINT('',(-4.62749561123077,0.,4.93951256381032));
#5597=CARTESIAN_POINT('Origin',(-8.72182052019329,0.,11.2057952334288));
#5598=CARTESIAN_POINT('',(-8.47549618117334,9.7,10.7706810874781));
#5599=CARTESIAN_POINT('',(-8.38317973438041,9.7,11.5736571887654));
#5600=CARTESIAN_POINT('Origin',(-8.72182052019328,9.7,11.2057952334288));
#5601=CARTESIAN_POINT('Origin',(-8.72182052019328,9.7,11.2057952334288));
#5602=CARTESIAN_POINT('',(-8.38317973438041,0.,11.5736571887654));
#5603=CARTESIAN_POINT('Origin',(-7.63799342850553,9.70000000000001,9.29129299124581));
#5604=CARTESIAN_POINT('',(-7.63799342850553,11.4,9.29129299124581));
#5605=CARTESIAN_POINT('Origin',(-7.63799342850553,9.70000000000001,9.29129299124581));
#5606=CARTESIAN_POINT('',(-7.94566559169744,11.5464466094067,9.11711538075351));
#5607=CARTESIAN_POINT('Origin',(-7.63799342850552,11.9,9.29129299124581));
#5608=CARTESIAN_POINT('Origin',(-7.63799342850552,11.9,9.29129299124581));
#5609=CARTESIAN_POINT('Origin',(-8.30306914385938,11.9,10.4661011853126));
#5610=CARTESIAN_POINT('',(-6.35763565192332,11.5464466094067,6.31197524016443));
#5611=CARTESIAN_POINT('',(-8.61074130705129,11.5464466094067,10.2919235748203));
#5612=CARTESIAN_POINT('',(-6.0499634887314,11.4,6.48615285065673));
#5613=CARTESIAN_POINT('Origin',(-6.0499634887314,11.9,6.48615285065673));
#5614=CARTESIAN_POINT('Origin',(-6.0499634887314,11.9,6.48615285065673));
#5615=CARTESIAN_POINT('Origin',(-6.0499634887314,9.7,6.48615285065673));
#5616=CARTESIAN_POINT('Origin',(-6.0499634887314,9.7,6.48615285065673));
#5617=CARTESIAN_POINT('Origin',(-3.50960312049818,9.7,-8.14585311392582));
#5618=CARTESIAN_POINT('',(-3.50960312049818,11.4,-8.14585311392582));
#5619=CARTESIAN_POINT('',(-3.22650541046154,11.5464466094067,-8.35764472511949));
#5620=CARTESIAN_POINT('Origin',(-3.50960312049818,11.9,-8.14585311392581));
#5621=CARTESIAN_POINT('Origin',(-3.50960312049818,11.9,-8.14585311392581));
#5622=CARTESIAN_POINT('',(-2.49123998607856,9.7,-6.78462700248986));
#5623=CARTESIAN_POINT('Origin',(-3.50960312049818,9.7,-8.14585311392582));
#5624=CARTESIAN_POINT('',(-2.66463003798193,9.7,-6.22191664687694));
#5625=CARTESIAN_POINT('Origin',(-2.19172141713161,9.7,-6.38426638147929));
#5626=CARTESIAN_POINT('Origin',(-2.19172141713161,9.7,-6.38426638147929));
#5627=CARTESIAN_POINT('Origin',(-6.24927141391663,11.9,-11.8079142114142));
#5628=CARTESIAN_POINT('',(-5.44057127775988,11.4,-10.7269405346856));
#5629=CARTESIAN_POINT('',(-5.15747356772325,11.5464466094067,-10.9387321458793));
#5630=CARTESIAN_POINT('Origin',(-5.44057127775988,11.9,-10.7269405346856));
#5631=CARTESIAN_POINT('',(-5.96617370388,11.5464466094067,-12.0197058226078));
#5632=CARTESIAN_POINT('Origin',(-5.44057127775988,11.9,-10.7269405346856));
#5633=CARTESIAN_POINT('Origin',(-5.44057127775988,9.70000000000001,-10.7269405346856));
#5634=CARTESIAN_POINT('',(-6.45893441217949,9.7,-12.0881666461216));
#5635=CARTESIAN_POINT('',(-7.23136160197676,9.7,-12.3261775325298));
#5636=CARTESIAN_POINT('Origin',(-6.75845298112644,9.7,-12.4885272671321));
#5637=CARTESIAN_POINT('Origin',(-6.75845298112644,9.7,-12.4885272671321));
#5638=CARTESIAN_POINT('Origin',(-5.44057127775988,9.70000000000001,-10.7269405346856));
#5639=CARTESIAN_POINT('Origin',(-6.00452459044976,1.7,-10.4217442640736));
#5640=CARTESIAN_POINT('',(-6.58710561960901,1.7,-12.0188038573461));
#5641=CARTESIAN_POINT('',(-7.23136160197676,1.7,-12.3261775325298));
#5642=CARTESIAN_POINT('Origin',(-6.75845298112646,1.7,-12.4885272671321));
#5643=CARTESIAN_POINT('Origin',(-6.75845298112646,1.7,-12.4885272671321));
#5644=CARTESIAN_POINT('',(-6.00452459044976,-2.77555756156284E-16,-10.4217442640736));
#5645=CARTESIAN_POINT('Origin',(-6.00452459044976,1.7,-10.4217442640736));
#5646=CARTESIAN_POINT('',(-5.67237998210799,-0.853553390593274,-10.542905145341));
#5647=CARTESIAN_POINT('Origin',(-6.00452459044979,-0.5,-10.4217442640736));
#5648=CARTESIAN_POINT('Origin',(-6.00452459044979,-0.5,-10.4217442640736));
#5649=CARTESIAN_POINT('Origin',(-5.72835949317029,-0.5,-9.66467855842626));
#5650=CARTESIAN_POINT('',(-4.56771959299013,-0.853553390593273,-7.5146423227516));
#5651=CARTESIAN_POINT('',(-5.39621488482852,-0.853553390593274,-9.78583943969365));
#5652=CARTESIAN_POINT('',(-4.8998642013319,0.,-7.39348144148421));
#5653=CARTESIAN_POINT('Origin',(-4.89986420133192,-0.5,-7.3934814414842));
#5654=CARTESIAN_POINT('Origin',(-4.89986420133192,-0.5,-7.3934814414842));
#5655=CARTESIAN_POINT('Origin',(-4.8998642013319,1.7,-7.39348144148421));
#5656=CARTESIAN_POINT('',(-4.31728317217265,1.7,-5.7964218482117));
#5657=CARTESIAN_POINT('Origin',(-4.8998642013319,1.7,-7.39348144148421));
#5658=CARTESIAN_POINT('',(-4.54050606535345,1.7,-5.01959208208082));
#5659=CARTESIAN_POINT('Origin',(-4.14593581065527,1.7,-5.32669843842565));
#5660=CARTESIAN_POINT('Origin',(-4.14593581065527,1.7,-5.32669843842565));
#5661=CARTESIAN_POINT('Origin',(-6.75845298112644,0.,-12.4885272671321));
#5662=CARTESIAN_POINT('',(-7.23136160197676,0.,-12.3261775325298));
#5663=CARTESIAN_POINT('Origin',(-5.96439732520456,9.7,-6.56492205316698));
#5664=CARTESIAN_POINT('',(-5.96439732520456,11.4,-6.56492205316698));
#5665=CARTESIAN_POINT('',(-5.76540725370253,11.5464466094067,-6.85715988686347));
#5666=CARTESIAN_POINT('Origin',(-5.96439732520456,11.9,-6.56492205316698));
#5667=CARTESIAN_POINT('Origin',(-5.96439732520456,11.9,-6.56492205316698));
#5668=CARTESIAN_POINT('',(-4.55922251850737,9.7,-5.60811289632141));
#5669=CARTESIAN_POINT('Origin',(-5.96439732520456,9.7,-6.56492205316698));
#5670=CARTESIAN_POINT('',(-4.54050606535345,9.7,-5.01959208208082));
#5671=CARTESIAN_POINT('Origin',(-4.14593581065525,9.7,-5.32669843842566));
#5672=CARTESIAN_POINT('Origin',(-4.14593581065525,9.7,-5.32669843842566));
#5673=CARTESIAN_POINT('Origin',(-9.74469212820987,11.9,-9.13899373866274));
#5674=CARTESIAN_POINT('',(-8.62881801700917,11.4,-8.3791747023442));
#5675=CARTESIAN_POINT('',(-8.42982794550714,11.5464466094067,-8.67141253604069));
#5676=CARTESIAN_POINT('Origin',(-8.62881801700917,11.9,-8.3791747023442));
#5677=CARTESIAN_POINT('',(-9.54570205670785,11.5464466094067,-9.43123157235923));
#5678=CARTESIAN_POINT('Origin',(-8.62881801700917,11.9,-8.3791747023442));
#5679=CARTESIAN_POINT('Origin',(-8.62881801700917,9.70000000000001,-8.3791747023442));
#5680=CARTESIAN_POINT('',(-10.0339928237064,9.7,-9.33598385918977));
#5681=CARTESIAN_POINT('',(-10.8418497862567,9.7,-9.31029196074069));
#5682=CARTESIAN_POINT('Origin',(-10.4472795315585,9.7,-9.61739831708552));
#5683=CARTESIAN_POINT('Origin',(-10.4472795315585,9.7,-9.61739831708552));
#5684=CARTESIAN_POINT('Origin',(-8.62881801700917,9.70000000000001,-8.3791747023442));
#5685=CARTESIAN_POINT('Origin',(-4.14593581065526,0.,-5.32669843842566));
#5686=CARTESIAN_POINT('',(-4.54050606535345,0.,-5.01959208208082));
#5687=CARTESIAN_POINT('Origin',(-5.65087372827207,0.,-3.69190006732638));
#5688=CARTESIAN_POINT('',(-5.92434780733328,1.7,-3.27331682819512));
#5689=CARTESIAN_POINT('',(-5.92434780733328,0.,-3.27331682819512));
#5690=CARTESIAN_POINT('',(-5.96545595894568,1.7,-4.08053616979811));
#5691=CARTESIAN_POINT('Origin',(-5.65087372827207,1.7,-3.69190006732637));
#5692=CARTESIAN_POINT('Origin',(-5.65087372827207,1.7,-3.69190006732637));
#5693=CARTESIAN_POINT('Origin',(-10.4472795315585,0.,-9.61739831708552));
#5694=CARTESIAN_POINT('',(-10.8418497862567,1.7,-9.31029196074069));
#5695=CARTESIAN_POINT('',(-10.8418497862567,0.,-9.31029196074069));
#5696=CARTESIAN_POINT('',(-10.1326973008848,1.7,-9.22876221461382));
#5697=CARTESIAN_POINT('Origin',(-10.4472795315585,1.7,-9.61739831708552));
#5698=CARTESIAN_POINT('Origin',(-10.4472795315585,1.7,-9.61739831708552));
#5699=CARTESIAN_POINT('Origin',(-7.03503554323602,1.7,-5.40189891820193));
#5700=CARTESIAN_POINT('',(-7.03503554323602,0.,-5.40189891820193));
#5701=CARTESIAN_POINT('',(-6.76022831976436,-0.853553390593273,-5.62434214675204));
#5702=CARTESIAN_POINT('Origin',(-7.03503554323604,-0.5,-5.40189891820191));
#5703=CARTESIAN_POINT('Origin',(-7.03503554323602,1.7,-5.40189891820193));
#5704=CARTESIAN_POINT('Origin',(-7.03503554323604,-0.5,-5.40189891820191));
#5705=CARTESIAN_POINT('Origin',(-8.55609717325487,-0.5,-7.28102432920799));
#5706=CARTESIAN_POINT('',(-9.06311771659448,-2.77555756156284E-16,-7.90739946621001));
#5707=CARTESIAN_POINT('',(-8.78831049312282,-0.853553390593274,-8.12984269476012));
#5708=CARTESIAN_POINT('Origin',(-9.06311771659451,-0.5,-7.90739946620998));
#5709=CARTESIAN_POINT('Origin',(-9.06311771659451,-0.5,-7.90739946620998));
#5710=CARTESIAN_POINT('',(-8.28128994978321,-0.853553390593274,-7.5034675577581));
#5711=CARTESIAN_POINT('Origin',(-9.06311771659448,1.7,-7.90739946621));
#5712=CARTESIAN_POINT('Origin',(-9.06311771659448,1.7,-7.90739946621));
#5713=CARTESIAN_POINT('Origin',(-2.29524805513117,1.7,-11.806731360901));
#5714=CARTESIAN_POINT('',(-2.83724318198642,1.7,-14.0063305083187));
#5715=CARTESIAN_POINT('',(-2.32769883497385,1.7,-13.5064216111783));
#5716=CARTESIAN_POINT('Origin',(-2.33724318198642,1.7,-14.0063305083187));
#5717=CARTESIAN_POINT('Origin',(-2.33724318198642,1.7,-14.0063305083187));
#5718=CARTESIAN_POINT('',(-2.29524805513116,-2.77555756156284E-16,-11.806731360901));
#5719=CARTESIAN_POINT('Origin',(-2.29524805513117,1.7,-11.806731360901));
#5720=CARTESIAN_POINT('',(-1.94175908398772,-0.853553390593274,-11.8134802333956));
#5721=CARTESIAN_POINT('Origin',(-2.2952480551312,-0.5,-11.806731360901));
#5722=CARTESIAN_POINT('Origin',(-2.2952480551312,-0.5,-11.806731360901));
#5723=CARTESIAN_POINT('Origin',(-2.27986517734508,-0.5,-11.0010149029));
#5724=CARTESIAN_POINT('',(-1.88022757284337,-0.853553390593273,-8.5906144013915));
#5725=CARTESIAN_POINT('',(-1.92637620620163,-0.853553390593274,-11.0077637753946));
#5726=CARTESIAN_POINT('',(-2.23371654398682,0.,-8.58386552889693));
#5727=CARTESIAN_POINT('Origin',(-2.23371654398684,-0.5,-8.58386552889693));
#5728=CARTESIAN_POINT('Origin',(-2.23371654398684,-0.5,-8.58386552889693));
#5729=CARTESIAN_POINT('Origin',(-2.23371654398682,1.7,-8.58386552889693));
#5730=CARTESIAN_POINT('',(-2.20126576414414,1.7,-6.88417527861966));
#5731=CARTESIAN_POINT('Origin',(-2.23371654398682,1.7,-8.58386552889693));
#5732=CARTESIAN_POINT('',(-2.66463003798193,1.7,-6.22191664687694));
#5733=CARTESIAN_POINT('Origin',(-2.19172141713162,1.7,-6.38426638147928));
#5734=CARTESIAN_POINT('Origin',(-2.19172141713162,1.7,-6.38426638147928));
#5735=CARTESIAN_POINT('Origin',(-2.33724318198642,0.,-14.0063305083187));
#5736=CARTESIAN_POINT('',(-2.83724318198642,0.,-14.0063305083187));
#5737=CARTESIAN_POINT('Origin',(-2.19172141713161,0.,-6.38426638147928));
#5738=CARTESIAN_POINT('',(-2.66463003798193,0.,-6.22191664687694));
#5739=CARTESIAN_POINT('Origin',(-0.320619752389571,9.70000000000001,12.0234883472911));
#5740=CARTESIAN_POINT('',(-0.0728681255430886,9.7,13.705338260748));
#5741=CARTESIAN_POINT('',(0.493180651701358,9.7,14.2822972951404));
#5742=CARTESIAN_POINT('Origin',(0.,9.7,14.2));
#5743=CARTESIAN_POINT('Origin',(0.,9.7,14.2));
#5744=CARTESIAN_POINT('',(-0.320619752389572,11.4,12.0234883472911));
#5745=CARTESIAN_POINT('Origin',(-0.320619752389571,9.70000000000001,12.0234883472911));
#5746=CARTESIAN_POINT('',(-0.670398422608207,11.5464466094067,12.075013892995));
#5747=CARTESIAN_POINT('Origin',(-0.320619752389571,11.9,12.0234883472911));
#5748=CARTESIAN_POINT('Origin',(-0.320619752389571,11.9,12.0234883472911));
#5749=CARTESIAN_POINT('Origin',(-0.123875813423246,11.9,13.3590750432716));
#5750=CARTESIAN_POINT('',(-1.14017240222403,11.5464466094067,8.88597599638114));
#5751=CARTESIAN_POINT('',(-0.473654483641883,11.5464466094067,13.4106005889754));
#5752=CARTESIAN_POINT('',(-0.790393732005389,11.4,8.83445045067728));
#5753=CARTESIAN_POINT('Origin',(-0.790393732005387,11.9,8.83445045067728));
#5754=CARTESIAN_POINT('Origin',(-0.790393732005387,11.9,8.83445045067728));
#5755=CARTESIAN_POINT('Origin',(-0.790393732005392,9.7,8.83445045067728));
#5756=CARTESIAN_POINT('',(-1.03814535885188,9.7,7.1526005372204));
#5757=CARTESIAN_POINT('Origin',(-0.790393732005392,9.7,8.83445045067728));
#5758=CARTESIAN_POINT('',(-0.617832832693593,9.7,6.74023609310874));
#5759=CARTESIAN_POINT('Origin',(-1.11101348439496,9.7,6.65793879796837));
#5760=CARTESIAN_POINT('Origin',(-1.11101348439496,9.7,6.65793879796837));
#5761=CARTESIAN_POINT('Origin',(-3.60077259451429,1.7,11.476127647672));
#5762=CARTESIAN_POINT('',(-4.38119612902647,1.7,12.9864054720406));
#5763=CARTESIAN_POINT('',(-4.17099558710326,1.7,13.6685785286675));
#5764=CARTESIAN_POINT('Origin',(-4.61073246270649,1.7,13.430604832149));
#5765=CARTESIAN_POINT('Origin',(-4.61073246270649,1.7,13.430604832149));
#5766=CARTESIAN_POINT('',(-3.60077259451429,-2.77555756156284E-16,11.476127647672));
#5767=CARTESIAN_POINT('Origin',(-3.60077259451429,1.7,11.476127647672));
#5768=CARTESIAN_POINT('',(-3.91486897424568,-0.853553390593274,11.3138209495981));
#5769=CARTESIAN_POINT('Origin',(-3.60077259451426,-0.5,11.476127647672));
#5770=CARTESIAN_POINT('Origin',(-3.60077259451426,-0.5,11.476127647672));
#5771=CARTESIAN_POINT('Origin',(-3.23082278403252,-0.5,10.7601997313653));
#5772=CARTESIAN_POINT('',(-2.43506973231859,-0.853553390593273,8.4501092843715));
#5773=CARTESIAN_POINT('',(-3.54491916376391,-0.853553390593274,10.5978930332915));
#5774=CARTESIAN_POINT('',(-2.12097335258721,0.,8.61241598244536));
#5775=CARTESIAN_POINT('Origin',(-2.12097335258719,-0.5,8.61241598244537));
#5776=CARTESIAN_POINT('Origin',(-2.12097335258719,-0.5,8.61241598244537));
#5777=CARTESIAN_POINT('Origin',(-2.12097335258721,1.7,8.61241598244536));
#5778=CARTESIAN_POINT('',(-1.34054981807503,1.7,7.10213815807677));
#5779=CARTESIAN_POINT('Origin',(-2.12097335258721,1.7,8.61241598244536));
#5780=CARTESIAN_POINT('',(-0.617832832693593,1.7,6.74023609310874));
#5781=CARTESIAN_POINT('Origin',(-1.11101348439495,1.7,6.65793879796838));
#5782=CARTESIAN_POINT('Origin',(-1.11101348439495,1.7,6.65793879796838));
#5783=CARTESIAN_POINT('Origin',(-1.11101348439495,0.,6.65793879796837));
#5784=CARTESIAN_POINT('',(-0.617832832693593,0.,6.74023609310874));
#5785=CARTESIAN_POINT('Origin',(-4.61073246270651,0.,13.430604832149));
#5786=CARTESIAN_POINT('',(-4.17099558710326,0.,13.6685785286675));
#5787=CARTESIAN_POINT('Origin',(6.96360137526645,9.7,5.49367753908552));
#5788=CARTESIAN_POINT('',(6.96360137526645,11.4,5.49367753908551));
#5789=CARTESIAN_POINT('',(6.81542603547731,11.5464466094067,5.81468231892278));
#5790=CARTESIAN_POINT('Origin',(6.96360137526645,11.9,5.49367753908551));
#5791=CARTESIAN_POINT('Origin',(6.96360137526645,11.9,5.49367753908551));
#5792=CARTESIAN_POINT('',(5.42010571027609,9.7,4.78120218361279));
#5793=CARTESIAN_POINT('Origin',(6.96360137526645,9.7,5.49367753908552));
#5794=CARTESIAN_POINT('',(5.30477718285651,9.7,4.20378865313719));
#5795=CARTESIAN_POINT('Origin',(4.96613639704363,9.7,4.57165060847376));
#5796=CARTESIAN_POINT('Origin',(4.96613639704363,9.7,4.57165060847376));
#5797=CARTESIAN_POINT('Origin',(11.1160161588327,11.9,7.41042616760211));
#5798=CARTESIAN_POINT('',(9.89029901310509,11.4,6.84463691472671));
#5799=CARTESIAN_POINT('',(9.74212367331596,11.5464466094067,7.16564169456398));
#5800=CARTESIAN_POINT('Origin',(9.89029901310509,11.9,6.84463691472671));
#5801=CARTESIAN_POINT('',(10.9678408190436,11.5464466094067,7.73143094743938));
#5802=CARTESIAN_POINT('Origin',(9.89029901310509,11.9,6.84463691472671));
#5803=CARTESIAN_POINT('Origin',(9.89029901310509,9.70000000000001,6.84463691472671));
#5804=CARTESIAN_POINT('',(11.4337946780954,9.7,7.55711227019943));
#5805=CARTESIAN_POINT('',(12.2264047771408,9.7,7.3988018900019));
#5806=CARTESIAN_POINT('Origin',(11.8877639913279,9.7,7.76666384533846));
#5807=CARTESIAN_POINT('Origin',(11.8877639913279,9.7,7.76666384533846));
#5808=CARTESIAN_POINT('Origin',(9.89029901310509,9.70000000000001,6.84463691472671));
#5809=CARTESIAN_POINT('Origin',(2.12097335258718,9.7,8.61241598244538));
#5810=CARTESIAN_POINT('',(2.12097335258718,11.4,8.61241598244537));
#5811=CARTESIAN_POINT('',(1.8068769728558,11.5464466094067,8.77472268051923));
#5812=CARTESIAN_POINT('Origin',(2.12097335258718,11.9,8.61241598244537));
#5813=CARTESIAN_POINT('Origin',(2.12097335258718,11.9,8.61241598244537));
#5814=CARTESIAN_POINT('',(1.340549818075,9.7,7.10213815807679));
#5815=CARTESIAN_POINT('Origin',(2.12097335258718,9.7,8.61241598244538));
#5816=CARTESIAN_POINT('',(1.60419413609631,9.7,6.57564150282801));
#5817=CARTESIAN_POINT('Origin',(1.11101348439495,9.7,6.65793879796838));
#5818=CARTESIAN_POINT('Origin',(1.11101348439495,9.7,6.65793879796838));
#5819=CARTESIAN_POINT('Origin',(4.22052069545041,11.9,12.6754659199647));
#5820=CARTESIAN_POINT('',(3.60077259451427,11.4,11.476127647672));
#5821=CARTESIAN_POINT('',(3.28667621478289,11.5464466094067,11.6384343457459));
#5822=CARTESIAN_POINT('Origin',(3.60077259451427,11.9,11.476127647672));
#5823=CARTESIAN_POINT('',(3.90642431571903,11.5464466094067,12.8377726180386));
#5824=CARTESIAN_POINT('Origin',(3.60077259451427,11.9,11.476127647672));
#5825=CARTESIAN_POINT('Origin',(3.60077259451427,9.70000000000001,11.476127647672));
#5826=CARTESIAN_POINT('',(4.38119612902645,9.7,12.9864054720406));
#5827=CARTESIAN_POINT('',(5.10391311440786,9.7,13.3483075370086));
#5828=CARTESIAN_POINT('Origin',(4.6107324627065,9.7,13.430604832149));
#5829=CARTESIAN_POINT('Origin',(4.6107324627065,9.7,13.430604832149));
#5830=CARTESIAN_POINT('Origin',(3.60077259451427,9.70000000000001,11.476127647672));
#5831=CARTESIAN_POINT('Origin',(4.8025000641345,9.7,7.45709260711261));
#5832=CARTESIAN_POINT('',(4.8025000641345,11.4,7.45709260711261));
#5833=CARTESIAN_POINT('',(4.55812319134176,11.5464466094067,7.71259200837226));
#5834=CARTESIAN_POINT('Origin',(4.8025000641345,11.9,7.4570926071126));
#5835=CARTESIAN_POINT('Origin',(4.8025000641345,11.9,7.4570926071126));
#5836=CARTESIAN_POINT('',(3.57397562143985,9.7,6.28204890847762));
#5837=CARTESIAN_POINT('Origin',(4.8025000641345,9.7,7.45709260711261));
#5838=CARTESIAN_POINT('',(3.65238177860349,9.7,5.69847412412526));
#5839=CARTESIAN_POINT('Origin',(3.21264490300024,9.7,5.9364478206438));
#5840=CARTESIAN_POINT('Origin',(3.21264490300024,9.7,5.9364478206438));
#5841=CARTESIAN_POINT('Origin',(8.10755829884595,11.9,10.6182733841113));
#5842=CARTESIAN_POINT('',(7.13196535905902,11.4,9.68515044695998));
#5843=CARTESIAN_POINT('',(6.88758848626628,11.5464466094067,9.94064984821963));
#5844=CARTESIAN_POINT('Origin',(7.13196535905902,11.9,9.68515044695998));
#5845=CARTESIAN_POINT('',(7.86318142605321,11.5464466094067,10.8737727853709));
#5846=CARTESIAN_POINT('Origin',(7.13196535905902,11.9,9.68515044695998));
#5847=CARTESIAN_POINT('Origin',(7.13196535905902,9.70000000000001,9.68515044695998));
#5848=CARTESIAN_POINT('',(8.36048980175367,9.7,10.860194145595));
#5849=CARTESIAN_POINT('',(9.16155739579652,9.7,10.9678215369103));
#5850=CARTESIAN_POINT('Origin',(8.72182052019328,9.7,11.2057952334288));
#5851=CARTESIAN_POINT('Origin',(8.72182052019328,9.7,11.2057952334288));
#5852=CARTESIAN_POINT('Origin',(7.13196535905902,9.70000000000001,9.68515044695998));
#5853=CARTESIAN_POINT('Origin',(4.20726797419394,1.7,11.2679175208372));
#5854=CARTESIAN_POINT('',(5.10391311440786,1.7,13.3483075370086));
#5855=CARTESIAN_POINT('',(4.51903598804455,1.7,12.939084988669));
#5856=CARTESIAN_POINT('Origin',(4.6107324627065,1.7,13.430604832149));
#5857=CARTESIAN_POINT('Origin',(4.6107324627065,1.7,13.430604832149));
#5858=CARTESIAN_POINT('',(4.20726797419394,-2.77555756156284E-16,11.2679175208372));
#5859=CARTESIAN_POINT('Origin',(4.20726797419394,1.7,11.2679175208372));
#5860=CARTESIAN_POINT('',(3.8597109597815,-0.853553390593274,11.3327567198815));
#5861=CARTESIAN_POINT('Origin',(4.20726797419397,-0.5,11.2679175208372));
#5862=CARTESIAN_POINT('Origin',(4.20726797419397,-0.5,11.2679175208372));
#5863=CARTESIAN_POINT('Origin',(4.05947832852364,-0.5,10.4757219236168));
#5864=CARTESIAN_POINT('',(3.26855237710033,-0.853553390593273,8.16397433100002));
#5865=CARTESIAN_POINT('',(3.71192131411121,-0.853553390593274,10.5405611226611));
#5866=CARTESIAN_POINT('',(3.61610939151277,0.,8.09913513195566));
#5867=CARTESIAN_POINT('Origin',(3.61610939151279,-0.5,8.09913513195566));
#5868=CARTESIAN_POINT('Origin',(3.61610939151279,-0.5,8.09913513195566));
#5869=CARTESIAN_POINT('Origin',(3.61610939151277,1.7,8.09913513195566));
#5870=CARTESIAN_POINT('',(3.30434137766216,1.7,6.42796766412377));
#5871=CARTESIAN_POINT('Origin',(3.61610939151277,1.7,8.09913513195566));
#5872=CARTESIAN_POINT('',(3.65238177860349,1.7,5.69847412412526));
#5873=CARTESIAN_POINT('Origin',(3.21264490300024,1.7,5.9364478206438));
#5874=CARTESIAN_POINT('Origin',(3.21264490300024,1.7,5.9364478206438));
#5875=CARTESIAN_POINT('Origin',(3.21264490300025,0.,5.9364478206438));
#5876=CARTESIAN_POINT('',(3.65238177860349,0.,5.69847412412526));
#5877=CARTESIAN_POINT('Origin',(4.6107324627065,0.,13.430604832149));
#5878=CARTESIAN_POINT('',(5.10391311440786,0.,13.3483075370086));
#5879=CARTESIAN_POINT('Origin',(8.72182052019328,0.,11.2057952334288));
#5880=CARTESIAN_POINT('',(9.16155739579652,1.7,10.9678215369103));
#5881=CARTESIAN_POINT('',(9.16155739579652,0.,10.9678215369103));
#5882=CARTESIAN_POINT('',(8.47549618117332,1.7,10.7706810874781));
#5883=CARTESIAN_POINT('Origin',(8.72182052019328,1.7,11.2057952334288));
#5884=CARTESIAN_POINT('Origin',(8.72182052019328,1.7,11.2057952334288));
#5885=CARTESIAN_POINT('Origin',(4.96613639704364,0.,4.57165060847375));
#5886=CARTESIAN_POINT('',(5.30477718285651,1.7,4.20378865313719));
#5887=CARTESIAN_POINT('',(5.30477718285651,0.,4.20378865313719));
#5888=CARTESIAN_POINT('',(5.21246073606356,1.7,5.00676475442444));
#5889=CARTESIAN_POINT('Origin',(4.96613639704363,1.7,4.57165060847375));
#5890=CARTESIAN_POINT('Origin',(4.96613639704363,1.7,4.57165060847375));
#5891=CARTESIAN_POINT('Origin',(6.04996348873138,1.7,6.48615285065674));
#5892=CARTESIAN_POINT('',(6.04996348873137,0.,6.48615285065674));
#5893=CARTESIAN_POINT('',(5.74229132553946,-0.853553390593273,6.66033046114904));
#5894=CARTESIAN_POINT('Origin',(6.04996348873139,-0.5,6.48615285065673));
#5895=CARTESIAN_POINT('Origin',(6.04996348873138,1.7,6.48615285065674));
#5896=CARTESIAN_POINT('Origin',(6.04996348873139,-0.5,6.48615285065673));
#5897=CARTESIAN_POINT('Origin',(7.24098594356197,-0.5,8.59000795609855));
#5898=CARTESIAN_POINT('',(7.6379934285055,-2.77555756156284E-16,9.29129299124582));
#5899=CARTESIAN_POINT('',(7.33032126531359,-0.853553390593274,9.46547060173812));
#5900=CARTESIAN_POINT('Origin',(7.63799342850554,-0.5,9.2912929912458));
#5901=CARTESIAN_POINT('Origin',(7.63799342850554,-0.5,9.2912929912458));
#5902=CARTESIAN_POINT('',(6.93331378037005,-0.853553390593274,8.76418556659085));
#5903=CARTESIAN_POINT('Origin',(7.63799342850551,1.7,9.29129299124582));
#5904=CARTESIAN_POINT('Origin',(7.63799342850551,1.7,9.29129299124582));
#5905=CARTESIAN_POINT('Origin',(1.11101348439495,0.,6.65793879796838));
#5906=CARTESIAN_POINT('',(1.60419413609631,1.7,6.57564150282801));
#5907=CARTESIAN_POINT('',(1.60419413609631,0.,6.57564150282801));
#5908=CARTESIAN_POINT('',(1.03814535885184,1.7,7.15260053722039));
#5909=CARTESIAN_POINT('Origin',(1.11101348439495,1.7,6.65793879796837));
#5910=CARTESIAN_POINT('Origin',(1.11101348439495,1.7,6.65793879796837));
#5911=CARTESIAN_POINT('Origin',(-3.60822483003176E-15,0.,14.2));
#5912=CARTESIAN_POINT('',(0.493180651701358,1.7,14.2822972951404));
#5913=CARTESIAN_POINT('',(0.493180651701358,0.,14.2822972951404));
#5914=CARTESIAN_POINT('',(0.0728681255430705,1.7,13.705338260748));
#5915=CARTESIAN_POINT('Origin',(-3.88578058618805E-15,1.7,14.2));
#5916=CARTESIAN_POINT('Origin',(-3.88578058618805E-15,1.7,14.2));
#5917=CARTESIAN_POINT('Origin',(0.79039373200536,1.7,8.83445045067728));
#5918=CARTESIAN_POINT('',(0.790393732005357,0.,8.83445045067728));
#5919=CARTESIAN_POINT('',(0.440615061786722,-0.853553390593273,8.78292490497341));
#5920=CARTESIAN_POINT('Origin',(0.790393732005382,-0.5,8.83445045067728));
#5921=CARTESIAN_POINT('Origin',(0.79039373200536,1.7,8.83445045067728));
#5922=CARTESIAN_POINT('Origin',(0.790393732005382,-0.5,8.83445045067728));
#5923=CARTESIAN_POINT('Origin',(0.438063247293499,-0.5,11.2262288731376));
#5924=CARTESIAN_POINT('',(0.320619752389546,-2.77555756156284E-16,12.0234883472911));
#5925=CARTESIAN_POINT('',(-0.0291589178290938,-0.853553390593274,11.9719628015872));
#5926=CARTESIAN_POINT('Origin',(0.320619752389584,-0.5,12.0234883472911));
#5927=CARTESIAN_POINT('Origin',(0.320619752389584,-0.5,12.0234883472911));
#5928=CARTESIAN_POINT('',(0.0882845770748601,-0.853553390593274,11.1747033274338));
#5929=CARTESIAN_POINT('Origin',(0.32061975238955,1.7,12.0234883472911));
#5930=CARTESIAN_POINT('Origin',(0.32061975238955,1.7,12.0234883472911));
#5931=CARTESIAN_POINT('Origin',(6.18146995492164,0.,2.71144411640755));
#5932=CARTESIAN_POINT('',(6.38231766724812,1.7,2.25355745308002));
#5933=CARTESIAN_POINT('',(6.38231766724812,0.,2.25355745308002));
#5934=CARTESIAN_POINT('',(6.55572909405083,1.7,3.04300119562359));
#5935=CARTESIAN_POINT('Origin',(6.18146995492163,1.7,2.71144411640755));
#5936=CARTESIAN_POINT('Origin',(6.18146995492163,1.7,2.71144411640755));
#5937=CARTESIAN_POINT('Origin',(11.8877639913279,0.,7.76666384533847));
#5938=CARTESIAN_POINT('',(12.2264047771408,1.7,7.3988018900019));
#5939=CARTESIAN_POINT('',(12.2264047771408,0.,7.3988018900019));
#5940=CARTESIAN_POINT('',(11.5135048521987,1.7,7.43510676612245));
#5941=CARTESIAN_POINT('Origin',(11.8877639913279,1.7,7.76666384533847));
#5942=CARTESIAN_POINT('Origin',(11.8877639913279,1.7,7.76666384533847));
#5943=CARTESIAN_POINT('Origin',(7.82821016709015,1.7,4.17029526495808));
#5944=CARTESIAN_POINT('',(7.82821016709015,0.,4.17029526495808));
#5945=CARTESIAN_POINT('',(7.59376390802609,-0.853553390593273,4.43493644015738));
#5946=CARTESIAN_POINT('Origin',(7.82821016709016,-0.5,4.17029526495806));
#5947=CARTESIAN_POINT('Origin',(7.82821016709015,1.7,4.17029526495808));
#5948=CARTESIAN_POINT('Origin',(7.82821016709016,-0.5,4.17029526495806));
#5949=CARTESIAN_POINT('Origin',(9.63782037614206,-0.5,5.77343333883049));
#5950=CARTESIAN_POINT('',(10.2410237791594,-2.77555756156284E-16,6.30781269678796));
#5951=CARTESIAN_POINT('',(10.0065775200953,-0.853553390593274,6.57245387198727));
#5952=CARTESIAN_POINT('Origin',(10.2410237791594,-0.5,6.30781269678794));
#5953=CARTESIAN_POINT('Origin',(10.2410237791594,-0.5,6.30781269678794));
#5954=CARTESIAN_POINT('',(9.40337411707801,-0.853553390593274,6.0380745140298));
#5955=CARTESIAN_POINT('Origin',(10.2410237791594,1.7,6.30781269678796));
#5956=CARTESIAN_POINT('Origin',(10.2410237791594,1.7,6.30781269678796));
#5957=CARTESIAN_POINT('Origin',(11.7342802974847,1.7,2.64078302083464));
#5958=CARTESIAN_POINT('',(13.966331488665,1.7,3.02800725407183));
#5959=CARTESIAN_POINT('',(13.3038466220535,1.7,3.29382325908919));
#5960=CARTESIAN_POINT('Origin',(13.7654837763385,1.7,3.48589391739935));
#5961=CARTESIAN_POINT('Origin',(13.7654837763385,1.7,3.48589391739935));
#5962=CARTESIAN_POINT('',(11.7342802974847,-2.77555756156284E-16,2.64078302083465));
#5963=CARTESIAN_POINT('Origin',(11.7342802974847,1.7,2.64078302083464));
#5964=CARTESIAN_POINT('',(11.5984658325267,-0.853553390593274,2.96720978307719));
#5965=CARTESIAN_POINT('Origin',(11.7342802974847,-0.5,2.64078302083461));
#5966=CARTESIAN_POINT('Origin',(11.7342802974847,-0.5,2.64078302083461));
#5967=CARTESIAN_POINT('Origin',(10.9902474247757,-0.5,2.33121763525173));
#5968=CARTESIAN_POINT('',(8.62233434169068,-0.853553390593273,1.72894824074553));
#5969=CARTESIAN_POINT('',(10.8544329598177,-0.853553390593274,2.65764439749428));
#5970=CARTESIAN_POINT('',(8.75814880664876,0.,1.40252147850299));
#5971=CARTESIAN_POINT('Origin',(8.75814880664877,-0.5,1.40252147850297));
#5972=CARTESIAN_POINT('Origin',(8.75814880664877,-0.5,1.40252147850297));
#5973=CARTESIAN_POINT('Origin',(8.75814880664876,1.7,1.40252147850299));
#5974=CARTESIAN_POINT('',(7.18858248207995,1.7,0.749481240248433));
#5975=CARTESIAN_POINT('Origin',(8.75814880664876,1.7,1.40252147850299));
#5976=CARTESIAN_POINT('',(6.76823500053119,1.7,0.0591183354349108));
#5977=CARTESIAN_POINT('Origin',(6.72694532779502,1.7,0.557410581938234));
#5978=CARTESIAN_POINT('Origin',(6.72694532779502,1.7,0.557410581938234));
#5979=CARTESIAN_POINT('Origin',(13.7654837763385,0.,3.48589391739936));
#5980=CARTESIAN_POINT('',(13.966331488665,0.,3.02800725407183));
#5981=CARTESIAN_POINT('Origin',(6.72694532779502,0.,0.557410581938246));
#5982=CARTESIAN_POINT('',(6.76823500053119,0.,0.0591183354349108));
#5983=UNCERTAINTY_MEASURE_WITH_UNIT(LENGTH_MEASURE(0.01),#5987,
'DISTANCE_ACCURACY_VALUE',
'Maximum model space distance between geometric entities at asserted c
onnectivities');
#5984=UNCERTAINTY_MEASURE_WITH_UNIT(LENGTH_MEASURE(0.01),#5987,
'DISTANCE_ACCURACY_VALUE',
'Maximum model space distance between geometric entities at asserted c
onnectivities');
#5985=(
GEOMETRIC_REPRESENTATION_CONTEXT(3)
GLOBAL_UNCERTAINTY_ASSIGNED_CONTEXT((#5983))
GLOBAL_UNIT_ASSIGNED_CONTEXT((#5987,#5989,#5990))
REPRESENTATION_CONTEXT('','3D')
);
#5986=(
GEOMETRIC_REPRESENTATION_CONTEXT(3)
GLOBAL_UNCERTAINTY_ASSIGNED_CONTEXT((#5984))
GLOBAL_UNIT_ASSIGNED_CONTEXT((#5987,#5989,#5990))
REPRESENTATION_CONTEXT('','3D')
);
#5987=(
LENGTH_UNIT()
NAMED_UNIT(*)
SI_UNIT(.MILLI.,.METRE.)
);
#5988=(
LENGTH_UNIT()
NAMED_UNIT(*)
SI_UNIT($,.METRE.)
);
#5989=(
NAMED_UNIT(*)
PLANE_ANGLE_UNIT()
SI_UNIT($,.RADIAN.)
);
#5990=(
NAMED_UNIT(*)
SI_UNIT($,.STERADIAN.)
SOLID_ANGLE_UNIT()
);
#5991=SHAPE_DEFINITION_REPRESENTATION(#5992,#5993);
#5992=PRODUCT_DEFINITION_SHAPE('',$,#5995);
#5993=SHAPE_REPRESENTATION('',(#3103),#5985);
#5994=PRODUCT_DEFINITION_CONTEXT('part definition',#5999,'design');
#5995=PRODUCT_DEFINITION('koolmu core','koolmu core',#5996,#5994);
#5996=PRODUCT_DEFINITION_FORMATION('',$,#6001);
#5997=PRODUCT_RELATED_PRODUCT_CATEGORY('koolmu core','koolmu core',(#6001));
#5998=APPLICATION_PROTOCOL_DEFINITION('international standard',
'automotive_design',2009,#5999);
#5999=APPLICATION_CONTEXT(
'Core Data for Automotive Mechanical Design Process');
#6000=PRODUCT_CONTEXT('part definition',#5999,'mechanical');
#6001=PRODUCT('koolmu core','koolmu core',$,(#6000));
#6002=PRESENTATION_STYLE_ASSIGNMENT((#6005));
#6003=PRESENTATION_STYLE_ASSIGNMENT((#6006));
#6004=PRESENTATION_STYLE_ASSIGNMENT((#6007));
#6005=SURFACE_STYLE_USAGE(.BOTH.,#6008);
#6006=SURFACE_STYLE_USAGE(.BOTH.,#6009);
#6007=SURFACE_STYLE_USAGE(.BOTH.,#6010);
#6008=SURFACE_SIDE_STYLE('',(#6011));
#6009=SURFACE_SIDE_STYLE('',(#6012));
#6010=SURFACE_SIDE_STYLE('',(#6013));
#6011=SURFACE_STYLE_FILL_AREA(#6014);
#6012=SURFACE_STYLE_FILL_AREA(#6015);
#6013=SURFACE_STYLE_FILL_AREA(#6016);
#6014=FILL_AREA_STYLE('Copper - Raw',(#6017));
#6015=FILL_AREA_STYLE('Powder Coat (Black)',(#6018));
#6016=FILL_AREA_STYLE('Powder Coat (Yellow)',(#6019));
#6017=FILL_AREA_STYLE_COLOUR('Copper - Raw',#6020);
#6018=FILL_AREA_STYLE_COLOUR('Powder Coat (Black)',#6021);
#6019=FILL_AREA_STYLE_COLOUR('Powder Coat (Yellow)',#6022);
#6020=COLOUR_RGB('Copper - Raw',0.,0.,0.);
#6021=COLOUR_RGB('Powder Coat (Black)',0.0980392156862745,0.0980392156862745,
0.0980392156862745);
#6022=COLOUR_RGB('Powder Coat (Yellow)',0.568627450980392,0.317647058823529,
0.149019607843137);
ENDSEC;
END-ISO-10303-21;
