ISO-10303-21;
HEADER;
/* Generated by software containing ST-Developer
 * from STEP Tools, Inc. (www.steptools.com) 
 */
/* OPTION: using custom schema-name function */

FILE_DESCRIPTION(
/* description */ (''),
/* implementation_level */ '2;1');

FILE_NAME(
/* name */ 'P220-TO220AB.stp',
/* time_stamp */ '2020-09-14T15:13:47+02:00',
/* author */ (''),
/* organization */ (''),
/* preprocessor_version */ 'ST-DEVELOPER v14',
/* originating_system */ 'SIEMENS PLM Software NX 8.0',
/* authorisation */ '');

FILE_SCHEMA (('AUTOMOTIVE_DESIGN { 1 0 10303 214 3 1 1 1 }'));
ENDSEC;

DATA;
#10=VALUE_REPRESENTATION_ITEM('number of annotations',COUNT_MEASURE(0.));
#11=VALUE_REPRESENTATION_ITEM('number of views',COUNT_MEASURE(0.));
#12=SHAPE_REPRESENTATION_RELATIONSHIP('None',
'relationship between P220-TO220AB-body--None and P220-TO220AB-body--No
ne',#40,#13);
#13=ADVANCED_BREP_SHAPE_REPRESENTATION('P220-TO220AB-body--None',(#161,#162,
#163,#164,#165),#5602);
#14=SHAPE_ASPECT('','solid in P220-TO220AB-body-',#31,.F.);
#15=SHAPE_ASPECT('','solid in P220-TO220AB-body-',#31,.F.);
#16=SHAPE_ASPECT('','solid in P220-TO220AB-body-',#31,.F.);
#17=SHAPE_ASPECT('','solid in P220-TO220AB-body-',#31,.F.);
#18=SHAPE_ASPECT('','solid in P220-TO220AB-body-',#31,.F.);
#19=DERIVED_UNIT_ELEMENT(#5610,3.);
#20=DERIVED_UNIT_ELEMENT(#5611,2.);
#21=NAME_ATTRIBUTE('CUBIC MILLIMETRE',#23);
#22=NAME_ATTRIBUTE('SQUARE MILLIMETRE',#24);
#23=DERIVED_UNIT((#19));
#24=DERIVED_UNIT((#20));
#25=SHAPE_DEFINITION_REPRESENTATION(#31,#40);
#26=SHAPE_DEFINITION_REPRESENTATION(#142,#41);
#27=SHAPE_DEFINITION_REPRESENTATION(#143,#42);
#28=SHAPE_DEFINITION_REPRESENTATION(#144,#43);
#29=SHAPE_DEFINITION_REPRESENTATION(#145,#44);
#30=SHAPE_DEFINITION_REPRESENTATION(#146,#45);
#31=PRODUCT_DEFINITION_SHAPE('','',#32);
#32=PRODUCT_DEFINITION(' ','',#34,#33);
#33=PRODUCT_DEFINITION_CONTEXT('part definition',#39,'design');
#34=PRODUCT_DEFINITION_FORMATION_WITH_SPECIFIED_SOURCE(' ',' ',#36,
 .NOT_KNOWN.);
#35=PRODUCT_RELATED_PRODUCT_CATEGORY('part','',(#36));
#36=PRODUCT('P220-TO220AB-body-','P220-TO220AB-body-',' ',(#37));
#37=PRODUCT_CONTEXT(' ',#39,'mechanical');
#38=APPLICATION_PROTOCOL_DEFINITION('international standard',
'automotive_design',2010,#39);
#39=APPLICATION_CONTEXT(
'core data for automotive mechanical design processes');
#40=SHAPE_REPRESENTATION('P220-TO220AB-body--None',(#3603),#5602);
#41=SHAPE_REPRESENTATION('',(#161),#5602);
#42=SHAPE_REPRESENTATION('',(#162),#5602);
#43=SHAPE_REPRESENTATION('',(#163),#5602);
#44=SHAPE_REPRESENTATION('',(#164),#5602);
#45=SHAPE_REPRESENTATION('',(#165),#5602);
#46=PRESENTATION_LAYER_ASSIGNMENT('1','Layer 1',(#161,#162,#163,#164,#165));
#47=STYLED_ITEM('',(#52),#161);
#48=STYLED_ITEM('',(#53),#162);
#49=STYLED_ITEM('',(#54),#163);
#50=STYLED_ITEM('',(#55),#164);
#51=STYLED_ITEM('',(#56),#165);
#52=PRESENTATION_STYLE_ASSIGNMENT((#57));
#53=PRESENTATION_STYLE_ASSIGNMENT((#58));
#54=PRESENTATION_STYLE_ASSIGNMENT((#59));
#55=PRESENTATION_STYLE_ASSIGNMENT((#60));
#56=PRESENTATION_STYLE_ASSIGNMENT((#61));
#57=SURFACE_STYLE_USAGE(.BOTH.,#62);
#58=SURFACE_STYLE_USAGE(.BOTH.,#63);
#59=SURFACE_STYLE_USAGE(.BOTH.,#64);
#60=SURFACE_STYLE_USAGE(.BOTH.,#65);
#61=SURFACE_STYLE_USAGE(.BOTH.,#66);
#62=SURFACE_SIDE_STYLE('',(#67));
#63=SURFACE_SIDE_STYLE('',(#68));
#64=SURFACE_SIDE_STYLE('',(#69));
#65=SURFACE_SIDE_STYLE('',(#70));
#66=SURFACE_SIDE_STYLE('',(#71));
#67=SURFACE_STYLE_FILL_AREA(#72);
#68=SURFACE_STYLE_FILL_AREA(#73);
#69=SURFACE_STYLE_FILL_AREA(#74);
#70=SURFACE_STYLE_FILL_AREA(#75);
#71=SURFACE_STYLE_FILL_AREA(#76);
#72=FILL_AREA_STYLE('',(#77));
#73=FILL_AREA_STYLE('',(#78));
#74=FILL_AREA_STYLE('',(#79));
#75=FILL_AREA_STYLE('',(#80));
#76=FILL_AREA_STYLE('',(#81));
#77=FILL_AREA_STYLE_COLOUR('',#82);
#78=FILL_AREA_STYLE_COLOUR('',#83);
#79=FILL_AREA_STYLE_COLOUR('',#82);
#80=FILL_AREA_STYLE_COLOUR('',#82);
#81=FILL_AREA_STYLE_COLOUR('',#82);
#82=COLOUR_RGB('Pale Gray',0.8,0.8,0.8);
#83=COLOUR_RGB('Obscure Gray',0.2,0.2,0.2);
#84=PROPERTY_DEFINITION_REPRESENTATION(#124,#104);
#85=PROPERTY_DEFINITION_REPRESENTATION(#125,#105);
#86=PROPERTY_DEFINITION_REPRESENTATION(#126,#106);
#87=PROPERTY_DEFINITION_REPRESENTATION(#127,#107);
#88=PROPERTY_DEFINITION_REPRESENTATION(#128,#108);
#89=PROPERTY_DEFINITION_REPRESENTATION(#129,#109);
#90=PROPERTY_DEFINITION_REPRESENTATION(#130,#110);
#91=PROPERTY_DEFINITION_REPRESENTATION(#131,#111);
#92=PROPERTY_DEFINITION_REPRESENTATION(#132,#112);
#93=PROPERTY_DEFINITION_REPRESENTATION(#133,#113);
#94=PROPERTY_DEFINITION_REPRESENTATION(#134,#114);
#95=PROPERTY_DEFINITION_REPRESENTATION(#135,#115);
#96=PROPERTY_DEFINITION_REPRESENTATION(#136,#116);
#97=PROPERTY_DEFINITION_REPRESENTATION(#137,#117);
#98=PROPERTY_DEFINITION_REPRESENTATION(#138,#118);
#99=PROPERTY_DEFINITION_REPRESENTATION(#139,#119);
#100=PROPERTY_DEFINITION_REPRESENTATION(#140,#120);
#101=PROPERTY_DEFINITION_REPRESENTATION(#141,#121);
#102=PROPERTY_DEFINITION_REPRESENTATION(#147,#122);
#103=PROPERTY_DEFINITION_REPRESENTATION(#148,#123);
#104=REPRESENTATION('volume',(#149),#5602);
#105=REPRESENTATION('surface area',(#150),#5602);
#106=REPRESENTATION('centroid',(#5038),#5602);
#107=REPRESENTATION('volume',(#151),#5602);
#108=REPRESENTATION('surface area',(#152),#5602);
#109=REPRESENTATION('centroid',(#5410),#5602);
#110=REPRESENTATION('volume',(#153),#5602);
#111=REPRESENTATION('surface area',(#154),#5602);
#112=REPRESENTATION('centroid',(#5473),#5602);
#113=REPRESENTATION('volume',(#155),#5602);
#114=REPRESENTATION('surface area',(#156),#5602);
#115=REPRESENTATION('centroid',(#5536),#5602);
#116=REPRESENTATION('volume',(#157),#5602);
#117=REPRESENTATION('surface area',(#158),#5602);
#118=REPRESENTATION('centroid',(#5599),#5602);
#119=REPRESENTATION('volume',(#159),#5602);
#120=REPRESENTATION('surface area',(#160),#5602);
#121=REPRESENTATION('centroid',(#5600),#5602);
#122=REPRESENTATION('',(#10),#5602);
#123=REPRESENTATION('',(#11),#5602);
#124=PROPERTY_DEFINITION('geometric validation property',
'volume of solid in P220-TO220AB-body-',#14);
#125=PROPERTY_DEFINITION('geometric validation property',
'surface area of solid in P220-TO220AB-body-',#14);
#126=PROPERTY_DEFINITION('geometric validation property',
'centroid of solid in P220-TO220AB-body-',#14);
#127=PROPERTY_DEFINITION('geometric validation property',
'volume of solid in P220-TO220AB-body-',#15);
#128=PROPERTY_DEFINITION('geometric validation property',
'surface area of solid in P220-TO220AB-body-',#15);
#129=PROPERTY_DEFINITION('geometric validation property',
'centroid of solid in P220-TO220AB-body-',#15);
#130=PROPERTY_DEFINITION('geometric validation property',
'volume of solid in P220-TO220AB-body-',#16);
#131=PROPERTY_DEFINITION('geometric validation property',
'surface area of solid in P220-TO220AB-body-',#16);
#132=PROPERTY_DEFINITION('geometric validation property',
'centroid of solid in P220-TO220AB-body-',#16);
#133=PROPERTY_DEFINITION('geometric validation property',
'volume of solid in P220-TO220AB-body-',#17);
#134=PROPERTY_DEFINITION('geometric validation property',
'surface area of solid in P220-TO220AB-body-',#17);
#135=PROPERTY_DEFINITION('geometric validation property',
'centroid of solid in P220-TO220AB-body-',#17);
#136=PROPERTY_DEFINITION('geometric validation property',
'volume of solid in P220-TO220AB-body-',#18);
#137=PROPERTY_DEFINITION('geometric validation property',
'surface area of solid in P220-TO220AB-body-',#18);
#138=PROPERTY_DEFINITION('geometric validation property',
'centroid of solid in P220-TO220AB-body-',#18);
#139=PROPERTY_DEFINITION('geometric validation property',
'volume of P220-TO220AB-body-',#31);
#140=PROPERTY_DEFINITION('geometric validation property',
'surface area of P220-TO220AB-body-',#31);
#141=PROPERTY_DEFINITION('geometric validation property',
'centroid of P220-TO220AB-body-',#31);
#142=PROPERTY_DEFINITION('','shape for validation of solid',#14);
#143=PROPERTY_DEFINITION('','shape for validation of solid',#15);
#144=PROPERTY_DEFINITION('','shape for validation of solid',#16);
#145=PROPERTY_DEFINITION('','shape for validation of solid',#17);
#146=PROPERTY_DEFINITION('','shape for validation of solid',#18);
#147=PROPERTY_DEFINITION('pmi validation property','',#31);
#148=PROPERTY_DEFINITION('pmi validation property','',#31);
#149=MEASURE_REPRESENTATION_ITEM('volume measure',VOLUME_MEASURE(132.568543856545),
#23);
#150=MEASURE_REPRESENTATION_ITEM('surface area measure',AREA_MEASURE(300.342129420455),
#24);
#151=MEASURE_REPRESENTATION_ITEM('volume measure',VOLUME_MEASURE(317.524134913076),
#23);
#152=MEASURE_REPRESENTATION_ITEM('surface area measure',AREA_MEASURE(373.898770302371),
#24);
#153=MEASURE_REPRESENTATION_ITEM('volume measure',VOLUME_MEASURE(5.4726),
#23);
#154=MEASURE_REPRESENTATION_ITEM('surface area measure',AREA_MEASURE(38.7295878784787),
#24);
#155=MEASURE_REPRESENTATION_ITEM('volume measure',VOLUME_MEASURE(5.4726),
#23);
#156=MEASURE_REPRESENTATION_ITEM('surface area measure',AREA_MEASURE(38.7295878784787),
#24);
#157=MEASURE_REPRESENTATION_ITEM('volume measure',VOLUME_MEASURE(5.4726),
#23);
#158=MEASURE_REPRESENTATION_ITEM('surface area measure',AREA_MEASURE(38.7295878784787),
#24);
#159=MEASURE_REPRESENTATION_ITEM('volume measure',VOLUME_MEASURE(466.510478769622),
#23);
#160=MEASURE_REPRESENTATION_ITEM('surface area measure',AREA_MEASURE(790.429663358262),
#24);
#161=MANIFOLD_SOLID_BREP('',#166);
#162=MANIFOLD_SOLID_BREP('',#167);
#163=MANIFOLD_SOLID_BREP('',#168);
#164=MANIFOLD_SOLID_BREP('',#169);
#165=MANIFOLD_SOLID_BREP('',#170);
#166=CLOSED_SHELL('',(#346,#347,#348,#349,#350,#351,#352,#353,#354,#355,
#356,#357,#358,#359,#360,#361,#362,#363,#364,#365,#366,#367,#368,#369,#370,
#371,#372,#373,#374,#375,#376,#377,#378,#379,#380,#381,#382,#383,#384,#385,
#386,#387,#388,#389,#390,#391,#392,#393,#394,#395,#396,#397,#398,#399,#400,
#401,#402,#403,#404,#405,#406,#407,#408,#409,#410,#411,#412,#413,#414,#415,
#416,#417,#418,#419));
#167=CLOSED_SHELL('',(#420,#421,#422,#423,#424,#425,#426,#427,#428,#429,
#430,#431,#432,#433,#434,#435,#436,#437,#438,#439,#440,#441,#442,#443,#444,
#445,#446,#447,#448,#449,#450,#451,#452,#453,#454,#455,#456,#457,#458,#459,
#460,#461,#462,#463,#464,#465,#466,#467,#468,#469,#470,#471,#472,#473,#474,
#475,#476,#477,#478,#479,#480,#481,#482,#483,#484,#485,#486));
#168=CLOSED_SHELL('',(#487,#488,#489,#490,#491,#492,#493,#494,#495,#496,
#497,#498));
#169=CLOSED_SHELL('',(#499,#500,#501,#502,#503,#504,#505,#506,#507,#508,
#509,#510));
#170=CLOSED_SHELL('',(#511,#512,#513,#514,#515,#516,#517,#518,#519,#520,
#521,#522));
#171=CYLINDRICAL_SURFACE('',#3647,1.905);
#172=FACE_OUTER_BOUND('',#715,.T.);
#173=FACE_OUTER_BOUND('',#716,.T.);
#174=FACE_OUTER_BOUND('',#717,.T.);
#175=FACE_OUTER_BOUND('',#718,.T.);
#176=FACE_OUTER_BOUND('',#719,.T.);
#177=FACE_OUTER_BOUND('',#720,.T.);
#178=FACE_OUTER_BOUND('',#721,.T.);
#179=FACE_OUTER_BOUND('',#722,.T.);
#180=FACE_OUTER_BOUND('',#723,.T.);
#181=FACE_OUTER_BOUND('',#724,.T.);
#182=FACE_OUTER_BOUND('',#725,.T.);
#183=FACE_OUTER_BOUND('',#726,.T.);
#184=FACE_OUTER_BOUND('',#727,.T.);
#185=FACE_OUTER_BOUND('',#728,.T.);
#186=FACE_OUTER_BOUND('',#729,.T.);
#187=FACE_OUTER_BOUND('',#730,.T.);
#188=FACE_OUTER_BOUND('',#731,.T.);
#189=FACE_OUTER_BOUND('',#732,.T.);
#190=FACE_OUTER_BOUND('',#733,.T.);
#191=FACE_OUTER_BOUND('',#734,.T.);
#192=FACE_OUTER_BOUND('',#735,.T.);
#193=FACE_OUTER_BOUND('',#736,.T.);
#194=FACE_OUTER_BOUND('',#737,.T.);
#195=FACE_OUTER_BOUND('',#738,.T.);
#196=FACE_OUTER_BOUND('',#739,.T.);
#197=FACE_OUTER_BOUND('',#740,.T.);
#198=FACE_OUTER_BOUND('',#741,.T.);
#199=FACE_OUTER_BOUND('',#742,.T.);
#200=FACE_OUTER_BOUND('',#743,.T.);
#201=FACE_OUTER_BOUND('',#744,.T.);
#202=FACE_OUTER_BOUND('',#745,.T.);
#203=FACE_OUTER_BOUND('',#746,.T.);
#204=FACE_OUTER_BOUND('',#747,.T.);
#205=FACE_OUTER_BOUND('',#748,.T.);
#206=FACE_OUTER_BOUND('',#749,.T.);
#207=FACE_OUTER_BOUND('',#750,.T.);
#208=FACE_OUTER_BOUND('',#751,.T.);
#209=FACE_OUTER_BOUND('',#752,.T.);
#210=FACE_OUTER_BOUND('',#755,.T.);
#211=FACE_OUTER_BOUND('',#756,.T.);
#212=FACE_OUTER_BOUND('',#757,.T.);
#213=FACE_OUTER_BOUND('',#758,.T.);
#214=FACE_OUTER_BOUND('',#759,.T.);
#215=FACE_OUTER_BOUND('',#760,.T.);
#216=FACE_OUTER_BOUND('',#761,.T.);
#217=FACE_OUTER_BOUND('',#762,.T.);
#218=FACE_OUTER_BOUND('',#763,.T.);
#219=FACE_OUTER_BOUND('',#764,.T.);
#220=FACE_OUTER_BOUND('',#765,.T.);
#221=FACE_OUTER_BOUND('',#766,.T.);
#222=FACE_OUTER_BOUND('',#767,.T.);
#223=FACE_OUTER_BOUND('',#768,.T.);
#224=FACE_OUTER_BOUND('',#769,.T.);
#225=FACE_OUTER_BOUND('',#770,.T.);
#226=FACE_OUTER_BOUND('',#771,.T.);
#227=FACE_OUTER_BOUND('',#772,.T.);
#228=FACE_OUTER_BOUND('',#773,.T.);
#229=FACE_OUTER_BOUND('',#774,.T.);
#230=FACE_OUTER_BOUND('',#775,.T.);
#231=FACE_OUTER_BOUND('',#776,.T.);
#232=FACE_OUTER_BOUND('',#777,.T.);
#233=FACE_OUTER_BOUND('',#778,.T.);
#234=FACE_OUTER_BOUND('',#779,.T.);
#235=FACE_OUTER_BOUND('',#780,.T.);
#236=FACE_OUTER_BOUND('',#781,.T.);
#237=FACE_OUTER_BOUND('',#782,.T.);
#238=FACE_OUTER_BOUND('',#783,.T.);
#239=FACE_OUTER_BOUND('',#784,.T.);
#240=FACE_OUTER_BOUND('',#785,.T.);
#241=FACE_OUTER_BOUND('',#786,.T.);
#242=FACE_OUTER_BOUND('',#787,.T.);
#243=FACE_OUTER_BOUND('',#788,.T.);
#244=FACE_OUTER_BOUND('',#789,.T.);
#245=FACE_OUTER_BOUND('',#790,.T.);
#246=FACE_OUTER_BOUND('',#791,.T.);
#247=FACE_OUTER_BOUND('',#792,.T.);
#248=FACE_OUTER_BOUND('',#793,.T.);
#249=FACE_OUTER_BOUND('',#794,.T.);
#250=FACE_OUTER_BOUND('',#795,.T.);
#251=FACE_OUTER_BOUND('',#796,.T.);
#252=FACE_OUTER_BOUND('',#797,.T.);
#253=FACE_OUTER_BOUND('',#798,.T.);
#254=FACE_OUTER_BOUND('',#801,.T.);
#255=FACE_OUTER_BOUND('',#802,.T.);
#256=FACE_OUTER_BOUND('',#803,.T.);
#257=FACE_OUTER_BOUND('',#804,.T.);
#258=FACE_OUTER_BOUND('',#805,.T.);
#259=FACE_OUTER_BOUND('',#806,.T.);
#260=FACE_OUTER_BOUND('',#807,.T.);
#261=FACE_OUTER_BOUND('',#808,.T.);
#262=FACE_OUTER_BOUND('',#809,.T.);
#263=FACE_OUTER_BOUND('',#810,.T.);
#264=FACE_OUTER_BOUND('',#811,.T.);
#265=FACE_OUTER_BOUND('',#812,.T.);
#266=FACE_OUTER_BOUND('',#813,.T.);
#267=FACE_OUTER_BOUND('',#814,.T.);
#268=FACE_OUTER_BOUND('',#815,.T.);
#269=FACE_OUTER_BOUND('',#816,.T.);
#270=FACE_OUTER_BOUND('',#817,.T.);
#271=FACE_OUTER_BOUND('',#818,.T.);
#272=FACE_OUTER_BOUND('',#819,.T.);
#273=FACE_OUTER_BOUND('',#820,.T.);
#274=FACE_OUTER_BOUND('',#821,.T.);
#275=FACE_OUTER_BOUND('',#822,.T.);
#276=FACE_OUTER_BOUND('',#823,.T.);
#277=FACE_OUTER_BOUND('',#824,.T.);
#278=FACE_OUTER_BOUND('',#825,.T.);
#279=FACE_OUTER_BOUND('',#826,.T.);
#280=FACE_OUTER_BOUND('',#827,.T.);
#281=FACE_OUTER_BOUND('',#828,.T.);
#282=FACE_OUTER_BOUND('',#829,.T.);
#283=FACE_OUTER_BOUND('',#830,.T.);
#284=FACE_OUTER_BOUND('',#831,.T.);
#285=FACE_OUTER_BOUND('',#832,.T.);
#286=FACE_OUTER_BOUND('',#833,.T.);
#287=FACE_OUTER_BOUND('',#834,.T.);
#288=FACE_OUTER_BOUND('',#835,.T.);
#289=FACE_OUTER_BOUND('',#836,.T.);
#290=FACE_OUTER_BOUND('',#837,.T.);
#291=FACE_OUTER_BOUND('',#838,.T.);
#292=FACE_OUTER_BOUND('',#839,.T.);
#293=FACE_OUTER_BOUND('',#840,.T.);
#294=FACE_OUTER_BOUND('',#841,.T.);
#295=FACE_OUTER_BOUND('',#842,.T.);
#296=FACE_OUTER_BOUND('',#843,.T.);
#297=FACE_OUTER_BOUND('',#844,.T.);
#298=FACE_OUTER_BOUND('',#845,.T.);
#299=FACE_OUTER_BOUND('',#846,.T.);
#300=FACE_OUTER_BOUND('',#847,.T.);
#301=FACE_OUTER_BOUND('',#848,.T.);
#302=FACE_OUTER_BOUND('',#849,.T.);
#303=FACE_OUTER_BOUND('',#850,.T.);
#304=FACE_OUTER_BOUND('',#851,.T.);
#305=FACE_OUTER_BOUND('',#852,.T.);
#306=FACE_OUTER_BOUND('',#853,.T.);
#307=FACE_OUTER_BOUND('',#854,.T.);
#308=FACE_OUTER_BOUND('',#855,.T.);
#309=FACE_OUTER_BOUND('',#856,.T.);
#310=FACE_OUTER_BOUND('',#857,.T.);
#311=FACE_OUTER_BOUND('',#858,.T.);
#312=FACE_OUTER_BOUND('',#859,.T.);
#313=FACE_OUTER_BOUND('',#860,.T.);
#314=FACE_OUTER_BOUND('',#861,.T.);
#315=FACE_OUTER_BOUND('',#862,.T.);
#316=FACE_OUTER_BOUND('',#863,.T.);
#317=FACE_OUTER_BOUND('',#864,.T.);
#318=FACE_OUTER_BOUND('',#865,.T.);
#319=FACE_OUTER_BOUND('',#866,.T.);
#320=FACE_OUTER_BOUND('',#867,.T.);
#321=FACE_OUTER_BOUND('',#868,.T.);
#322=FACE_OUTER_BOUND('',#869,.T.);
#323=FACE_OUTER_BOUND('',#870,.T.);
#324=FACE_OUTER_BOUND('',#871,.T.);
#325=FACE_OUTER_BOUND('',#872,.T.);
#326=FACE_OUTER_BOUND('',#873,.T.);
#327=FACE_OUTER_BOUND('',#874,.T.);
#328=FACE_OUTER_BOUND('',#875,.T.);
#329=FACE_OUTER_BOUND('',#876,.T.);
#330=FACE_OUTER_BOUND('',#877,.T.);
#331=FACE_OUTER_BOUND('',#878,.T.);
#332=FACE_OUTER_BOUND('',#879,.T.);
#333=FACE_OUTER_BOUND('',#880,.T.);
#334=FACE_OUTER_BOUND('',#881,.T.);
#335=FACE_OUTER_BOUND('',#882,.T.);
#336=FACE_OUTER_BOUND('',#883,.T.);
#337=FACE_OUTER_BOUND('',#884,.T.);
#338=FACE_OUTER_BOUND('',#885,.T.);
#339=FACE_OUTER_BOUND('',#886,.T.);
#340=FACE_OUTER_BOUND('',#887,.T.);
#341=FACE_OUTER_BOUND('',#888,.T.);
#342=FACE_OUTER_BOUND('',#889,.T.);
#343=FACE_OUTER_BOUND('',#890,.T.);
#344=CIRCLE('',#3605,1.905);
#345=CIRCLE('',#3607,1.905);
#346=ADVANCED_FACE('',(#699,#700),#523,.T.);
#347=ADVANCED_FACE('',(#701,#702),#524,.T.);
#348=ADVANCED_FACE('',(#703,#704),#525,.T.);
#349=ADVANCED_FACE('',(#172),#526,.F.);
#350=ADVANCED_FACE('',(#173),#527,.F.);
#351=ADVANCED_FACE('',(#174),#528,.F.);
#352=ADVANCED_FACE('',(#175),#529,.F.);
#353=ADVANCED_FACE('',(#176),#530,.F.);
#354=ADVANCED_FACE('',(#177),#531,.F.);
#355=ADVANCED_FACE('',(#178),#532,.F.);
#356=ADVANCED_FACE('',(#179),#533,.F.);
#357=ADVANCED_FACE('',(#180),#534,.T.);
#358=ADVANCED_FACE('',(#181),#535,.T.);
#359=ADVANCED_FACE('',(#182),#536,.F.);
#360=ADVANCED_FACE('',(#183),#537,.F.);
#361=ADVANCED_FACE('',(#184),#538,.F.);
#362=ADVANCED_FACE('',(#185),#539,.T.);
#363=ADVANCED_FACE('',(#186),#540,.T.);
#364=ADVANCED_FACE('',(#187),#541,.F.);
#365=ADVANCED_FACE('',(#188),#542,.F.);
#366=ADVANCED_FACE('',(#189),#543,.F.);
#367=ADVANCED_FACE('',(#190),#544,.F.);
#368=ADVANCED_FACE('',(#191),#545,.F.);
#369=ADVANCED_FACE('',(#192),#546,.F.);
#370=ADVANCED_FACE('',(#193),#547,.F.);
#371=ADVANCED_FACE('',(#194),#548,.F.);
#372=ADVANCED_FACE('',(#195),#549,.F.);
#373=ADVANCED_FACE('',(#196),#550,.F.);
#374=ADVANCED_FACE('',(#197),#551,.F.);
#375=ADVANCED_FACE('',(#198),#552,.F.);
#376=ADVANCED_FACE('',(#199),#553,.F.);
#377=ADVANCED_FACE('',(#200),#554,.F.);
#378=ADVANCED_FACE('',(#201),#555,.F.);
#379=ADVANCED_FACE('',(#202),#556,.F.);
#380=ADVANCED_FACE('',(#203),#557,.F.);
#381=ADVANCED_FACE('',(#204),#558,.F.);
#382=ADVANCED_FACE('',(#205),#559,.F.);
#383=ADVANCED_FACE('',(#206),#560,.F.);
#384=ADVANCED_FACE('',(#207),#561,.F.);
#385=ADVANCED_FACE('',(#208),#562,.F.);
#386=ADVANCED_FACE('',(#209),#563,.F.);
#387=ADVANCED_FACE('',(#705,#706),#171,.F.);
#388=ADVANCED_FACE('',(#210),#564,.F.);
#389=ADVANCED_FACE('',(#211),#565,.T.);
#390=ADVANCED_FACE('',(#212),#566,.T.);
#391=ADVANCED_FACE('',(#213),#567,.F.);
#392=ADVANCED_FACE('',(#214),#568,.F.);
#393=ADVANCED_FACE('',(#215),#569,.F.);
#394=ADVANCED_FACE('',(#216),#570,.F.);
#395=ADVANCED_FACE('',(#217),#571,.F.);
#396=ADVANCED_FACE('',(#218),#572,.T.);
#397=ADVANCED_FACE('',(#219),#573,.T.);
#398=ADVANCED_FACE('',(#220),#574,.F.);
#399=ADVANCED_FACE('',(#221),#575,.F.);
#400=ADVANCED_FACE('',(#222),#576,.F.);
#401=ADVANCED_FACE('',(#223),#577,.F.);
#402=ADVANCED_FACE('',(#224),#578,.F.);
#403=ADVANCED_FACE('',(#225),#579,.F.);
#404=ADVANCED_FACE('',(#226),#580,.F.);
#405=ADVANCED_FACE('',(#227),#581,.F.);
#406=ADVANCED_FACE('',(#228),#582,.F.);
#407=ADVANCED_FACE('',(#229),#583,.F.);
#408=ADVANCED_FACE('',(#230),#584,.F.);
#409=ADVANCED_FACE('',(#231),#585,.F.);
#410=ADVANCED_FACE('',(#232),#586,.F.);
#411=ADVANCED_FACE('',(#233),#587,.F.);
#412=ADVANCED_FACE('',(#234),#588,.T.);
#413=ADVANCED_FACE('',(#235),#589,.T.);
#414=ADVANCED_FACE('',(#236),#590,.T.);
#415=ADVANCED_FACE('',(#237),#591,.F.);
#416=ADVANCED_FACE('',(#238),#592,.F.);
#417=ADVANCED_FACE('',(#239),#593,.T.);
#418=ADVANCED_FACE('',(#240),#594,.F.);
#419=ADVANCED_FACE('',(#241),#595,.T.);
#420=ADVANCED_FACE('',(#242),#596,.T.);
#421=ADVANCED_FACE('',(#243),#597,.F.);
#422=ADVANCED_FACE('',(#244),#598,.T.);
#423=ADVANCED_FACE('',(#245),#599,.T.);
#424=ADVANCED_FACE('',(#246),#600,.T.);
#425=ADVANCED_FACE('',(#247),#601,.T.);
#426=ADVANCED_FACE('',(#248),#602,.T.);
#427=ADVANCED_FACE('',(#249),#603,.T.);
#428=ADVANCED_FACE('',(#250),#604,.F.);
#429=ADVANCED_FACE('',(#251),#605,.F.);
#430=ADVANCED_FACE('',(#252),#606,.F.);
#431=ADVANCED_FACE('',(#253),#607,.F.);
#432=ADVANCED_FACE('',(#707,#708),#608,.F.);
#433=ADVANCED_FACE('',(#254),#609,.F.);
#434=ADVANCED_FACE('',(#255),#610,.T.);
#435=ADVANCED_FACE('',(#256),#611,.T.);
#436=ADVANCED_FACE('',(#257),#612,.T.);
#437=ADVANCED_FACE('',(#258),#613,.T.);
#438=ADVANCED_FACE('',(#259),#614,.T.);
#439=ADVANCED_FACE('',(#260),#615,.T.);
#440=ADVANCED_FACE('',(#261),#616,.F.);
#441=ADVANCED_FACE('',(#262),#617,.F.);
#442=ADVANCED_FACE('',(#263),#618,.T.);
#443=ADVANCED_FACE('',(#264),#619,.T.);
#444=ADVANCED_FACE('',(#265),#620,.T.);
#445=ADVANCED_FACE('',(#266),#621,.F.);
#446=ADVANCED_FACE('',(#267),#622,.F.);
#447=ADVANCED_FACE('',(#268),#623,.T.);
#448=ADVANCED_FACE('',(#269),#624,.T.);
#449=ADVANCED_FACE('',(#270),#625,.T.);
#450=ADVANCED_FACE('',(#271),#626,.T.);
#451=ADVANCED_FACE('',(#272),#627,.T.);
#452=ADVANCED_FACE('',(#273),#628,.T.);
#453=ADVANCED_FACE('',(#274),#629,.T.);
#454=ADVANCED_FACE('',(#275),#630,.T.);
#455=ADVANCED_FACE('',(#276),#631,.T.);
#456=ADVANCED_FACE('',(#277),#632,.T.);
#457=ADVANCED_FACE('',(#278),#633,.F.);
#458=ADVANCED_FACE('',(#279),#634,.F.);
#459=ADVANCED_FACE('',(#280),#635,.T.);
#460=ADVANCED_FACE('',(#281),#636,.T.);
#461=ADVANCED_FACE('',(#282),#637,.T.);
#462=ADVANCED_FACE('',(#283),#638,.T.);
#463=ADVANCED_FACE('',(#284),#639,.T.);
#464=ADVANCED_FACE('',(#285),#640,.F.);
#465=ADVANCED_FACE('',(#286),#641,.F.);
#466=ADVANCED_FACE('',(#287),#642,.T.);
#467=ADVANCED_FACE('',(#288),#643,.T.);
#468=ADVANCED_FACE('',(#289),#644,.T.);
#469=ADVANCED_FACE('',(#290),#645,.T.);
#470=ADVANCED_FACE('',(#291),#646,.T.);
#471=ADVANCED_FACE('',(#292),#647,.T.);
#472=ADVANCED_FACE('',(#293),#648,.T.);
#473=ADVANCED_FACE('',(#294),#649,.T.);
#474=ADVANCED_FACE('',(#295),#650,.T.);
#475=ADVANCED_FACE('',(#296),#651,.T.);
#476=ADVANCED_FACE('',(#297),#652,.T.);
#477=ADVANCED_FACE('',(#298),#653,.T.);
#478=ADVANCED_FACE('',(#299),#654,.T.);
#479=ADVANCED_FACE('',(#300),#655,.T.);
#480=ADVANCED_FACE('',(#301),#656,.F.);
#481=ADVANCED_FACE('',(#302),#657,.F.);
#482=ADVANCED_FACE('',(#303),#658,.F.);
#483=ADVANCED_FACE('',(#304),#659,.T.);
#484=ADVANCED_FACE('',(#305),#660,.T.);
#485=ADVANCED_FACE('',(#306),#661,.F.);
#486=ADVANCED_FACE('',(#307),#662,.T.);
#487=ADVANCED_FACE('',(#308),#663,.T.);
#488=ADVANCED_FACE('',(#309),#664,.T.);
#489=ADVANCED_FACE('',(#310),#665,.T.);
#490=ADVANCED_FACE('',(#311),#666,.T.);
#491=ADVANCED_FACE('',(#312),#667,.T.);
#492=ADVANCED_FACE('',(#313),#668,.T.);
#493=ADVANCED_FACE('',(#314),#669,.F.);
#494=ADVANCED_FACE('',(#315),#670,.F.);
#495=ADVANCED_FACE('',(#316),#671,.F.);
#496=ADVANCED_FACE('',(#317),#672,.F.);
#497=ADVANCED_FACE('',(#318),#673,.T.);
#498=ADVANCED_FACE('',(#319),#674,.T.);
#499=ADVANCED_FACE('',(#320),#675,.T.);
#500=ADVANCED_FACE('',(#321),#676,.T.);
#501=ADVANCED_FACE('',(#322),#677,.T.);
#502=ADVANCED_FACE('',(#323),#678,.T.);
#503=ADVANCED_FACE('',(#324),#679,.T.);
#504=ADVANCED_FACE('',(#325),#680,.T.);
#505=ADVANCED_FACE('',(#326),#681,.F.);
#506=ADVANCED_FACE('',(#327),#682,.F.);
#507=ADVANCED_FACE('',(#328),#683,.F.);
#508=ADVANCED_FACE('',(#329),#684,.F.);
#509=ADVANCED_FACE('',(#330),#685,.T.);
#510=ADVANCED_FACE('',(#331),#686,.T.);
#511=ADVANCED_FACE('',(#332),#687,.T.);
#512=ADVANCED_FACE('',(#333),#688,.T.);
#513=ADVANCED_FACE('',(#334),#689,.T.);
#514=ADVANCED_FACE('',(#335),#690,.T.);
#515=ADVANCED_FACE('',(#336),#691,.T.);
#516=ADVANCED_FACE('',(#337),#692,.T.);
#517=ADVANCED_FACE('',(#338),#693,.F.);
#518=ADVANCED_FACE('',(#339),#694,.F.);
#519=ADVANCED_FACE('',(#340),#695,.F.);
#520=ADVANCED_FACE('',(#341),#696,.F.);
#521=ADVANCED_FACE('',(#342),#697,.T.);
#522=ADVANCED_FACE('',(#343),#698,.T.);
#523=PLANE('',#3604);
#524=PLANE('',#3606);
#525=PLANE('',#3608);
#526=PLANE('',#3609);
#527=PLANE('',#3610);
#528=PLANE('',#3611);
#529=PLANE('',#3612);
#530=PLANE('',#3613);
#531=PLANE('',#3614);
#532=PLANE('',#3615);
#533=PLANE('',#3616);
#534=PLANE('',#3617);
#535=PLANE('',#3618);
#536=PLANE('',#3619);
#537=PLANE('',#3620);
#538=PLANE('',#3621);
#539=PLANE('',#3622);
#540=PLANE('',#3623);
#541=PLANE('',#3624);
#542=PLANE('',#3625);
#543=PLANE('',#3626);
#544=PLANE('',#3627);
#545=PLANE('',#3628);
#546=PLANE('',#3629);
#547=PLANE('',#3630);
#548=PLANE('',#3631);
#549=PLANE('',#3632);
#550=PLANE('',#3633);
#551=PLANE('',#3634);
#552=PLANE('',#3635);
#553=PLANE('',#3636);
#554=PLANE('',#3637);
#555=PLANE('',#3638);
#556=PLANE('',#3639);
#557=PLANE('',#3640);
#558=PLANE('',#3641);
#559=PLANE('',#3642);
#560=PLANE('',#3643);
#561=PLANE('',#3644);
#562=PLANE('',#3645);
#563=PLANE('',#3646);
#564=PLANE('',#3648);
#565=PLANE('',#3649);
#566=PLANE('',#3650);
#567=PLANE('',#3651);
#568=PLANE('',#3652);
#569=PLANE('',#3653);
#570=PLANE('',#3654);
#571=PLANE('',#3655);
#572=PLANE('',#3656);
#573=PLANE('',#3657);
#574=PLANE('',#3658);
#575=PLANE('',#3659);
#576=PLANE('',#3660);
#577=PLANE('',#3661);
#578=PLANE('',#3662);
#579=PLANE('',#3663);
#580=PLANE('',#3664);
#581=PLANE('',#3665);
#582=PLANE('',#3666);
#583=PLANE('',#3667);
#584=PLANE('',#3668);
#585=PLANE('',#3669);
#586=PLANE('',#3670);
#587=PLANE('',#3671);
#588=PLANE('',#3672);
#589=PLANE('',#3673);
#590=PLANE('',#3674);
#591=PLANE('',#3675);
#592=PLANE('',#3676);
#593=PLANE('',#3677);
#594=PLANE('',#3678);
#595=PLANE('',#3679);
#596=PLANE('',#3680);
#597=PLANE('',#3681);
#598=PLANE('',#3682);
#599=PLANE('',#3683);
#600=PLANE('',#3684);
#601=PLANE('',#3685);
#602=PLANE('',#3686);
#603=PLANE('',#3687);
#604=PLANE('',#3688);
#605=PLANE('',#3689);
#606=PLANE('',#3690);
#607=PLANE('',#3691);
#608=PLANE('',#3692);
#609=PLANE('',#3693);
#610=PLANE('',#3694);
#611=PLANE('',#3695);
#612=PLANE('',#3696);
#613=PLANE('',#3697);
#614=PLANE('',#3698);
#615=PLANE('',#3699);
#616=PLANE('',#3700);
#617=PLANE('',#3701);
#618=PLANE('',#3702);
#619=PLANE('',#3703);
#620=PLANE('',#3704);
#621=PLANE('',#3705);
#622=PLANE('',#3706);
#623=PLANE('',#3707);
#624=PLANE('',#3708);
#625=PLANE('',#3709);
#626=PLANE('',#3710);
#627=PLANE('',#3711);
#628=PLANE('',#3712);
#629=PLANE('',#3713);
#630=PLANE('',#3714);
#631=PLANE('',#3715);
#632=PLANE('',#3716);
#633=PLANE('',#3717);
#634=PLANE('',#3718);
#635=PLANE('',#3719);
#636=PLANE('',#3720);
#637=PLANE('',#3721);
#638=PLANE('',#3722);
#639=PLANE('',#3723);
#640=PLANE('',#3724);
#641=PLANE('',#3725);
#642=PLANE('',#3726);
#643=PLANE('',#3727);
#644=PLANE('',#3728);
#645=PLANE('',#3729);
#646=PLANE('',#3730);
#647=PLANE('',#3731);
#648=PLANE('',#3732);
#649=PLANE('',#3733);
#650=PLANE('',#3734);
#651=PLANE('',#3735);
#652=PLANE('',#3736);
#653=PLANE('',#3737);
#654=PLANE('',#3738);
#655=PLANE('',#3739);
#656=PLANE('',#3740);
#657=PLANE('',#3741);
#658=PLANE('',#3742);
#659=PLANE('',#3743);
#660=PLANE('',#3744);
#661=PLANE('',#3745);
#662=PLANE('',#3746);
#663=PLANE('',#3747);
#664=PLANE('',#3748);
#665=PLANE('',#3749);
#666=PLANE('',#3750);
#667=PLANE('',#3751);
#668=PLANE('',#3752);
#669=PLANE('',#3753);
#670=PLANE('',#3754);
#671=PLANE('',#3755);
#672=PLANE('',#3756);
#673=PLANE('',#3757);
#674=PLANE('',#3758);
#675=PLANE('',#3759);
#676=PLANE('',#3760);
#677=PLANE('',#3761);
#678=PLANE('',#3762);
#679=PLANE('',#3763);
#680=PLANE('',#3764);
#681=PLANE('',#3765);
#682=PLANE('',#3766);
#683=PLANE('',#3767);
#684=PLANE('',#3768);
#685=PLANE('',#3769);
#686=PLANE('',#3770);
#687=PLANE('',#3771);
#688=PLANE('',#3772);
#689=PLANE('',#3773);
#690=PLANE('',#3774);
#691=PLANE('',#3775);
#692=PLANE('',#3776);
#693=PLANE('',#3777);
#694=PLANE('',#3778);
#695=PLANE('',#3779);
#696=PLANE('',#3780);
#697=PLANE('',#3781);
#698=PLANE('',#3782);
#699=FACE_BOUND('',#709,.T.);
#700=FACE_BOUND('',#710,.T.);
#701=FACE_BOUND('',#711,.T.);
#702=FACE_BOUND('',#712,.T.);
#703=FACE_BOUND('',#713,.T.);
#704=FACE_BOUND('',#714,.T.);
#705=FACE_BOUND('',#753,.T.);
#706=FACE_BOUND('',#754,.T.);
#707=FACE_BOUND('',#799,.T.);
#708=FACE_BOUND('',#800,.T.);
#709=EDGE_LOOP('',(#891,#892,#893,#894));
#710=EDGE_LOOP('',(#895,#896,#897,#898,#899,#900,#901,#902,#903,#904,#905,
#906,#907,#908,#909,#910));
#711=EDGE_LOOP('',(#911));
#712=EDGE_LOOP('',(#912,#913,#914,#915,#916,#917,#918,#919,#920,#921,#922,
#923,#924,#925,#926,#927,#928,#929,#930,#931,#932,#933,#934,#935));
#713=EDGE_LOOP('',(#936));
#714=EDGE_LOOP('',(#937,#938,#939,#940,#941,#942,#943,#944,#945,#946,#947,
#948,#949,#950,#951,#952,#953,#954,#955,#956));
#715=EDGE_LOOP('',(#957,#958,#959,#960));
#716=EDGE_LOOP('',(#961,#962,#963,#964));
#717=EDGE_LOOP('',(#965,#966,#967,#968));
#718=EDGE_LOOP('',(#969,#970,#971,#972,#973,#974,#975,#976,#977,#978,#979,
#980,#981));
#719=EDGE_LOOP('',(#982,#983,#984,#985,#986,#987,#988,#989,#990,#991,#992,
#993,#994));
#720=EDGE_LOOP('',(#995,#996,#997,#998));
#721=EDGE_LOOP('',(#999,#1000,#1001,#1002));
#722=EDGE_LOOP('',(#1003,#1004,#1005,#1006));
#723=EDGE_LOOP('',(#1007,#1008,#1009,#1010));
#724=EDGE_LOOP('',(#1011,#1012,#1013,#1014));
#725=EDGE_LOOP('',(#1015,#1016,#1017,#1018,#1019,#1020,#1021));
#726=EDGE_LOOP('',(#1022,#1023,#1024,#1025));
#727=EDGE_LOOP('',(#1026,#1027,#1028,#1029));
#728=EDGE_LOOP('',(#1030,#1031,#1032,#1033));
#729=EDGE_LOOP('',(#1034,#1035,#1036,#1037));
#730=EDGE_LOOP('',(#1038,#1039,#1040,#1041));
#731=EDGE_LOOP('',(#1042,#1043,#1044,#1045));
#732=EDGE_LOOP('',(#1046,#1047,#1048,#1049));
#733=EDGE_LOOP('',(#1050,#1051,#1052,#1053,#1054,#1055,#1056));
#734=EDGE_LOOP('',(#1057,#1058,#1059,#1060,#1061,#1062));
#735=EDGE_LOOP('',(#1063,#1064,#1065,#1066,#1067,#1068,#1069,#1070,#1071,
#1072,#1073,#1074));
#736=EDGE_LOOP('',(#1075,#1076,#1077,#1078));
#737=EDGE_LOOP('',(#1079,#1080,#1081,#1082));
#738=EDGE_LOOP('',(#1083,#1084,#1085,#1086));
#739=EDGE_LOOP('',(#1087,#1088,#1089,#1090));
#740=EDGE_LOOP('',(#1091,#1092,#1093,#1094));
#741=EDGE_LOOP('',(#1095,#1096,#1097,#1098));
#742=EDGE_LOOP('',(#1099,#1100,#1101,#1102));
#743=EDGE_LOOP('',(#1103,#1104,#1105,#1106));
#744=EDGE_LOOP('',(#1107,#1108,#1109,#1110));
#745=EDGE_LOOP('',(#1111,#1112,#1113,#1114));
#746=EDGE_LOOP('',(#1115,#1116,#1117,#1118));
#747=EDGE_LOOP('',(#1119,#1120,#1121,#1122));
#748=EDGE_LOOP('',(#1123,#1124,#1125,#1126));
#749=EDGE_LOOP('',(#1127,#1128,#1129,#1130));
#750=EDGE_LOOP('',(#1131,#1132,#1133,#1134,#1135,#1136,#1137,#1138,#1139,
#1140,#1141,#1142));
#751=EDGE_LOOP('',(#1143,#1144,#1145,#1146,#1147,#1148));
#752=EDGE_LOOP('',(#1149,#1150,#1151,#1152,#1153,#1154,#1155));
#753=EDGE_LOOP('',(#1156));
#754=EDGE_LOOP('',(#1157));
#755=EDGE_LOOP('',(#1158,#1159,#1160,#1161,#1162,#1163,#1164,#1165,#1166,
#1167,#1168,#1169,#1170,#1171,#1172,#1173));
#756=EDGE_LOOP('',(#1174,#1175,#1176));
#757=EDGE_LOOP('',(#1177,#1178,#1179));
#758=EDGE_LOOP('',(#1180,#1181,#1182));
#759=EDGE_LOOP('',(#1183,#1184,#1185));
#760=EDGE_LOOP('',(#1186,#1187,#1188,#1189,#1190,#1191,#1192));
#761=EDGE_LOOP('',(#1193,#1194,#1195,#1196,#1197,#1198,#1199));
#762=EDGE_LOOP('',(#1200,#1201,#1202,#1203,#1204,#1205,#1206));
#763=EDGE_LOOP('',(#1207,#1208,#1209));
#764=EDGE_LOOP('',(#1210,#1211,#1212));
#765=EDGE_LOOP('',(#1213,#1214,#1215,#1216));
#766=EDGE_LOOP('',(#1217,#1218,#1219));
#767=EDGE_LOOP('',(#1220,#1221,#1222));
#768=EDGE_LOOP('',(#1223,#1224,#1225,#1226,#1227,#1228,#1229));
#769=EDGE_LOOP('',(#1230,#1231,#1232,#1233,#1234,#1235,#1236));
#770=EDGE_LOOP('',(#1237,#1238,#1239,#1240));
#771=EDGE_LOOP('',(#1241,#1242,#1243,#1244));
#772=EDGE_LOOP('',(#1245,#1246,#1247,#1248));
#773=EDGE_LOOP('',(#1249,#1250,#1251,#1252));
#774=EDGE_LOOP('',(#1253,#1254,#1255,#1256));
#775=EDGE_LOOP('',(#1257,#1258,#1259,#1260));
#776=EDGE_LOOP('',(#1261,#1262,#1263,#1264));
#777=EDGE_LOOP('',(#1265,#1266,#1267,#1268));
#778=EDGE_LOOP('',(#1269,#1270,#1271,#1272));
#779=EDGE_LOOP('',(#1273,#1274,#1275,#1276));
#780=EDGE_LOOP('',(#1277,#1278,#1279,#1280));
#781=EDGE_LOOP('',(#1281,#1282,#1283,#1284));
#782=EDGE_LOOP('',(#1285,#1286,#1287,#1288));
#783=EDGE_LOOP('',(#1289,#1290,#1291,#1292));
#784=EDGE_LOOP('',(#1293,#1294,#1295));
#785=EDGE_LOOP('',(#1296,#1297,#1298));
#786=EDGE_LOOP('',(#1299,#1300,#1301,#1302));
#787=EDGE_LOOP('',(#1303,#1304,#1305,#1306));
#788=EDGE_LOOP('',(#1307,#1308,#1309,#1310,#1311,#1312,#1313,#1314,#1315,
#1316));
#789=EDGE_LOOP('',(#1317,#1318,#1319,#1320));
#790=EDGE_LOOP('',(#1321,#1322,#1323,#1324,#1325,#1326));
#791=EDGE_LOOP('',(#1327,#1328,#1329,#1330));
#792=EDGE_LOOP('',(#1331,#1332,#1333,#1334,#1335,#1336));
#793=EDGE_LOOP('',(#1337,#1338,#1339,#1340,#1341,#1342,#1343,#1344,#1345,
#1346,#1347,#1348));
#794=EDGE_LOOP('',(#1349,#1350,#1351,#1352));
#795=EDGE_LOOP('',(#1353,#1354,#1355,#1356));
#796=EDGE_LOOP('',(#1357,#1358,#1359,#1360));
#797=EDGE_LOOP('',(#1361,#1362,#1363,#1364));
#798=EDGE_LOOP('',(#1365,#1366,#1367,#1368));
#799=EDGE_LOOP('',(#1369,#1370,#1371,#1372));
#800=EDGE_LOOP('',(#1373,#1374,#1375,#1376,#1377,#1378,#1379,#1380,#1381,
#1382,#1383,#1384,#1385,#1386,#1387,#1388));
#801=EDGE_LOOP('',(#1389,#1390,#1391,#1392));
#802=EDGE_LOOP('',(#1393,#1394,#1395,#1396));
#803=EDGE_LOOP('',(#1397,#1398,#1399,#1400,#1401,#1402,#1403,#1404,#1405,
#1406,#1407,#1408,#1409));
#804=EDGE_LOOP('',(#1410,#1411,#1412,#1413,#1414,#1415,#1416,#1417,#1418,
#1419,#1420,#1421,#1422));
#805=EDGE_LOOP('',(#1423,#1424,#1425,#1426));
#806=EDGE_LOOP('',(#1427,#1428,#1429,#1430));
#807=EDGE_LOOP('',(#1431,#1432,#1433,#1434));
#808=EDGE_LOOP('',(#1435,#1436,#1437,#1438));
#809=EDGE_LOOP('',(#1439,#1440,#1441,#1442));
#810=EDGE_LOOP('',(#1443,#1444,#1445,#1446,#1447,#1448,#1449));
#811=EDGE_LOOP('',(#1450,#1451,#1452,#1453));
#812=EDGE_LOOP('',(#1454,#1455,#1456,#1457));
#813=EDGE_LOOP('',(#1458,#1459,#1460,#1461));
#814=EDGE_LOOP('',(#1462,#1463,#1464,#1465));
#815=EDGE_LOOP('',(#1466,#1467,#1468,#1469));
#816=EDGE_LOOP('',(#1470,#1471,#1472,#1473));
#817=EDGE_LOOP('',(#1474,#1475,#1476,#1477));
#818=EDGE_LOOP('',(#1478,#1479,#1480,#1481,#1482,#1483,#1484));
#819=EDGE_LOOP('',(#1485,#1486,#1487,#1488,#1489,#1490));
#820=EDGE_LOOP('',(#1491,#1492,#1493,#1494,#1495,#1496,#1497,#1498,#1499,
#1500,#1501,#1502,#1503));
#821=EDGE_LOOP('',(#1504,#1505,#1506,#1507,#1508,#1509,#1510,#1511,#1512,
#1513,#1514,#1515,#1516));
#822=EDGE_LOOP('',(#1517,#1518,#1519,#1520,#1521,#1522));
#823=EDGE_LOOP('',(#1523,#1524,#1525,#1526,#1527,#1528,#1529));
#824=EDGE_LOOP('',(#1530,#1531,#1532,#1533,#1534,#1535,#1536,#1537,#1538,
#1539,#1540,#1541,#1542,#1543,#1544,#1545));
#825=EDGE_LOOP('',(#1546,#1547,#1548));
#826=EDGE_LOOP('',(#1549,#1550,#1551));
#827=EDGE_LOOP('',(#1552,#1553,#1554));
#828=EDGE_LOOP('',(#1555,#1556,#1557));
#829=EDGE_LOOP('',(#1558,#1559,#1560,#1561,#1562,#1563,#1564));
#830=EDGE_LOOP('',(#1565,#1566,#1567,#1568,#1569,#1570,#1571));
#831=EDGE_LOOP('',(#1572,#1573,#1574,#1575,#1576,#1577,#1578));
#832=EDGE_LOOP('',(#1579,#1580,#1581));
#833=EDGE_LOOP('',(#1582,#1583,#1584));
#834=EDGE_LOOP('',(#1585,#1586,#1587,#1588));
#835=EDGE_LOOP('',(#1589,#1590,#1591));
#836=EDGE_LOOP('',(#1592,#1593,#1594));
#837=EDGE_LOOP('',(#1595,#1596,#1597,#1598,#1599,#1600,#1601));
#838=EDGE_LOOP('',(#1602,#1603,#1604,#1605,#1606,#1607,#1608));
#839=EDGE_LOOP('',(#1609,#1610,#1611,#1612));
#840=EDGE_LOOP('',(#1613,#1614,#1615,#1616));
#841=EDGE_LOOP('',(#1617,#1618,#1619,#1620));
#842=EDGE_LOOP('',(#1621,#1622,#1623,#1624));
#843=EDGE_LOOP('',(#1625,#1626,#1627,#1628));
#844=EDGE_LOOP('',(#1629,#1630,#1631,#1632));
#845=EDGE_LOOP('',(#1633,#1634,#1635,#1636));
#846=EDGE_LOOP('',(#1637,#1638,#1639,#1640));
#847=EDGE_LOOP('',(#1641,#1642,#1643,#1644));
#848=EDGE_LOOP('',(#1645,#1646,#1647,#1648));
#849=EDGE_LOOP('',(#1649,#1650,#1651,#1652));
#850=EDGE_LOOP('',(#1653,#1654,#1655,#1656));
#851=EDGE_LOOP('',(#1657,#1658,#1659,#1660));
#852=EDGE_LOOP('',(#1661,#1662,#1663,#1664));
#853=EDGE_LOOP('',(#1665,#1666,#1667));
#854=EDGE_LOOP('',(#1668,#1669,#1670));
#855=EDGE_LOOP('',(#1671,#1672,#1673,#1674,#1675,#1676,#1677,#1678,#1679,
#1680));
#856=EDGE_LOOP('',(#1681,#1682,#1683,#1684));
#857=EDGE_LOOP('',(#1685,#1686,#1687,#1688));
#858=EDGE_LOOP('',(#1689,#1690,#1691,#1692));
#859=EDGE_LOOP('',(#1693,#1694,#1695,#1696,#1697,#1698,#1699,#1700,#1701,
#1702));
#860=EDGE_LOOP('',(#1703,#1704,#1705,#1706));
#861=EDGE_LOOP('',(#1707,#1708,#1709,#1710));
#862=EDGE_LOOP('',(#1711,#1712,#1713,#1714));
#863=EDGE_LOOP('',(#1715,#1716,#1717,#1718));
#864=EDGE_LOOP('',(#1719,#1720,#1721,#1722));
#865=EDGE_LOOP('',(#1723,#1724,#1725,#1726));
#866=EDGE_LOOP('',(#1727,#1728,#1729,#1730));
#867=EDGE_LOOP('',(#1731,#1732,#1733,#1734,#1735,#1736,#1737,#1738,#1739,
#1740));
#868=EDGE_LOOP('',(#1741,#1742,#1743,#1744));
#869=EDGE_LOOP('',(#1745,#1746,#1747,#1748));
#870=EDGE_LOOP('',(#1749,#1750,#1751,#1752));
#871=EDGE_LOOP('',(#1753,#1754,#1755,#1756,#1757,#1758,#1759,#1760,#1761,
#1762));
#872=EDGE_LOOP('',(#1763,#1764,#1765,#1766));
#873=EDGE_LOOP('',(#1767,#1768,#1769,#1770));
#874=EDGE_LOOP('',(#1771,#1772,#1773,#1774));
#875=EDGE_LOOP('',(#1775,#1776,#1777,#1778));
#876=EDGE_LOOP('',(#1779,#1780,#1781,#1782));
#877=EDGE_LOOP('',(#1783,#1784,#1785,#1786));
#878=EDGE_LOOP('',(#1787,#1788,#1789,#1790));
#879=EDGE_LOOP('',(#1791,#1792,#1793,#1794,#1795,#1796,#1797,#1798,#1799,
#1800));
#880=EDGE_LOOP('',(#1801,#1802,#1803,#1804));
#881=EDGE_LOOP('',(#1805,#1806,#1807,#1808));
#882=EDGE_LOOP('',(#1809,#1810,#1811,#1812));
#883=EDGE_LOOP('',(#1813,#1814,#1815,#1816,#1817,#1818,#1819,#1820,#1821,
#1822));
#884=EDGE_LOOP('',(#1823,#1824,#1825,#1826));
#885=EDGE_LOOP('',(#1827,#1828,#1829,#1830));
#886=EDGE_LOOP('',(#1831,#1832,#1833,#1834));
#887=EDGE_LOOP('',(#1835,#1836,#1837,#1838));
#888=EDGE_LOOP('',(#1839,#1840,#1841,#1842));
#889=EDGE_LOOP('',(#1843,#1844,#1845,#1846));
#890=EDGE_LOOP('',(#1847,#1848,#1849,#1850));
#891=ORIENTED_EDGE('',*,*,#2167,.F.);
#892=ORIENTED_EDGE('',*,*,#2168,.F.);
#893=ORIENTED_EDGE('',*,*,#2169,.T.);
#894=ORIENTED_EDGE('',*,*,#2170,.T.);
#895=ORIENTED_EDGE('',*,*,#2171,.F.);
#896=ORIENTED_EDGE('',*,*,#2172,.F.);
#897=ORIENTED_EDGE('',*,*,#2173,.T.);
#898=ORIENTED_EDGE('',*,*,#2174,.T.);
#899=ORIENTED_EDGE('',*,*,#2175,.F.);
#900=ORIENTED_EDGE('',*,*,#2176,.F.);
#901=ORIENTED_EDGE('',*,*,#2177,.F.);
#902=ORIENTED_EDGE('',*,*,#2178,.F.);
#903=ORIENTED_EDGE('',*,*,#2179,.F.);
#904=ORIENTED_EDGE('',*,*,#2180,.F.);
#905=ORIENTED_EDGE('',*,*,#2181,.F.);
#906=ORIENTED_EDGE('',*,*,#2182,.F.);
#907=ORIENTED_EDGE('',*,*,#2183,.F.);
#908=ORIENTED_EDGE('',*,*,#2184,.F.);
#909=ORIENTED_EDGE('',*,*,#2185,.T.);
#910=ORIENTED_EDGE('',*,*,#2186,.F.);
#911=ORIENTED_EDGE('',*,*,#2187,.F.);
#912=ORIENTED_EDGE('',*,*,#2188,.T.);
#913=ORIENTED_EDGE('',*,*,#2189,.T.);
#914=ORIENTED_EDGE('',*,*,#2190,.T.);
#915=ORIENTED_EDGE('',*,*,#2191,.T.);
#916=ORIENTED_EDGE('',*,*,#2192,.T.);
#917=ORIENTED_EDGE('',*,*,#2193,.T.);
#918=ORIENTED_EDGE('',*,*,#2194,.T.);
#919=ORIENTED_EDGE('',*,*,#2195,.T.);
#920=ORIENTED_EDGE('',*,*,#2196,.T.);
#921=ORIENTED_EDGE('',*,*,#2197,.T.);
#922=ORIENTED_EDGE('',*,*,#2198,.T.);
#923=ORIENTED_EDGE('',*,*,#2199,.T.);
#924=ORIENTED_EDGE('',*,*,#2200,.T.);
#925=ORIENTED_EDGE('',*,*,#2201,.T.);
#926=ORIENTED_EDGE('',*,*,#2202,.T.);
#927=ORIENTED_EDGE('',*,*,#2203,.T.);
#928=ORIENTED_EDGE('',*,*,#2204,.T.);
#929=ORIENTED_EDGE('',*,*,#2205,.T.);
#930=ORIENTED_EDGE('',*,*,#2206,.T.);
#931=ORIENTED_EDGE('',*,*,#2207,.T.);
#932=ORIENTED_EDGE('',*,*,#2208,.T.);
#933=ORIENTED_EDGE('',*,*,#2209,.T.);
#934=ORIENTED_EDGE('',*,*,#2210,.T.);
#935=ORIENTED_EDGE('',*,*,#2211,.T.);
#936=ORIENTED_EDGE('',*,*,#2212,.T.);
#937=ORIENTED_EDGE('',*,*,#2213,.F.);
#938=ORIENTED_EDGE('',*,*,#2214,.T.);
#939=ORIENTED_EDGE('',*,*,#2215,.F.);
#940=ORIENTED_EDGE('',*,*,#2216,.F.);
#941=ORIENTED_EDGE('',*,*,#2217,.F.);
#942=ORIENTED_EDGE('',*,*,#2218,.F.);
#943=ORIENTED_EDGE('',*,*,#2219,.F.);
#944=ORIENTED_EDGE('',*,*,#2220,.F.);
#945=ORIENTED_EDGE('',*,*,#2221,.T.);
#946=ORIENTED_EDGE('',*,*,#2222,.F.);
#947=ORIENTED_EDGE('',*,*,#2223,.F.);
#948=ORIENTED_EDGE('',*,*,#2224,.F.);
#949=ORIENTED_EDGE('',*,*,#2225,.F.);
#950=ORIENTED_EDGE('',*,*,#2226,.F.);
#951=ORIENTED_EDGE('',*,*,#2227,.F.);
#952=ORIENTED_EDGE('',*,*,#2228,.F.);
#953=ORIENTED_EDGE('',*,*,#2229,.F.);
#954=ORIENTED_EDGE('',*,*,#2230,.F.);
#955=ORIENTED_EDGE('',*,*,#2231,.F.);
#956=ORIENTED_EDGE('',*,*,#2232,.F.);
#957=ORIENTED_EDGE('',*,*,#2233,.F.);
#958=ORIENTED_EDGE('',*,*,#2188,.F.);
#959=ORIENTED_EDGE('',*,*,#2234,.T.);
#960=ORIENTED_EDGE('',*,*,#2215,.T.);
#961=ORIENTED_EDGE('',*,*,#2235,.F.);
#962=ORIENTED_EDGE('',*,*,#2213,.T.);
#963=ORIENTED_EDGE('',*,*,#2236,.F.);
#964=ORIENTED_EDGE('',*,*,#2190,.F.);
#965=ORIENTED_EDGE('',*,*,#2205,.F.);
#966=ORIENTED_EDGE('',*,*,#2237,.T.);
#967=ORIENTED_EDGE('',*,*,#2238,.T.);
#968=ORIENTED_EDGE('',*,*,#2239,.T.);
#969=ORIENTED_EDGE('',*,*,#2240,.F.);
#970=ORIENTED_EDGE('',*,*,#2241,.F.);
#971=ORIENTED_EDGE('',*,*,#2242,.T.);
#972=ORIENTED_EDGE('',*,*,#2186,.T.);
#973=ORIENTED_EDGE('',*,*,#2243,.F.);
#974=ORIENTED_EDGE('',*,*,#2244,.F.);
#975=ORIENTED_EDGE('',*,*,#2245,.F.);
#976=ORIENTED_EDGE('',*,*,#2246,.F.);
#977=ORIENTED_EDGE('',*,*,#2247,.F.);
#978=ORIENTED_EDGE('',*,*,#2248,.F.);
#979=ORIENTED_EDGE('',*,*,#2249,.F.);
#980=ORIENTED_EDGE('',*,*,#2250,.F.);
#981=ORIENTED_EDGE('',*,*,#2251,.T.);
#982=ORIENTED_EDGE('',*,*,#2252,.F.);
#983=ORIENTED_EDGE('',*,*,#2253,.F.);
#984=ORIENTED_EDGE('',*,*,#2254,.F.);
#985=ORIENTED_EDGE('',*,*,#2255,.F.);
#986=ORIENTED_EDGE('',*,*,#2256,.F.);
#987=ORIENTED_EDGE('',*,*,#2257,.F.);
#988=ORIENTED_EDGE('',*,*,#2258,.F.);
#989=ORIENTED_EDGE('',*,*,#2259,.F.);
#990=ORIENTED_EDGE('',*,*,#2260,.F.);
#991=ORIENTED_EDGE('',*,*,#2261,.F.);
#992=ORIENTED_EDGE('',*,*,#2172,.T.);
#993=ORIENTED_EDGE('',*,*,#2262,.F.);
#994=ORIENTED_EDGE('',*,*,#2263,.F.);
#995=ORIENTED_EDGE('',*,*,#2264,.F.);
#996=ORIENTED_EDGE('',*,*,#2265,.T.);
#997=ORIENTED_EDGE('',*,*,#2203,.F.);
#998=ORIENTED_EDGE('',*,*,#2266,.F.);
#999=ORIENTED_EDGE('',*,*,#2251,.F.);
#1000=ORIENTED_EDGE('',*,*,#2267,.F.);
#1001=ORIENTED_EDGE('',*,*,#2253,.T.);
#1002=ORIENTED_EDGE('',*,*,#2268,.F.);
#1003=ORIENTED_EDGE('',*,*,#2242,.F.);
#1004=ORIENTED_EDGE('',*,*,#2269,.F.);
#1005=ORIENTED_EDGE('',*,*,#2262,.T.);
#1006=ORIENTED_EDGE('',*,*,#2171,.T.);
#1007=ORIENTED_EDGE('',*,*,#2185,.F.);
#1008=ORIENTED_EDGE('',*,*,#2270,.T.);
#1009=ORIENTED_EDGE('',*,*,#2271,.T.);
#1010=ORIENTED_EDGE('',*,*,#2243,.T.);
#1011=ORIENTED_EDGE('',*,*,#2247,.T.);
#1012=ORIENTED_EDGE('',*,*,#2272,.T.);
#1013=ORIENTED_EDGE('',*,*,#2273,.T.);
#1014=ORIENTED_EDGE('',*,*,#2274,.T.);
#1015=ORIENTED_EDGE('',*,*,#2275,.T.);
#1016=ORIENTED_EDGE('',*,*,#2276,.T.);
#1017=ORIENTED_EDGE('',*,*,#2277,.T.);
#1018=ORIENTED_EDGE('',*,*,#2278,.F.);
#1019=ORIENTED_EDGE('',*,*,#2279,.F.);
#1020=ORIENTED_EDGE('',*,*,#2244,.T.);
#1021=ORIENTED_EDGE('',*,*,#2271,.F.);
#1022=ORIENTED_EDGE('',*,*,#2280,.F.);
#1023=ORIENTED_EDGE('',*,*,#2281,.F.);
#1024=ORIENTED_EDGE('',*,*,#2175,.T.);
#1025=ORIENTED_EDGE('',*,*,#2282,.T.);
#1026=ORIENTED_EDGE('',*,*,#2283,.F.);
#1027=ORIENTED_EDGE('',*,*,#2284,.F.);
#1028=ORIENTED_EDGE('',*,*,#2285,.F.);
#1029=ORIENTED_EDGE('',*,*,#2286,.F.);
#1030=ORIENTED_EDGE('',*,*,#2261,.T.);
#1031=ORIENTED_EDGE('',*,*,#2287,.T.);
#1032=ORIENTED_EDGE('',*,*,#2288,.F.);
#1033=ORIENTED_EDGE('',*,*,#2173,.F.);
#1034=ORIENTED_EDGE('',*,*,#2257,.T.);
#1035=ORIENTED_EDGE('',*,*,#2289,.T.);
#1036=ORIENTED_EDGE('',*,*,#2290,.T.);
#1037=ORIENTED_EDGE('',*,*,#2291,.T.);
#1038=ORIENTED_EDGE('',*,*,#2288,.T.);
#1039=ORIENTED_EDGE('',*,*,#2292,.T.);
#1040=ORIENTED_EDGE('',*,*,#2282,.F.);
#1041=ORIENTED_EDGE('',*,*,#2174,.F.);
#1042=ORIENTED_EDGE('',*,*,#2293,.F.);
#1043=ORIENTED_EDGE('',*,*,#2183,.T.);
#1044=ORIENTED_EDGE('',*,*,#2294,.F.);
#1045=ORIENTED_EDGE('',*,*,#2276,.F.);
#1046=ORIENTED_EDGE('',*,*,#2295,.F.);
#1047=ORIENTED_EDGE('',*,*,#2296,.F.);
#1048=ORIENTED_EDGE('',*,*,#2297,.F.);
#1049=ORIENTED_EDGE('',*,*,#2298,.F.);
#1050=ORIENTED_EDGE('',*,*,#2299,.F.);
#1051=ORIENTED_EDGE('',*,*,#2300,.F.);
#1052=ORIENTED_EDGE('',*,*,#2301,.T.);
#1053=ORIENTED_EDGE('',*,*,#2296,.T.);
#1054=ORIENTED_EDGE('',*,*,#2302,.T.);
#1055=ORIENTED_EDGE('',*,*,#2294,.T.);
#1056=ORIENTED_EDGE('',*,*,#2182,.T.);
#1057=ORIENTED_EDGE('',*,*,#2239,.F.);
#1058=ORIENTED_EDGE('',*,*,#2303,.F.);
#1059=ORIENTED_EDGE('',*,*,#2299,.T.);
#1060=ORIENTED_EDGE('',*,*,#2181,.T.);
#1061=ORIENTED_EDGE('',*,*,#2304,.F.);
#1062=ORIENTED_EDGE('',*,*,#2206,.F.);
#1063=ORIENTED_EDGE('',*,*,#2305,.T.);
#1064=ORIENTED_EDGE('',*,*,#2306,.T.);
#1065=ORIENTED_EDGE('',*,*,#2220,.T.);
#1066=ORIENTED_EDGE('',*,*,#2307,.F.);
#1067=ORIENTED_EDGE('',*,*,#2207,.F.);
#1068=ORIENTED_EDGE('',*,*,#2304,.T.);
#1069=ORIENTED_EDGE('',*,*,#2180,.T.);
#1070=ORIENTED_EDGE('',*,*,#2308,.T.);
#1071=ORIENTED_EDGE('',*,*,#2309,.T.);
#1072=ORIENTED_EDGE('',*,*,#2310,.T.);
#1073=ORIENTED_EDGE('',*,*,#2311,.T.);
#1074=ORIENTED_EDGE('',*,*,#2312,.T.);
#1075=ORIENTED_EDGE('',*,*,#2219,.T.);
#1076=ORIENTED_EDGE('',*,*,#2313,.F.);
#1077=ORIENTED_EDGE('',*,*,#2208,.F.);
#1078=ORIENTED_EDGE('',*,*,#2307,.T.);
#1079=ORIENTED_EDGE('',*,*,#2218,.T.);
#1080=ORIENTED_EDGE('',*,*,#2314,.F.);
#1081=ORIENTED_EDGE('',*,*,#2209,.F.);
#1082=ORIENTED_EDGE('',*,*,#2313,.T.);
#1083=ORIENTED_EDGE('',*,*,#2217,.T.);
#1084=ORIENTED_EDGE('',*,*,#2315,.F.);
#1085=ORIENTED_EDGE('',*,*,#2210,.F.);
#1086=ORIENTED_EDGE('',*,*,#2314,.T.);
#1087=ORIENTED_EDGE('',*,*,#2216,.T.);
#1088=ORIENTED_EDGE('',*,*,#2234,.F.);
#1089=ORIENTED_EDGE('',*,*,#2211,.F.);
#1090=ORIENTED_EDGE('',*,*,#2315,.T.);
#1091=ORIENTED_EDGE('',*,*,#2232,.T.);
#1092=ORIENTED_EDGE('',*,*,#2316,.F.);
#1093=ORIENTED_EDGE('',*,*,#2191,.F.);
#1094=ORIENTED_EDGE('',*,*,#2236,.T.);
#1095=ORIENTED_EDGE('',*,*,#2231,.T.);
#1096=ORIENTED_EDGE('',*,*,#2317,.F.);
#1097=ORIENTED_EDGE('',*,*,#2192,.F.);
#1098=ORIENTED_EDGE('',*,*,#2316,.T.);
#1099=ORIENTED_EDGE('',*,*,#2230,.T.);
#1100=ORIENTED_EDGE('',*,*,#2318,.F.);
#1101=ORIENTED_EDGE('',*,*,#2193,.F.);
#1102=ORIENTED_EDGE('',*,*,#2317,.T.);
#1103=ORIENTED_EDGE('',*,*,#2229,.T.);
#1104=ORIENTED_EDGE('',*,*,#2319,.F.);
#1105=ORIENTED_EDGE('',*,*,#2194,.F.);
#1106=ORIENTED_EDGE('',*,*,#2318,.T.);
#1107=ORIENTED_EDGE('',*,*,#2228,.T.);
#1108=ORIENTED_EDGE('',*,*,#2320,.F.);
#1109=ORIENTED_EDGE('',*,*,#2195,.F.);
#1110=ORIENTED_EDGE('',*,*,#2319,.T.);
#1111=ORIENTED_EDGE('',*,*,#2227,.T.);
#1112=ORIENTED_EDGE('',*,*,#2321,.F.);
#1113=ORIENTED_EDGE('',*,*,#2196,.F.);
#1114=ORIENTED_EDGE('',*,*,#2320,.T.);
#1115=ORIENTED_EDGE('',*,*,#2226,.T.);
#1116=ORIENTED_EDGE('',*,*,#2322,.F.);
#1117=ORIENTED_EDGE('',*,*,#2197,.F.);
#1118=ORIENTED_EDGE('',*,*,#2321,.T.);
#1119=ORIENTED_EDGE('',*,*,#2225,.T.);
#1120=ORIENTED_EDGE('',*,*,#2323,.F.);
#1121=ORIENTED_EDGE('',*,*,#2198,.F.);
#1122=ORIENTED_EDGE('',*,*,#2322,.T.);
#1123=ORIENTED_EDGE('',*,*,#2224,.T.);
#1124=ORIENTED_EDGE('',*,*,#2324,.F.);
#1125=ORIENTED_EDGE('',*,*,#2199,.F.);
#1126=ORIENTED_EDGE('',*,*,#2323,.T.);
#1127=ORIENTED_EDGE('',*,*,#2223,.T.);
#1128=ORIENTED_EDGE('',*,*,#2325,.F.);
#1129=ORIENTED_EDGE('',*,*,#2200,.F.);
#1130=ORIENTED_EDGE('',*,*,#2324,.T.);
#1131=ORIENTED_EDGE('',*,*,#2222,.T.);
#1132=ORIENTED_EDGE('',*,*,#2326,.F.);
#1133=ORIENTED_EDGE('',*,*,#2327,.F.);
#1134=ORIENTED_EDGE('',*,*,#2328,.F.);
#1135=ORIENTED_EDGE('',*,*,#2329,.F.);
#1136=ORIENTED_EDGE('',*,*,#2330,.F.);
#1137=ORIENTED_EDGE('',*,*,#2331,.F.);
#1138=ORIENTED_EDGE('',*,*,#2332,.F.);
#1139=ORIENTED_EDGE('',*,*,#2178,.T.);
#1140=ORIENTED_EDGE('',*,*,#2333,.F.);
#1141=ORIENTED_EDGE('',*,*,#2201,.F.);
#1142=ORIENTED_EDGE('',*,*,#2325,.T.);
#1143=ORIENTED_EDGE('',*,*,#2334,.F.);
#1144=ORIENTED_EDGE('',*,*,#2335,.T.);
#1145=ORIENTED_EDGE('',*,*,#2266,.T.);
#1146=ORIENTED_EDGE('',*,*,#2202,.F.);
#1147=ORIENTED_EDGE('',*,*,#2333,.T.);
#1148=ORIENTED_EDGE('',*,*,#2177,.T.);
#1149=ORIENTED_EDGE('',*,*,#2176,.T.);
#1150=ORIENTED_EDGE('',*,*,#2281,.T.);
#1151=ORIENTED_EDGE('',*,*,#2336,.T.);
#1152=ORIENTED_EDGE('',*,*,#2284,.T.);
#1153=ORIENTED_EDGE('',*,*,#2337,.T.);
#1154=ORIENTED_EDGE('',*,*,#2338,.T.);
#1155=ORIENTED_EDGE('',*,*,#2334,.T.);
#1156=ORIENTED_EDGE('',*,*,#2187,.T.);
#1157=ORIENTED_EDGE('',*,*,#2212,.F.);
#1158=ORIENTED_EDGE('',*,*,#2250,.T.);
#1159=ORIENTED_EDGE('',*,*,#2339,.F.);
#1160=ORIENTED_EDGE('',*,*,#2340,.T.);
#1161=ORIENTED_EDGE('',*,*,#2341,.T.);
#1162=ORIENTED_EDGE('',*,*,#2300,.T.);
#1163=ORIENTED_EDGE('',*,*,#2303,.T.);
#1164=ORIENTED_EDGE('',*,*,#2238,.F.);
#1165=ORIENTED_EDGE('',*,*,#2342,.F.);
#1166=ORIENTED_EDGE('',*,*,#2264,.T.);
#1167=ORIENTED_EDGE('',*,*,#2335,.F.);
#1168=ORIENTED_EDGE('',*,*,#2338,.F.);
#1169=ORIENTED_EDGE('',*,*,#2343,.T.);
#1170=ORIENTED_EDGE('',*,*,#2344,.F.);
#1171=ORIENTED_EDGE('',*,*,#2345,.F.);
#1172=ORIENTED_EDGE('',*,*,#2254,.T.);
#1173=ORIENTED_EDGE('',*,*,#2267,.T.);
#1174=ORIENTED_EDGE('',*,*,#2302,.F.);
#1175=ORIENTED_EDGE('',*,*,#2346,.F.);
#1176=ORIENTED_EDGE('',*,*,#2277,.F.);
#1177=ORIENTED_EDGE('',*,*,#2301,.F.);
#1178=ORIENTED_EDGE('',*,*,#2341,.F.);
#1179=ORIENTED_EDGE('',*,*,#2347,.F.);
#1180=ORIENTED_EDGE('',*,*,#2348,.T.);
#1181=ORIENTED_EDGE('',*,*,#2259,.T.);
#1182=ORIENTED_EDGE('',*,*,#2349,.T.);
#1183=ORIENTED_EDGE('',*,*,#2350,.T.);
#1184=ORIENTED_EDGE('',*,*,#2255,.T.);
#1185=ORIENTED_EDGE('',*,*,#2345,.T.);
#1186=ORIENTED_EDGE('',*,*,#2289,.F.);
#1187=ORIENTED_EDGE('',*,*,#2256,.T.);
#1188=ORIENTED_EDGE('',*,*,#2350,.F.);
#1189=ORIENTED_EDGE('',*,*,#2344,.T.);
#1190=ORIENTED_EDGE('',*,*,#2351,.T.);
#1191=ORIENTED_EDGE('',*,*,#2283,.T.);
#1192=ORIENTED_EDGE('',*,*,#2352,.F.);
#1193=ORIENTED_EDGE('',*,*,#2349,.F.);
#1194=ORIENTED_EDGE('',*,*,#2258,.T.);
#1195=ORIENTED_EDGE('',*,*,#2291,.F.);
#1196=ORIENTED_EDGE('',*,*,#2353,.T.);
#1197=ORIENTED_EDGE('',*,*,#2285,.T.);
#1198=ORIENTED_EDGE('',*,*,#2354,.T.);
#1199=ORIENTED_EDGE('',*,*,#2355,.F.);
#1200=ORIENTED_EDGE('',*,*,#2280,.T.);
#1201=ORIENTED_EDGE('',*,*,#2292,.F.);
#1202=ORIENTED_EDGE('',*,*,#2287,.F.);
#1203=ORIENTED_EDGE('',*,*,#2260,.T.);
#1204=ORIENTED_EDGE('',*,*,#2348,.F.);
#1205=ORIENTED_EDGE('',*,*,#2355,.T.);
#1206=ORIENTED_EDGE('',*,*,#2356,.T.);
#1207=ORIENTED_EDGE('',*,*,#2336,.F.);
#1208=ORIENTED_EDGE('',*,*,#2356,.F.);
#1209=ORIENTED_EDGE('',*,*,#2354,.F.);
#1210=ORIENTED_EDGE('',*,*,#2337,.F.);
#1211=ORIENTED_EDGE('',*,*,#2351,.F.);
#1212=ORIENTED_EDGE('',*,*,#2343,.F.);
#1213=ORIENTED_EDGE('',*,*,#2290,.F.);
#1214=ORIENTED_EDGE('',*,*,#2352,.T.);
#1215=ORIENTED_EDGE('',*,*,#2286,.T.);
#1216=ORIENTED_EDGE('',*,*,#2353,.F.);
#1217=ORIENTED_EDGE('',*,*,#2339,.T.);
#1218=ORIENTED_EDGE('',*,*,#2249,.T.);
#1219=ORIENTED_EDGE('',*,*,#2357,.T.);
#1220=ORIENTED_EDGE('',*,*,#2358,.T.);
#1221=ORIENTED_EDGE('',*,*,#2245,.T.);
#1222=ORIENTED_EDGE('',*,*,#2279,.T.);
#1223=ORIENTED_EDGE('',*,*,#2272,.F.);
#1224=ORIENTED_EDGE('',*,*,#2246,.T.);
#1225=ORIENTED_EDGE('',*,*,#2358,.F.);
#1226=ORIENTED_EDGE('',*,*,#2278,.T.);
#1227=ORIENTED_EDGE('',*,*,#2346,.T.);
#1228=ORIENTED_EDGE('',*,*,#2295,.T.);
#1229=ORIENTED_EDGE('',*,*,#2359,.F.);
#1230=ORIENTED_EDGE('',*,*,#2357,.F.);
#1231=ORIENTED_EDGE('',*,*,#2248,.T.);
#1232=ORIENTED_EDGE('',*,*,#2274,.F.);
#1233=ORIENTED_EDGE('',*,*,#2360,.T.);
#1234=ORIENTED_EDGE('',*,*,#2297,.T.);
#1235=ORIENTED_EDGE('',*,*,#2347,.T.);
#1236=ORIENTED_EDGE('',*,*,#2340,.F.);
#1237=ORIENTED_EDGE('',*,*,#2270,.F.);
#1238=ORIENTED_EDGE('',*,*,#2184,.T.);
#1239=ORIENTED_EDGE('',*,*,#2293,.T.);
#1240=ORIENTED_EDGE('',*,*,#2275,.F.);
#1241=ORIENTED_EDGE('',*,*,#2273,.F.);
#1242=ORIENTED_EDGE('',*,*,#2359,.T.);
#1243=ORIENTED_EDGE('',*,*,#2298,.T.);
#1244=ORIENTED_EDGE('',*,*,#2360,.F.);
#1245=ORIENTED_EDGE('',*,*,#2361,.T.);
#1246=ORIENTED_EDGE('',*,*,#2329,.T.);
#1247=ORIENTED_EDGE('',*,*,#2362,.F.);
#1248=ORIENTED_EDGE('',*,*,#2311,.F.);
#1249=ORIENTED_EDGE('',*,*,#2362,.T.);
#1250=ORIENTED_EDGE('',*,*,#2328,.T.);
#1251=ORIENTED_EDGE('',*,*,#2363,.F.);
#1252=ORIENTED_EDGE('',*,*,#2312,.F.);
#1253=ORIENTED_EDGE('',*,*,#2363,.T.);
#1254=ORIENTED_EDGE('',*,*,#2327,.T.);
#1255=ORIENTED_EDGE('',*,*,#2364,.F.);
#1256=ORIENTED_EDGE('',*,*,#2305,.F.);
#1257=ORIENTED_EDGE('',*,*,#2364,.T.);
#1258=ORIENTED_EDGE('',*,*,#2326,.T.);
#1259=ORIENTED_EDGE('',*,*,#2221,.F.);
#1260=ORIENTED_EDGE('',*,*,#2306,.F.);
#1261=ORIENTED_EDGE('',*,*,#2179,.T.);
#1262=ORIENTED_EDGE('',*,*,#2332,.T.);
#1263=ORIENTED_EDGE('',*,*,#2365,.F.);
#1264=ORIENTED_EDGE('',*,*,#2308,.F.);
#1265=ORIENTED_EDGE('',*,*,#2365,.T.);
#1266=ORIENTED_EDGE('',*,*,#2331,.T.);
#1267=ORIENTED_EDGE('',*,*,#2366,.F.);
#1268=ORIENTED_EDGE('',*,*,#2309,.F.);
#1269=ORIENTED_EDGE('',*,*,#2366,.T.);
#1270=ORIENTED_EDGE('',*,*,#2330,.T.);
#1271=ORIENTED_EDGE('',*,*,#2361,.F.);
#1272=ORIENTED_EDGE('',*,*,#2310,.F.);
#1273=ORIENTED_EDGE('',*,*,#2204,.F.);
#1274=ORIENTED_EDGE('',*,*,#2265,.F.);
#1275=ORIENTED_EDGE('',*,*,#2342,.T.);
#1276=ORIENTED_EDGE('',*,*,#2237,.F.);
#1277=ORIENTED_EDGE('',*,*,#2240,.T.);
#1278=ORIENTED_EDGE('',*,*,#2268,.T.);
#1279=ORIENTED_EDGE('',*,*,#2252,.T.);
#1280=ORIENTED_EDGE('',*,*,#2367,.T.);
#1281=ORIENTED_EDGE('',*,*,#2241,.T.);
#1282=ORIENTED_EDGE('',*,*,#2367,.F.);
#1283=ORIENTED_EDGE('',*,*,#2263,.T.);
#1284=ORIENTED_EDGE('',*,*,#2269,.T.);
#1285=ORIENTED_EDGE('',*,*,#2368,.T.);
#1286=ORIENTED_EDGE('',*,*,#2369,.F.);
#1287=ORIENTED_EDGE('',*,*,#2370,.F.);
#1288=ORIENTED_EDGE('',*,*,#2167,.T.);
#1289=ORIENTED_EDGE('',*,*,#2371,.T.);
#1290=ORIENTED_EDGE('',*,*,#2169,.F.);
#1291=ORIENTED_EDGE('',*,*,#2372,.F.);
#1292=ORIENTED_EDGE('',*,*,#2369,.T.);
#1293=ORIENTED_EDGE('',*,*,#2168,.T.);
#1294=ORIENTED_EDGE('',*,*,#2370,.T.);
#1295=ORIENTED_EDGE('',*,*,#2372,.T.);
#1296=ORIENTED_EDGE('',*,*,#2170,.F.);
#1297=ORIENTED_EDGE('',*,*,#2371,.F.);
#1298=ORIENTED_EDGE('',*,*,#2368,.F.);
#1299=ORIENTED_EDGE('',*,*,#2189,.F.);
#1300=ORIENTED_EDGE('',*,*,#2233,.T.);
#1301=ORIENTED_EDGE('',*,*,#2214,.F.);
#1302=ORIENTED_EDGE('',*,*,#2235,.T.);
#1303=ORIENTED_EDGE('',*,*,#2373,.T.);
#1304=ORIENTED_EDGE('',*,*,#2374,.T.);
#1305=ORIENTED_EDGE('',*,*,#2375,.T.);
#1306=ORIENTED_EDGE('',*,*,#2376,.F.);
#1307=ORIENTED_EDGE('',*,*,#2377,.F.);
#1308=ORIENTED_EDGE('',*,*,#2378,.T.);
#1309=ORIENTED_EDGE('',*,*,#2379,.F.);
#1310=ORIENTED_EDGE('',*,*,#2380,.F.);
#1311=ORIENTED_EDGE('',*,*,#2381,.F.);
#1312=ORIENTED_EDGE('',*,*,#2382,.F.);
#1313=ORIENTED_EDGE('',*,*,#2383,.F.);
#1314=ORIENTED_EDGE('',*,*,#2384,.F.);
#1315=ORIENTED_EDGE('',*,*,#2375,.F.);
#1316=ORIENTED_EDGE('',*,*,#2385,.T.);
#1317=ORIENTED_EDGE('',*,*,#2386,.T.);
#1318=ORIENTED_EDGE('',*,*,#2382,.T.);
#1319=ORIENTED_EDGE('',*,*,#2387,.T.);
#1320=ORIENTED_EDGE('',*,*,#2388,.T.);
#1321=ORIENTED_EDGE('',*,*,#2389,.T.);
#1322=ORIENTED_EDGE('',*,*,#2380,.T.);
#1323=ORIENTED_EDGE('',*,*,#2390,.F.);
#1324=ORIENTED_EDGE('',*,*,#2391,.T.);
#1325=ORIENTED_EDGE('',*,*,#2392,.T.);
#1326=ORIENTED_EDGE('',*,*,#2393,.T.);
#1327=ORIENTED_EDGE('',*,*,#2394,.F.);
#1328=ORIENTED_EDGE('',*,*,#2395,.T.);
#1329=ORIENTED_EDGE('',*,*,#2390,.T.);
#1330=ORIENTED_EDGE('',*,*,#2379,.T.);
#1331=ORIENTED_EDGE('',*,*,#2376,.T.);
#1332=ORIENTED_EDGE('',*,*,#2384,.T.);
#1333=ORIENTED_EDGE('',*,*,#2396,.T.);
#1334=ORIENTED_EDGE('',*,*,#2397,.F.);
#1335=ORIENTED_EDGE('',*,*,#2398,.T.);
#1336=ORIENTED_EDGE('',*,*,#2399,.T.);
#1337=ORIENTED_EDGE('',*,*,#2400,.F.);
#1338=ORIENTED_EDGE('',*,*,#2373,.F.);
#1339=ORIENTED_EDGE('',*,*,#2399,.F.);
#1340=ORIENTED_EDGE('',*,*,#2401,.T.);
#1341=ORIENTED_EDGE('',*,*,#2391,.F.);
#1342=ORIENTED_EDGE('',*,*,#2395,.F.);
#1343=ORIENTED_EDGE('',*,*,#2402,.F.);
#1344=ORIENTED_EDGE('',*,*,#2403,.F.);
#1345=ORIENTED_EDGE('',*,*,#2404,.F.);
#1346=ORIENTED_EDGE('',*,*,#2405,.F.);
#1347=ORIENTED_EDGE('',*,*,#2406,.F.);
#1348=ORIENTED_EDGE('',*,*,#2407,.F.);
#1349=ORIENTED_EDGE('',*,*,#2393,.F.);
#1350=ORIENTED_EDGE('',*,*,#2408,.T.);
#1351=ORIENTED_EDGE('',*,*,#2397,.T.);
#1352=ORIENTED_EDGE('',*,*,#2409,.T.);
#1353=ORIENTED_EDGE('',*,*,#2387,.F.);
#1354=ORIENTED_EDGE('',*,*,#2381,.T.);
#1355=ORIENTED_EDGE('',*,*,#2389,.F.);
#1356=ORIENTED_EDGE('',*,*,#2410,.F.);
#1357=ORIENTED_EDGE('',*,*,#2410,.T.);
#1358=ORIENTED_EDGE('',*,*,#2409,.F.);
#1359=ORIENTED_EDGE('',*,*,#2411,.F.);
#1360=ORIENTED_EDGE('',*,*,#2388,.F.);
#1361=ORIENTED_EDGE('',*,*,#2396,.F.);
#1362=ORIENTED_EDGE('',*,*,#2383,.T.);
#1363=ORIENTED_EDGE('',*,*,#2386,.F.);
#1364=ORIENTED_EDGE('',*,*,#2411,.T.);
#1365=ORIENTED_EDGE('',*,*,#2392,.F.);
#1366=ORIENTED_EDGE('',*,*,#2401,.F.);
#1367=ORIENTED_EDGE('',*,*,#2398,.F.);
#1368=ORIENTED_EDGE('',*,*,#2408,.F.);
#1369=ORIENTED_EDGE('',*,*,#2412,.F.);
#1370=ORIENTED_EDGE('',*,*,#2413,.T.);
#1371=ORIENTED_EDGE('',*,*,#2414,.T.);
#1372=ORIENTED_EDGE('',*,*,#2415,.F.);
#1373=ORIENTED_EDGE('',*,*,#2416,.F.);
#1374=ORIENTED_EDGE('',*,*,#2417,.F.);
#1375=ORIENTED_EDGE('',*,*,#2418,.T.);
#1376=ORIENTED_EDGE('',*,*,#2419,.F.);
#1377=ORIENTED_EDGE('',*,*,#2420,.F.);
#1378=ORIENTED_EDGE('',*,*,#2421,.F.);
#1379=ORIENTED_EDGE('',*,*,#2422,.F.);
#1380=ORIENTED_EDGE('',*,*,#2423,.F.);
#1381=ORIENTED_EDGE('',*,*,#2424,.F.);
#1382=ORIENTED_EDGE('',*,*,#2425,.F.);
#1383=ORIENTED_EDGE('',*,*,#2426,.F.);
#1384=ORIENTED_EDGE('',*,*,#2427,.F.);
#1385=ORIENTED_EDGE('',*,*,#2428,.F.);
#1386=ORIENTED_EDGE('',*,*,#2429,.T.);
#1387=ORIENTED_EDGE('',*,*,#2430,.T.);
#1388=ORIENTED_EDGE('',*,*,#2431,.F.);
#1389=ORIENTED_EDGE('',*,*,#2377,.T.);
#1390=ORIENTED_EDGE('',*,*,#2432,.F.);
#1391=ORIENTED_EDGE('',*,*,#2433,.T.);
#1392=ORIENTED_EDGE('',*,*,#2434,.F.);
#1393=ORIENTED_EDGE('',*,*,#2404,.T.);
#1394=ORIENTED_EDGE('',*,*,#2435,.T.);
#1395=ORIENTED_EDGE('',*,*,#2436,.T.);
#1396=ORIENTED_EDGE('',*,*,#2437,.T.);
#1397=ORIENTED_EDGE('',*,*,#2438,.F.);
#1398=ORIENTED_EDGE('',*,*,#2439,.T.);
#1399=ORIENTED_EDGE('',*,*,#2440,.F.);
#1400=ORIENTED_EDGE('',*,*,#2441,.F.);
#1401=ORIENTED_EDGE('',*,*,#2442,.F.);
#1402=ORIENTED_EDGE('',*,*,#2443,.F.);
#1403=ORIENTED_EDGE('',*,*,#2444,.F.);
#1404=ORIENTED_EDGE('',*,*,#2445,.F.);
#1405=ORIENTED_EDGE('',*,*,#2446,.F.);
#1406=ORIENTED_EDGE('',*,*,#2447,.F.);
#1407=ORIENTED_EDGE('',*,*,#2417,.T.);
#1408=ORIENTED_EDGE('',*,*,#2448,.T.);
#1409=ORIENTED_EDGE('',*,*,#2449,.F.);
#1410=ORIENTED_EDGE('',*,*,#2450,.F.);
#1411=ORIENTED_EDGE('',*,*,#2451,.F.);
#1412=ORIENTED_EDGE('',*,*,#2452,.F.);
#1413=ORIENTED_EDGE('',*,*,#2431,.T.);
#1414=ORIENTED_EDGE('',*,*,#2453,.F.);
#1415=ORIENTED_EDGE('',*,*,#2454,.F.);
#1416=ORIENTED_EDGE('',*,*,#2455,.F.);
#1417=ORIENTED_EDGE('',*,*,#2456,.F.);
#1418=ORIENTED_EDGE('',*,*,#2457,.F.);
#1419=ORIENTED_EDGE('',*,*,#2458,.F.);
#1420=ORIENTED_EDGE('',*,*,#2459,.F.);
#1421=ORIENTED_EDGE('',*,*,#2460,.F.);
#1422=ORIENTED_EDGE('',*,*,#2461,.F.);
#1423=ORIENTED_EDGE('',*,*,#2462,.F.);
#1424=ORIENTED_EDGE('',*,*,#2463,.F.);
#1425=ORIENTED_EDGE('',*,*,#2406,.T.);
#1426=ORIENTED_EDGE('',*,*,#2464,.T.);
#1427=ORIENTED_EDGE('',*,*,#2439,.F.);
#1428=ORIENTED_EDGE('',*,*,#2465,.F.);
#1429=ORIENTED_EDGE('',*,*,#2461,.T.);
#1430=ORIENTED_EDGE('',*,*,#2466,.F.);
#1431=ORIENTED_EDGE('',*,*,#2448,.F.);
#1432=ORIENTED_EDGE('',*,*,#2416,.T.);
#1433=ORIENTED_EDGE('',*,*,#2452,.T.);
#1434=ORIENTED_EDGE('',*,*,#2467,.F.);
#1435=ORIENTED_EDGE('',*,*,#2418,.F.);
#1436=ORIENTED_EDGE('',*,*,#2447,.T.);
#1437=ORIENTED_EDGE('',*,*,#2468,.T.);
#1438=ORIENTED_EDGE('',*,*,#2469,.T.);
#1439=ORIENTED_EDGE('',*,*,#2443,.T.);
#1440=ORIENTED_EDGE('',*,*,#2470,.T.);
#1441=ORIENTED_EDGE('',*,*,#2471,.T.);
#1442=ORIENTED_EDGE('',*,*,#2472,.T.);
#1443=ORIENTED_EDGE('',*,*,#2473,.T.);
#1444=ORIENTED_EDGE('',*,*,#2468,.F.);
#1445=ORIENTED_EDGE('',*,*,#2446,.T.);
#1446=ORIENTED_EDGE('',*,*,#2474,.F.);
#1447=ORIENTED_EDGE('',*,*,#2475,.F.);
#1448=ORIENTED_EDGE('',*,*,#2476,.T.);
#1449=ORIENTED_EDGE('',*,*,#2477,.T.);
#1450=ORIENTED_EDGE('',*,*,#2478,.F.);
#1451=ORIENTED_EDGE('',*,*,#2479,.T.);
#1452=ORIENTED_EDGE('',*,*,#2428,.T.);
#1453=ORIENTED_EDGE('',*,*,#2480,.F.);
#1454=ORIENTED_EDGE('',*,*,#2481,.F.);
#1455=ORIENTED_EDGE('',*,*,#2482,.F.);
#1456=ORIENTED_EDGE('',*,*,#2483,.F.);
#1457=ORIENTED_EDGE('',*,*,#2484,.F.);
#1458=ORIENTED_EDGE('',*,*,#2453,.T.);
#1459=ORIENTED_EDGE('',*,*,#2430,.F.);
#1460=ORIENTED_EDGE('',*,*,#2485,.F.);
#1461=ORIENTED_EDGE('',*,*,#2486,.T.);
#1462=ORIENTED_EDGE('',*,*,#2457,.T.);
#1463=ORIENTED_EDGE('',*,*,#2487,.T.);
#1464=ORIENTED_EDGE('',*,*,#2488,.T.);
#1465=ORIENTED_EDGE('',*,*,#2489,.T.);
#1466=ORIENTED_EDGE('',*,*,#2485,.T.);
#1467=ORIENTED_EDGE('',*,*,#2429,.F.);
#1468=ORIENTED_EDGE('',*,*,#2479,.F.);
#1469=ORIENTED_EDGE('',*,*,#2490,.T.);
#1470=ORIENTED_EDGE('',*,*,#2491,.F.);
#1471=ORIENTED_EDGE('',*,*,#2477,.F.);
#1472=ORIENTED_EDGE('',*,*,#2492,.F.);
#1473=ORIENTED_EDGE('',*,*,#2420,.T.);
#1474=ORIENTED_EDGE('',*,*,#2493,.F.);
#1475=ORIENTED_EDGE('',*,*,#2494,.F.);
#1476=ORIENTED_EDGE('',*,*,#2495,.F.);
#1477=ORIENTED_EDGE('',*,*,#2496,.F.);
#1478=ORIENTED_EDGE('',*,*,#2497,.F.);
#1479=ORIENTED_EDGE('',*,*,#2421,.T.);
#1480=ORIENTED_EDGE('',*,*,#2492,.T.);
#1481=ORIENTED_EDGE('',*,*,#2498,.T.);
#1482=ORIENTED_EDGE('',*,*,#2496,.T.);
#1483=ORIENTED_EDGE('',*,*,#2499,.T.);
#1484=ORIENTED_EDGE('',*,*,#2500,.F.);
#1485=ORIENTED_EDGE('',*,*,#2435,.F.);
#1486=ORIENTED_EDGE('',*,*,#2403,.T.);
#1487=ORIENTED_EDGE('',*,*,#2501,.F.);
#1488=ORIENTED_EDGE('',*,*,#2422,.T.);
#1489=ORIENTED_EDGE('',*,*,#2497,.T.);
#1490=ORIENTED_EDGE('',*,*,#2502,.F.);
#1491=ORIENTED_EDGE('',*,*,#2434,.T.);
#1492=ORIENTED_EDGE('',*,*,#2503,.T.);
#1493=ORIENTED_EDGE('',*,*,#2504,.T.);
#1494=ORIENTED_EDGE('',*,*,#2505,.T.);
#1495=ORIENTED_EDGE('',*,*,#2506,.T.);
#1496=ORIENTED_EDGE('',*,*,#2507,.T.);
#1497=ORIENTED_EDGE('',*,*,#2508,.T.);
#1498=ORIENTED_EDGE('',*,*,#2509,.T.);
#1499=ORIENTED_EDGE('',*,*,#2423,.T.);
#1500=ORIENTED_EDGE('',*,*,#2501,.T.);
#1501=ORIENTED_EDGE('',*,*,#2402,.T.);
#1502=ORIENTED_EDGE('',*,*,#2394,.T.);
#1503=ORIENTED_EDGE('',*,*,#2378,.F.);
#1504=ORIENTED_EDGE('',*,*,#2374,.F.);
#1505=ORIENTED_EDGE('',*,*,#2400,.T.);
#1506=ORIENTED_EDGE('',*,*,#2510,.F.);
#1507=ORIENTED_EDGE('',*,*,#2425,.T.);
#1508=ORIENTED_EDGE('',*,*,#2511,.F.);
#1509=ORIENTED_EDGE('',*,*,#2512,.F.);
#1510=ORIENTED_EDGE('',*,*,#2513,.F.);
#1511=ORIENTED_EDGE('',*,*,#2514,.F.);
#1512=ORIENTED_EDGE('',*,*,#2515,.F.);
#1513=ORIENTED_EDGE('',*,*,#2516,.F.);
#1514=ORIENTED_EDGE('',*,*,#2517,.F.);
#1515=ORIENTED_EDGE('',*,*,#2432,.T.);
#1516=ORIENTED_EDGE('',*,*,#2385,.F.);
#1517=ORIENTED_EDGE('',*,*,#2518,.F.);
#1518=ORIENTED_EDGE('',*,*,#2426,.T.);
#1519=ORIENTED_EDGE('',*,*,#2510,.T.);
#1520=ORIENTED_EDGE('',*,*,#2407,.T.);
#1521=ORIENTED_EDGE('',*,*,#2463,.T.);
#1522=ORIENTED_EDGE('',*,*,#2519,.T.);
#1523=ORIENTED_EDGE('',*,*,#2427,.T.);
#1524=ORIENTED_EDGE('',*,*,#2518,.T.);
#1525=ORIENTED_EDGE('',*,*,#2520,.T.);
#1526=ORIENTED_EDGE('',*,*,#2521,.T.);
#1527=ORIENTED_EDGE('',*,*,#2484,.T.);
#1528=ORIENTED_EDGE('',*,*,#2522,.T.);
#1529=ORIENTED_EDGE('',*,*,#2480,.T.);
#1530=ORIENTED_EDGE('',*,*,#2440,.T.);
#1531=ORIENTED_EDGE('',*,*,#2466,.T.);
#1532=ORIENTED_EDGE('',*,*,#2460,.T.);
#1533=ORIENTED_EDGE('',*,*,#2523,.F.);
#1534=ORIENTED_EDGE('',*,*,#2524,.F.);
#1535=ORIENTED_EDGE('',*,*,#2525,.T.);
#1536=ORIENTED_EDGE('',*,*,#2520,.F.);
#1537=ORIENTED_EDGE('',*,*,#2519,.F.);
#1538=ORIENTED_EDGE('',*,*,#2462,.T.);
#1539=ORIENTED_EDGE('',*,*,#2526,.F.);
#1540=ORIENTED_EDGE('',*,*,#2436,.F.);
#1541=ORIENTED_EDGE('',*,*,#2502,.T.);
#1542=ORIENTED_EDGE('',*,*,#2500,.T.);
#1543=ORIENTED_EDGE('',*,*,#2527,.T.);
#1544=ORIENTED_EDGE('',*,*,#2528,.T.);
#1545=ORIENTED_EDGE('',*,*,#2529,.F.);
#1546=ORIENTED_EDGE('',*,*,#2498,.F.);
#1547=ORIENTED_EDGE('',*,*,#2476,.F.);
#1548=ORIENTED_EDGE('',*,*,#2530,.F.);
#1549=ORIENTED_EDGE('',*,*,#2499,.F.);
#1550=ORIENTED_EDGE('',*,*,#2531,.F.);
#1551=ORIENTED_EDGE('',*,*,#2527,.F.);
#1552=ORIENTED_EDGE('',*,*,#2532,.T.);
#1553=ORIENTED_EDGE('',*,*,#2533,.T.);
#1554=ORIENTED_EDGE('',*,*,#2455,.T.);
#1555=ORIENTED_EDGE('',*,*,#2534,.T.);
#1556=ORIENTED_EDGE('',*,*,#2523,.T.);
#1557=ORIENTED_EDGE('',*,*,#2459,.T.);
#1558=ORIENTED_EDGE('',*,*,#2489,.F.);
#1559=ORIENTED_EDGE('',*,*,#2535,.F.);
#1560=ORIENTED_EDGE('',*,*,#2481,.T.);
#1561=ORIENTED_EDGE('',*,*,#2536,.T.);
#1562=ORIENTED_EDGE('',*,*,#2524,.T.);
#1563=ORIENTED_EDGE('',*,*,#2534,.F.);
#1564=ORIENTED_EDGE('',*,*,#2458,.T.);
#1565=ORIENTED_EDGE('',*,*,#2533,.F.);
#1566=ORIENTED_EDGE('',*,*,#2537,.F.);
#1567=ORIENTED_EDGE('',*,*,#2538,.T.);
#1568=ORIENTED_EDGE('',*,*,#2483,.T.);
#1569=ORIENTED_EDGE('',*,*,#2539,.T.);
#1570=ORIENTED_EDGE('',*,*,#2487,.F.);
#1571=ORIENTED_EDGE('',*,*,#2456,.T.);
#1572=ORIENTED_EDGE('',*,*,#2478,.T.);
#1573=ORIENTED_EDGE('',*,*,#2540,.T.);
#1574=ORIENTED_EDGE('',*,*,#2537,.T.);
#1575=ORIENTED_EDGE('',*,*,#2532,.F.);
#1576=ORIENTED_EDGE('',*,*,#2454,.T.);
#1577=ORIENTED_EDGE('',*,*,#2486,.F.);
#1578=ORIENTED_EDGE('',*,*,#2490,.F.);
#1579=ORIENTED_EDGE('',*,*,#2522,.F.);
#1580=ORIENTED_EDGE('',*,*,#2538,.F.);
#1581=ORIENTED_EDGE('',*,*,#2540,.F.);
#1582=ORIENTED_EDGE('',*,*,#2521,.F.);
#1583=ORIENTED_EDGE('',*,*,#2525,.F.);
#1584=ORIENTED_EDGE('',*,*,#2536,.F.);
#1585=ORIENTED_EDGE('',*,*,#2488,.F.);
#1586=ORIENTED_EDGE('',*,*,#2539,.F.);
#1587=ORIENTED_EDGE('',*,*,#2482,.T.);
#1588=ORIENTED_EDGE('',*,*,#2535,.T.);
#1589=ORIENTED_EDGE('',*,*,#2529,.T.);
#1590=ORIENTED_EDGE('',*,*,#2541,.T.);
#1591=ORIENTED_EDGE('',*,*,#2441,.T.);
#1592=ORIENTED_EDGE('',*,*,#2542,.T.);
#1593=ORIENTED_EDGE('',*,*,#2474,.T.);
#1594=ORIENTED_EDGE('',*,*,#2445,.T.);
#1595=ORIENTED_EDGE('',*,*,#2472,.F.);
#1596=ORIENTED_EDGE('',*,*,#2543,.F.);
#1597=ORIENTED_EDGE('',*,*,#2493,.T.);
#1598=ORIENTED_EDGE('',*,*,#2530,.T.);
#1599=ORIENTED_EDGE('',*,*,#2475,.T.);
#1600=ORIENTED_EDGE('',*,*,#2542,.F.);
#1601=ORIENTED_EDGE('',*,*,#2444,.T.);
#1602=ORIENTED_EDGE('',*,*,#2541,.F.);
#1603=ORIENTED_EDGE('',*,*,#2528,.F.);
#1604=ORIENTED_EDGE('',*,*,#2531,.T.);
#1605=ORIENTED_EDGE('',*,*,#2495,.T.);
#1606=ORIENTED_EDGE('',*,*,#2544,.T.);
#1607=ORIENTED_EDGE('',*,*,#2470,.F.);
#1608=ORIENTED_EDGE('',*,*,#2442,.T.);
#1609=ORIENTED_EDGE('',*,*,#2469,.F.);
#1610=ORIENTED_EDGE('',*,*,#2473,.F.);
#1611=ORIENTED_EDGE('',*,*,#2491,.T.);
#1612=ORIENTED_EDGE('',*,*,#2419,.T.);
#1613=ORIENTED_EDGE('',*,*,#2471,.F.);
#1614=ORIENTED_EDGE('',*,*,#2544,.F.);
#1615=ORIENTED_EDGE('',*,*,#2494,.T.);
#1616=ORIENTED_EDGE('',*,*,#2543,.T.);
#1617=ORIENTED_EDGE('',*,*,#2545,.T.);
#1618=ORIENTED_EDGE('',*,*,#2506,.F.);
#1619=ORIENTED_EDGE('',*,*,#2546,.F.);
#1620=ORIENTED_EDGE('',*,*,#2514,.T.);
#1621=ORIENTED_EDGE('',*,*,#2546,.T.);
#1622=ORIENTED_EDGE('',*,*,#2505,.F.);
#1623=ORIENTED_EDGE('',*,*,#2547,.F.);
#1624=ORIENTED_EDGE('',*,*,#2515,.T.);
#1625=ORIENTED_EDGE('',*,*,#2547,.T.);
#1626=ORIENTED_EDGE('',*,*,#2504,.F.);
#1627=ORIENTED_EDGE('',*,*,#2548,.F.);
#1628=ORIENTED_EDGE('',*,*,#2516,.T.);
#1629=ORIENTED_EDGE('',*,*,#2548,.T.);
#1630=ORIENTED_EDGE('',*,*,#2503,.F.);
#1631=ORIENTED_EDGE('',*,*,#2433,.F.);
#1632=ORIENTED_EDGE('',*,*,#2517,.T.);
#1633=ORIENTED_EDGE('',*,*,#2424,.T.);
#1634=ORIENTED_EDGE('',*,*,#2509,.F.);
#1635=ORIENTED_EDGE('',*,*,#2549,.F.);
#1636=ORIENTED_EDGE('',*,*,#2511,.T.);
#1637=ORIENTED_EDGE('',*,*,#2549,.T.);
#1638=ORIENTED_EDGE('',*,*,#2508,.F.);
#1639=ORIENTED_EDGE('',*,*,#2550,.F.);
#1640=ORIENTED_EDGE('',*,*,#2512,.T.);
#1641=ORIENTED_EDGE('',*,*,#2550,.T.);
#1642=ORIENTED_EDGE('',*,*,#2507,.F.);
#1643=ORIENTED_EDGE('',*,*,#2545,.F.);
#1644=ORIENTED_EDGE('',*,*,#2513,.T.);
#1645=ORIENTED_EDGE('',*,*,#2405,.T.);
#1646=ORIENTED_EDGE('',*,*,#2437,.F.);
#1647=ORIENTED_EDGE('',*,*,#2526,.T.);
#1648=ORIENTED_EDGE('',*,*,#2464,.F.);
#1649=ORIENTED_EDGE('',*,*,#2438,.T.);
#1650=ORIENTED_EDGE('',*,*,#2551,.T.);
#1651=ORIENTED_EDGE('',*,*,#2450,.T.);
#1652=ORIENTED_EDGE('',*,*,#2465,.T.);
#1653=ORIENTED_EDGE('',*,*,#2449,.T.);
#1654=ORIENTED_EDGE('',*,*,#2467,.T.);
#1655=ORIENTED_EDGE('',*,*,#2451,.T.);
#1656=ORIENTED_EDGE('',*,*,#2551,.F.);
#1657=ORIENTED_EDGE('',*,*,#2552,.T.);
#1658=ORIENTED_EDGE('',*,*,#2412,.T.);
#1659=ORIENTED_EDGE('',*,*,#2553,.F.);
#1660=ORIENTED_EDGE('',*,*,#2554,.F.);
#1661=ORIENTED_EDGE('',*,*,#2555,.T.);
#1662=ORIENTED_EDGE('',*,*,#2554,.T.);
#1663=ORIENTED_EDGE('',*,*,#2556,.F.);
#1664=ORIENTED_EDGE('',*,*,#2414,.F.);
#1665=ORIENTED_EDGE('',*,*,#2415,.T.);
#1666=ORIENTED_EDGE('',*,*,#2556,.T.);
#1667=ORIENTED_EDGE('',*,*,#2553,.T.);
#1668=ORIENTED_EDGE('',*,*,#2413,.F.);
#1669=ORIENTED_EDGE('',*,*,#2552,.F.);
#1670=ORIENTED_EDGE('',*,*,#2555,.F.);
#1671=ORIENTED_EDGE('',*,*,#2557,.F.);
#1672=ORIENTED_EDGE('',*,*,#2558,.T.);
#1673=ORIENTED_EDGE('',*,*,#2559,.F.);
#1674=ORIENTED_EDGE('',*,*,#2560,.F.);
#1675=ORIENTED_EDGE('',*,*,#2561,.F.);
#1676=ORIENTED_EDGE('',*,*,#2562,.F.);
#1677=ORIENTED_EDGE('',*,*,#2563,.F.);
#1678=ORIENTED_EDGE('',*,*,#2564,.F.);
#1679=ORIENTED_EDGE('',*,*,#2565,.T.);
#1680=ORIENTED_EDGE('',*,*,#2566,.T.);
#1681=ORIENTED_EDGE('',*,*,#2567,.F.);
#1682=ORIENTED_EDGE('',*,*,#2563,.T.);
#1683=ORIENTED_EDGE('',*,*,#2568,.F.);
#1684=ORIENTED_EDGE('',*,*,#2569,.T.);
#1685=ORIENTED_EDGE('',*,*,#2568,.T.);
#1686=ORIENTED_EDGE('',*,*,#2562,.T.);
#1687=ORIENTED_EDGE('',*,*,#2570,.F.);
#1688=ORIENTED_EDGE('',*,*,#2571,.T.);
#1689=ORIENTED_EDGE('',*,*,#2572,.T.);
#1690=ORIENTED_EDGE('',*,*,#2573,.T.);
#1691=ORIENTED_EDGE('',*,*,#2570,.T.);
#1692=ORIENTED_EDGE('',*,*,#2561,.T.);
#1693=ORIENTED_EDGE('',*,*,#2574,.T.);
#1694=ORIENTED_EDGE('',*,*,#2575,.T.);
#1695=ORIENTED_EDGE('',*,*,#2576,.F.);
#1696=ORIENTED_EDGE('',*,*,#2577,.T.);
#1697=ORIENTED_EDGE('',*,*,#2578,.F.);
#1698=ORIENTED_EDGE('',*,*,#2579,.T.);
#1699=ORIENTED_EDGE('',*,*,#2569,.F.);
#1700=ORIENTED_EDGE('',*,*,#2571,.F.);
#1701=ORIENTED_EDGE('',*,*,#2573,.F.);
#1702=ORIENTED_EDGE('',*,*,#2580,.T.);
#1703=ORIENTED_EDGE('',*,*,#2576,.T.);
#1704=ORIENTED_EDGE('',*,*,#2581,.T.);
#1705=ORIENTED_EDGE('',*,*,#2557,.T.);
#1706=ORIENTED_EDGE('',*,*,#2582,.T.);
#1707=ORIENTED_EDGE('',*,*,#2564,.T.);
#1708=ORIENTED_EDGE('',*,*,#2567,.T.);
#1709=ORIENTED_EDGE('',*,*,#2579,.F.);
#1710=ORIENTED_EDGE('',*,*,#2583,.T.);
#1711=ORIENTED_EDGE('',*,*,#2578,.T.);
#1712=ORIENTED_EDGE('',*,*,#2584,.T.);
#1713=ORIENTED_EDGE('',*,*,#2565,.F.);
#1714=ORIENTED_EDGE('',*,*,#2583,.F.);
#1715=ORIENTED_EDGE('',*,*,#2560,.T.);
#1716=ORIENTED_EDGE('',*,*,#2585,.F.);
#1717=ORIENTED_EDGE('',*,*,#2580,.F.);
#1718=ORIENTED_EDGE('',*,*,#2572,.F.);
#1719=ORIENTED_EDGE('',*,*,#2559,.T.);
#1720=ORIENTED_EDGE('',*,*,#2586,.T.);
#1721=ORIENTED_EDGE('',*,*,#2574,.F.);
#1722=ORIENTED_EDGE('',*,*,#2585,.T.);
#1723=ORIENTED_EDGE('',*,*,#2558,.F.);
#1724=ORIENTED_EDGE('',*,*,#2581,.F.);
#1725=ORIENTED_EDGE('',*,*,#2575,.F.);
#1726=ORIENTED_EDGE('',*,*,#2586,.F.);
#1727=ORIENTED_EDGE('',*,*,#2566,.F.);
#1728=ORIENTED_EDGE('',*,*,#2584,.F.);
#1729=ORIENTED_EDGE('',*,*,#2577,.F.);
#1730=ORIENTED_EDGE('',*,*,#2582,.F.);
#1731=ORIENTED_EDGE('',*,*,#2587,.F.);
#1732=ORIENTED_EDGE('',*,*,#2588,.T.);
#1733=ORIENTED_EDGE('',*,*,#2589,.F.);
#1734=ORIENTED_EDGE('',*,*,#2590,.F.);
#1735=ORIENTED_EDGE('',*,*,#2591,.F.);
#1736=ORIENTED_EDGE('',*,*,#2592,.F.);
#1737=ORIENTED_EDGE('',*,*,#2593,.F.);
#1738=ORIENTED_EDGE('',*,*,#2594,.F.);
#1739=ORIENTED_EDGE('',*,*,#2595,.T.);
#1740=ORIENTED_EDGE('',*,*,#2596,.T.);
#1741=ORIENTED_EDGE('',*,*,#2597,.F.);
#1742=ORIENTED_EDGE('',*,*,#2593,.T.);
#1743=ORIENTED_EDGE('',*,*,#2598,.F.);
#1744=ORIENTED_EDGE('',*,*,#2599,.T.);
#1745=ORIENTED_EDGE('',*,*,#2598,.T.);
#1746=ORIENTED_EDGE('',*,*,#2592,.T.);
#1747=ORIENTED_EDGE('',*,*,#2600,.F.);
#1748=ORIENTED_EDGE('',*,*,#2601,.T.);
#1749=ORIENTED_EDGE('',*,*,#2602,.T.);
#1750=ORIENTED_EDGE('',*,*,#2603,.T.);
#1751=ORIENTED_EDGE('',*,*,#2600,.T.);
#1752=ORIENTED_EDGE('',*,*,#2591,.T.);
#1753=ORIENTED_EDGE('',*,*,#2604,.T.);
#1754=ORIENTED_EDGE('',*,*,#2605,.T.);
#1755=ORIENTED_EDGE('',*,*,#2606,.F.);
#1756=ORIENTED_EDGE('',*,*,#2607,.T.);
#1757=ORIENTED_EDGE('',*,*,#2608,.F.);
#1758=ORIENTED_EDGE('',*,*,#2609,.T.);
#1759=ORIENTED_EDGE('',*,*,#2599,.F.);
#1760=ORIENTED_EDGE('',*,*,#2601,.F.);
#1761=ORIENTED_EDGE('',*,*,#2603,.F.);
#1762=ORIENTED_EDGE('',*,*,#2610,.T.);
#1763=ORIENTED_EDGE('',*,*,#2606,.T.);
#1764=ORIENTED_EDGE('',*,*,#2611,.T.);
#1765=ORIENTED_EDGE('',*,*,#2587,.T.);
#1766=ORIENTED_EDGE('',*,*,#2612,.T.);
#1767=ORIENTED_EDGE('',*,*,#2594,.T.);
#1768=ORIENTED_EDGE('',*,*,#2597,.T.);
#1769=ORIENTED_EDGE('',*,*,#2609,.F.);
#1770=ORIENTED_EDGE('',*,*,#2613,.T.);
#1771=ORIENTED_EDGE('',*,*,#2608,.T.);
#1772=ORIENTED_EDGE('',*,*,#2614,.T.);
#1773=ORIENTED_EDGE('',*,*,#2595,.F.);
#1774=ORIENTED_EDGE('',*,*,#2613,.F.);
#1775=ORIENTED_EDGE('',*,*,#2590,.T.);
#1776=ORIENTED_EDGE('',*,*,#2615,.F.);
#1777=ORIENTED_EDGE('',*,*,#2610,.F.);
#1778=ORIENTED_EDGE('',*,*,#2602,.F.);
#1779=ORIENTED_EDGE('',*,*,#2589,.T.);
#1780=ORIENTED_EDGE('',*,*,#2616,.T.);
#1781=ORIENTED_EDGE('',*,*,#2604,.F.);
#1782=ORIENTED_EDGE('',*,*,#2615,.T.);
#1783=ORIENTED_EDGE('',*,*,#2588,.F.);
#1784=ORIENTED_EDGE('',*,*,#2611,.F.);
#1785=ORIENTED_EDGE('',*,*,#2605,.F.);
#1786=ORIENTED_EDGE('',*,*,#2616,.F.);
#1787=ORIENTED_EDGE('',*,*,#2596,.F.);
#1788=ORIENTED_EDGE('',*,*,#2614,.F.);
#1789=ORIENTED_EDGE('',*,*,#2607,.F.);
#1790=ORIENTED_EDGE('',*,*,#2612,.F.);
#1791=ORIENTED_EDGE('',*,*,#2617,.F.);
#1792=ORIENTED_EDGE('',*,*,#2618,.T.);
#1793=ORIENTED_EDGE('',*,*,#2619,.F.);
#1794=ORIENTED_EDGE('',*,*,#2620,.F.);
#1795=ORIENTED_EDGE('',*,*,#2621,.F.);
#1796=ORIENTED_EDGE('',*,*,#2622,.F.);
#1797=ORIENTED_EDGE('',*,*,#2623,.F.);
#1798=ORIENTED_EDGE('',*,*,#2624,.F.);
#1799=ORIENTED_EDGE('',*,*,#2625,.T.);
#1800=ORIENTED_EDGE('',*,*,#2626,.T.);
#1801=ORIENTED_EDGE('',*,*,#2627,.F.);
#1802=ORIENTED_EDGE('',*,*,#2623,.T.);
#1803=ORIENTED_EDGE('',*,*,#2628,.F.);
#1804=ORIENTED_EDGE('',*,*,#2629,.T.);
#1805=ORIENTED_EDGE('',*,*,#2628,.T.);
#1806=ORIENTED_EDGE('',*,*,#2622,.T.);
#1807=ORIENTED_EDGE('',*,*,#2630,.F.);
#1808=ORIENTED_EDGE('',*,*,#2631,.T.);
#1809=ORIENTED_EDGE('',*,*,#2632,.T.);
#1810=ORIENTED_EDGE('',*,*,#2633,.T.);
#1811=ORIENTED_EDGE('',*,*,#2630,.T.);
#1812=ORIENTED_EDGE('',*,*,#2621,.T.);
#1813=ORIENTED_EDGE('',*,*,#2634,.T.);
#1814=ORIENTED_EDGE('',*,*,#2635,.T.);
#1815=ORIENTED_EDGE('',*,*,#2636,.F.);
#1816=ORIENTED_EDGE('',*,*,#2637,.T.);
#1817=ORIENTED_EDGE('',*,*,#2638,.F.);
#1818=ORIENTED_EDGE('',*,*,#2639,.T.);
#1819=ORIENTED_EDGE('',*,*,#2629,.F.);
#1820=ORIENTED_EDGE('',*,*,#2631,.F.);
#1821=ORIENTED_EDGE('',*,*,#2633,.F.);
#1822=ORIENTED_EDGE('',*,*,#2640,.T.);
#1823=ORIENTED_EDGE('',*,*,#2636,.T.);
#1824=ORIENTED_EDGE('',*,*,#2641,.T.);
#1825=ORIENTED_EDGE('',*,*,#2617,.T.);
#1826=ORIENTED_EDGE('',*,*,#2642,.T.);
#1827=ORIENTED_EDGE('',*,*,#2624,.T.);
#1828=ORIENTED_EDGE('',*,*,#2627,.T.);
#1829=ORIENTED_EDGE('',*,*,#2639,.F.);
#1830=ORIENTED_EDGE('',*,*,#2643,.T.);
#1831=ORIENTED_EDGE('',*,*,#2638,.T.);
#1832=ORIENTED_EDGE('',*,*,#2644,.T.);
#1833=ORIENTED_EDGE('',*,*,#2625,.F.);
#1834=ORIENTED_EDGE('',*,*,#2643,.F.);
#1835=ORIENTED_EDGE('',*,*,#2620,.T.);
#1836=ORIENTED_EDGE('',*,*,#2645,.F.);
#1837=ORIENTED_EDGE('',*,*,#2640,.F.);
#1838=ORIENTED_EDGE('',*,*,#2632,.F.);
#1839=ORIENTED_EDGE('',*,*,#2619,.T.);
#1840=ORIENTED_EDGE('',*,*,#2646,.T.);
#1841=ORIENTED_EDGE('',*,*,#2634,.F.);
#1842=ORIENTED_EDGE('',*,*,#2645,.T.);
#1843=ORIENTED_EDGE('',*,*,#2618,.F.);
#1844=ORIENTED_EDGE('',*,*,#2641,.F.);
#1845=ORIENTED_EDGE('',*,*,#2635,.F.);
#1846=ORIENTED_EDGE('',*,*,#2646,.F.);
#1847=ORIENTED_EDGE('',*,*,#2626,.F.);
#1848=ORIENTED_EDGE('',*,*,#2644,.F.);
#1849=ORIENTED_EDGE('',*,*,#2637,.F.);
#1850=ORIENTED_EDGE('',*,*,#2642,.F.);
#1851=VERTEX_POINT('',#4623);
#1852=VERTEX_POINT('',#4624);
#1853=VERTEX_POINT('',#4626);
#1854=VERTEX_POINT('',#4628);
#1855=VERTEX_POINT('',#4631);
#1856=VERTEX_POINT('',#4632);
#1857=VERTEX_POINT('',#4634);
#1858=VERTEX_POINT('',#4636);
#1859=VERTEX_POINT('',#4638);
#1860=VERTEX_POINT('',#4640);
#1861=VERTEX_POINT('',#4642);
#1862=VERTEX_POINT('',#4644);
#1863=VERTEX_POINT('',#4646);
#1864=VERTEX_POINT('',#4648);
#1865=VERTEX_POINT('',#4650);
#1866=VERTEX_POINT('',#4652);
#1867=VERTEX_POINT('',#4654);
#1868=VERTEX_POINT('',#4656);
#1869=VERTEX_POINT('',#4658);
#1870=VERTEX_POINT('',#4660);
#1871=VERTEX_POINT('',#4664);
#1872=VERTEX_POINT('',#4666);
#1873=VERTEX_POINT('',#4667);
#1874=VERTEX_POINT('',#4669);
#1875=VERTEX_POINT('',#4671);
#1876=VERTEX_POINT('',#4673);
#1877=VERTEX_POINT('',#4675);
#1878=VERTEX_POINT('',#4677);
#1879=VERTEX_POINT('',#4679);
#1880=VERTEX_POINT('',#4681);
#1881=VERTEX_POINT('',#4683);
#1882=VERTEX_POINT('',#4685);
#1883=VERTEX_POINT('',#4687);
#1884=VERTEX_POINT('',#4689);
#1885=VERTEX_POINT('',#4691);
#1886=VERTEX_POINT('',#4693);
#1887=VERTEX_POINT('',#4695);
#1888=VERTEX_POINT('',#4697);
#1889=VERTEX_POINT('',#4699);
#1890=VERTEX_POINT('',#4701);
#1891=VERTEX_POINT('',#4703);
#1892=VERTEX_POINT('',#4705);
#1893=VERTEX_POINT('',#4707);
#1894=VERTEX_POINT('',#4709);
#1895=VERTEX_POINT('',#4711);
#1896=VERTEX_POINT('',#4715);
#1897=VERTEX_POINT('',#4717);
#1898=VERTEX_POINT('',#4718);
#1899=VERTEX_POINT('',#4720);
#1900=VERTEX_POINT('',#4722);
#1901=VERTEX_POINT('',#4724);
#1902=VERTEX_POINT('',#4726);
#1903=VERTEX_POINT('',#4728);
#1904=VERTEX_POINT('',#4730);
#1905=VERTEX_POINT('',#4732);
#1906=VERTEX_POINT('',#4734);
#1907=VERTEX_POINT('',#4736);
#1908=VERTEX_POINT('',#4738);
#1909=VERTEX_POINT('',#4740);
#1910=VERTEX_POINT('',#4742);
#1911=VERTEX_POINT('',#4744);
#1912=VERTEX_POINT('',#4746);
#1913=VERTEX_POINT('',#4748);
#1914=VERTEX_POINT('',#4750);
#1915=VERTEX_POINT('',#4752);
#1916=VERTEX_POINT('',#4754);
#1917=VERTEX_POINT('',#4764);
#1918=VERTEX_POINT('',#4766);
#1919=VERTEX_POINT('',#4770);
#1920=VERTEX_POINT('',#4771);
#1921=VERTEX_POINT('',#4773);
#1922=VERTEX_POINT('',#4776);
#1923=VERTEX_POINT('',#4778);
#1924=VERTEX_POINT('',#4780);
#1925=VERTEX_POINT('',#4782);
#1926=VERTEX_POINT('',#4784);
#1927=VERTEX_POINT('',#4786);
#1928=VERTEX_POINT('',#4788);
#1929=VERTEX_POINT('',#4790);
#1930=VERTEX_POINT('',#4794);
#1931=VERTEX_POINT('',#4795);
#1932=VERTEX_POINT('',#4797);
#1933=VERTEX_POINT('',#4799);
#1934=VERTEX_POINT('',#4801);
#1935=VERTEX_POINT('',#4803);
#1936=VERTEX_POINT('',#4805);
#1937=VERTEX_POINT('',#4807);
#1938=VERTEX_POINT('',#4809);
#1939=VERTEX_POINT('',#4811);
#1940=VERTEX_POINT('',#4814);
#1941=VERTEX_POINT('',#4818);
#1942=VERTEX_POINT('',#4819);
#1943=VERTEX_POINT('',#4829);
#1944=VERTEX_POINT('',#4833);
#1945=VERTEX_POINT('',#4835);
#1946=VERTEX_POINT('',#4839);
#1947=VERTEX_POINT('',#4841);
#1948=VERTEX_POINT('',#4843);
#1949=VERTEX_POINT('',#4845);
#1950=VERTEX_POINT('',#4849);
#1951=VERTEX_POINT('',#4850);
#1952=VERTEX_POINT('',#4855);
#1953=VERTEX_POINT('',#4856);
#1954=VERTEX_POINT('',#4858);
#1955=VERTEX_POINT('',#4860);
#1956=VERTEX_POINT('',#4864);
#1957=VERTEX_POINT('',#4868);
#1958=VERTEX_POINT('',#4870);
#1959=VERTEX_POINT('',#4879);
#1960=VERTEX_POINT('',#4880);
#1961=VERTEX_POINT('',#4882);
#1962=VERTEX_POINT('',#4884);
#1963=VERTEX_POINT('',#4888);
#1964=VERTEX_POINT('',#4890);
#1965=VERTEX_POINT('',#4898);
#1966=VERTEX_POINT('',#4899);
#1967=VERTEX_POINT('',#4903);
#1968=VERTEX_POINT('',#4905);
#1969=VERTEX_POINT('',#4907);
#1970=VERTEX_POINT('',#4909);
#1971=VERTEX_POINT('',#4940);
#1972=VERTEX_POINT('',#4942);
#1973=VERTEX_POINT('',#4944);
#1974=VERTEX_POINT('',#4946);
#1975=VERTEX_POINT('',#4948);
#1976=VERTEX_POINT('',#4950);
#1977=VERTEX_POINT('',#4955);
#1978=VERTEX_POINT('',#4960);
#1979=VERTEX_POINT('',#4965);
#1980=VERTEX_POINT('',#4967);
#1981=VERTEX_POINT('',#4971);
#1982=VERTEX_POINT('',#4973);
#1983=VERTEX_POINT('',#4981);
#1984=VERTEX_POINT('',#4991);
#1985=VERTEX_POINT('',#5027);
#1986=VERTEX_POINT('',#5029);
#1987=VERTEX_POINT('',#5040);
#1988=VERTEX_POINT('',#5041);
#1989=VERTEX_POINT('',#5043);
#1990=VERTEX_POINT('',#5045);
#1991=VERTEX_POINT('',#5049);
#1992=VERTEX_POINT('',#5050);
#1993=VERTEX_POINT('',#5052);
#1994=VERTEX_POINT('',#5054);
#1995=VERTEX_POINT('',#5056);
#1996=VERTEX_POINT('',#5058);
#1997=VERTEX_POINT('',#5060);
#1998=VERTEX_POINT('',#5062);
#1999=VERTEX_POINT('',#5067);
#2000=VERTEX_POINT('',#5069);
#2001=VERTEX_POINT('',#5073);
#2002=VERTEX_POINT('',#5075);
#2003=VERTEX_POINT('',#5077);
#2004=VERTEX_POINT('',#5079);
#2005=VERTEX_POINT('',#5083);
#2006=VERTEX_POINT('',#5087);
#2007=VERTEX_POINT('',#5089);
#2008=VERTEX_POINT('',#5091);
#2009=VERTEX_POINT('',#5095);
#2010=VERTEX_POINT('',#5098);
#2011=VERTEX_POINT('',#5100);
#2012=VERTEX_POINT('',#5102);
#2013=VERTEX_POINT('',#5104);
#2014=VERTEX_POINT('',#5106);
#2015=VERTEX_POINT('',#5119);
#2016=VERTEX_POINT('',#5120);
#2017=VERTEX_POINT('',#5122);
#2018=VERTEX_POINT('',#5124);
#2019=VERTEX_POINT('',#5127);
#2020=VERTEX_POINT('',#5128);
#2021=VERTEX_POINT('',#5130);
#2022=VERTEX_POINT('',#5132);
#2023=VERTEX_POINT('',#5134);
#2024=VERTEX_POINT('',#5136);
#2025=VERTEX_POINT('',#5138);
#2026=VERTEX_POINT('',#5140);
#2027=VERTEX_POINT('',#5142);
#2028=VERTEX_POINT('',#5144);
#2029=VERTEX_POINT('',#5146);
#2030=VERTEX_POINT('',#5148);
#2031=VERTEX_POINT('',#5150);
#2032=VERTEX_POINT('',#5152);
#2033=VERTEX_POINT('',#5154);
#2034=VERTEX_POINT('',#5156);
#2035=VERTEX_POINT('',#5160);
#2036=VERTEX_POINT('',#5162);
#2037=VERTEX_POINT('',#5166);
#2038=VERTEX_POINT('',#5168);
#2039=VERTEX_POINT('',#5172);
#2040=VERTEX_POINT('',#5173);
#2041=VERTEX_POINT('',#5175);
#2042=VERTEX_POINT('',#5177);
#2043=VERTEX_POINT('',#5179);
#2044=VERTEX_POINT('',#5181);
#2045=VERTEX_POINT('',#5183);
#2046=VERTEX_POINT('',#5185);
#2047=VERTEX_POINT('',#5187);
#2048=VERTEX_POINT('',#5189);
#2049=VERTEX_POINT('',#5192);
#2050=VERTEX_POINT('',#5196);
#2051=VERTEX_POINT('',#5197);
#2052=VERTEX_POINT('',#5199);
#2053=VERTEX_POINT('',#5202);
#2054=VERTEX_POINT('',#5204);
#2055=VERTEX_POINT('',#5206);
#2056=VERTEX_POINT('',#5208);
#2057=VERTEX_POINT('',#5210);
#2058=VERTEX_POINT('',#5212);
#2059=VERTEX_POINT('',#5214);
#2060=VERTEX_POINT('',#5216);
#2061=VERTEX_POINT('',#5220);
#2062=VERTEX_POINT('',#5221);
#2063=VERTEX_POINT('',#5231);
#2064=VERTEX_POINT('',#5235);
#2065=VERTEX_POINT('',#5237);
#2066=VERTEX_POINT('',#5241);
#2067=VERTEX_POINT('',#5243);
#2068=VERTEX_POINT('',#5245);
#2069=VERTEX_POINT('',#5247);
#2070=VERTEX_POINT('',#5251);
#2071=VERTEX_POINT('',#5252);
#2072=VERTEX_POINT('',#5257);
#2073=VERTEX_POINT('',#5258);
#2074=VERTEX_POINT('',#5260);
#2075=VERTEX_POINT('',#5262);
#2076=VERTEX_POINT('',#5266);
#2077=VERTEX_POINT('',#5270);
#2078=VERTEX_POINT('',#5272);
#2079=VERTEX_POINT('',#5281);
#2080=VERTEX_POINT('',#5282);
#2081=VERTEX_POINT('',#5284);
#2082=VERTEX_POINT('',#5286);
#2083=VERTEX_POINT('',#5290);
#2084=VERTEX_POINT('',#5293);
#2085=VERTEX_POINT('',#5300);
#2086=VERTEX_POINT('',#5302);
#2087=VERTEX_POINT('',#5304);
#2088=VERTEX_POINT('',#5306);
#2089=VERTEX_POINT('',#5308);
#2090=VERTEX_POINT('',#5310);
#2091=VERTEX_POINT('',#5315);
#2092=VERTEX_POINT('',#5317);
#2093=VERTEX_POINT('',#5319);
#2094=VERTEX_POINT('',#5321);
#2095=VERTEX_POINT('',#5323);
#2096=VERTEX_POINT('',#5325);
#2097=VERTEX_POINT('',#5329);
#2098=VERTEX_POINT('',#5333);
#2099=VERTEX_POINT('',#5338);
#2100=VERTEX_POINT('',#5340);
#2101=VERTEX_POINT('',#5344);
#2102=VERTEX_POINT('',#5346);
#2103=VERTEX_POINT('',#5354);
#2104=VERTEX_POINT('',#5363);
#2105=VERTEX_POINT('',#5400);
#2106=VERTEX_POINT('',#5402);
#2107=VERTEX_POINT('',#5412);
#2108=VERTEX_POINT('',#5413);
#2109=VERTEX_POINT('',#5415);
#2110=VERTEX_POINT('',#5417);
#2111=VERTEX_POINT('',#5419);
#2112=VERTEX_POINT('',#5421);
#2113=VERTEX_POINT('',#5423);
#2114=VERTEX_POINT('',#5425);
#2115=VERTEX_POINT('',#5427);
#2116=VERTEX_POINT('',#5429);
#2117=VERTEX_POINT('',#5433);
#2118=VERTEX_POINT('',#5435);
#2119=VERTEX_POINT('',#5439);
#2120=VERTEX_POINT('',#5443);
#2121=VERTEX_POINT('',#5447);
#2122=VERTEX_POINT('',#5448);
#2123=VERTEX_POINT('',#5450);
#2124=VERTEX_POINT('',#5452);
#2125=VERTEX_POINT('',#5454);
#2126=VERTEX_POINT('',#5456);
#2127=VERTEX_POINT('',#5475);
#2128=VERTEX_POINT('',#5476);
#2129=VERTEX_POINT('',#5478);
#2130=VERTEX_POINT('',#5480);
#2131=VERTEX_POINT('',#5482);
#2132=VERTEX_POINT('',#5484);
#2133=VERTEX_POINT('',#5486);
#2134=VERTEX_POINT('',#5488);
#2135=VERTEX_POINT('',#5490);
#2136=VERTEX_POINT('',#5492);
#2137=VERTEX_POINT('',#5496);
#2138=VERTEX_POINT('',#5498);
#2139=VERTEX_POINT('',#5502);
#2140=VERTEX_POINT('',#5506);
#2141=VERTEX_POINT('',#5510);
#2142=VERTEX_POINT('',#5511);
#2143=VERTEX_POINT('',#5513);
#2144=VERTEX_POINT('',#5515);
#2145=VERTEX_POINT('',#5517);
#2146=VERTEX_POINT('',#5519);
#2147=VERTEX_POINT('',#5538);
#2148=VERTEX_POINT('',#5539);
#2149=VERTEX_POINT('',#5541);
#2150=VERTEX_POINT('',#5543);
#2151=VERTEX_POINT('',#5545);
#2152=VERTEX_POINT('',#5547);
#2153=VERTEX_POINT('',#5549);
#2154=VERTEX_POINT('',#5551);
#2155=VERTEX_POINT('',#5553);
#2156=VERTEX_POINT('',#5555);
#2157=VERTEX_POINT('',#5559);
#2158=VERTEX_POINT('',#5561);
#2159=VERTEX_POINT('',#5565);
#2160=VERTEX_POINT('',#5569);
#2161=VERTEX_POINT('',#5573);
#2162=VERTEX_POINT('',#5574);
#2163=VERTEX_POINT('',#5576);
#2164=VERTEX_POINT('',#5578);
#2165=VERTEX_POINT('',#5580);
#2166=VERTEX_POINT('',#5582);
#2167=EDGE_CURVE('',#1851,#1852,#2647,.T.);
#2168=EDGE_CURVE('',#1853,#1851,#2648,.T.);
#2169=EDGE_CURVE('',#1853,#1854,#2649,.T.);
#2170=EDGE_CURVE('',#1854,#1852,#2650,.T.);
#2171=EDGE_CURVE('',#1855,#1856,#2651,.T.);
#2172=EDGE_CURVE('',#1857,#1855,#2652,.T.);
#2173=EDGE_CURVE('',#1857,#1858,#2653,.T.);
#2174=EDGE_CURVE('',#1858,#1859,#2654,.T.);
#2175=EDGE_CURVE('',#1860,#1859,#2655,.T.);
#2176=EDGE_CURVE('',#1861,#1860,#2656,.T.);
#2177=EDGE_CURVE('',#1862,#1861,#2657,.T.);
#2178=EDGE_CURVE('',#1863,#1862,#2658,.T.);
#2179=EDGE_CURVE('',#1864,#1863,#2659,.T.);
#2180=EDGE_CURVE('',#1865,#1864,#2660,.T.);
#2181=EDGE_CURVE('',#1866,#1865,#2661,.T.);
#2182=EDGE_CURVE('',#1867,#1866,#2662,.T.);
#2183=EDGE_CURVE('',#1868,#1867,#2663,.T.);
#2184=EDGE_CURVE('',#1869,#1868,#2664,.T.);
#2185=EDGE_CURVE('',#1869,#1870,#2665,.T.);
#2186=EDGE_CURVE('',#1856,#1870,#2666,.T.);
#2187=EDGE_CURVE('',#1871,#1871,#344,.T.);
#2188=EDGE_CURVE('',#1872,#1873,#2667,.T.);
#2189=EDGE_CURVE('',#1873,#1874,#2668,.T.);
#2190=EDGE_CURVE('',#1874,#1875,#2669,.T.);
#2191=EDGE_CURVE('',#1875,#1876,#2670,.T.);
#2192=EDGE_CURVE('',#1876,#1877,#2671,.T.);
#2193=EDGE_CURVE('',#1877,#1878,#2672,.T.);
#2194=EDGE_CURVE('',#1878,#1879,#2673,.T.);
#2195=EDGE_CURVE('',#1879,#1880,#2674,.T.);
#2196=EDGE_CURVE('',#1880,#1881,#2675,.T.);
#2197=EDGE_CURVE('',#1881,#1882,#2676,.T.);
#2198=EDGE_CURVE('',#1882,#1883,#2677,.T.);
#2199=EDGE_CURVE('',#1883,#1884,#2678,.T.);
#2200=EDGE_CURVE('',#1884,#1885,#2679,.T.);
#2201=EDGE_CURVE('',#1885,#1886,#2680,.T.);
#2202=EDGE_CURVE('',#1886,#1887,#2681,.T.);
#2203=EDGE_CURVE('',#1887,#1888,#2682,.T.);
#2204=EDGE_CURVE('',#1888,#1889,#2683,.T.);
#2205=EDGE_CURVE('',#1889,#1890,#2684,.T.);
#2206=EDGE_CURVE('',#1890,#1891,#2685,.T.);
#2207=EDGE_CURVE('',#1891,#1892,#2686,.T.);
#2208=EDGE_CURVE('',#1892,#1893,#2687,.T.);
#2209=EDGE_CURVE('',#1893,#1894,#2688,.T.);
#2210=EDGE_CURVE('',#1894,#1895,#2689,.T.);
#2211=EDGE_CURVE('',#1895,#1872,#2690,.T.);
#2212=EDGE_CURVE('',#1896,#1896,#345,.T.);
#2213=EDGE_CURVE('',#1897,#1898,#2691,.T.);
#2214=EDGE_CURVE('',#1897,#1899,#2692,.T.);
#2215=EDGE_CURVE('',#1900,#1899,#2693,.T.);
#2216=EDGE_CURVE('',#1901,#1900,#2694,.T.);
#2217=EDGE_CURVE('',#1902,#1901,#2695,.T.);
#2218=EDGE_CURVE('',#1903,#1902,#2696,.T.);
#2219=EDGE_CURVE('',#1904,#1903,#2697,.T.);
#2220=EDGE_CURVE('',#1905,#1904,#2698,.T.);
#2221=EDGE_CURVE('',#1905,#1906,#2699,.T.);
#2222=EDGE_CURVE('',#1907,#1906,#2700,.T.);
#2223=EDGE_CURVE('',#1908,#1907,#2701,.T.);
#2224=EDGE_CURVE('',#1909,#1908,#2702,.T.);
#2225=EDGE_CURVE('',#1910,#1909,#2703,.T.);
#2226=EDGE_CURVE('',#1911,#1910,#2704,.T.);
#2227=EDGE_CURVE('',#1912,#1911,#2705,.T.);
#2228=EDGE_CURVE('',#1913,#1912,#2706,.T.);
#2229=EDGE_CURVE('',#1914,#1913,#2707,.T.);
#2230=EDGE_CURVE('',#1915,#1914,#2708,.T.);
#2231=EDGE_CURVE('',#1916,#1915,#2709,.T.);
#2232=EDGE_CURVE('',#1898,#1916,#2710,.T.);
#2233=EDGE_CURVE('',#1873,#1899,#2711,.T.);
#2234=EDGE_CURVE('',#1872,#1900,#2712,.T.);
#2235=EDGE_CURVE('',#1897,#1874,#2713,.T.);
#2236=EDGE_CURVE('',#1875,#1898,#2714,.T.);
#2237=EDGE_CURVE('',#1889,#1917,#2715,.T.);
#2238=EDGE_CURVE('',#1917,#1918,#2716,.T.);
#2239=EDGE_CURVE('',#1918,#1890,#2717,.T.);
#2240=EDGE_CURVE('',#1919,#1920,#2718,.T.);
#2241=EDGE_CURVE('',#1921,#1919,#2719,.T.);
#2242=EDGE_CURVE('',#1921,#1856,#2720,.T.);
#2243=EDGE_CURVE('',#1922,#1870,#2721,.T.);
#2244=EDGE_CURVE('',#1923,#1922,#2722,.T.);
#2245=EDGE_CURVE('',#1924,#1923,#2723,.T.);
#2246=EDGE_CURVE('',#1925,#1924,#2724,.T.);
#2247=EDGE_CURVE('',#1926,#1925,#2725,.T.);
#2248=EDGE_CURVE('',#1927,#1926,#2726,.T.);
#2249=EDGE_CURVE('',#1928,#1927,#2727,.T.);
#2250=EDGE_CURVE('',#1929,#1928,#2728,.T.);
#2251=EDGE_CURVE('',#1929,#1920,#2729,.T.);
#2252=EDGE_CURVE('',#1930,#1931,#2730,.T.);
#2253=EDGE_CURVE('',#1932,#1930,#2731,.T.);
#2254=EDGE_CURVE('',#1933,#1932,#2732,.T.);
#2255=EDGE_CURVE('',#1934,#1933,#2733,.T.);
#2256=EDGE_CURVE('',#1935,#1934,#2734,.T.);
#2257=EDGE_CURVE('',#1936,#1935,#2735,.T.);
#2258=EDGE_CURVE('',#1937,#1936,#2736,.T.);
#2259=EDGE_CURVE('',#1938,#1937,#2737,.T.);
#2260=EDGE_CURVE('',#1939,#1938,#2738,.T.);
#2261=EDGE_CURVE('',#1857,#1939,#2739,.T.);
#2262=EDGE_CURVE('',#1940,#1855,#2740,.T.);
#2263=EDGE_CURVE('',#1931,#1940,#2741,.T.);
#2264=EDGE_CURVE('',#1941,#1942,#2742,.T.);
#2265=EDGE_CURVE('',#1941,#1888,#2743,.T.);
#2266=EDGE_CURVE('',#1942,#1887,#2744,.T.);
#2267=EDGE_CURVE('',#1932,#1929,#2745,.T.);
#2268=EDGE_CURVE('',#1920,#1930,#2746,.T.);
#2269=EDGE_CURVE('',#1940,#1921,#2747,.T.);
#2270=EDGE_CURVE('',#1869,#1943,#2748,.T.);
#2271=EDGE_CURVE('',#1943,#1922,#2749,.T.);
#2272=EDGE_CURVE('',#1925,#1944,#2750,.T.);
#2273=EDGE_CURVE('',#1944,#1945,#2751,.T.);
#2274=EDGE_CURVE('',#1945,#1926,#2752,.T.);
#2275=EDGE_CURVE('',#1943,#1946,#2753,.T.);
#2276=EDGE_CURVE('',#1946,#1947,#2754,.T.);
#2277=EDGE_CURVE('',#1947,#1948,#2755,.T.);
#2278=EDGE_CURVE('',#1949,#1948,#2756,.T.);
#2279=EDGE_CURVE('',#1923,#1949,#2757,.T.);
#2280=EDGE_CURVE('',#1950,#1951,#2758,.T.);
#2281=EDGE_CURVE('',#1860,#1950,#2759,.T.);
#2282=EDGE_CURVE('',#1859,#1951,#2760,.T.);
#2283=EDGE_CURVE('',#1952,#1953,#2761,.T.);
#2284=EDGE_CURVE('',#1954,#1952,#2762,.T.);
#2285=EDGE_CURVE('',#1955,#1954,#2763,.T.);
#2286=EDGE_CURVE('',#1953,#1955,#2764,.T.);
#2287=EDGE_CURVE('',#1939,#1956,#2765,.T.);
#2288=EDGE_CURVE('',#1858,#1956,#2766,.T.);
#2289=EDGE_CURVE('',#1935,#1957,#2767,.T.);
#2290=EDGE_CURVE('',#1957,#1958,#2768,.T.);
#2291=EDGE_CURVE('',#1958,#1936,#2769,.T.);
#2292=EDGE_CURVE('',#1956,#1951,#2770,.T.);
#2293=EDGE_CURVE('',#1868,#1946,#2771,.T.);
#2294=EDGE_CURVE('',#1947,#1867,#2772,.T.);
#2295=EDGE_CURVE('',#1959,#1960,#2773,.T.);
#2296=EDGE_CURVE('',#1961,#1959,#2774,.T.);
#2297=EDGE_CURVE('',#1962,#1961,#2775,.T.);
#2298=EDGE_CURVE('',#1960,#1962,#2776,.T.);
#2299=EDGE_CURVE('',#1963,#1866,#2777,.T.);
#2300=EDGE_CURVE('',#1964,#1963,#2778,.T.);
#2301=EDGE_CURVE('',#1964,#1961,#2779,.T.);
#2302=EDGE_CURVE('',#1959,#1947,#2780,.T.);
#2303=EDGE_CURVE('',#1963,#1918,#2781,.T.);
#2304=EDGE_CURVE('',#1891,#1865,#2782,.T.);
#2305=EDGE_CURVE('',#1965,#1966,#2783,.T.);
#2306=EDGE_CURVE('',#1966,#1905,#2784,.T.);
#2307=EDGE_CURVE('',#1892,#1904,#2785,.T.);
#2308=EDGE_CURVE('',#1864,#1967,#2786,.T.);
#2309=EDGE_CURVE('',#1967,#1968,#2787,.T.);
#2310=EDGE_CURVE('',#1968,#1969,#2788,.T.);
#2311=EDGE_CURVE('',#1969,#1970,#2789,.T.);
#2312=EDGE_CURVE('',#1970,#1965,#2790,.T.);
#2313=EDGE_CURVE('',#1893,#1903,#2791,.T.);
#2314=EDGE_CURVE('',#1894,#1902,#2792,.T.);
#2315=EDGE_CURVE('',#1895,#1901,#2793,.T.);
#2316=EDGE_CURVE('',#1876,#1916,#2794,.T.);
#2317=EDGE_CURVE('',#1877,#1915,#2795,.T.);
#2318=EDGE_CURVE('',#1878,#1914,#2796,.T.);
#2319=EDGE_CURVE('',#1879,#1913,#2797,.T.);
#2320=EDGE_CURVE('',#1880,#1912,#2798,.T.);
#2321=EDGE_CURVE('',#1881,#1911,#2799,.T.);
#2322=EDGE_CURVE('',#1882,#1910,#2800,.T.);
#2323=EDGE_CURVE('',#1883,#1909,#2801,.T.);
#2324=EDGE_CURVE('',#1884,#1908,#2802,.T.);
#2325=EDGE_CURVE('',#1885,#1907,#2803,.T.);
#2326=EDGE_CURVE('',#1971,#1906,#2804,.T.);
#2327=EDGE_CURVE('',#1972,#1971,#2805,.T.);
#2328=EDGE_CURVE('',#1973,#1972,#2806,.T.);
#2329=EDGE_CURVE('',#1974,#1973,#2807,.T.);
#2330=EDGE_CURVE('',#1975,#1974,#2808,.T.);
#2331=EDGE_CURVE('',#1976,#1975,#2809,.T.);
#2332=EDGE_CURVE('',#1863,#1976,#2810,.T.);
#2333=EDGE_CURVE('',#1886,#1862,#2811,.T.);
#2334=EDGE_CURVE('',#1977,#1861,#2812,.T.);
#2335=EDGE_CURVE('',#1977,#1942,#2813,.T.);
#2336=EDGE_CURVE('',#1950,#1954,#2814,.T.);
#2337=EDGE_CURVE('',#1952,#1978,#2815,.T.);
#2338=EDGE_CURVE('',#1978,#1977,#2816,.T.);
#2339=EDGE_CURVE('',#1979,#1928,#2817,.T.);
#2340=EDGE_CURVE('',#1979,#1980,#2818,.T.);
#2341=EDGE_CURVE('',#1980,#1964,#2819,.T.);
#2342=EDGE_CURVE('',#1941,#1917,#2820,.T.);
#2343=EDGE_CURVE('',#1978,#1981,#2821,.T.);
#2344=EDGE_CURVE('',#1982,#1981,#2822,.T.);
#2345=EDGE_CURVE('',#1933,#1982,#2823,.T.);
#2346=EDGE_CURVE('',#1948,#1959,#2824,.T.);
#2347=EDGE_CURVE('',#1961,#1980,#2825,.T.);
#2348=EDGE_CURVE('',#1983,#1938,#2826,.T.);
#2349=EDGE_CURVE('',#1937,#1983,#2827,.T.);
#2350=EDGE_CURVE('',#1982,#1934,#2828,.T.);
#2351=EDGE_CURVE('',#1981,#1952,#2829,.T.);
#2352=EDGE_CURVE('',#1957,#1953,#2830,.T.);
#2353=EDGE_CURVE('',#1958,#1955,#2831,.T.);
#2354=EDGE_CURVE('',#1954,#1984,#2832,.T.);
#2355=EDGE_CURVE('',#1983,#1984,#2833,.T.);
#2356=EDGE_CURVE('',#1984,#1950,#2834,.T.);
#2357=EDGE_CURVE('',#1927,#1979,#2835,.T.);
#2358=EDGE_CURVE('',#1949,#1924,#2836,.T.);
#2359=EDGE_CURVE('',#1944,#1960,#2837,.T.);
#2360=EDGE_CURVE('',#1945,#1962,#2838,.T.);
#2361=EDGE_CURVE('',#1969,#1974,#2839,.T.);
#2362=EDGE_CURVE('',#1970,#1973,#2840,.T.);
#2363=EDGE_CURVE('',#1965,#1972,#2841,.T.);
#2364=EDGE_CURVE('',#1966,#1971,#2842,.T.);
#2365=EDGE_CURVE('',#1967,#1976,#2843,.T.);
#2366=EDGE_CURVE('',#1968,#1975,#2844,.T.);
#2367=EDGE_CURVE('',#1931,#1919,#2845,.T.);
#2368=EDGE_CURVE('',#1852,#1985,#2846,.T.);
#2369=EDGE_CURVE('',#1986,#1985,#2847,.T.);
#2370=EDGE_CURVE('',#1851,#1986,#2848,.T.);
#2371=EDGE_CURVE('',#1985,#1854,#2849,.T.);
#2372=EDGE_CURVE('',#1986,#1853,#2850,.T.);
#2373=EDGE_CURVE('',#1987,#1988,#2851,.T.);
#2374=EDGE_CURVE('',#1988,#1989,#2852,.T.);
#2375=EDGE_CURVE('',#1989,#1990,#2853,.T.);
#2376=EDGE_CURVE('',#1987,#1990,#2854,.T.);
#2377=EDGE_CURVE('',#1991,#1992,#2855,.T.);
#2378=EDGE_CURVE('',#1991,#1993,#2856,.T.);
#2379=EDGE_CURVE('',#1994,#1993,#2857,.T.);
#2380=EDGE_CURVE('',#1995,#1994,#2858,.T.);
#2381=EDGE_CURVE('',#1996,#1995,#2859,.T.);
#2382=EDGE_CURVE('',#1997,#1996,#2860,.T.);
#2383=EDGE_CURVE('',#1998,#1997,#2861,.T.);
#2384=EDGE_CURVE('',#1990,#1998,#2862,.T.);
#2385=EDGE_CURVE('',#1989,#1992,#2863,.T.);
#2386=EDGE_CURVE('',#1999,#1997,#2864,.T.);
#2387=EDGE_CURVE('',#1996,#2000,#2865,.T.);
#2388=EDGE_CURVE('',#2000,#1999,#2866,.T.);
#2389=EDGE_CURVE('',#2001,#1995,#2867,.T.);
#2390=EDGE_CURVE('',#2002,#1994,#2868,.T.);
#2391=EDGE_CURVE('',#2002,#2003,#2869,.T.);
#2392=EDGE_CURVE('',#2003,#2004,#2870,.T.);
#2393=EDGE_CURVE('',#2004,#2001,#2871,.T.);
#2394=EDGE_CURVE('',#2005,#1993,#2872,.T.);
#2395=EDGE_CURVE('',#2005,#2002,#2873,.T.);
#2396=EDGE_CURVE('',#1998,#2006,#2874,.T.);
#2397=EDGE_CURVE('',#2007,#2006,#2875,.T.);
#2398=EDGE_CURVE('',#2007,#2008,#2876,.T.);
#2399=EDGE_CURVE('',#2008,#1987,#2877,.T.);
#2400=EDGE_CURVE('',#1988,#2009,#2878,.T.);
#2401=EDGE_CURVE('',#2008,#2003,#2879,.T.);
#2402=EDGE_CURVE('',#2010,#2005,#2880,.T.);
#2403=EDGE_CURVE('',#2011,#2010,#2881,.T.);
#2404=EDGE_CURVE('',#2012,#2011,#2882,.T.);
#2405=EDGE_CURVE('',#2013,#2012,#2883,.T.);
#2406=EDGE_CURVE('',#2014,#2013,#2884,.T.);
#2407=EDGE_CURVE('',#2009,#2014,#2885,.T.);
#2408=EDGE_CURVE('',#2004,#2007,#2886,.T.);
#2409=EDGE_CURVE('',#2006,#2001,#2887,.T.);
#2410=EDGE_CURVE('',#2000,#2001,#2888,.T.);
#2411=EDGE_CURVE('',#1999,#2006,#2889,.T.);
#2412=EDGE_CURVE('',#2015,#2016,#2890,.T.);
#2413=EDGE_CURVE('',#2015,#2017,#2891,.T.);
#2414=EDGE_CURVE('',#2017,#2018,#2892,.T.);
#2415=EDGE_CURVE('',#2016,#2018,#2893,.T.);
#2416=EDGE_CURVE('',#2019,#2020,#2894,.T.);
#2417=EDGE_CURVE('',#2021,#2019,#2895,.T.);
#2418=EDGE_CURVE('',#2021,#2022,#2896,.T.);
#2419=EDGE_CURVE('',#2023,#2022,#2897,.T.);
#2420=EDGE_CURVE('',#2024,#2023,#2898,.T.);
#2421=EDGE_CURVE('',#2025,#2024,#2899,.T.);
#2422=EDGE_CURVE('',#2026,#2025,#2900,.T.);
#2423=EDGE_CURVE('',#2027,#2026,#2901,.T.);
#2424=EDGE_CURVE('',#2028,#2027,#2902,.T.);
#2425=EDGE_CURVE('',#2029,#2028,#2903,.T.);
#2426=EDGE_CURVE('',#2030,#2029,#2904,.T.);
#2427=EDGE_CURVE('',#2031,#2030,#2905,.T.);
#2428=EDGE_CURVE('',#2032,#2031,#2906,.T.);
#2429=EDGE_CURVE('',#2032,#2033,#2907,.T.);
#2430=EDGE_CURVE('',#2033,#2034,#2908,.T.);
#2431=EDGE_CURVE('',#2020,#2034,#2909,.T.);
#2432=EDGE_CURVE('',#2035,#1992,#2910,.T.);
#2433=EDGE_CURVE('',#2035,#2036,#2911,.T.);
#2434=EDGE_CURVE('',#1991,#2036,#2912,.T.);
#2435=EDGE_CURVE('',#2011,#2037,#2913,.T.);
#2436=EDGE_CURVE('',#2037,#2038,#2914,.T.);
#2437=EDGE_CURVE('',#2038,#2012,#2915,.T.);
#2438=EDGE_CURVE('',#2039,#2040,#2916,.T.);
#2439=EDGE_CURVE('',#2039,#2041,#2917,.T.);
#2440=EDGE_CURVE('',#2042,#2041,#2918,.T.);
#2441=EDGE_CURVE('',#2043,#2042,#2919,.T.);
#2442=EDGE_CURVE('',#2044,#2043,#2920,.T.);
#2443=EDGE_CURVE('',#2045,#2044,#2921,.T.);
#2444=EDGE_CURVE('',#2046,#2045,#2922,.T.);
#2445=EDGE_CURVE('',#2047,#2046,#2923,.T.);
#2446=EDGE_CURVE('',#2048,#2047,#2924,.T.);
#2447=EDGE_CURVE('',#2021,#2048,#2925,.T.);
#2448=EDGE_CURVE('',#2019,#2049,#2926,.T.);
#2449=EDGE_CURVE('',#2040,#2049,#2927,.T.);
#2450=EDGE_CURVE('',#2050,#2051,#2928,.T.);
#2451=EDGE_CURVE('',#2052,#2050,#2929,.T.);
#2452=EDGE_CURVE('',#2020,#2052,#2930,.T.);
#2453=EDGE_CURVE('',#2053,#2034,#2931,.T.);
#2454=EDGE_CURVE('',#2054,#2053,#2932,.T.);
#2455=EDGE_CURVE('',#2055,#2054,#2933,.T.);
#2456=EDGE_CURVE('',#2056,#2055,#2934,.T.);
#2457=EDGE_CURVE('',#2057,#2056,#2935,.T.);
#2458=EDGE_CURVE('',#2058,#2057,#2936,.T.);
#2459=EDGE_CURVE('',#2059,#2058,#2937,.T.);
#2460=EDGE_CURVE('',#2060,#2059,#2938,.T.);
#2461=EDGE_CURVE('',#2051,#2060,#2939,.T.);
#2462=EDGE_CURVE('',#2061,#2062,#2940,.T.);
#2463=EDGE_CURVE('',#2014,#2061,#2941,.T.);
#2464=EDGE_CURVE('',#2013,#2062,#2942,.T.);
#2465=EDGE_CURVE('',#2051,#2039,#2943,.T.);
#2466=EDGE_CURVE('',#2041,#2060,#2944,.T.);
#2467=EDGE_CURVE('',#2049,#2052,#2945,.T.);
#2468=EDGE_CURVE('',#2048,#2063,#2946,.T.);
#2469=EDGE_CURVE('',#2063,#2022,#2947,.T.);
#2470=EDGE_CURVE('',#2044,#2064,#2948,.T.);
#2471=EDGE_CURVE('',#2064,#2065,#2949,.T.);
#2472=EDGE_CURVE('',#2065,#2045,#2950,.T.);
#2473=EDGE_CURVE('',#2066,#2063,#2951,.T.);
#2474=EDGE_CURVE('',#2067,#2047,#2952,.T.);
#2475=EDGE_CURVE('',#2068,#2067,#2953,.T.);
#2476=EDGE_CURVE('',#2068,#2069,#2954,.T.);
#2477=EDGE_CURVE('',#2069,#2066,#2955,.T.);
#2478=EDGE_CURVE('',#2070,#2071,#2956,.T.);
#2479=EDGE_CURVE('',#2070,#2032,#2957,.T.);
#2480=EDGE_CURVE('',#2071,#2031,#2958,.T.);
#2481=EDGE_CURVE('',#2072,#2073,#2959,.T.);
#2482=EDGE_CURVE('',#2074,#2072,#2960,.T.);
#2483=EDGE_CURVE('',#2075,#2074,#2961,.T.);
#2484=EDGE_CURVE('',#2073,#2075,#2962,.T.);
#2485=EDGE_CURVE('',#2076,#2033,#2963,.T.);
#2486=EDGE_CURVE('',#2076,#2053,#2964,.T.);
#2487=EDGE_CURVE('',#2056,#2077,#2965,.T.);
#2488=EDGE_CURVE('',#2077,#2078,#2966,.T.);
#2489=EDGE_CURVE('',#2078,#2057,#2967,.T.);
#2490=EDGE_CURVE('',#2070,#2076,#2968,.T.);
#2491=EDGE_CURVE('',#2066,#2023,#2969,.T.);
#2492=EDGE_CURVE('',#2024,#2069,#2970,.T.);
#2493=EDGE_CURVE('',#2079,#2080,#2971,.T.);
#2494=EDGE_CURVE('',#2081,#2079,#2972,.T.);
#2495=EDGE_CURVE('',#2082,#2081,#2973,.T.);
#2496=EDGE_CURVE('',#2080,#2082,#2974,.T.);
#2497=EDGE_CURVE('',#2025,#2083,#2975,.T.);
#2498=EDGE_CURVE('',#2069,#2080,#2976,.T.);
#2499=EDGE_CURVE('',#2082,#2084,#2977,.T.);
#2500=EDGE_CURVE('',#2083,#2084,#2978,.T.);
#2501=EDGE_CURVE('',#2026,#2010,#2979,.T.);
#2502=EDGE_CURVE('',#2037,#2083,#2980,.T.);
#2503=EDGE_CURVE('',#2036,#2085,#2981,.T.);
#2504=EDGE_CURVE('',#2085,#2086,#2982,.T.);
#2505=EDGE_CURVE('',#2086,#2087,#2983,.T.);
#2506=EDGE_CURVE('',#2087,#2088,#2984,.T.);
#2507=EDGE_CURVE('',#2088,#2089,#2985,.T.);
#2508=EDGE_CURVE('',#2089,#2090,#2986,.T.);
#2509=EDGE_CURVE('',#2090,#2027,#2987,.T.);
#2510=EDGE_CURVE('',#2029,#2009,#2988,.T.);
#2511=EDGE_CURVE('',#2091,#2028,#2989,.T.);
#2512=EDGE_CURVE('',#2092,#2091,#2990,.T.);
#2513=EDGE_CURVE('',#2093,#2092,#2991,.T.);
#2514=EDGE_CURVE('',#2094,#2093,#2992,.T.);
#2515=EDGE_CURVE('',#2095,#2094,#2993,.T.);
#2516=EDGE_CURVE('',#2096,#2095,#2994,.T.);
#2517=EDGE_CURVE('',#2035,#2096,#2995,.T.);
#2518=EDGE_CURVE('',#2030,#2097,#2996,.T.);
#2519=EDGE_CURVE('',#2061,#2097,#2997,.T.);
#2520=EDGE_CURVE('',#2097,#2098,#2998,.T.);
#2521=EDGE_CURVE('',#2098,#2073,#2999,.T.);
#2522=EDGE_CURVE('',#2075,#2071,#3000,.T.);
#2523=EDGE_CURVE('',#2099,#2059,#3001,.T.);
#2524=EDGE_CURVE('',#2100,#2099,#3002,.T.);
#2525=EDGE_CURVE('',#2100,#2098,#3003,.T.);
#2526=EDGE_CURVE('',#2038,#2062,#3004,.T.);
#2527=EDGE_CURVE('',#2084,#2101,#3005,.T.);
#2528=EDGE_CURVE('',#2101,#2102,#3006,.T.);
#2529=EDGE_CURVE('',#2042,#2102,#3007,.T.);
#2530=EDGE_CURVE('',#2080,#2068,#3008,.T.);
#2531=EDGE_CURVE('',#2101,#2082,#3009,.T.);
#2532=EDGE_CURVE('',#2054,#2103,#3010,.T.);
#2533=EDGE_CURVE('',#2103,#2055,#3011,.T.);
#2534=EDGE_CURVE('',#2058,#2099,#3012,.T.);
#2535=EDGE_CURVE('',#2072,#2078,#3013,.T.);
#2536=EDGE_CURVE('',#2073,#2100,#3014,.T.);
#2537=EDGE_CURVE('',#2104,#2103,#3015,.T.);
#2538=EDGE_CURVE('',#2104,#2075,#3016,.T.);
#2539=EDGE_CURVE('',#2074,#2077,#3017,.T.);
#2540=EDGE_CURVE('',#2071,#2104,#3018,.T.);
#2541=EDGE_CURVE('',#2102,#2043,#3019,.T.);
#2542=EDGE_CURVE('',#2046,#2067,#3020,.T.);
#2543=EDGE_CURVE('',#2079,#2065,#3021,.T.);
#2544=EDGE_CURVE('',#2081,#2064,#3022,.T.);
#2545=EDGE_CURVE('',#2093,#2088,#3023,.T.);
#2546=EDGE_CURVE('',#2094,#2087,#3024,.T.);
#2547=EDGE_CURVE('',#2095,#2086,#3025,.T.);
#2548=EDGE_CURVE('',#2096,#2085,#3026,.T.);
#2549=EDGE_CURVE('',#2091,#2090,#3027,.T.);
#2550=EDGE_CURVE('',#2092,#2089,#3028,.T.);
#2551=EDGE_CURVE('',#2040,#2050,#3029,.T.);
#2552=EDGE_CURVE('',#2105,#2015,#3030,.T.);
#2553=EDGE_CURVE('',#2106,#2016,#3031,.T.);
#2554=EDGE_CURVE('',#2105,#2106,#3032,.T.);
#2555=EDGE_CURVE('',#2017,#2105,#3033,.T.);
#2556=EDGE_CURVE('',#2018,#2106,#3034,.T.);
#2557=EDGE_CURVE('',#2107,#2108,#3035,.T.);
#2558=EDGE_CURVE('',#2107,#2109,#3036,.T.);
#2559=EDGE_CURVE('',#2110,#2109,#3037,.T.);
#2560=EDGE_CURVE('',#2111,#2110,#3038,.T.);
#2561=EDGE_CURVE('',#2112,#2111,#3039,.T.);
#2562=EDGE_CURVE('',#2113,#2112,#3040,.T.);
#2563=EDGE_CURVE('',#2114,#2113,#3041,.T.);
#2564=EDGE_CURVE('',#2115,#2114,#3042,.T.);
#2565=EDGE_CURVE('',#2115,#2116,#3043,.T.);
#2566=EDGE_CURVE('',#2116,#2108,#3044,.T.);
#2567=EDGE_CURVE('',#2114,#2117,#3045,.T.);
#2568=EDGE_CURVE('',#2118,#2113,#3046,.T.);
#2569=EDGE_CURVE('',#2118,#2117,#3047,.T.);
#2570=EDGE_CURVE('',#2119,#2112,#3048,.T.);
#2571=EDGE_CURVE('',#2119,#2118,#3049,.T.);
#2572=EDGE_CURVE('',#2111,#2120,#3050,.T.);
#2573=EDGE_CURVE('',#2120,#2119,#3051,.T.);
#2574=EDGE_CURVE('',#2121,#2122,#3052,.T.);
#2575=EDGE_CURVE('',#2122,#2123,#3053,.T.);
#2576=EDGE_CURVE('',#2124,#2123,#3054,.T.);
#2577=EDGE_CURVE('',#2124,#2125,#3055,.T.);
#2578=EDGE_CURVE('',#2126,#2125,#3056,.T.);
#2579=EDGE_CURVE('',#2126,#2117,#3057,.T.);
#2580=EDGE_CURVE('',#2120,#2121,#3058,.T.);
#2581=EDGE_CURVE('',#2123,#2107,#3059,.T.);
#2582=EDGE_CURVE('',#2108,#2124,#3060,.T.);
#2583=EDGE_CURVE('',#2126,#2115,#3061,.T.);
#2584=EDGE_CURVE('',#2125,#2116,#3062,.T.);
#2585=EDGE_CURVE('',#2121,#2110,#3063,.T.);
#2586=EDGE_CURVE('',#2109,#2122,#3064,.T.);
#2587=EDGE_CURVE('',#2127,#2128,#3065,.T.);
#2588=EDGE_CURVE('',#2127,#2129,#3066,.T.);
#2589=EDGE_CURVE('',#2130,#2129,#3067,.T.);
#2590=EDGE_CURVE('',#2131,#2130,#3068,.T.);
#2591=EDGE_CURVE('',#2132,#2131,#3069,.T.);
#2592=EDGE_CURVE('',#2133,#2132,#3070,.T.);
#2593=EDGE_CURVE('',#2134,#2133,#3071,.T.);
#2594=EDGE_CURVE('',#2135,#2134,#3072,.T.);
#2595=EDGE_CURVE('',#2135,#2136,#3073,.T.);
#2596=EDGE_CURVE('',#2136,#2128,#3074,.T.);
#2597=EDGE_CURVE('',#2134,#2137,#3075,.T.);
#2598=EDGE_CURVE('',#2138,#2133,#3076,.T.);
#2599=EDGE_CURVE('',#2138,#2137,#3077,.T.);
#2600=EDGE_CURVE('',#2139,#2132,#3078,.T.);
#2601=EDGE_CURVE('',#2139,#2138,#3079,.T.);
#2602=EDGE_CURVE('',#2131,#2140,#3080,.T.);
#2603=EDGE_CURVE('',#2140,#2139,#3081,.T.);
#2604=EDGE_CURVE('',#2141,#2142,#3082,.T.);
#2605=EDGE_CURVE('',#2142,#2143,#3083,.T.);
#2606=EDGE_CURVE('',#2144,#2143,#3084,.T.);
#2607=EDGE_CURVE('',#2144,#2145,#3085,.T.);
#2608=EDGE_CURVE('',#2146,#2145,#3086,.T.);
#2609=EDGE_CURVE('',#2146,#2137,#3087,.T.);
#2610=EDGE_CURVE('',#2140,#2141,#3088,.T.);
#2611=EDGE_CURVE('',#2143,#2127,#3089,.T.);
#2612=EDGE_CURVE('',#2128,#2144,#3090,.T.);
#2613=EDGE_CURVE('',#2146,#2135,#3091,.T.);
#2614=EDGE_CURVE('',#2145,#2136,#3092,.T.);
#2615=EDGE_CURVE('',#2141,#2130,#3093,.T.);
#2616=EDGE_CURVE('',#2129,#2142,#3094,.T.);
#2617=EDGE_CURVE('',#2147,#2148,#3095,.T.);
#2618=EDGE_CURVE('',#2147,#2149,#3096,.T.);
#2619=EDGE_CURVE('',#2150,#2149,#3097,.T.);
#2620=EDGE_CURVE('',#2151,#2150,#3098,.T.);
#2621=EDGE_CURVE('',#2152,#2151,#3099,.T.);
#2622=EDGE_CURVE('',#2153,#2152,#3100,.T.);
#2623=EDGE_CURVE('',#2154,#2153,#3101,.T.);
#2624=EDGE_CURVE('',#2155,#2154,#3102,.T.);
#2625=EDGE_CURVE('',#2155,#2156,#3103,.T.);
#2626=EDGE_CURVE('',#2156,#2148,#3104,.T.);
#2627=EDGE_CURVE('',#2154,#2157,#3105,.T.);
#2628=EDGE_CURVE('',#2158,#2153,#3106,.T.);
#2629=EDGE_CURVE('',#2158,#2157,#3107,.T.);
#2630=EDGE_CURVE('',#2159,#2152,#3108,.T.);
#2631=EDGE_CURVE('',#2159,#2158,#3109,.T.);
#2632=EDGE_CURVE('',#2151,#2160,#3110,.T.);
#2633=EDGE_CURVE('',#2160,#2159,#3111,.T.);
#2634=EDGE_CURVE('',#2161,#2162,#3112,.T.);
#2635=EDGE_CURVE('',#2162,#2163,#3113,.T.);
#2636=EDGE_CURVE('',#2164,#2163,#3114,.T.);
#2637=EDGE_CURVE('',#2164,#2165,#3115,.T.);
#2638=EDGE_CURVE('',#2166,#2165,#3116,.T.);
#2639=EDGE_CURVE('',#2166,#2157,#3117,.T.);
#2640=EDGE_CURVE('',#2160,#2161,#3118,.T.);
#2641=EDGE_CURVE('',#2163,#2147,#3119,.T.);
#2642=EDGE_CURVE('',#2148,#2164,#3120,.T.);
#2643=EDGE_CURVE('',#2166,#2155,#3121,.T.);
#2644=EDGE_CURVE('',#2165,#2156,#3122,.T.);
#2645=EDGE_CURVE('',#2161,#2150,#3123,.T.);
#2646=EDGE_CURVE('',#2149,#2162,#3124,.T.);
#2647=LINE('',#4622,#3125);
#2648=LINE('',#4625,#3126);
#2649=LINE('',#4627,#3127);
#2650=LINE('',#4629,#3128);
#2651=LINE('',#4630,#3129);
#2652=LINE('',#4633,#3130);
#2653=LINE('',#4635,#3131);
#2654=LINE('',#4637,#3132);
#2655=LINE('',#4639,#3133);
#2656=LINE('',#4641,#3134);
#2657=LINE('',#4643,#3135);
#2658=LINE('',#4645,#3136);
#2659=LINE('',#4647,#3137);
#2660=LINE('',#4649,#3138);
#2661=LINE('',#4651,#3139);
#2662=LINE('',#4653,#3140);
#2663=LINE('',#4655,#3141);
#2664=LINE('',#4657,#3142);
#2665=LINE('',#4659,#3143);
#2666=LINE('',#4661,#3144);
#2667=LINE('',#4665,#3145);
#2668=LINE('',#4668,#3146);
#2669=LINE('',#4670,#3147);
#2670=LINE('',#4672,#3148);
#2671=LINE('',#4674,#3149);
#2672=LINE('',#4676,#3150);
#2673=LINE('',#4678,#3151);
#2674=LINE('',#4680,#3152);
#2675=LINE('',#4682,#3153);
#2676=LINE('',#4684,#3154);
#2677=LINE('',#4686,#3155);
#2678=LINE('',#4688,#3156);
#2679=LINE('',#4690,#3157);
#2680=LINE('',#4692,#3158);
#2681=LINE('',#4694,#3159);
#2682=LINE('',#4696,#3160);
#2683=LINE('',#4698,#3161);
#2684=LINE('',#4700,#3162);
#2685=LINE('',#4702,#3163);
#2686=LINE('',#4704,#3164);
#2687=LINE('',#4706,#3165);
#2688=LINE('',#4708,#3166);
#2689=LINE('',#4710,#3167);
#2690=LINE('',#4712,#3168);
#2691=LINE('',#4716,#3169);
#2692=LINE('',#4719,#3170);
#2693=LINE('',#4721,#3171);
#2694=LINE('',#4723,#3172);
#2695=LINE('',#4725,#3173);
#2696=LINE('',#4727,#3174);
#2697=LINE('',#4729,#3175);
#2698=LINE('',#4731,#3176);
#2699=LINE('',#4733,#3177);
#2700=LINE('',#4735,#3178);
#2701=LINE('',#4737,#3179);
#2702=LINE('',#4739,#3180);
#2703=LINE('',#4741,#3181);
#2704=LINE('',#4743,#3182);
#2705=LINE('',#4745,#3183);
#2706=LINE('',#4747,#3184);
#2707=LINE('',#4749,#3185);
#2708=LINE('',#4751,#3186);
#2709=LINE('',#4753,#3187);
#2710=LINE('',#4755,#3188);
#2711=LINE('',#4757,#3189);
#2712=LINE('',#4758,#3190);
#2713=LINE('',#4760,#3191);
#2714=LINE('',#4761,#3192);
#2715=LINE('',#4763,#3193);
#2716=LINE('',#4765,#3194);
#2717=LINE('',#4767,#3195);
#2718=LINE('',#4769,#3196);
#2719=LINE('',#4772,#3197);
#2720=LINE('',#4774,#3198);
#2721=LINE('',#4775,#3199);
#2722=LINE('',#4777,#3200);
#2723=LINE('',#4779,#3201);
#2724=LINE('',#4781,#3202);
#2725=LINE('',#4783,#3203);
#2726=LINE('',#4785,#3204);
#2727=LINE('',#4787,#3205);
#2728=LINE('',#4789,#3206);
#2729=LINE('',#4791,#3207);
#2730=LINE('',#4793,#3208);
#2731=LINE('',#4796,#3209);
#2732=LINE('',#4798,#3210);
#2733=LINE('',#4800,#3211);
#2734=LINE('',#4802,#3212);
#2735=LINE('',#4804,#3213);
#2736=LINE('',#4806,#3214);
#2737=LINE('',#4808,#3215);
#2738=LINE('',#4810,#3216);
#2739=LINE('',#4812,#3217);
#2740=LINE('',#4813,#3218);
#2741=LINE('',#4815,#3219);
#2742=LINE('',#4817,#3220);
#2743=LINE('',#4820,#3221);
#2744=LINE('',#4821,#3222);
#2745=LINE('',#4823,#3223);
#2746=LINE('',#4824,#3224);
#2747=LINE('',#4826,#3225);
#2748=LINE('',#4828,#3226);
#2749=LINE('',#4830,#3227);
#2750=LINE('',#4832,#3228);
#2751=LINE('',#4834,#3229);
#2752=LINE('',#4836,#3230);
#2753=LINE('',#4838,#3231);
#2754=LINE('',#4840,#3232);
#2755=LINE('',#4842,#3233);
#2756=LINE('',#4844,#3234);
#2757=LINE('',#4846,#3235);
#2758=LINE('',#4848,#3236);
#2759=LINE('',#4851,#3237);
#2760=LINE('',#4852,#3238);
#2761=LINE('',#4854,#3239);
#2762=LINE('',#4857,#3240);
#2763=LINE('',#4859,#3241);
#2764=LINE('',#4861,#3242);
#2765=LINE('',#4863,#3243);
#2766=LINE('',#4865,#3244);
#2767=LINE('',#4867,#3245);
#2768=LINE('',#4869,#3246);
#2769=LINE('',#4871,#3247);
#2770=LINE('',#4873,#3248);
#2771=LINE('',#4875,#3249);
#2772=LINE('',#4876,#3250);
#2773=LINE('',#4878,#3251);
#2774=LINE('',#4881,#3252);
#2775=LINE('',#4883,#3253);
#2776=LINE('',#4885,#3254);
#2777=LINE('',#4887,#3255);
#2778=LINE('',#4889,#3256);
#2779=LINE('',#4891,#3257);
#2780=LINE('',#4892,#3258);
#2781=LINE('',#4894,#3259);
#2782=LINE('',#4895,#3260);
#2783=LINE('',#4897,#3261);
#2784=LINE('',#4900,#3262);
#2785=LINE('',#4901,#3263);
#2786=LINE('',#4902,#3264);
#2787=LINE('',#4904,#3265);
#2788=LINE('',#4906,#3266);
#2789=LINE('',#4908,#3267);
#2790=LINE('',#4910,#3268);
#2791=LINE('',#4912,#3269);
#2792=LINE('',#4914,#3270);
#2793=LINE('',#4916,#3271);
#2794=LINE('',#4919,#3272);
#2795=LINE('',#4921,#3273);
#2796=LINE('',#4923,#3274);
#2797=LINE('',#4925,#3275);
#2798=LINE('',#4927,#3276);
#2799=LINE('',#4929,#3277);
#2800=LINE('',#4931,#3278);
#2801=LINE('',#4933,#3279);
#2802=LINE('',#4935,#3280);
#2803=LINE('',#4937,#3281);
#2804=LINE('',#4939,#3282);
#2805=LINE('',#4941,#3283);
#2806=LINE('',#4943,#3284);
#2807=LINE('',#4945,#3285);
#2808=LINE('',#4947,#3286);
#2809=LINE('',#4949,#3287);
#2810=LINE('',#4951,#3288);
#2811=LINE('',#4952,#3289);
#2812=LINE('',#4954,#3290);
#2813=LINE('',#4956,#3291);
#2814=LINE('',#4958,#3292);
#2815=LINE('',#4959,#3293);
#2816=LINE('',#4961,#3294);
#2817=LINE('',#4964,#3295);
#2818=LINE('',#4966,#3296);
#2819=LINE('',#4968,#3297);
#2820=LINE('',#4969,#3298);
#2821=LINE('',#4970,#3299);
#2822=LINE('',#4972,#3300);
#2823=LINE('',#4974,#3301);
#2824=LINE('',#4976,#3302);
#2825=LINE('',#4978,#3303);
#2826=LINE('',#4980,#3304);
#2827=LINE('',#4982,#3305);
#2828=LINE('',#4984,#3306);
#2829=LINE('',#4986,#3307);
#2830=LINE('',#4987,#3308);
#2831=LINE('',#4989,#3309);
#2832=LINE('',#4990,#3310);
#2833=LINE('',#4992,#3311);
#2834=LINE('',#4994,#3312);
#2835=LINE('',#4999,#3313);
#2836=LINE('',#5001,#3314);
#2837=LINE('',#5003,#3315);
#2838=LINE('',#5005,#3316);
#2839=LINE('',#5009,#3317);
#2840=LINE('',#5010,#3318);
#2841=LINE('',#5012,#3319);
#2842=LINE('',#5014,#3320);
#2843=LINE('',#5017,#3321);
#2844=LINE('',#5019,#3322);
#2845=LINE('',#5023,#3323);
#2846=LINE('',#5026,#3324);
#2847=LINE('',#5028,#3325);
#2848=LINE('',#5030,#3326);
#2849=LINE('',#5032,#3327);
#2850=LINE('',#5033,#3328);
#2851=LINE('',#5039,#3329);
#2852=LINE('',#5042,#3330);
#2853=LINE('',#5044,#3331);
#2854=LINE('',#5046,#3332);
#2855=LINE('',#5048,#3333);
#2856=LINE('',#5051,#3334);
#2857=LINE('',#5053,#3335);
#2858=LINE('',#5055,#3336);
#2859=LINE('',#5057,#3337);
#2860=LINE('',#5059,#3338);
#2861=LINE('',#5061,#3339);
#2862=LINE('',#5063,#3340);
#2863=LINE('',#5064,#3341);
#2864=LINE('',#5066,#3342);
#2865=LINE('',#5068,#3343);
#2866=LINE('',#5070,#3344);
#2867=LINE('',#5072,#3345);
#2868=LINE('',#5074,#3346);
#2869=LINE('',#5076,#3347);
#2870=LINE('',#5078,#3348);
#2871=LINE('',#5080,#3349);
#2872=LINE('',#5082,#3350);
#2873=LINE('',#5084,#3351);
#2874=LINE('',#5086,#3352);
#2875=LINE('',#5088,#3353);
#2876=LINE('',#5090,#3354);
#2877=LINE('',#5092,#3355);
#2878=LINE('',#5094,#3356);
#2879=LINE('',#5096,#3357);
#2880=LINE('',#5097,#3358);
#2881=LINE('',#5099,#3359);
#2882=LINE('',#5101,#3360);
#2883=LINE('',#5103,#3361);
#2884=LINE('',#5105,#3362);
#2885=LINE('',#5107,#3363);
#2886=LINE('',#5109,#3364);
#2887=LINE('',#5110,#3365);
#2888=LINE('',#5112,#3366);
#2889=LINE('',#5114,#3367);
#2890=LINE('',#5118,#3368);
#2891=LINE('',#5121,#3369);
#2892=LINE('',#5123,#3370);
#2893=LINE('',#5125,#3371);
#2894=LINE('',#5126,#3372);
#2895=LINE('',#5129,#3373);
#2896=LINE('',#5131,#3374);
#2897=LINE('',#5133,#3375);
#2898=LINE('',#5135,#3376);
#2899=LINE('',#5137,#3377);
#2900=LINE('',#5139,#3378);
#2901=LINE('',#5141,#3379);
#2902=LINE('',#5143,#3380);
#2903=LINE('',#5145,#3381);
#2904=LINE('',#5147,#3382);
#2905=LINE('',#5149,#3383);
#2906=LINE('',#5151,#3384);
#2907=LINE('',#5153,#3385);
#2908=LINE('',#5155,#3386);
#2909=LINE('',#5157,#3387);
#2910=LINE('',#5159,#3388);
#2911=LINE('',#5161,#3389);
#2912=LINE('',#5163,#3390);
#2913=LINE('',#5165,#3391);
#2914=LINE('',#5167,#3392);
#2915=LINE('',#5169,#3393);
#2916=LINE('',#5171,#3394);
#2917=LINE('',#5174,#3395);
#2918=LINE('',#5176,#3396);
#2919=LINE('',#5178,#3397);
#2920=LINE('',#5180,#3398);
#2921=LINE('',#5182,#3399);
#2922=LINE('',#5184,#3400);
#2923=LINE('',#5186,#3401);
#2924=LINE('',#5188,#3402);
#2925=LINE('',#5190,#3403);
#2926=LINE('',#5191,#3404);
#2927=LINE('',#5193,#3405);
#2928=LINE('',#5195,#3406);
#2929=LINE('',#5198,#3407);
#2930=LINE('',#5200,#3408);
#2931=LINE('',#5201,#3409);
#2932=LINE('',#5203,#3410);
#2933=LINE('',#5205,#3411);
#2934=LINE('',#5207,#3412);
#2935=LINE('',#5209,#3413);
#2936=LINE('',#5211,#3414);
#2937=LINE('',#5213,#3415);
#2938=LINE('',#5215,#3416);
#2939=LINE('',#5217,#3417);
#2940=LINE('',#5219,#3418);
#2941=LINE('',#5222,#3419);
#2942=LINE('',#5223,#3420);
#2943=LINE('',#5225,#3421);
#2944=LINE('',#5226,#3422);
#2945=LINE('',#5228,#3423);
#2946=LINE('',#5230,#3424);
#2947=LINE('',#5232,#3425);
#2948=LINE('',#5234,#3426);
#2949=LINE('',#5236,#3427);
#2950=LINE('',#5238,#3428);
#2951=LINE('',#5240,#3429);
#2952=LINE('',#5242,#3430);
#2953=LINE('',#5244,#3431);
#2954=LINE('',#5246,#3432);
#2955=LINE('',#5248,#3433);
#2956=LINE('',#5250,#3434);
#2957=LINE('',#5253,#3435);
#2958=LINE('',#5254,#3436);
#2959=LINE('',#5256,#3437);
#2960=LINE('',#5259,#3438);
#2961=LINE('',#5261,#3439);
#2962=LINE('',#5263,#3440);
#2963=LINE('',#5265,#3441);
#2964=LINE('',#5267,#3442);
#2965=LINE('',#5269,#3443);
#2966=LINE('',#5271,#3444);
#2967=LINE('',#5273,#3445);
#2968=LINE('',#5275,#3446);
#2969=LINE('',#5277,#3447);
#2970=LINE('',#5278,#3448);
#2971=LINE('',#5280,#3449);
#2972=LINE('',#5283,#3450);
#2973=LINE('',#5285,#3451);
#2974=LINE('',#5287,#3452);
#2975=LINE('',#5289,#3453);
#2976=LINE('',#5291,#3454);
#2977=LINE('',#5292,#3455);
#2978=LINE('',#5294,#3456);
#2979=LINE('',#5296,#3457);
#2980=LINE('',#5297,#3458);
#2981=LINE('',#5299,#3459);
#2982=LINE('',#5301,#3460);
#2983=LINE('',#5303,#3461);
#2984=LINE('',#5305,#3462);
#2985=LINE('',#5307,#3463);
#2986=LINE('',#5309,#3464);
#2987=LINE('',#5311,#3465);
#2988=LINE('',#5313,#3466);
#2989=LINE('',#5314,#3467);
#2990=LINE('',#5316,#3468);
#2991=LINE('',#5318,#3469);
#2992=LINE('',#5320,#3470);
#2993=LINE('',#5322,#3471);
#2994=LINE('',#5324,#3472);
#2995=LINE('',#5326,#3473);
#2996=LINE('',#5328,#3474);
#2997=LINE('',#5330,#3475);
#2998=LINE('',#5332,#3476);
#2999=LINE('',#5334,#3477);
#3000=LINE('',#5335,#3478);
#3001=LINE('',#5337,#3479);
#3002=LINE('',#5339,#3480);
#3003=LINE('',#5341,#3481);
#3004=LINE('',#5342,#3482);
#3005=LINE('',#5343,#3483);
#3006=LINE('',#5345,#3484);
#3007=LINE('',#5347,#3485);
#3008=LINE('',#5349,#3486);
#3009=LINE('',#5351,#3487);
#3010=LINE('',#5353,#3488);
#3011=LINE('',#5355,#3489);
#3012=LINE('',#5357,#3490);
#3013=LINE('',#5359,#3491);
#3014=LINE('',#5360,#3492);
#3015=LINE('',#5362,#3493);
#3016=LINE('',#5364,#3494);
#3017=LINE('',#5365,#3495);
#3018=LINE('',#5367,#3496);
#3019=LINE('',#5372,#3497);
#3020=LINE('',#5374,#3498);
#3021=LINE('',#5376,#3499);
#3022=LINE('',#5378,#3500);
#3023=LINE('',#5382,#3501);
#3024=LINE('',#5383,#3502);
#3025=LINE('',#5385,#3503);
#3026=LINE('',#5387,#3504);
#3027=LINE('',#5390,#3505);
#3028=LINE('',#5392,#3506);
#3029=LINE('',#5396,#3507);
#3030=LINE('',#5399,#3508);
#3031=LINE('',#5401,#3509);
#3032=LINE('',#5403,#3510);
#3033=LINE('',#5405,#3511);
#3034=LINE('',#5406,#3512);
#3035=LINE('',#5411,#3513);
#3036=LINE('',#5414,#3514);
#3037=LINE('',#5416,#3515);
#3038=LINE('',#5418,#3516);
#3039=LINE('',#5420,#3517);
#3040=LINE('',#5422,#3518);
#3041=LINE('',#5424,#3519);
#3042=LINE('',#5426,#3520);
#3043=LINE('',#5428,#3521);
#3044=LINE('',#5430,#3522);
#3045=LINE('',#5432,#3523);
#3046=LINE('',#5434,#3524);
#3047=LINE('',#5436,#3525);
#3048=LINE('',#5438,#3526);
#3049=LINE('',#5440,#3527);
#3050=LINE('',#5442,#3528);
#3051=LINE('',#5444,#3529);
#3052=LINE('',#5446,#3530);
#3053=LINE('',#5449,#3531);
#3054=LINE('',#5451,#3532);
#3055=LINE('',#5453,#3533);
#3056=LINE('',#5455,#3534);
#3057=LINE('',#5457,#3535);
#3058=LINE('',#5458,#3536);
#3059=LINE('',#5460,#3537);
#3060=LINE('',#5461,#3538);
#3061=LINE('',#5463,#3539);
#3062=LINE('',#5465,#3540);
#3063=LINE('',#5467,#3541);
#3064=LINE('',#5469,#3542);
#3065=LINE('',#5474,#3543);
#3066=LINE('',#5477,#3544);
#3067=LINE('',#5479,#3545);
#3068=LINE('',#5481,#3546);
#3069=LINE('',#5483,#3547);
#3070=LINE('',#5485,#3548);
#3071=LINE('',#5487,#3549);
#3072=LINE('',#5489,#3550);
#3073=LINE('',#5491,#3551);
#3074=LINE('',#5493,#3552);
#3075=LINE('',#5495,#3553);
#3076=LINE('',#5497,#3554);
#3077=LINE('',#5499,#3555);
#3078=LINE('',#5501,#3556);
#3079=LINE('',#5503,#3557);
#3080=LINE('',#5505,#3558);
#3081=LINE('',#5507,#3559);
#3082=LINE('',#5509,#3560);
#3083=LINE('',#5512,#3561);
#3084=LINE('',#5514,#3562);
#3085=LINE('',#5516,#3563);
#3086=LINE('',#5518,#3564);
#3087=LINE('',#5520,#3565);
#3088=LINE('',#5521,#3566);
#3089=LINE('',#5523,#3567);
#3090=LINE('',#5524,#3568);
#3091=LINE('',#5526,#3569);
#3092=LINE('',#5528,#3570);
#3093=LINE('',#5530,#3571);
#3094=LINE('',#5532,#3572);
#3095=LINE('',#5537,#3573);
#3096=LINE('',#5540,#3574);
#3097=LINE('',#5542,#3575);
#3098=LINE('',#5544,#3576);
#3099=LINE('',#5546,#3577);
#3100=LINE('',#5548,#3578);
#3101=LINE('',#5550,#3579);
#3102=LINE('',#5552,#3580);
#3103=LINE('',#5554,#3581);
#3104=LINE('',#5556,#3582);
#3105=LINE('',#5558,#3583);
#3106=LINE('',#5560,#3584);
#3107=LINE('',#5562,#3585);
#3108=LINE('',#5564,#3586);
#3109=LINE('',#5566,#3587);
#3110=LINE('',#5568,#3588);
#3111=LINE('',#5570,#3589);
#3112=LINE('',#5572,#3590);
#3113=LINE('',#5575,#3591);
#3114=LINE('',#5577,#3592);
#3115=LINE('',#5579,#3593);
#3116=LINE('',#5581,#3594);
#3117=LINE('',#5583,#3595);
#3118=LINE('',#5584,#3596);
#3119=LINE('',#5586,#3597);
#3120=LINE('',#5587,#3598);
#3121=LINE('',#5589,#3599);
#3122=LINE('',#5591,#3600);
#3123=LINE('',#5593,#3601);
#3124=LINE('',#5595,#3602);
#3125=VECTOR('',#3785,1.);
#3126=VECTOR('',#3786,1.);
#3127=VECTOR('',#3787,1.);
#3128=VECTOR('',#3788,1.);
#3129=VECTOR('',#3789,1.);
#3130=VECTOR('',#3790,1.);
#3131=VECTOR('',#3791,1.);
#3132=VECTOR('',#3792,1.);
#3133=VECTOR('',#3793,1.);
#3134=VECTOR('',#3794,1.);
#3135=VECTOR('',#3795,1.);
#3136=VECTOR('',#3796,1.);
#3137=VECTOR('',#3797,1.);
#3138=VECTOR('',#3798,1.);
#3139=VECTOR('',#3799,1.);
#3140=VECTOR('',#3800,1.);
#3141=VECTOR('',#3801,1.);
#3142=VECTOR('',#3802,1.);
#3143=VECTOR('',#3803,1.);
#3144=VECTOR('',#3804,1.);
#3145=VECTOR('',#3809,1.);
#3146=VECTOR('',#3810,1.);
#3147=VECTOR('',#3811,1.);
#3148=VECTOR('',#3812,1.);
#3149=VECTOR('',#3813,1.);
#3150=VECTOR('',#3814,1.);
#3151=VECTOR('',#3815,1.);
#3152=VECTOR('',#3816,1.);
#3153=VECTOR('',#3817,1.);
#3154=VECTOR('',#3818,1.);
#3155=VECTOR('',#3819,1.);
#3156=VECTOR('',#3820,1.);
#3157=VECTOR('',#3821,1.);
#3158=VECTOR('',#3822,1.);
#3159=VECTOR('',#3823,1.);
#3160=VECTOR('',#3824,1.);
#3161=VECTOR('',#3825,1.);
#3162=VECTOR('',#3826,1.);
#3163=VECTOR('',#3827,1.);
#3164=VECTOR('',#3828,1.);
#3165=VECTOR('',#3829,1.);
#3166=VECTOR('',#3830,1.);
#3167=VECTOR('',#3831,1.);
#3168=VECTOR('',#3832,1.);
#3169=VECTOR('',#3837,1.);
#3170=VECTOR('',#3838,1.);
#3171=VECTOR('',#3839,1.);
#3172=VECTOR('',#3840,1.);
#3173=VECTOR('',#3841,1.);
#3174=VECTOR('',#3842,1.);
#3175=VECTOR('',#3843,1.);
#3176=VECTOR('',#3844,1.);
#3177=VECTOR('',#3845,1.);
#3178=VECTOR('',#3846,1.);
#3179=VECTOR('',#3847,1.);
#3180=VECTOR('',#3848,1.);
#3181=VECTOR('',#3849,1.);
#3182=VECTOR('',#3850,1.);
#3183=VECTOR('',#3851,1.);
#3184=VECTOR('',#3852,1.);
#3185=VECTOR('',#3853,1.);
#3186=VECTOR('',#3854,1.);
#3187=VECTOR('',#3855,1.);
#3188=VECTOR('',#3856,1.);
#3189=VECTOR('',#3859,1.);
#3190=VECTOR('',#3860,1.);
#3191=VECTOR('',#3863,1.);
#3192=VECTOR('',#3864,1.);
#3193=VECTOR('',#3867,1.);
#3194=VECTOR('',#3868,1.);
#3195=VECTOR('',#3869,1.);
#3196=VECTOR('',#3872,1.);
#3197=VECTOR('',#3873,1.);
#3198=VECTOR('',#3874,1.);
#3199=VECTOR('',#3875,1.);
#3200=VECTOR('',#3876,1.);
#3201=VECTOR('',#3877,1.);
#3202=VECTOR('',#3878,1.);
#3203=VECTOR('',#3879,1.);
#3204=VECTOR('',#3880,1.);
#3205=VECTOR('',#3881,1.);
#3206=VECTOR('',#3882,1.);
#3207=VECTOR('',#3883,1.);
#3208=VECTOR('',#3886,1.);
#3209=VECTOR('',#3887,1.);
#3210=VECTOR('',#3888,1.);
#3211=VECTOR('',#3889,1.);
#3212=VECTOR('',#3890,1.);
#3213=VECTOR('',#3891,1.);
#3214=VECTOR('',#3892,1.);
#3215=VECTOR('',#3893,1.);
#3216=VECTOR('',#3894,1.);
#3217=VECTOR('',#3895,1.);
#3218=VECTOR('',#3896,1.);
#3219=VECTOR('',#3897,1.);
#3220=VECTOR('',#3900,1.);
#3221=VECTOR('',#3901,1.);
#3222=VECTOR('',#3902,1.);
#3223=VECTOR('',#3905,1.);
#3224=VECTOR('',#3906,1.);
#3225=VECTOR('',#3909,1.);
#3226=VECTOR('',#3912,1.);
#3227=VECTOR('',#3913,1.);
#3228=VECTOR('',#3916,1.);
#3229=VECTOR('',#3917,1.);
#3230=VECTOR('',#3918,1.);
#3231=VECTOR('',#3921,1.);
#3232=VECTOR('',#3922,1.);
#3233=VECTOR('',#3923,1.);
#3234=VECTOR('',#3924,1.);
#3235=VECTOR('',#3925,1.);
#3236=VECTOR('',#3928,1.);
#3237=VECTOR('',#3929,1.);
#3238=VECTOR('',#3930,1.);
#3239=VECTOR('',#3933,1.);
#3240=VECTOR('',#3934,1.);
#3241=VECTOR('',#3935,1.);
#3242=VECTOR('',#3936,1.);
#3243=VECTOR('',#3939,1.);
#3244=VECTOR('',#3940,1.);
#3245=VECTOR('',#3943,1.);
#3246=VECTOR('',#3944,1.);
#3247=VECTOR('',#3945,1.);
#3248=VECTOR('',#3948,1.);
#3249=VECTOR('',#3951,1.);
#3250=VECTOR('',#3952,1.);
#3251=VECTOR('',#3955,1.);
#3252=VECTOR('',#3956,1.);
#3253=VECTOR('',#3957,1.);
#3254=VECTOR('',#3958,1.);
#3255=VECTOR('',#3961,1.);
#3256=VECTOR('',#3962,1.);
#3257=VECTOR('',#3963,1.);
#3258=VECTOR('',#3964,1.);
#3259=VECTOR('',#3967,1.);
#3260=VECTOR('',#3968,1.);
#3261=VECTOR('',#3971,1.);
#3262=VECTOR('',#3972,1.);
#3263=VECTOR('',#3973,1.);
#3264=VECTOR('',#3974,1.);
#3265=VECTOR('',#3975,1.);
#3266=VECTOR('',#3976,1.);
#3267=VECTOR('',#3977,1.);
#3268=VECTOR('',#3978,1.);
#3269=VECTOR('',#3981,1.);
#3270=VECTOR('',#3984,1.);
#3271=VECTOR('',#3987,1.);
#3272=VECTOR('',#3992,1.);
#3273=VECTOR('',#3995,1.);
#3274=VECTOR('',#3998,1.);
#3275=VECTOR('',#4001,1.);
#3276=VECTOR('',#4004,1.);
#3277=VECTOR('',#4007,1.);
#3278=VECTOR('',#4010,1.);
#3279=VECTOR('',#4013,1.);
#3280=VECTOR('',#4016,1.);
#3281=VECTOR('',#4019,1.);
#3282=VECTOR('',#4022,1.);
#3283=VECTOR('',#4023,0.999999999999999);
#3284=VECTOR('',#4024,1.);
#3285=VECTOR('',#4025,1.);
#3286=VECTOR('',#4026,1.);
#3287=VECTOR('',#4027,1.);
#3288=VECTOR('',#4028,1.);
#3289=VECTOR('',#4029,1.);
#3290=VECTOR('',#4032,1.);
#3291=VECTOR('',#4033,1.);
#3292=VECTOR('',#4036,1.);
#3293=VECTOR('',#4037,1.);
#3294=VECTOR('',#4038,1.);
#3295=VECTOR('',#4043,1.);
#3296=VECTOR('',#4044,1.);
#3297=VECTOR('',#4045,1.);
#3298=VECTOR('',#4046,1.);
#3299=VECTOR('',#4047,1.);
#3300=VECTOR('',#4048,1.);
#3301=VECTOR('',#4049,1.);
#3302=VECTOR('',#4052,1.);
#3303=VECTOR('',#4055,1.);
#3304=VECTOR('',#4058,1.);
#3305=VECTOR('',#4059,1.);
#3306=VECTOR('',#4062,1.);
#3307=VECTOR('',#4065,1.);
#3308=VECTOR('',#4066,1.);
#3309=VECTOR('',#4069,1.);
#3310=VECTOR('',#4070,1.);
#3311=VECTOR('',#4071,1.);
#3312=VECTOR('',#4074,1.);
#3313=VECTOR('',#4083,1.);
#3314=VECTOR('',#4086,1.);
#3315=VECTOR('',#4089,1.);
#3316=VECTOR('',#4092,1.);
#3317=VECTOR('',#4099,1.);
#3318=VECTOR('',#4100,1.);
#3319=VECTOR('',#4103,1.);
#3320=VECTOR('',#4106,1.);
#3321=VECTOR('',#4111,1.);
#3322=VECTOR('',#4114,1.);
#3323=VECTOR('',#4121,1.);
#3324=VECTOR('',#4126,1.);
#3325=VECTOR('',#4127,1.);
#3326=VECTOR('',#4128,1.);
#3327=VECTOR('',#4131,1.);
#3328=VECTOR('',#4132,1.);
#3329=VECTOR('',#4141,1.);
#3330=VECTOR('',#4142,1.);
#3331=VECTOR('',#4143,1.);
#3332=VECTOR('',#4144,1.);
#3333=VECTOR('',#4147,1.);
#3334=VECTOR('',#4148,1.);
#3335=VECTOR('',#4149,1.);
#3336=VECTOR('',#4150,1.);
#3337=VECTOR('',#4151,1.);
#3338=VECTOR('',#4152,1.);
#3339=VECTOR('',#4153,1.);
#3340=VECTOR('',#4154,1.);
#3341=VECTOR('',#4155,1.);
#3342=VECTOR('',#4158,1.);
#3343=VECTOR('',#4159,1.);
#3344=VECTOR('',#4160,1.);
#3345=VECTOR('',#4163,1.);
#3346=VECTOR('',#4164,1.);
#3347=VECTOR('',#4165,1.);
#3348=VECTOR('',#4166,1.);
#3349=VECTOR('',#4167,1.);
#3350=VECTOR('',#4170,1.);
#3351=VECTOR('',#4171,1.);
#3352=VECTOR('',#4174,1.);
#3353=VECTOR('',#4175,1.);
#3354=VECTOR('',#4176,1.);
#3355=VECTOR('',#4177,1.);
#3356=VECTOR('',#4180,1.);
#3357=VECTOR('',#4181,1.);
#3358=VECTOR('',#4182,1.);
#3359=VECTOR('',#4183,1.);
#3360=VECTOR('',#4184,1.);
#3361=VECTOR('',#4185,1.);
#3362=VECTOR('',#4186,1.);
#3363=VECTOR('',#4187,1.);
#3364=VECTOR('',#4190,1.);
#3365=VECTOR('',#4191,1.);
#3366=VECTOR('',#4194,1.);
#3367=VECTOR('',#4197,1.);
#3368=VECTOR('',#4204,1.);
#3369=VECTOR('',#4205,1.);
#3370=VECTOR('',#4206,1.);
#3371=VECTOR('',#4207,1.);
#3372=VECTOR('',#4208,1.);
#3373=VECTOR('',#4209,1.);
#3374=VECTOR('',#4210,1.);
#3375=VECTOR('',#4211,1.);
#3376=VECTOR('',#4212,1.);
#3377=VECTOR('',#4213,1.);
#3378=VECTOR('',#4214,1.);
#3379=VECTOR('',#4215,1.);
#3380=VECTOR('',#4216,1.);
#3381=VECTOR('',#4217,1.);
#3382=VECTOR('',#4218,1.);
#3383=VECTOR('',#4219,1.);
#3384=VECTOR('',#4220,1.);
#3385=VECTOR('',#4221,1.);
#3386=VECTOR('',#4222,1.);
#3387=VECTOR('',#4223,1.);
#3388=VECTOR('',#4226,1.);
#3389=VECTOR('',#4227,1.);
#3390=VECTOR('',#4228,1.);
#3391=VECTOR('',#4231,1.);
#3392=VECTOR('',#4232,1.);
#3393=VECTOR('',#4233,1.);
#3394=VECTOR('',#4236,1.);
#3395=VECTOR('',#4237,1.);
#3396=VECTOR('',#4238,1.);
#3397=VECTOR('',#4239,1.);
#3398=VECTOR('',#4240,1.);
#3399=VECTOR('',#4241,1.);
#3400=VECTOR('',#4242,1.);
#3401=VECTOR('',#4243,1.);
#3402=VECTOR('',#4244,1.);
#3403=VECTOR('',#4245,1.);
#3404=VECTOR('',#4246,1.);
#3405=VECTOR('',#4247,1.);
#3406=VECTOR('',#4250,1.);
#3407=VECTOR('',#4251,1.);
#3408=VECTOR('',#4252,1.);
#3409=VECTOR('',#4253,1.);
#3410=VECTOR('',#4254,1.);
#3411=VECTOR('',#4255,1.);
#3412=VECTOR('',#4256,1.);
#3413=VECTOR('',#4257,1.);
#3414=VECTOR('',#4258,1.);
#3415=VECTOR('',#4259,1.);
#3416=VECTOR('',#4260,1.);
#3417=VECTOR('',#4261,1.);
#3418=VECTOR('',#4264,1.);
#3419=VECTOR('',#4265,1.);
#3420=VECTOR('',#4266,1.);
#3421=VECTOR('',#4269,1.);
#3422=VECTOR('',#4270,1.);
#3423=VECTOR('',#4273,1.);
#3424=VECTOR('',#4276,1.);
#3425=VECTOR('',#4277,1.);
#3426=VECTOR('',#4280,1.);
#3427=VECTOR('',#4281,1.);
#3428=VECTOR('',#4282,1.);
#3429=VECTOR('',#4285,1.);
#3430=VECTOR('',#4286,1.);
#3431=VECTOR('',#4287,1.);
#3432=VECTOR('',#4288,1.);
#3433=VECTOR('',#4289,1.);
#3434=VECTOR('',#4292,1.);
#3435=VECTOR('',#4293,1.);
#3436=VECTOR('',#4294,1.);
#3437=VECTOR('',#4297,1.);
#3438=VECTOR('',#4298,1.);
#3439=VECTOR('',#4299,1.);
#3440=VECTOR('',#4300,1.);
#3441=VECTOR('',#4303,1.);
#3442=VECTOR('',#4304,1.);
#3443=VECTOR('',#4307,1.);
#3444=VECTOR('',#4308,1.);
#3445=VECTOR('',#4309,1.);
#3446=VECTOR('',#4312,1.);
#3447=VECTOR('',#4315,1.);
#3448=VECTOR('',#4316,1.);
#3449=VECTOR('',#4319,1.);
#3450=VECTOR('',#4320,1.);
#3451=VECTOR('',#4321,1.);
#3452=VECTOR('',#4322,1.);
#3453=VECTOR('',#4325,1.);
#3454=VECTOR('',#4326,1.);
#3455=VECTOR('',#4327,1.);
#3456=VECTOR('',#4328,1.);
#3457=VECTOR('',#4331,1.);
#3458=VECTOR('',#4332,1.);
#3459=VECTOR('',#4335,1.);
#3460=VECTOR('',#4336,1.);
#3461=VECTOR('',#4337,1.);
#3462=VECTOR('',#4338,1.);
#3463=VECTOR('',#4339,1.);
#3464=VECTOR('',#4340,1.);
#3465=VECTOR('',#4341,1.);
#3466=VECTOR('',#4344,1.);
#3467=VECTOR('',#4345,1.);
#3468=VECTOR('',#4346,1.);
#3469=VECTOR('',#4347,1.);
#3470=VECTOR('',#4348,1.);
#3471=VECTOR('',#4349,1.);
#3472=VECTOR('',#4350,0.999999999999999);
#3473=VECTOR('',#4351,1.);
#3474=VECTOR('',#4354,1.);
#3475=VECTOR('',#4355,1.);
#3476=VECTOR('',#4358,1.);
#3477=VECTOR('',#4359,1.);
#3478=VECTOR('',#4360,1.);
#3479=VECTOR('',#4363,1.);
#3480=VECTOR('',#4364,1.);
#3481=VECTOR('',#4365,1.);
#3482=VECTOR('',#4366,1.);
#3483=VECTOR('',#4367,1.);
#3484=VECTOR('',#4368,1.);
#3485=VECTOR('',#4369,1.);
#3486=VECTOR('',#4372,1.);
#3487=VECTOR('',#4375,1.);
#3488=VECTOR('',#4378,1.);
#3489=VECTOR('',#4379,1.);
#3490=VECTOR('',#4382,1.);
#3491=VECTOR('',#4385,1.);
#3492=VECTOR('',#4386,1.);
#3493=VECTOR('',#4389,1.);
#3494=VECTOR('',#4390,1.);
#3495=VECTOR('',#4391,1.);
#3496=VECTOR('',#4394,1.);
#3497=VECTOR('',#4403,1.);
#3498=VECTOR('',#4406,1.);
#3499=VECTOR('',#4409,1.);
#3500=VECTOR('',#4412,1.);
#3501=VECTOR('',#4419,1.);
#3502=VECTOR('',#4420,1.);
#3503=VECTOR('',#4423,1.);
#3504=VECTOR('',#4426,1.);
#3505=VECTOR('',#4431,1.);
#3506=VECTOR('',#4434,1.);
#3507=VECTOR('',#4441,1.);
#3508=VECTOR('',#4446,1.);
#3509=VECTOR('',#4447,1.);
#3510=VECTOR('',#4448,1.);
#3511=VECTOR('',#4451,1.);
#3512=VECTOR('',#4452,1.);
#3513=VECTOR('',#4459,1.);
#3514=VECTOR('',#4460,1.);
#3515=VECTOR('',#4461,1.);
#3516=VECTOR('',#4462,1.);
#3517=VECTOR('',#4463,1.);
#3518=VECTOR('',#4464,1.);
#3519=VECTOR('',#4465,1.);
#3520=VECTOR('',#4466,1.);
#3521=VECTOR('',#4467,1.);
#3522=VECTOR('',#4468,1.);
#3523=VECTOR('',#4471,1.);
#3524=VECTOR('',#4472,1.);
#3525=VECTOR('',#4473,1.);
#3526=VECTOR('',#4476,1.);
#3527=VECTOR('',#4477,1.);
#3528=VECTOR('',#4480,1.);
#3529=VECTOR('',#4481,1.);
#3530=VECTOR('',#4484,1.);
#3531=VECTOR('',#4485,1.);
#3532=VECTOR('',#4486,1.);
#3533=VECTOR('',#4487,1.);
#3534=VECTOR('',#4488,1.);
#3535=VECTOR('',#4489,1.);
#3536=VECTOR('',#4490,1.);
#3537=VECTOR('',#4493,1.);
#3538=VECTOR('',#4494,1.);
#3539=VECTOR('',#4497,1.);
#3540=VECTOR('',#4500,1.);
#3541=VECTOR('',#4503,1.);
#3542=VECTOR('',#4506,1.);
#3543=VECTOR('',#4513,1.);
#3544=VECTOR('',#4514,1.);
#3545=VECTOR('',#4515,1.);
#3546=VECTOR('',#4516,1.);
#3547=VECTOR('',#4517,1.);
#3548=VECTOR('',#4518,1.);
#3549=VECTOR('',#4519,1.);
#3550=VECTOR('',#4520,1.);
#3551=VECTOR('',#4521,1.);
#3552=VECTOR('',#4522,1.);
#3553=VECTOR('',#4525,1.);
#3554=VECTOR('',#4526,1.);
#3555=VECTOR('',#4527,1.);
#3556=VECTOR('',#4530,1.);
#3557=VECTOR('',#4531,1.);
#3558=VECTOR('',#4534,1.);
#3559=VECTOR('',#4535,1.);
#3560=VECTOR('',#4538,1.);
#3561=VECTOR('',#4539,1.);
#3562=VECTOR('',#4540,1.);
#3563=VECTOR('',#4541,1.);
#3564=VECTOR('',#4542,1.);
#3565=VECTOR('',#4543,1.);
#3566=VECTOR('',#4544,1.);
#3567=VECTOR('',#4547,1.);
#3568=VECTOR('',#4548,1.);
#3569=VECTOR('',#4551,1.);
#3570=VECTOR('',#4554,1.);
#3571=VECTOR('',#4557,1.);
#3572=VECTOR('',#4560,1.);
#3573=VECTOR('',#4567,1.);
#3574=VECTOR('',#4568,1.);
#3575=VECTOR('',#4569,1.);
#3576=VECTOR('',#4570,1.);
#3577=VECTOR('',#4571,1.);
#3578=VECTOR('',#4572,1.);
#3579=VECTOR('',#4573,1.);
#3580=VECTOR('',#4574,1.);
#3581=VECTOR('',#4575,1.);
#3582=VECTOR('',#4576,1.);
#3583=VECTOR('',#4579,1.);
#3584=VECTOR('',#4580,1.);
#3585=VECTOR('',#4581,1.);
#3586=VECTOR('',#4584,1.);
#3587=VECTOR('',#4585,1.);
#3588=VECTOR('',#4588,1.);
#3589=VECTOR('',#4589,1.);
#3590=VECTOR('',#4592,1.);
#3591=VECTOR('',#4593,1.);
#3592=VECTOR('',#4594,1.);
#3593=VECTOR('',#4595,1.);
#3594=VECTOR('',#4596,1.);
#3595=VECTOR('',#4597,1.);
#3596=VECTOR('',#4598,1.);
#3597=VECTOR('',#4601,1.);
#3598=VECTOR('',#4602,1.);
#3599=VECTOR('',#4605,1.);
#3600=VECTOR('',#4608,1.);
#3601=VECTOR('',#4611,1.);
#3602=VECTOR('',#4614,1.);
#3603=AXIS2_PLACEMENT_3D('',#4621,#3783,#3784);
#3604=AXIS2_PLACEMENT_3D('',#4662,#3805,#3806);
#3605=AXIS2_PLACEMENT_3D('',#4663,#3807,#3808);
#3606=AXIS2_PLACEMENT_3D('',#4713,#3833,#3834);
#3607=AXIS2_PLACEMENT_3D('',#4714,#3835,#3836);
#3608=AXIS2_PLACEMENT_3D('',#4756,#3857,#3858);
#3609=AXIS2_PLACEMENT_3D('',#4759,#3861,#3862);
#3610=AXIS2_PLACEMENT_3D('',#4762,#3865,#3866);
#3611=AXIS2_PLACEMENT_3D('',#4768,#3870,#3871);
#3612=AXIS2_PLACEMENT_3D('',#4792,#3884,#3885);
#3613=AXIS2_PLACEMENT_3D('',#4816,#3898,#3899);
#3614=AXIS2_PLACEMENT_3D('',#4822,#3903,#3904);
#3615=AXIS2_PLACEMENT_3D('',#4825,#3907,#3908);
#3616=AXIS2_PLACEMENT_3D('',#4827,#3910,#3911);
#3617=AXIS2_PLACEMENT_3D('',#4831,#3914,#3915);
#3618=AXIS2_PLACEMENT_3D('',#4837,#3919,#3920);
#3619=AXIS2_PLACEMENT_3D('',#4847,#3926,#3927);
#3620=AXIS2_PLACEMENT_3D('',#4853,#3931,#3932);
#3621=AXIS2_PLACEMENT_3D('',#4862,#3937,#3938);
#3622=AXIS2_PLACEMENT_3D('',#4866,#3941,#3942);
#3623=AXIS2_PLACEMENT_3D('',#4872,#3946,#3947);
#3624=AXIS2_PLACEMENT_3D('',#4874,#3949,#3950);
#3625=AXIS2_PLACEMENT_3D('',#4877,#3953,#3954);
#3626=AXIS2_PLACEMENT_3D('',#4886,#3959,#3960);
#3627=AXIS2_PLACEMENT_3D('',#4893,#3965,#3966);
#3628=AXIS2_PLACEMENT_3D('',#4896,#3969,#3970);
#3629=AXIS2_PLACEMENT_3D('',#4911,#3979,#3980);
#3630=AXIS2_PLACEMENT_3D('',#4913,#3982,#3983);
#3631=AXIS2_PLACEMENT_3D('',#4915,#3985,#3986);
#3632=AXIS2_PLACEMENT_3D('',#4917,#3988,#3989);
#3633=AXIS2_PLACEMENT_3D('',#4918,#3990,#3991);
#3634=AXIS2_PLACEMENT_3D('',#4920,#3993,#3994);
#3635=AXIS2_PLACEMENT_3D('',#4922,#3996,#3997);
#3636=AXIS2_PLACEMENT_3D('',#4924,#3999,#4000);
#3637=AXIS2_PLACEMENT_3D('',#4926,#4002,#4003);
#3638=AXIS2_PLACEMENT_3D('',#4928,#4005,#4006);
#3639=AXIS2_PLACEMENT_3D('',#4930,#4008,#4009);
#3640=AXIS2_PLACEMENT_3D('',#4932,#4011,#4012);
#3641=AXIS2_PLACEMENT_3D('',#4934,#4014,#4015);
#3642=AXIS2_PLACEMENT_3D('',#4936,#4017,#4018);
#3643=AXIS2_PLACEMENT_3D('',#4938,#4020,#4021);
#3644=AXIS2_PLACEMENT_3D('',#4953,#4030,#4031);
#3645=AXIS2_PLACEMENT_3D('',#4957,#4034,#4035);
#3646=AXIS2_PLACEMENT_3D('',#4962,#4039,#4040);
#3647=AXIS2_PLACEMENT_3D('',#4963,#4041,#4042);
#3648=AXIS2_PLACEMENT_3D('',#4975,#4050,#4051);
#3649=AXIS2_PLACEMENT_3D('',#4977,#4053,#4054);
#3650=AXIS2_PLACEMENT_3D('',#4979,#4056,#4057);
#3651=AXIS2_PLACEMENT_3D('',#4983,#4060,#4061);
#3652=AXIS2_PLACEMENT_3D('',#4985,#4063,#4064);
#3653=AXIS2_PLACEMENT_3D('',#4988,#4067,#4068);
#3654=AXIS2_PLACEMENT_3D('',#4993,#4072,#4073);
#3655=AXIS2_PLACEMENT_3D('',#4995,#4075,#4076);
#3656=AXIS2_PLACEMENT_3D('',#4996,#4077,#4078);
#3657=AXIS2_PLACEMENT_3D('',#4997,#4079,#4080);
#3658=AXIS2_PLACEMENT_3D('',#4998,#4081,#4082);
#3659=AXIS2_PLACEMENT_3D('',#5000,#4084,#4085);
#3660=AXIS2_PLACEMENT_3D('',#5002,#4087,#4088);
#3661=AXIS2_PLACEMENT_3D('',#5004,#4090,#4091);
#3662=AXIS2_PLACEMENT_3D('',#5006,#4093,#4094);
#3663=AXIS2_PLACEMENT_3D('',#5007,#4095,#4096);
#3664=AXIS2_PLACEMENT_3D('',#5008,#4097,#4098);
#3665=AXIS2_PLACEMENT_3D('',#5011,#4101,#4102);
#3666=AXIS2_PLACEMENT_3D('',#5013,#4104,#4105);
#3667=AXIS2_PLACEMENT_3D('',#5015,#4107,#4108);
#3668=AXIS2_PLACEMENT_3D('',#5016,#4109,#4110);
#3669=AXIS2_PLACEMENT_3D('',#5018,#4112,#4113);
#3670=AXIS2_PLACEMENT_3D('',#5020,#4115,#4116);
#3671=AXIS2_PLACEMENT_3D('',#5021,#4117,#4118);
#3672=AXIS2_PLACEMENT_3D('',#5022,#4119,#4120);
#3673=AXIS2_PLACEMENT_3D('',#5024,#4122,#4123);
#3674=AXIS2_PLACEMENT_3D('',#5025,#4124,#4125);
#3675=AXIS2_PLACEMENT_3D('',#5031,#4129,#4130);
#3676=AXIS2_PLACEMENT_3D('',#5034,#4133,#4134);
#3677=AXIS2_PLACEMENT_3D('',#5035,#4135,#4136);
#3678=AXIS2_PLACEMENT_3D('',#5036,#4137,#4138);
#3679=AXIS2_PLACEMENT_3D('',#5037,#4139,#4140);
#3680=AXIS2_PLACEMENT_3D('',#5047,#4145,#4146);
#3681=AXIS2_PLACEMENT_3D('',#5065,#4156,#4157);
#3682=AXIS2_PLACEMENT_3D('',#5071,#4161,#4162);
#3683=AXIS2_PLACEMENT_3D('',#5081,#4168,#4169);
#3684=AXIS2_PLACEMENT_3D('',#5085,#4172,#4173);
#3685=AXIS2_PLACEMENT_3D('',#5093,#4178,#4179);
#3686=AXIS2_PLACEMENT_3D('',#5108,#4188,#4189);
#3687=AXIS2_PLACEMENT_3D('',#5111,#4192,#4193);
#3688=AXIS2_PLACEMENT_3D('',#5113,#4195,#4196);
#3689=AXIS2_PLACEMENT_3D('',#5115,#4198,#4199);
#3690=AXIS2_PLACEMENT_3D('',#5116,#4200,#4201);
#3691=AXIS2_PLACEMENT_3D('',#5117,#4202,#4203);
#3692=AXIS2_PLACEMENT_3D('',#5158,#4224,#4225);
#3693=AXIS2_PLACEMENT_3D('',#5164,#4229,#4230);
#3694=AXIS2_PLACEMENT_3D('',#5170,#4234,#4235);
#3695=AXIS2_PLACEMENT_3D('',#5194,#4248,#4249);
#3696=AXIS2_PLACEMENT_3D('',#5218,#4262,#4263);
#3697=AXIS2_PLACEMENT_3D('',#5224,#4267,#4268);
#3698=AXIS2_PLACEMENT_3D('',#5227,#4271,#4272);
#3699=AXIS2_PLACEMENT_3D('',#5229,#4274,#4275);
#3700=AXIS2_PLACEMENT_3D('',#5233,#4278,#4279);
#3701=AXIS2_PLACEMENT_3D('',#5239,#4283,#4284);
#3702=AXIS2_PLACEMENT_3D('',#5249,#4290,#4291);
#3703=AXIS2_PLACEMENT_3D('',#5255,#4295,#4296);
#3704=AXIS2_PLACEMENT_3D('',#5264,#4301,#4302);
#3705=AXIS2_PLACEMENT_3D('',#5268,#4305,#4306);
#3706=AXIS2_PLACEMENT_3D('',#5274,#4310,#4311);
#3707=AXIS2_PLACEMENT_3D('',#5276,#4313,#4314);
#3708=AXIS2_PLACEMENT_3D('',#5279,#4317,#4318);
#3709=AXIS2_PLACEMENT_3D('',#5288,#4323,#4324);
#3710=AXIS2_PLACEMENT_3D('',#5295,#4329,#4330);
#3711=AXIS2_PLACEMENT_3D('',#5298,#4333,#4334);
#3712=AXIS2_PLACEMENT_3D('',#5312,#4342,#4343);
#3713=AXIS2_PLACEMENT_3D('',#5327,#4352,#4353);
#3714=AXIS2_PLACEMENT_3D('',#5331,#4356,#4357);
#3715=AXIS2_PLACEMENT_3D('',#5336,#4361,#4362);
#3716=AXIS2_PLACEMENT_3D('',#5348,#4370,#4371);
#3717=AXIS2_PLACEMENT_3D('',#5350,#4373,#4374);
#3718=AXIS2_PLACEMENT_3D('',#5352,#4376,#4377);
#3719=AXIS2_PLACEMENT_3D('',#5356,#4380,#4381);
#3720=AXIS2_PLACEMENT_3D('',#5358,#4383,#4384);
#3721=AXIS2_PLACEMENT_3D('',#5361,#4387,#4388);
#3722=AXIS2_PLACEMENT_3D('',#5366,#4392,#4393);
#3723=AXIS2_PLACEMENT_3D('',#5368,#4395,#4396);
#3724=AXIS2_PLACEMENT_3D('',#5369,#4397,#4398);
#3725=AXIS2_PLACEMENT_3D('',#5370,#4399,#4400);
#3726=AXIS2_PLACEMENT_3D('',#5371,#4401,#4402);
#3727=AXIS2_PLACEMENT_3D('',#5373,#4404,#4405);
#3728=AXIS2_PLACEMENT_3D('',#5375,#4407,#4408);
#3729=AXIS2_PLACEMENT_3D('',#5377,#4410,#4411);
#3730=AXIS2_PLACEMENT_3D('',#5379,#4413,#4414);
#3731=AXIS2_PLACEMENT_3D('',#5380,#4415,#4416);
#3732=AXIS2_PLACEMENT_3D('',#5381,#4417,#4418);
#3733=AXIS2_PLACEMENT_3D('',#5384,#4421,#4422);
#3734=AXIS2_PLACEMENT_3D('',#5386,#4424,#4425);
#3735=AXIS2_PLACEMENT_3D('',#5388,#4427,#4428);
#3736=AXIS2_PLACEMENT_3D('',#5389,#4429,#4430);
#3737=AXIS2_PLACEMENT_3D('',#5391,#4432,#4433);
#3738=AXIS2_PLACEMENT_3D('',#5393,#4435,#4436);
#3739=AXIS2_PLACEMENT_3D('',#5394,#4437,#4438);
#3740=AXIS2_PLACEMENT_3D('',#5395,#4439,#4440);
#3741=AXIS2_PLACEMENT_3D('',#5397,#4442,#4443);
#3742=AXIS2_PLACEMENT_3D('',#5398,#4444,#4445);
#3743=AXIS2_PLACEMENT_3D('',#5404,#4449,#4450);
#3744=AXIS2_PLACEMENT_3D('',#5407,#4453,#4454);
#3745=AXIS2_PLACEMENT_3D('',#5408,#4455,#4456);
#3746=AXIS2_PLACEMENT_3D('',#5409,#4457,#4458);
#3747=AXIS2_PLACEMENT_3D('',#5431,#4469,#4470);
#3748=AXIS2_PLACEMENT_3D('',#5437,#4474,#4475);
#3749=AXIS2_PLACEMENT_3D('',#5441,#4478,#4479);
#3750=AXIS2_PLACEMENT_3D('',#5445,#4482,#4483);
#3751=AXIS2_PLACEMENT_3D('',#5459,#4491,#4492);
#3752=AXIS2_PLACEMENT_3D('',#5462,#4495,#4496);
#3753=AXIS2_PLACEMENT_3D('',#5464,#4498,#4499);
#3754=AXIS2_PLACEMENT_3D('',#5466,#4501,#4502);
#3755=AXIS2_PLACEMENT_3D('',#5468,#4504,#4505);
#3756=AXIS2_PLACEMENT_3D('',#5470,#4507,#4508);
#3757=AXIS2_PLACEMENT_3D('',#5471,#4509,#4510);
#3758=AXIS2_PLACEMENT_3D('',#5472,#4511,#4512);
#3759=AXIS2_PLACEMENT_3D('',#5494,#4523,#4524);
#3760=AXIS2_PLACEMENT_3D('',#5500,#4528,#4529);
#3761=AXIS2_PLACEMENT_3D('',#5504,#4532,#4533);
#3762=AXIS2_PLACEMENT_3D('',#5508,#4536,#4537);
#3763=AXIS2_PLACEMENT_3D('',#5522,#4545,#4546);
#3764=AXIS2_PLACEMENT_3D('',#5525,#4549,#4550);
#3765=AXIS2_PLACEMENT_3D('',#5527,#4552,#4553);
#3766=AXIS2_PLACEMENT_3D('',#5529,#4555,#4556);
#3767=AXIS2_PLACEMENT_3D('',#5531,#4558,#4559);
#3768=AXIS2_PLACEMENT_3D('',#5533,#4561,#4562);
#3769=AXIS2_PLACEMENT_3D('',#5534,#4563,#4564);
#3770=AXIS2_PLACEMENT_3D('',#5535,#4565,#4566);
#3771=AXIS2_PLACEMENT_3D('',#5557,#4577,#4578);
#3772=AXIS2_PLACEMENT_3D('',#5563,#4582,#4583);
#3773=AXIS2_PLACEMENT_3D('',#5567,#4586,#4587);
#3774=AXIS2_PLACEMENT_3D('',#5571,#4590,#4591);
#3775=AXIS2_PLACEMENT_3D('',#5585,#4599,#4600);
#3776=AXIS2_PLACEMENT_3D('',#5588,#4603,#4604);
#3777=AXIS2_PLACEMENT_3D('',#5590,#4606,#4607);
#3778=AXIS2_PLACEMENT_3D('',#5592,#4609,#4610);
#3779=AXIS2_PLACEMENT_3D('',#5594,#4612,#4613);
#3780=AXIS2_PLACEMENT_3D('',#5596,#4615,#4616);
#3781=AXIS2_PLACEMENT_3D('',#5597,#4617,#4618);
#3782=AXIS2_PLACEMENT_3D('',#5598,#4619,#4620);
#3783=DIRECTION('',(0.,0.,1.));
#3784=DIRECTION('',(1.,0.,0.));
#3785=DIRECTION('',(-1.,0.,0.));
#3786=DIRECTION('',(0.,1.,1.314525273895E-013));
#3787=DIRECTION('',(-1.,0.,0.));
#3788=DIRECTION('',(0.,1.,1.314525273895E-013));
#3789=DIRECTION('',(1.,-1.92747052886312E-016,-4.62592926927149E-015));
#3790=DIRECTION('',(-0.0871557427476654,0.996194698091745,3.10064321553056E-014));
#3791=DIRECTION('',(1.,0.,-5.29295548772461E-015));
#3792=DIRECTION('',(0.0871557427476581,-0.996194698091746,-1.31522585448329E-013));
#3793=DIRECTION('',(1.,0.,-5.29295548772461E-015));
#3794=DIRECTION('',(-0.0871557427476654,0.996194698091745,3.10064321553056E-014));
#3795=DIRECTION('',(-1.,2.06032923467292E-015,4.89328193234818E-015));
#3796=DIRECTION('',(1.05007474332736E-015,1.,3.12397236139891E-014));
#3797=DIRECTION('',(-1.,0.,0.));
#3798=DIRECTION('',(0.,-1.,-3.09772049281572E-014));
#3799=DIRECTION('',(-1.,-4.12065846934583E-015,4.63574077801406E-015));
#3800=DIRECTION('',(-0.0871557427476671,-0.996194698091745,-3.02055280036925E-014));
#3801=DIRECTION('',(1.,0.,-5.29295548772461E-015));
#3802=DIRECTION('',(-0.0871557427476672,-0.996194698091745,-3.02274956604224E-014));
#3803=DIRECTION('',(1.,0.,-5.29295548772461E-015));
#3804=DIRECTION('',(-0.0871557427476671,-0.996194698091745,-3.02055280036925E-014));
#3805=DIRECTION('',(5.29295548772461E-015,-1.31561906756299E-013,1.));
#3806=DIRECTION('',(0.,-1.,-1.3156186209895E-013));
#3807=DIRECTION('',(-4.60999348930847E-015,3.07549629340801E-014,-1.));
#3808=DIRECTION('',(0.,-1.,-3.0733289928723E-014));
#3809=DIRECTION('',(1.,0.,-4.91832873442391E-015));
#3810=DIRECTION('',(0.,-1.,-3.07549629340801E-014));
#3811=DIRECTION('',(-1.,0.,4.68844182696434E-015));
#3812=DIRECTION('',(1.14126544472159E-014,-1.,-3.28113815357456E-014));
#3813=DIRECTION('',(-1.,3.43169827097291E-016,4.61134455161985E-015));
#3814=DIRECTION('',(5.70632722360794E-015,1.,3.28113815357456E-014));
#3815=DIRECTION('',(-1.,0.,4.35355312503832E-015));
#3816=DIRECTION('',(-1.57079548718592E-031,1.,3.07549629340801E-014));
#3817=DIRECTION('',(1.,0.,-4.62901527945779E-015));
#3818=DIRECTION('',(8.99972506457688E-016,1.,3.07049443379682E-014));
#3819=DIRECTION('',(-1.,0.,4.25177322543334E-015));
#3820=DIRECTION('',(-2.25113350113783E-016,1.,3.07279722905313E-014));
#3821=DIRECTION('',(1.,0.,-4.697732002315E-015));
#3822=DIRECTION('',(1.05007474332736E-015,1.,3.12397236139891E-014));
#3823=DIRECTION('',(-1.,2.06032923467292E-015,4.89328193234818E-015));
#3824=DIRECTION('',(-0.0871557427476581,0.996194698091746,3.10397184215613E-014));
#3825=DIRECTION('',(1.,0.,0.));
#3826=DIRECTION('',(-0.0871557427476581,-0.996194698091746,-3.02361436083162E-014));
#3827=DIRECTION('',(-1.,-4.12065846934583E-015,4.63574077801406E-015));
#3828=DIRECTION('',(0.,-1.,-3.09772049281572E-014));
#3829=DIRECTION('',(1.,0.,-4.697732002315E-015));
#3830=DIRECTION('',(-4.50226700227566E-016,-1.,-3.06716939530029E-014));
#3831=DIRECTION('',(-1.,0.,6.37765983815005E-015));
#3832=DIRECTION('',(0.,-1.,-3.09167025747817E-014));
#3833=DIRECTION('',(-4.60999348930847E-015,3.07549629340801E-014,-1.));
#3834=DIRECTION('',(0.,1.,3.07549125055928E-014));
#3835=DIRECTION('',(-4.60999348930847E-015,3.07549629340801E-014,-1.));
#3836=DIRECTION('',(0.,-1.,-3.0733289928723E-014));
#3837=DIRECTION('',(-1.,0.,4.68844182696434E-015));
#3838=DIRECTION('',(0.,1.,1.31561906756299E-013));
#3839=DIRECTION('',(1.,0.,-4.91832873442391E-015));
#3840=DIRECTION('',(0.,-1.,-3.09167025747817E-014));
#3841=DIRECTION('',(-1.,0.,6.37765983815005E-015));
#3842=DIRECTION('',(-4.50226700227566E-016,-1.,-3.06716939530029E-014));
#3843=DIRECTION('',(1.,0.,-4.697732002315E-015));
#3844=DIRECTION('',(0.,-1.,-3.09772049281572E-014));
#3845=DIRECTION('',(-1.,0.,0.));
#3846=DIRECTION('',(1.05007474332736E-015,1.,3.12397236139891E-014));
#3847=DIRECTION('',(1.,0.,-4.697732002315E-015));
#3848=DIRECTION('',(-2.25113350113783E-016,1.,3.07279722905313E-014));
#3849=DIRECTION('',(-1.,0.,4.25177322543334E-015));
#3850=DIRECTION('',(8.99972506457688E-016,1.,3.07049443379682E-014));
#3851=DIRECTION('',(1.,0.,-4.62901527945779E-015));
#3852=DIRECTION('',(4.64562275148797E-028,1.,1.31561906756299E-013));
#3853=DIRECTION('',(-1.,0.,4.35355312503832E-015));
#3854=DIRECTION('',(5.70632722360794E-015,1.,3.28113815357456E-014));
#3855=DIRECTION('',(-1.,3.43169827097291E-016,4.61134455161985E-015));
#3856=DIRECTION('',(1.14126544472159E-014,-1.,-3.28113815357456E-014));
#3857=DIRECTION('',(5.29295548772461E-015,-1.31561906756299E-013,1.));
#3858=DIRECTION('',(0.,-1.,-1.3156186209895E-013));
#3859=DIRECTION('',(0.,-3.07549629340801E-014,1.));
#3860=DIRECTION('',(4.60999348930847E-015,-3.07549629340801E-014,1.));
#3861=DIRECTION('',(-1.51263017924829E-028,-1.,-3.07549629340801E-014));
#3862=DIRECTION('',(0.,3.07566472290688E-014,-1.));
#3863=DIRECTION('',(0.,3.07549629340801E-014,-1.));
#3864=DIRECTION('',(4.60999348930847E-015,-3.07549629340801E-014,1.));
#3865=DIRECTION('',(1.44192854606879E-028,1.,3.07549629340801E-014));
#3866=DIRECTION('',(0.,-3.07566472290688E-014,1.));
#3867=DIRECTION('',(-2.99051504434002E-015,-3.41817433690011E-014,1.));
#3868=DIRECTION('',(-0.0871557427476581,-0.996194698091746,-3.10064321553056E-014));
#3869=DIRECTION('',(2.690710603892E-015,3.07549629340801E-014,-1.));
#3870=DIRECTION('',(-0.996194698091746,0.0871557427476581,0.));
#3871=DIRECTION('',(-0.0871557427476581,-0.996194698091746,0.));
#3872=DIRECTION('',(0.0437025378896693,0.49952229384235,-0.865197992448248));
#3873=DIRECTION('',(-0.0106615799805397,-0.121862416807547,-0.992489739031161));
#3874=DIRECTION('',(4.60999348930847E-015,-3.07549629340801E-014,1.));
#3875=DIRECTION('',(7.30070409320075E-015,0.,1.));
#3876=DIRECTION('',(-0.0871557427476671,-0.996194698091745,-3.02274956604224E-014));
#3877=DIRECTION('',(7.30070409320075E-015,0.,1.));
#3878=DIRECTION('',(0.0871557427476671,0.996194698091745,3.00405781266114E-014));
#3879=DIRECTION('',(7.30070409320075E-015,0.,1.));
#3880=DIRECTION('',(-0.0871557427476671,-0.996194698091745,-3.04196214111309E-014));
#3881=DIRECTION('',(7.30070409320075E-015,0.,1.));
#3882=DIRECTION('',(-0.0871557427476671,-0.996194698091745,-3.02274956604225E-014));
#3883=DIRECTION('',(4.60999348930847E-015,-3.07549629340801E-014,1.));
#3884=DIRECTION('',(-0.996194698091745,0.0871557427476671,7.27292270998329E-015));
#3885=DIRECTION('',(-0.0871557427476671,-0.996194698091745,0.));
#3886=DIRECTION('',(0.0437025378896764,-0.49952229384235,0.865197992448248));
#3887=DIRECTION('',(4.60999348930847E-015,-3.07549629340801E-014,1.));
#3888=DIRECTION('',(-0.0871557427476654,0.996194698091745,3.10064321553056E-014));
#3889=DIRECTION('',(-1.91928288541625E-015,0.,-1.));
#3890=DIRECTION('',(-0.0871557427476654,0.996194698091745,3.10348339576158E-014));
#3891=DIRECTION('',(-1.91928288541625E-015,0.,-1.));
#3892=DIRECTION('',(0.0871557427476654,-0.996194698091745,-3.10053454381718E-014));
#3893=DIRECTION('',(-1.91928288541625E-015,0.,-1.));
#3894=DIRECTION('',(-0.0871557427476654,0.996194698091745,3.10064321553056E-014));
#3895=DIRECTION('',(-1.91928288541625E-015,0.,-1.));
#3896=DIRECTION('',(4.60999348930847E-015,-3.07549629340801E-014,1.));
#3897=DIRECTION('',(-0.0106615799805304,0.121862416807547,0.992489739031161));
#3898=DIRECTION('',(0.996194698091745,0.0871557427476654,-1.9119794345899E-015));
#3899=DIRECTION('',(-0.0871557427476654,0.996194698091745,0.));
#3900=DIRECTION('',(0.0871557427476654,-0.996194698091745,-3.10064321553056E-014));
#3901=DIRECTION('',(-2.99051504434002E-015,3.41817433690011E-014,-1.));
#3902=DIRECTION('',(-2.690710603892E-015,3.07549629340801E-014,-1.));
#3903=DIRECTION('',(0.996194698091746,0.0871557427476581,0.));
#3904=DIRECTION('',(-0.0871557427476581,0.996194698091746,0.));
#3905=DIRECTION('',(1.,-1.92747052886454E-016,-5.99922728951178E-030));
#3906=DIRECTION('',(-1.,1.92747052886464E-016,-3.33847688608502E-016));
#3907=DIRECTION('',(-1.92747052886454E-016,-1.,-3.07549629340801E-014));
#3908=DIRECTION('',(0.,3.07549125055928E-014,-1.));
#3909=DIRECTION('',(1.,-1.92747052886291E-016,-5.29295548772464E-015));
#3910=DIRECTION('',(-1.92747052886454E-016,-1.,-3.07549629340801E-014));
#3911=DIRECTION('',(0.,3.07549125055928E-014,-1.));
#3912=DIRECTION('',(0.,0.,-1.));
#3913=DIRECTION('',(1.,0.,5.0194545022477E-016));
#3914=DIRECTION('',(0.,-1.,0.));
#3915=DIRECTION('',(0.,0.,-1.));
#3916=DIRECTION('',(-0.573576436351046,0.,-0.819152044288992));
#3917=DIRECTION('',(1.6629566964558E-014,0.,-1.));
#3918=DIRECTION('',(0.573576436351043,0.,-0.819152044288994));
#3919=DIRECTION('',(0.,-1.,0.));
#3920=DIRECTION('',(0.,0.,-1.));
#3921=DIRECTION('',(-0.0871557427476672,-0.996194698091745,-3.02274956604224E-014));
#3922=DIRECTION('',(1.,0.,5.0194545022477E-016));
#3923=DIRECTION('',(1.,0.,5.0194545022477E-016));
#3924=DIRECTION('',(-0.0871557427476672,-0.996194698091745,-3.02274956604224E-014));
#3925=DIRECTION('',(1.,0.,5.0194545022477E-016));
#3926=DIRECTION('',(5.0194545022477E-016,3.11687862255408E-014,-1.));
#3927=DIRECTION('',(0.,1.,3.11688608950478E-014));
#3928=DIRECTION('',(1.,0.,5.0194545022477E-016));
#3929=DIRECTION('',(-1.91928288541625E-015,0.,-1.));
#3930=DIRECTION('',(0.,0.,-1.));
#3931=DIRECTION('',(0.,-1.,0.));
#3932=DIRECTION('',(0.,0.,-1.));
#3933=DIRECTION('',(0.731009699935878,0.,0.682367070277909));
#3934=DIRECTION('',(-1.91928288541625E-015,0.,-1.));
#3935=DIRECTION('',(-0.43860860374347,0.,0.898678191969853));
#3936=DIRECTION('',(-1.66295669645583E-014,0.,1.));
#3937=DIRECTION('',(0.,-1.,0.));
#3938=DIRECTION('',(0.,0.,-1.));
#3939=DIRECTION('',(1.,0.,5.0194545022477E-016));
#3940=DIRECTION('',(0.,0.,-1.));
#3941=DIRECTION('',(0.,-1.,0.));
#3942=DIRECTION('',(0.,0.,-1.));
#3943=DIRECTION('',(0.731009699935878,0.,0.682367070277909));
#3944=DIRECTION('',(-1.66295669645583E-014,0.,1.));
#3945=DIRECTION('',(-0.43860860374347,0.,0.898678191969853));
#3946=DIRECTION('',(0.,-1.,0.));
#3947=DIRECTION('',(0.,0.,-1.));
#3948=DIRECTION('',(0.0871557427476581,-0.996194698091746,-3.10064321553056E-014));
#3949=DIRECTION('',(0.996194698091746,0.0871557427476581,0.));
#3950=DIRECTION('',(-0.0871557427476581,0.996194698091746,0.));
#3951=DIRECTION('',(0.,0.,-1.));
#3952=DIRECTION('',(7.30070409320075E-015,0.,1.));
#3953=DIRECTION('',(0.,-1.,0.));
#3954=DIRECTION('',(0.,0.,-1.));
#3955=DIRECTION('',(-0.573576436351046,0.,-0.819152044288992));
#3956=DIRECTION('',(7.30070409320075E-015,0.,1.));
#3957=DIRECTION('',(0.573576436351043,0.,-0.819152044288994));
#3958=DIRECTION('',(1.6629566964558E-014,0.,-1.));
#3959=DIRECTION('',(0.,-1.,0.));
#3960=DIRECTION('',(0.,0.,-1.));
#3961=DIRECTION('',(4.60999348930847E-015,-3.07549629340801E-014,1.));
#3962=DIRECTION('',(-0.0871557427476671,-0.996194698091745,-3.10064321553056E-014));
#3963=DIRECTION('',(7.30070409320075E-015,0.,1.));
#3964=DIRECTION('',(7.30070409320075E-015,0.,1.));
#3965=DIRECTION('',(-0.996194698091745,0.0871557427476671,7.27292270998329E-015));
#3966=DIRECTION('',(-0.0871557427476671,-0.996194698091745,0.));
#3967=DIRECTION('',(-1.,-4.12065846934569E-015,-1.28254966132319E-028));
#3968=DIRECTION('',(4.60999348930847E-015,-3.07549629340801E-014,1.));
#3969=DIRECTION('',(-4.12065846934569E-015,1.,3.07549629340801E-014));
#3970=DIRECTION('',(0.,-3.07549125055928E-014,1.));
#3971=DIRECTION('',(-1.19315411283167E-015,-0.96592582628906,-0.258819045102554));
#3972=DIRECTION('',(4.60999348930847E-015,-3.24247378687253E-014,1.));
#3973=DIRECTION('',(4.60999348930847E-015,-3.07549629340801E-014,1.));
#3974=DIRECTION('',(-4.60999348930847E-015,1.62123689343627E-014,-1.));
#3975=DIRECTION('',(1.19315411283165E-015,-0.965925826289077,0.25881904510249));
#3976=DIRECTION('',(-4.5118332774877E-015,0.205261898545328,-0.978707082331362));
#3977=DIRECTION('',(-4.26282725479925E-031,-1.,-3.10696741965995E-014));
#3978=DIRECTION('',(4.51183327748772E-015,0.205261898545252,0.978707082331378));
#3979=DIRECTION('',(-1.,-1.42804713035779E-028,4.60999348930847E-015));
#3980=DIRECTION('',(4.61002763740836E-015,0.,1.));
#3981=DIRECTION('',(4.60999348930847E-015,-3.07549629340801E-014,1.));
#3982=DIRECTION('',(-1.44478573605439E-028,-1.,-3.07549629340801E-014));
#3983=DIRECTION('',(0.,3.07549125055928E-014,-1.));
#3984=DIRECTION('',(4.60999348930847E-015,-3.07549629340801E-014,1.));
#3985=DIRECTION('',(-1.,4.50226700227424E-016,4.60999348930849E-015));
#3986=DIRECTION('',(4.60916027567038E-015,0.,1.));
#3987=DIRECTION('',(4.60999348930847E-015,-3.07549629340801E-014,1.));
#3988=DIRECTION('',(1.96144691928476E-028,1.,3.07549629340801E-014));
#3989=DIRECTION('',(0.,-3.07566472290688E-014,1.));
#3990=DIRECTION('',(-1.,-1.4252579758063E-028,4.60999348930847E-015));
#3991=DIRECTION('',(4.60916027567038E-015,0.,1.));
#3992=DIRECTION('',(4.60999348930847E-015,-3.07549629340801E-014,1.));
#3993=DIRECTION('',(-1.,-1.1412654447216E-014,4.60999348930812E-015));
#3994=DIRECTION('',(1.14127457484514E-014,-1.,0.));
#3995=DIRECTION('',(4.60999348930847E-015,-3.07549629340801E-014,1.));
#3996=DIRECTION('',(3.43169827097433E-016,1.,3.07549629340801E-014));
#3997=DIRECTION('',(0.,-3.07566472290688E-014,1.));
#3998=DIRECTION('',(4.60999348930847E-015,-3.07549629340801E-014,1.));
#3999=DIRECTION('',(1.,-5.70632722360779E-015,-4.60999348930865E-015));
#4000=DIRECTION('',(5.70637287422571E-015,1.,0.));
#4001=DIRECTION('',(4.60999348930847E-015,-3.07549629340801E-014,1.));
#4002=DIRECTION('',(1.33893364992102E-028,1.,3.07549629340801E-014));
#4003=DIRECTION('',(0.,-3.07566472290688E-014,1.));
#4004=DIRECTION('',(4.60999348930847E-015,-3.07549629340801E-014,1.));
#4005=DIRECTION('',(1.,1.41937258438751E-028,-4.60999348930847E-015));
#4006=DIRECTION('',(-4.61002763740836E-015,0.,-1.));
#4007=DIRECTION('',(4.60999348930847E-015,-3.07549629340801E-014,1.));
#4008=DIRECTION('',(-1.42365193341015E-028,-1.,-3.07549629340801E-014));
#4009=DIRECTION('',(0.,3.07566472290688E-014,-1.));
#4010=DIRECTION('',(4.60999348930847E-015,-3.07549629340801E-014,1.));
#4011=DIRECTION('',(1.,-8.99972506457546E-016,-4.6099934893085E-015));
#4012=DIRECTION('',(-4.60997342729974E-015,0.,-1.));
#4013=DIRECTION('',(4.60999348930847E-015,-3.07549629340801E-014,1.));
#4014=DIRECTION('',(1.30763127952316E-028,1.,3.07549629340801E-014));
#4015=DIRECTION('',(0.,-3.07566472290688E-014,1.));
#4016=DIRECTION('',(4.60999348930847E-015,-3.07549629340801E-014,1.));
#4017=DIRECTION('',(1.,2.25113350113924E-016,-4.60999348930847E-015));
#4018=DIRECTION('',(-4.61002763740836E-015,0.,-1.));
#4019=DIRECTION('',(4.60999348930847E-015,-3.07549629340801E-014,1.));
#4020=DIRECTION('',(-1.4447857360544E-028,-1.,-3.07549629340801E-014));
#4021=DIRECTION('',(0.,3.07549125055928E-014,-1.));
#4022=DIRECTION('',(0.,-3.24247378687253E-014,1.));
#4023=DIRECTION('',(0.,-0.965925826289059,-0.258819045102554));
#4024=DIRECTION('',(0.,0.205261898545252,0.978707082331378));
#4025=DIRECTION('',(0.,-1.,-3.10696741965995E-014));
#4026=DIRECTION('',(0.,0.205261898545328,-0.978707082331362));
#4027=DIRECTION('',(0.,-0.965925826289077,0.25881904510249));
#4028=DIRECTION('',(0.,1.62123689343627E-014,-1.));
#4029=DIRECTION('',(4.60999348930847E-015,-3.07549629340801E-014,1.));
#4030=DIRECTION('',(1.,-1.05007474332722E-015,-4.60999348930851E-015));
#4031=DIRECTION('',(-4.61002763740836E-015,0.,-1.));
#4032=DIRECTION('',(4.60999348930847E-015,-3.07549629340801E-014,1.));
#4033=DIRECTION('',(1.,-2.06032923467307E-015,-6.41274830661665E-029));
#4034=DIRECTION('',(2.06032923467307E-015,1.,3.075496293408E-014));
#4035=DIRECTION('',(0.,-3.07549125055928E-014,1.));
#4036=DIRECTION('',(-1.91928288541625E-015,0.,-1.));
#4037=DIRECTION('',(-1.91928288541625E-015,0.,-1.));
#4038=DIRECTION('',(0.0871557427476654,-0.996194698091745,-3.10064321553056E-014));
#4039=DIRECTION('',(0.996194698091745,0.0871557427476654,-1.9119794345899E-015));
#4040=DIRECTION('',(-0.0871557427476654,0.996194698091745,0.));
#4041=DIRECTION('',(4.60999348930847E-015,-3.07549629340801E-014,1.));
#4042=DIRECTION('',(0.,-1.,-3.0733289928723E-014));
#4043=DIRECTION('',(-1.,0.,0.));
#4044=DIRECTION('',(-0.0871557427476672,-0.996194698091745,-3.02274956604224E-014));
#4045=DIRECTION('',(-1.,0.,0.));
#4046=DIRECTION('',(1.,0.,0.));
#4047=DIRECTION('',(-1.,0.,0.));
#4048=DIRECTION('',(0.0871557427476654,-0.996194698091745,-3.10064321553056E-014));
#4049=DIRECTION('',(-1.,0.,0.));
#4050=DIRECTION('',(0.,-3.11248716889377E-014,1.));
#4051=DIRECTION('',(0.,-1.,-3.11248422868449E-014));
#4052=DIRECTION('',(-0.573576436351046,0.,-0.819152044288992));
#4053=DIRECTION('',(0.,-1.,0.));
#4054=DIRECTION('',(0.,0.,-1.));
#4055=DIRECTION('',(0.573576436351043,0.,-0.819152044288994));
#4056=DIRECTION('',(0.,-1.,0.));
#4057=DIRECTION('',(0.,0.,-1.));
#4058=DIRECTION('',(1.,0.,5.0194545022477E-016));
#4059=DIRECTION('',(-0.43860860374347,0.,0.898678191969853));
#4060=DIRECTION('',(0.,-1.,0.));
#4061=DIRECTION('',(0.,0.,-1.));
#4062=DIRECTION('',(0.731009699935878,0.,0.682367070277909));
#4063=DIRECTION('',(0.,-1.,0.));
#4064=DIRECTION('',(0.,0.,-1.));
#4065=DIRECTION('',(0.731009699935878,0.,0.682367070277909));
#4066=DIRECTION('',(0.0871557427476654,-0.996194698091745,-3.10064321553056E-014));
#4067=DIRECTION('',(0.681154327302188,0.059593281750596,-0.729710506411753));
#4068=DIRECTION('',(-0.731009699935878,0.,-0.682367070277909));
#4069=DIRECTION('',(0.0871557427476654,-0.996194698091745,-3.10064321553056E-014));
#4070=DIRECTION('',(-0.43860860374347,0.,0.898678191969853));
#4071=DIRECTION('',(0.0871557427476654,-0.996194698091745,-3.10064321553056E-014));
#4072=DIRECTION('',(0.895913298945454,0.0783822571598323,0.437259170898912));
#4073=DIRECTION('',(0.43860860374347,0.,-0.898678191969853));
#4074=DIRECTION('',(1.,0.,5.0194545022477E-016));
#4075=DIRECTION('',(5.0194545022477E-016,3.11687862255408E-014,-1.));
#4076=DIRECTION('',(0.,1.,3.11688608950478E-014));
#4077=DIRECTION('',(0.,-1.,0.));
#4078=DIRECTION('',(0.,0.,-1.));
#4079=DIRECTION('',(0.,-1.,0.));
#4080=DIRECTION('',(0.,0.,-1.));
#4081=DIRECTION('',(0.996194698091745,0.0871557427476654,1.65662864416546E-014));
#4082=DIRECTION('',(-0.0871557427476654,0.996194698091745,0.));
#4083=DIRECTION('',(0.573576436351043,0.,-0.819152044288994));
#4084=DIRECTION('',(0.,-1.,0.));
#4085=DIRECTION('',(0.,0.,-1.));
#4086=DIRECTION('',(-0.573576436351046,0.,-0.819152044288992));
#4087=DIRECTION('',(0.,-1.,0.));
#4088=DIRECTION('',(0.,0.,-1.));
#4089=DIRECTION('',(-0.0871557427476672,-0.996194698091745,-3.02274956604224E-014));
#4090=DIRECTION('',(-0.817056493838367,0.0714831806710863,0.57210911612882));
#4091=DIRECTION('',(0.573576436351046,0.,0.819152044288992));
#4092=DIRECTION('',(-0.0871557427476672,-0.996194698091745,-3.02274956604224E-014));
#4093=DIRECTION('',(-0.817056493838367,0.0714831806711209,-0.572109116128816));
#4094=DIRECTION('',(-0.573576436351043,0.,0.819152044288994));
#4095=DIRECTION('',(-0.996194698091745,0.0871557427476672,0.));
#4096=DIRECTION('',(-0.0871557427476672,-0.996194698091745,0.));
#4097=DIRECTION('',(-0.996194698091745,0.0871557427476672,-1.65662864416543E-014));
#4098=DIRECTION('',(-0.0871557427476672,-0.996194698091745,0.));
#4099=DIRECTION('',(-1.,0.,0.));
#4100=DIRECTION('',(-1.,0.,0.));
#4101=DIRECTION('',(0.,3.10696741965995E-014,-1.));
#4102=DIRECTION('',(0.,1.,3.10697648164826E-014));
#4103=DIRECTION('',(-1.,0.,0.));
#4104=DIRECTION('',(0.,-0.978707082331378,0.205261898545252));
#4105=DIRECTION('',(0.,-0.205261898545252,-0.978707082331378));
#4106=DIRECTION('',(-1.,0.,0.));
#4107=DIRECTION('',(0.,0.258819045102554,-0.96592582628906));
#4108=DIRECTION('',(0.,0.96592582628906,0.258819045102554));
#4109=DIRECTION('',(0.,-1.,-3.24247378687253E-014));
#4110=DIRECTION('',(0.,3.24254512129585E-014,-1.));
#4111=DIRECTION('',(-1.,0.,0.));
#4112=DIRECTION('',(0.,1.,1.62123689343627E-014));
#4113=DIRECTION('',(0.,-1.62127256064792E-014,1.));
#4114=DIRECTION('',(-1.,0.,0.));
#4115=DIRECTION('',(0.,-0.25881904510249,-0.965925826289077));
#4116=DIRECTION('',(0.,0.965925826289077,-0.25881904510249));
#4117=DIRECTION('',(0.,0.978707082331362,0.205261898545328));
#4118=DIRECTION('',(0.,-0.205261898545328,0.978707082331362));
#4119=DIRECTION('',(0.,1.,3.41817433690011E-014));
#4120=DIRECTION('',(0.,-3.4181858732385E-014,1.));
#4121=DIRECTION('',(1.,0.,0.));
#4122=DIRECTION('',(0.,0.866025403784426,0.500000000000023));
#4123=DIRECTION('',(0.,-0.500000000000023,0.866025403784425));
#4124=DIRECTION('',(0.,0.992546151641326,-0.121869343405115));
#4125=DIRECTION('',(0.,0.121869343405115,0.992546151641326));
#4126=DIRECTION('',(0.,-0.499999999999888,-0.866025403784503));
#4127=DIRECTION('',(-1.,0.,0.));
#4128=DIRECTION('',(0.,-0.499999999999888,-0.866025403784503));
#4129=DIRECTION('',(0.,0.866025403784504,-0.499999999999888));
#4130=DIRECTION('',(0.,0.499999999999888,0.866025403784504));
#4131=DIRECTION('',(0.,-0.500000000000125,0.866025403784367));
#4132=DIRECTION('',(0.,-0.500000000000125,0.866025403784367));
#4133=DIRECTION('',(0.,-0.866025403784366,-0.500000000000125));
#4134=DIRECTION('',(0.,0.500000000000125,-0.866025403784367));
#4135=DIRECTION('',(-1.,0.,0.));
#4136=DIRECTION('',(0.,0.,1.));
#4137=DIRECTION('',(-1.,0.,0.));
#4138=DIRECTION('',(0.,0.,1.));
#4139=DIRECTION('',(1.,0.,0.));
#4140=DIRECTION('',(0.,0.,-1.));
#4141=DIRECTION('',(1.,0.,0.));
#4142=DIRECTION('',(4.60999348930847E-015,-3.07549629340801E-014,1.));
#4143=DIRECTION('',(-1.,0.,0.));
#4144=DIRECTION('',(0.,0.,1.));
#4145=DIRECTION('',(0.,-1.,0.));
#4146=DIRECTION('',(0.,0.,1.));
#4147=DIRECTION('',(-1.,4.63073601723236E-016,5.29295548772467E-015));
#4148=DIRECTION('',(-4.59245107228655E-015,-0.087155742747658,-0.996194698091746));
#4149=DIRECTION('',(-1.,0.,0.));
#4150=DIRECTION('',(0.,-0.087155742747658,-0.996194698091746));
#4151=DIRECTION('',(0.0868265938642475,-0.0868265938642474,-0.992432509138967));
#4152=DIRECTION('',(1.,0.,0.));
#4153=DIRECTION('',(0.0868265938642475,0.0868265938642474,0.992432509138967));
#4154=DIRECTION('',(0.,0.087155742747658,0.996194698091746));
#4155=DIRECTION('',(4.68397111648185E-015,0.087155742747658,0.996194698091746));
#4156=DIRECTION('',(0.,0.996194698091746,-0.087155742747658));
#4157=DIRECTION('',(-1.,0.,0.));
#4158=DIRECTION('',(0.,-1.,0.));
#4159=DIRECTION('',(0.,1.,0.));
#4160=DIRECTION('',(-1.,0.,0.));
#4161=DIRECTION('',(0.,0.,1.));
#4162=DIRECTION('',(0.,1.,0.));
#4163=DIRECTION('',(0.,-1.,0.));
#4164=DIRECTION('',(0.,0.,1.));
#4165=DIRECTION('',(0.,1.,0.));
#4166=DIRECTION('',(0.,0.0871557427476578,0.996194698091746));
#4167=DIRECTION('',(0.,0.,1.));
#4168=DIRECTION('',(1.,0.,0.));
#4169=DIRECTION('',(0.,0.,-1.));
#4170=DIRECTION('',(4.60999348930847E-015,-3.07549629340801E-014,1.));
#4171=DIRECTION('',(1.,0.,0.));
#4172=DIRECTION('',(0.,-1.,0.));
#4173=DIRECTION('',(0.,0.,1.));
#4174=DIRECTION('',(0.,1.,0.));
#4175=DIRECTION('',(0.,0.,1.));
#4176=DIRECTION('',(0.,-0.0871557427476578,-0.996194698091746));
#4177=DIRECTION('',(0.,-1.,0.));
#4178=DIRECTION('',(-1.,0.,0.));
#4179=DIRECTION('',(0.,0.,1.));
#4180=DIRECTION('',(1.05007474332736E-015,1.,3.12397236139891E-014));
#4181=DIRECTION('',(1.,0.,0.));
#4182=DIRECTION('',(0.,-1.,-3.09772049281572E-014));
#4183=DIRECTION('',(-1.,-4.12065846934583E-015,4.63574077801406E-015));
#4184=DIRECTION('',(-0.0871557427476581,-0.996194698091746,-3.02361436083162E-014));
#4185=DIRECTION('',(1.,0.,0.));
#4186=DIRECTION('',(-0.0871557427476581,0.996194698091746,3.10397184215613E-014));
#4187=DIRECTION('',(-1.,2.06032923467292E-015,4.89328193234818E-015));
#4188=DIRECTION('',(0.,0.,-1.));
#4189=DIRECTION('',(0.,-1.,0.));
#4190=DIRECTION('',(-1.,0.,0.));
#4191=DIRECTION('',(1.,0.,0.));
#4192=DIRECTION('',(0.,1.,0.));
#4193=DIRECTION('',(0.,0.,-1.));
#4194=DIRECTION('',(0.0868265938642475,0.0868265938642475,-0.992432509138967));
#4195=DIRECTION('',(-0.996194698091746,0.,-0.0871557427476581));
#4196=DIRECTION('',(0.,-1.,0.));
#4197=DIRECTION('',(-0.0868265938642475,0.0868265938642475,-0.992432509138967));
#4198=DIRECTION('',(0.,-0.996194698091746,-0.0871557427476581));
#4199=DIRECTION('',(1.,0.,0.));
#4200=DIRECTION('',(0.996194698091746,0.,-0.0871557427476581));
#4201=DIRECTION('',(0.,1.,0.));
#4202=DIRECTION('',(0.,-0.996194698091746,0.0871557427476578));
#4203=DIRECTION('',(-1.,0.,0.));
#4204=DIRECTION('',(1.,0.,0.));
#4205=DIRECTION('',(0.,-1.,-1.314525273895E-013));
#4206=DIRECTION('',(1.,0.,0.));
#4207=DIRECTION('',(0.,-1.,-1.314525273895E-013));
#4208=DIRECTION('',(-1.,1.92747052886312E-016,4.62592926927149E-015));
#4209=DIRECTION('',(0.0871557427476671,0.996194698091745,3.02055280036925E-014));
#4210=DIRECTION('',(-1.,0.,5.29295548772461E-015));
#4211=DIRECTION('',(0.0871557427476672,0.996194698091745,3.02274956604224E-014));
#4212=DIRECTION('',(-1.,0.,5.29295548772461E-015));
#4213=DIRECTION('',(0.0871557427476671,0.996194698091745,3.02055280036925E-014));
#4214=DIRECTION('',(1.,4.12065846934583E-015,-4.63574077801406E-015));
#4215=DIRECTION('',(0.,1.,3.09772049281572E-014));
#4216=DIRECTION('',(1.,0.,0.));
#4217=DIRECTION('',(-1.05007474332736E-015,-1.,-3.12397236139891E-014));
#4218=DIRECTION('',(1.,-2.06032923467292E-015,-4.89328193234818E-015));
#4219=DIRECTION('',(0.0871557427476654,-0.996194698091745,-3.10064321553056E-014));
#4220=DIRECTION('',(-1.,0.,5.29295548772461E-015));
#4221=DIRECTION('',(-0.0871557427476581,0.996194698091746,1.31522585448329E-013));
#4222=DIRECTION('',(-1.,0.,5.29295548772461E-015));
#4223=DIRECTION('',(0.0871557427476654,-0.996194698091745,-3.10064321553056E-014));
#4224=DIRECTION('',(5.29295548772461E-015,-1.31561906756299E-013,1.));
#4225=DIRECTION('',(0.,-1.,-1.3156186209895E-013));
#4226=DIRECTION('',(-1.05007474332736E-015,-1.,-3.12397236139891E-014));
#4227=DIRECTION('',(1.,0.,0.));
#4228=DIRECTION('',(0.,1.,3.09772049281572E-014));
#4229=DIRECTION('',(5.29295548772461E-015,-1.31561906756299E-013,1.));
#4230=DIRECTION('',(0.,-1.,-1.3156186209895E-013));
#4231=DIRECTION('',(-2.690710603892E-015,-3.07549629340801E-014,1.));
#4232=DIRECTION('',(0.0871557427476581,0.996194698091746,3.10064321553056E-014));
#4233=DIRECTION('',(2.99051504434002E-015,3.41817433690011E-014,-1.));
#4234=DIRECTION('',(-0.996194698091746,0.0871557427476581,0.));
#4235=DIRECTION('',(-0.0871557427476581,-0.996194698091746,0.));
#4236=DIRECTION('',(-0.0437025378896693,-0.49952229384235,0.865197992448248));
#4237=DIRECTION('',(-4.60999348930847E-015,3.07549629340801E-014,-1.));
#4238=DIRECTION('',(0.0871557427476671,0.996194698091745,3.02274956604225E-014));
#4239=DIRECTION('',(-7.30070409320075E-015,0.,-1.));
#4240=DIRECTION('',(0.0871557427476671,0.996194698091745,3.04196214111309E-014));
#4241=DIRECTION('',(-7.30070409320075E-015,0.,-1.));
#4242=DIRECTION('',(-0.0871557427476671,-0.996194698091745,-3.00405781266114E-014));
#4243=DIRECTION('',(-7.30070409320075E-015,0.,-1.));
#4244=DIRECTION('',(0.0871557427476671,0.996194698091745,3.02274956604224E-014));
#4245=DIRECTION('',(-7.30070409320075E-015,0.,-1.));
#4246=DIRECTION('',(-4.60999348930847E-015,3.07549629340801E-014,-1.));
#4247=DIRECTION('',(0.0106615799805397,0.121862416807547,0.992489739031161));
#4248=DIRECTION('',(-0.996194698091745,0.0871557427476671,7.27292270998329E-015));
#4249=DIRECTION('',(-0.0871557427476671,-0.996194698091745,0.));
#4250=DIRECTION('',(-0.0437025378896764,0.49952229384235,-0.865197992448248));
#4251=DIRECTION('',(0.0106615799805304,-0.121862416807547,-0.992489739031161));
#4252=DIRECTION('',(-4.60999348930847E-015,3.07549629340801E-014,-1.));
#4253=DIRECTION('',(1.91928288541625E-015,0.,1.));
#4254=DIRECTION('',(0.0871557427476654,-0.996194698091745,-3.10064321553056E-014));
#4255=DIRECTION('',(1.91928288541625E-015,0.,1.));
#4256=DIRECTION('',(-0.0871557427476654,0.996194698091745,3.10053454381718E-014));
#4257=DIRECTION('',(1.91928288541625E-015,0.,1.));
#4258=DIRECTION('',(0.0871557427476654,-0.996194698091745,-3.10348339576158E-014));
#4259=DIRECTION('',(1.91928288541625E-015,0.,1.));
#4260=DIRECTION('',(0.0871557427476654,-0.996194698091745,-3.10064321553056E-014));
#4261=DIRECTION('',(-4.60999348930847E-015,3.07549629340801E-014,-1.));
#4262=DIRECTION('',(0.996194698091745,0.0871557427476654,-1.9119794345899E-015));
#4263=DIRECTION('',(-0.0871557427476654,0.996194698091745,0.));
#4264=DIRECTION('',(-0.0871557427476654,0.996194698091745,3.10064321553056E-014));
#4265=DIRECTION('',(2.690710603892E-015,-3.07549629340801E-014,1.));
#4266=DIRECTION('',(2.99051504434002E-015,-3.41817433690011E-014,1.));
#4267=DIRECTION('',(0.996194698091746,0.0871557427476581,0.));
#4268=DIRECTION('',(-0.0871557427476581,0.996194698091746,0.));
#4269=DIRECTION('',(1.,-1.92747052886464E-016,3.33847688608502E-016));
#4270=DIRECTION('',(-1.,1.92747052886454E-016,5.99922728951178E-030));
#4271=DIRECTION('',(-1.92747052886454E-016,-1.,-3.07549629340801E-014));
#4272=DIRECTION('',(0.,3.07549125055928E-014,-1.));
#4273=DIRECTION('',(-1.,1.92747052886291E-016,5.29295548772464E-015));
#4274=DIRECTION('',(-1.92747052886454E-016,-1.,-3.07549629340801E-014));
#4275=DIRECTION('',(0.,3.07549125055928E-014,-1.));
#4276=DIRECTION('',(-1.,0.,-5.0194545022477E-016));
#4277=DIRECTION('',(0.,0.,1.));
#4278=DIRECTION('',(0.,-1.,0.));
#4279=DIRECTION('',(0.,0.,-1.));
#4280=DIRECTION('',(-0.573576436351043,0.,0.819152044288994));
#4281=DIRECTION('',(-1.6629566964558E-014,0.,1.));
#4282=DIRECTION('',(0.573576436351046,0.,0.819152044288992));
#4283=DIRECTION('',(0.,-1.,0.));
#4284=DIRECTION('',(0.,0.,-1.));
#4285=DIRECTION('',(0.0871557427476672,0.996194698091745,3.02274956604224E-014));
#4286=DIRECTION('',(-1.,0.,-5.0194545022477E-016));
#4287=DIRECTION('',(0.0871557427476672,0.996194698091745,3.02274956604224E-014));
#4288=DIRECTION('',(-1.,0.,-5.0194545022477E-016));
#4289=DIRECTION('',(-1.,0.,-5.0194545022477E-016));
#4290=DIRECTION('',(5.0194545022477E-016,3.11687862255408E-014,-1.));
#4291=DIRECTION('',(0.,1.,3.11688608950478E-014));
#4292=DIRECTION('',(-1.,0.,-5.0194545022477E-016));
#4293=DIRECTION('',(0.,0.,1.));
#4294=DIRECTION('',(1.91928288541625E-015,0.,1.));
#4295=DIRECTION('',(0.,-1.,0.));
#4296=DIRECTION('',(0.,0.,-1.));
#4297=DIRECTION('',(-0.731009699935878,0.,-0.682367070277909));
#4298=DIRECTION('',(1.66295669645583E-014,0.,-1.));
#4299=DIRECTION('',(0.43860860374347,0.,-0.898678191969853));
#4300=DIRECTION('',(1.91928288541625E-015,0.,1.));
#4301=DIRECTION('',(0.,-1.,0.));
#4302=DIRECTION('',(0.,0.,-1.));
#4303=DIRECTION('',(0.,0.,1.));
#4304=DIRECTION('',(-1.,0.,-5.0194545022477E-016));
#4305=DIRECTION('',(0.,-1.,0.));
#4306=DIRECTION('',(0.,0.,-1.));
#4307=DIRECTION('',(0.43860860374347,0.,-0.898678191969853));
#4308=DIRECTION('',(1.66295669645583E-014,0.,-1.));
#4309=DIRECTION('',(-0.731009699935878,0.,-0.682367070277909));
#4310=DIRECTION('',(0.,-1.,0.));
#4311=DIRECTION('',(0.,0.,-1.));
#4312=DIRECTION('',(-0.0871557427476581,0.996194698091746,3.10064321553056E-014));
#4313=DIRECTION('',(0.996194698091746,0.0871557427476581,0.));
#4314=DIRECTION('',(-0.0871557427476581,0.996194698091746,0.));
#4315=DIRECTION('',(0.,0.,1.));
#4316=DIRECTION('',(-7.30070409320075E-015,0.,-1.));
#4317=DIRECTION('',(0.,-1.,0.));
#4318=DIRECTION('',(0.,0.,-1.));
#4319=DIRECTION('',(0.573576436351046,0.,0.819152044288992));
#4320=DIRECTION('',(-1.6629566964558E-014,0.,1.));
#4321=DIRECTION('',(-0.573576436351043,0.,0.819152044288994));
#4322=DIRECTION('',(-7.30070409320075E-015,0.,-1.));
#4323=DIRECTION('',(0.,-1.,0.));
#4324=DIRECTION('',(0.,0.,-1.));
#4325=DIRECTION('',(-4.60999348930847E-015,3.07549629340801E-014,-1.));
#4326=DIRECTION('',(-7.30070409320075E-015,0.,-1.));
#4327=DIRECTION('',(-7.30070409320075E-015,0.,-1.));
#4328=DIRECTION('',(0.0871557427476671,0.996194698091745,3.10064321553056E-014));
#4329=DIRECTION('',(-0.996194698091745,0.0871557427476671,7.27292270998329E-015));
#4330=DIRECTION('',(-0.0871557427476671,-0.996194698091745,0.));
#4331=DIRECTION('',(-4.60999348930847E-015,3.07549629340801E-014,-1.));
#4332=DIRECTION('',(1.,4.12065846934569E-015,1.28254966132319E-028));
#4333=DIRECTION('',(-4.12065846934569E-015,1.,3.07549629340801E-014));
#4334=DIRECTION('',(0.,-3.07549125055928E-014,1.));
#4335=DIRECTION('',(-4.60999348930847E-015,3.24247378687253E-014,-1.));
#4336=DIRECTION('',(1.19315411283167E-015,0.96592582628906,0.258819045102554));
#4337=DIRECTION('',(-4.51183327748772E-015,-0.205261898545252,-0.978707082331378));
#4338=DIRECTION('',(4.26282725479925E-031,1.,3.10696741965995E-014));
#4339=DIRECTION('',(4.5118332774877E-015,-0.205261898545328,0.978707082331362));
#4340=DIRECTION('',(-1.19315411283165E-015,0.965925826289077,-0.25881904510249));
#4341=DIRECTION('',(4.60999348930847E-015,-1.62123689343627E-014,1.));
#4342=DIRECTION('',(-1.,-1.42804713035779E-028,4.60999348930847E-015));
#4343=DIRECTION('',(4.61002763740836E-015,0.,1.));
#4344=DIRECTION('',(-4.60999348930847E-015,3.07549629340801E-014,-1.));
#4345=DIRECTION('',(0.,-1.62123689343627E-014,1.));
#4346=DIRECTION('',(0.,0.965925826289077,-0.25881904510249));
#4347=DIRECTION('',(0.,-0.205261898545328,0.978707082331362));
#4348=DIRECTION('',(0.,1.,3.10696741965995E-014));
#4349=DIRECTION('',(0.,-0.205261898545252,-0.978707082331378));
#4350=DIRECTION('',(0.,0.965925826289059,0.258819045102554));
#4351=DIRECTION('',(0.,3.24247378687253E-014,-1.));
#4352=DIRECTION('',(1.,-1.05007474332722E-015,-4.60999348930851E-015));
#4353=DIRECTION('',(-4.61002763740836E-015,0.,-1.));
#4354=DIRECTION('',(-4.60999348930847E-015,3.07549629340801E-014,-1.));
#4355=DIRECTION('',(-1.,2.06032923467307E-015,6.41274830661665E-029));
#4356=DIRECTION('',(2.06032923467307E-015,1.,3.075496293408E-014));
#4357=DIRECTION('',(0.,-3.07549125055928E-014,1.));
#4358=DIRECTION('',(-0.0871557427476654,0.996194698091745,3.10064321553056E-014));
#4359=DIRECTION('',(1.91928288541625E-015,0.,1.));
#4360=DIRECTION('',(1.91928288541625E-015,0.,1.));
#4361=DIRECTION('',(0.996194698091745,0.0871557427476654,-1.9119794345899E-015));
#4362=DIRECTION('',(-0.0871557427476654,0.996194698091745,0.));
#4363=DIRECTION('',(1.,0.,0.));
#4364=DIRECTION('',(-0.0871557427476654,0.996194698091745,3.10064321553056E-014));
#4365=DIRECTION('',(1.,0.,0.));
#4366=DIRECTION('',(-1.,0.,0.));
#4367=DIRECTION('',(1.,0.,0.));
#4368=DIRECTION('',(0.0871557427476672,0.996194698091745,3.02274956604224E-014));
#4369=DIRECTION('',(1.,0.,0.));
#4370=DIRECTION('',(0.,-3.11248716889377E-014,1.));
#4371=DIRECTION('',(0.,-1.,-3.11248422868449E-014));
#4372=DIRECTION('',(0.573576436351046,0.,0.819152044288992));
#4373=DIRECTION('',(0.,-1.,0.));
#4374=DIRECTION('',(0.,0.,-1.));
#4375=DIRECTION('',(-0.573576436351043,0.,0.819152044288994));
#4376=DIRECTION('',(0.,-1.,0.));
#4377=DIRECTION('',(0.,0.,-1.));
#4378=DIRECTION('',(-1.,0.,-5.0194545022477E-016));
#4379=DIRECTION('',(0.43860860374347,0.,-0.898678191969853));
#4380=DIRECTION('',(0.,-1.,0.));
#4381=DIRECTION('',(0.,0.,-1.));
#4382=DIRECTION('',(-0.731009699935878,0.,-0.682367070277909));
#4383=DIRECTION('',(0.,-1.,0.));
#4384=DIRECTION('',(0.,0.,-1.));
#4385=DIRECTION('',(-0.0871557427476654,0.996194698091745,3.10064321553056E-014));
#4386=DIRECTION('',(-0.731009699935878,0.,-0.682367070277909));
#4387=DIRECTION('',(0.681154327302188,0.059593281750596,-0.729710506411753));
#4388=DIRECTION('',(-0.731009699935878,0.,-0.682367070277909));
#4389=DIRECTION('',(-0.0871557427476654,0.996194698091745,3.10064321553056E-014));
#4390=DIRECTION('',(0.43860860374347,0.,-0.898678191969853));
#4391=DIRECTION('',(-0.0871557427476654,0.996194698091745,3.10064321553056E-014));
#4392=DIRECTION('',(0.895913298945454,0.0783822571598323,0.437259170898912));
#4393=DIRECTION('',(0.43860860374347,0.,-0.898678191969853));
#4394=DIRECTION('',(-1.,0.,-5.0194545022477E-016));
#4395=DIRECTION('',(5.0194545022477E-016,3.11687862255408E-014,-1.));
#4396=DIRECTION('',(0.,1.,3.11688608950478E-014));
#4397=DIRECTION('',(0.,-1.,0.));
#4398=DIRECTION('',(0.,0.,-1.));
#4399=DIRECTION('',(0.,-1.,0.));
#4400=DIRECTION('',(0.,0.,-1.));
#4401=DIRECTION('',(0.996194698091745,0.0871557427476654,1.65662864416546E-014));
#4402=DIRECTION('',(-0.0871557427476654,0.996194698091745,0.));
#4403=DIRECTION('',(-0.573576436351043,0.,0.819152044288994));
#4404=DIRECTION('',(0.,-1.,0.));
#4405=DIRECTION('',(0.,0.,-1.));
#4406=DIRECTION('',(0.573576436351046,0.,0.819152044288992));
#4407=DIRECTION('',(0.,-1.,0.));
#4408=DIRECTION('',(0.,0.,-1.));
#4409=DIRECTION('',(0.0871557427476672,0.996194698091745,3.02274956604224E-014));
#4410=DIRECTION('',(-0.817056493838367,0.0714831806710863,0.57210911612882));
#4411=DIRECTION('',(0.573576436351046,0.,0.819152044288992));
#4412=DIRECTION('',(0.0871557427476672,0.996194698091745,3.02274956604224E-014));
#4413=DIRECTION('',(-0.817056493838367,0.0714831806711209,-0.572109116128816));
#4414=DIRECTION('',(-0.573576436351043,0.,0.819152044288994));
#4415=DIRECTION('',(-0.996194698091745,0.0871557427476672,0.));
#4416=DIRECTION('',(-0.0871557427476672,-0.996194698091745,0.));
#4417=DIRECTION('',(-0.996194698091745,0.0871557427476672,-1.65662864416543E-014));
#4418=DIRECTION('',(-0.0871557427476672,-0.996194698091745,0.));
#4419=DIRECTION('',(1.,0.,0.));
#4420=DIRECTION('',(1.,0.,0.));
#4421=DIRECTION('',(0.,3.10696741965995E-014,-1.));
#4422=DIRECTION('',(0.,1.,3.10697648164826E-014));
#4423=DIRECTION('',(1.,0.,0.));
#4424=DIRECTION('',(0.,-0.978707082331378,0.205261898545252));
#4425=DIRECTION('',(0.,-0.205261898545252,-0.978707082331378));
#4426=DIRECTION('',(1.,0.,0.));
#4427=DIRECTION('',(0.,0.258819045102554,-0.96592582628906));
#4428=DIRECTION('',(0.,0.96592582628906,0.258819045102554));
#4429=DIRECTION('',(0.,-1.,-3.24247378687253E-014));
#4430=DIRECTION('',(0.,3.24254512129585E-014,-1.));
#4431=DIRECTION('',(1.,0.,0.));
#4432=DIRECTION('',(0.,1.,1.62123689343627E-014));
#4433=DIRECTION('',(0.,-1.62127256064792E-014,1.));
#4434=DIRECTION('',(1.,0.,0.));
#4435=DIRECTION('',(0.,-0.25881904510249,-0.965925826289077));
#4436=DIRECTION('',(0.,0.965925826289077,-0.25881904510249));
#4437=DIRECTION('',(0.,0.978707082331362,0.205261898545328));
#4438=DIRECTION('',(0.,-0.205261898545328,0.978707082331362));
#4439=DIRECTION('',(0.,1.,3.41817433690011E-014));
#4440=DIRECTION('',(0.,-3.4181858732385E-014,1.));
#4441=DIRECTION('',(-1.,0.,0.));
#4442=DIRECTION('',(0.,0.866025403784426,0.500000000000023));
#4443=DIRECTION('',(0.,-0.500000000000023,0.866025403784425));
#4444=DIRECTION('',(0.,0.992546151641326,-0.121869343405115));
#4445=DIRECTION('',(0.,0.121869343405115,0.992546151641326));
#4446=DIRECTION('',(0.,0.499999999999888,0.866025403784503));
#4447=DIRECTION('',(0.,0.499999999999888,0.866025403784503));
#4448=DIRECTION('',(1.,0.,0.));
#4449=DIRECTION('',(0.,0.866025403784504,-0.499999999999888));
#4450=DIRECTION('',(0.,0.499999999999888,0.866025403784504));
#4451=DIRECTION('',(0.,0.500000000000125,-0.866025403784367));
#4452=DIRECTION('',(0.,0.500000000000125,-0.866025403784367));
#4453=DIRECTION('',(0.,-0.866025403784366,-0.500000000000125));
#4454=DIRECTION('',(0.,0.500000000000125,-0.866025403784367));
#4455=DIRECTION('',(-1.,0.,0.));
#4456=DIRECTION('',(0.,0.,1.));
#4457=DIRECTION('',(-1.,0.,0.));
#4458=DIRECTION('',(0.,0.,1.));
#4459=DIRECTION('',(1.,0.,0.));
#4460=DIRECTION('',(-0.707106781186546,-0.707106781186549,0.));
#4461=DIRECTION('',(0.,1.,0.));
#4462=DIRECTION('',(1.,0.,0.));
#4463=DIRECTION('',(0.,1.,0.));
#4464=DIRECTION('',(-1.,0.,0.));
#4465=DIRECTION('',(0.,-1.,0.));
#4466=DIRECTION('',(1.,0.,0.));
#4467=DIRECTION('',(0.,1.,0.));
#4468=DIRECTION('',(-0.707106781186547,0.707106781186549,0.));
#4469=DIRECTION('',(0.,0.,1.));
#4470=DIRECTION('',(0.,1.,0.));
#4471=DIRECTION('',(0.,0.,-1.));
#4472=DIRECTION('',(0.,0.,1.));
#4473=DIRECTION('',(0.,1.,0.));
#4474=DIRECTION('',(1.,0.,0.));
#4475=DIRECTION('',(0.,0.,-1.));
#4476=DIRECTION('',(0.,0.,1.));
#4477=DIRECTION('',(1.,0.,0.));
#4478=DIRECTION('',(0.,-1.,0.));
#4479=DIRECTION('',(0.,0.,1.));
#4480=DIRECTION('',(0.,0.,-1.));
#4481=DIRECTION('',(0.,-1.,0.));
#4482=DIRECTION('',(-1.,0.,0.));
#4483=DIRECTION('',(0.,0.,1.));
#4484=DIRECTION('',(0.,1.,0.));
#4485=DIRECTION('',(0.707106781186546,0.707106781186549,0.));
#4486=DIRECTION('',(-1.,0.,0.));
#4487=DIRECTION('',(0.707106781186547,-0.707106781186549,0.));
#4488=DIRECTION('',(0.,1.,0.));
#4489=DIRECTION('',(1.,0.,0.));
#4490=DIRECTION('',(1.,0.,0.));
#4491=DIRECTION('',(0.,0.,-1.));
#4492=DIRECTION('',(0.,-1.,0.));
#4493=DIRECTION('',(0.,0.,1.));
#4494=DIRECTION('',(0.,0.,-1.));
#4495=DIRECTION('',(0.,1.,0.));
#4496=DIRECTION('',(0.,0.,-1.));
#4497=DIRECTION('',(0.,0.,1.));
#4498=DIRECTION('',(0.,-1.,0.));
#4499=DIRECTION('',(0.,0.,1.));
#4500=DIRECTION('',(0.,0.,1.));
#4501=DIRECTION('',(-1.,0.,0.));
#4502=DIRECTION('',(0.,0.,1.));
#4503=DIRECTION('',(0.,0.,1.));
#4504=DIRECTION('',(0.,-1.,0.));
#4505=DIRECTION('',(0.,0.,1.));
#4506=DIRECTION('',(0.,0.,-1.));
#4507=DIRECTION('',(1.,0.,0.));
#4508=DIRECTION('',(0.,0.,-1.));
#4509=DIRECTION('',(-0.707106781186549,0.707106781186546,0.));
#4510=DIRECTION('',(0.,0.,1.));
#4511=DIRECTION('',(0.707106781186549,0.707106781186547,0.));
#4512=DIRECTION('',(0.,0.,1.));
#4513=DIRECTION('',(1.,0.,0.));
#4514=DIRECTION('',(-0.707106781186546,-0.707106781186549,0.));
#4515=DIRECTION('',(0.,1.,0.));
#4516=DIRECTION('',(1.,0.,0.));
#4517=DIRECTION('',(0.,1.,0.));
#4518=DIRECTION('',(-1.,0.,0.));
#4519=DIRECTION('',(0.,-1.,0.));
#4520=DIRECTION('',(1.,0.,0.));
#4521=DIRECTION('',(0.,1.,0.));
#4522=DIRECTION('',(-0.707106781186547,0.707106781186549,0.));
#4523=DIRECTION('',(0.,0.,1.));
#4524=DIRECTION('',(0.,1.,0.));
#4525=DIRECTION('',(0.,0.,-1.));
#4526=DIRECTION('',(0.,0.,1.));
#4527=DIRECTION('',(0.,1.,0.));
#4528=DIRECTION('',(1.,0.,0.));
#4529=DIRECTION('',(0.,0.,-1.));
#4530=DIRECTION('',(0.,0.,1.));
#4531=DIRECTION('',(1.,0.,0.));
#4532=DIRECTION('',(0.,-1.,0.));
#4533=DIRECTION('',(0.,0.,1.));
#4534=DIRECTION('',(0.,0.,-1.));
#4535=DIRECTION('',(0.,-1.,0.));
#4536=DIRECTION('',(-1.,0.,0.));
#4537=DIRECTION('',(0.,0.,1.));
#4538=DIRECTION('',(0.,1.,0.));
#4539=DIRECTION('',(0.707106781186546,0.707106781186549,0.));
#4540=DIRECTION('',(-1.,0.,0.));
#4541=DIRECTION('',(0.707106781186547,-0.707106781186549,0.));
#4542=DIRECTION('',(0.,1.,0.));
#4543=DIRECTION('',(1.,0.,0.));
#4544=DIRECTION('',(1.,0.,0.));
#4545=DIRECTION('',(0.,0.,-1.));
#4546=DIRECTION('',(0.,-1.,0.));
#4547=DIRECTION('',(0.,0.,1.));
#4548=DIRECTION('',(0.,0.,-1.));
#4549=DIRECTION('',(0.,1.,0.));
#4550=DIRECTION('',(0.,0.,-1.));
#4551=DIRECTION('',(0.,0.,1.));
#4552=DIRECTION('',(0.,-1.,0.));
#4553=DIRECTION('',(0.,0.,1.));
#4554=DIRECTION('',(0.,0.,1.));
#4555=DIRECTION('',(-1.,0.,0.));
#4556=DIRECTION('',(0.,0.,1.));
#4557=DIRECTION('',(0.,0.,1.));
#4558=DIRECTION('',(0.,-1.,0.));
#4559=DIRECTION('',(0.,0.,1.));
#4560=DIRECTION('',(0.,0.,-1.));
#4561=DIRECTION('',(1.,0.,0.));
#4562=DIRECTION('',(0.,0.,-1.));
#4563=DIRECTION('',(-0.707106781186549,0.707106781186546,0.));
#4564=DIRECTION('',(0.,0.,1.));
#4565=DIRECTION('',(0.707106781186549,0.707106781186547,0.));
#4566=DIRECTION('',(0.,0.,1.));
#4567=DIRECTION('',(1.,0.,0.));
#4568=DIRECTION('',(-0.707106781186546,-0.707106781186549,0.));
#4569=DIRECTION('',(0.,1.,0.));
#4570=DIRECTION('',(1.,0.,0.));
#4571=DIRECTION('',(0.,1.,0.));
#4572=DIRECTION('',(-1.,0.,0.));
#4573=DIRECTION('',(0.,-1.,0.));
#4574=DIRECTION('',(1.,0.,0.));
#4575=DIRECTION('',(0.,1.,0.));
#4576=DIRECTION('',(-0.707106781186547,0.707106781186549,0.));
#4577=DIRECTION('',(0.,0.,1.));
#4578=DIRECTION('',(0.,1.,0.));
#4579=DIRECTION('',(0.,0.,-1.));
#4580=DIRECTION('',(0.,0.,1.));
#4581=DIRECTION('',(0.,1.,0.));
#4582=DIRECTION('',(1.,0.,0.));
#4583=DIRECTION('',(0.,0.,-1.));
#4584=DIRECTION('',(0.,0.,1.));
#4585=DIRECTION('',(1.,0.,0.));
#4586=DIRECTION('',(0.,-1.,0.));
#4587=DIRECTION('',(0.,0.,1.));
#4588=DIRECTION('',(0.,0.,-1.));
#4589=DIRECTION('',(0.,-1.,0.));
#4590=DIRECTION('',(-1.,0.,0.));
#4591=DIRECTION('',(0.,0.,1.));
#4592=DIRECTION('',(0.,1.,0.));
#4593=DIRECTION('',(0.707106781186546,0.707106781186549,0.));
#4594=DIRECTION('',(-1.,0.,0.));
#4595=DIRECTION('',(0.707106781186547,-0.707106781186549,0.));
#4596=DIRECTION('',(0.,1.,0.));
#4597=DIRECTION('',(1.,0.,0.));
#4598=DIRECTION('',(1.,0.,0.));
#4599=DIRECTION('',(0.,0.,-1.));
#4600=DIRECTION('',(0.,-1.,0.));
#4601=DIRECTION('',(0.,0.,1.));
#4602=DIRECTION('',(0.,0.,-1.));
#4603=DIRECTION('',(0.,1.,0.));
#4604=DIRECTION('',(0.,0.,-1.));
#4605=DIRECTION('',(0.,0.,1.));
#4606=DIRECTION('',(0.,-1.,0.));
#4607=DIRECTION('',(0.,0.,1.));
#4608=DIRECTION('',(0.,0.,1.));
#4609=DIRECTION('',(-1.,0.,0.));
#4610=DIRECTION('',(0.,0.,1.));
#4611=DIRECTION('',(0.,0.,1.));
#4612=DIRECTION('',(0.,-1.,0.));
#4613=DIRECTION('',(0.,0.,1.));
#4614=DIRECTION('',(0.,0.,-1.));
#4615=DIRECTION('',(1.,0.,0.));
#4616=DIRECTION('',(0.,0.,-1.));
#4617=DIRECTION('',(-0.707106781186549,0.707106781186546,0.));
#4618=DIRECTION('',(0.,0.,1.));
#4619=DIRECTION('',(0.707106781186549,0.707106781186547,0.));
#4620=DIRECTION('',(0.,0.,1.));
#4621=CARTESIAN_POINT('',(0.,0.,0.));
#4622=CARTESIAN_POINT('',(7.2195,-11.0932649730811,-1.39696294838642));
#4623=CARTESIAN_POINT('',(7.2195,-11.0932649730811,-1.39696294838642));
#4624=CARTESIAN_POINT('',(1.81950000000005,-11.0932649730811,-1.39696294838643));
#4625=CARTESIAN_POINT('',(7.2195,-11.2087350269191,-1.39696294838644));
#4626=CARTESIAN_POINT('',(7.2195,-11.2087350269191,-1.39696294838644));
#4627=CARTESIAN_POINT('',(7.2195,-11.2087350269191,-1.39696294838644));
#4628=CARTESIAN_POINT('',(1.81950000000005,-11.2087350269191,-1.39696294838644));
#4629=CARTESIAN_POINT('',(1.81950000000005,-11.2087350269191,-1.39696294838644));
#4630=CARTESIAN_POINT('',(0.0195000000000541,-5.956,-1.39696294838572));
#4631=CARTESIAN_POINT('',(0.019500000000054,-5.956,-1.39696294838572));
#4632=CARTESIAN_POINT('',(9.0195,-5.956,-1.39696294838576));
#4633=CARTESIAN_POINT('',(0.515035790210929,-11.62,-1.39696294838589));
#4634=CARTESIAN_POINT('',(0.167793284676513,-7.651,-1.39696294838572));
#4635=CARTESIAN_POINT('',(7.6945,-7.651,-1.39696294838601));
#4636=CARTESIAN_POINT('',(0.458825467870188,-7.651,-1.39696294838599));
#4637=CARTESIAN_POINT('',(0.347257884560748,-6.37577668748044,-1.3969629483858));
#4638=CARTESIAN_POINT('',(0.765035790210922,-11.151,-1.39696294838733));
#4639=CARTESIAN_POINT('',(7.6945,-11.151,-1.39696294838647));
#4640=CARTESIAN_POINT('',(0.474003607017272,-11.151,-1.39696294838572));
#4641=CARTESIAN_POINT('',(0.515035790210929,-11.62,-1.39696294838589));
#4642=CARTESIAN_POINT('',(0.515035790210929,-11.62,-1.39696294838589));
#4643=CARTESIAN_POINT('',(1.35700000000005,-11.62,-1.3969629483859));
#4644=CARTESIAN_POINT('',(1.35700000000005,-11.62,-1.3969629483859));
#4645=CARTESIAN_POINT('',(1.35700000000005,-12.446,-1.39696294838592));
#4646=CARTESIAN_POINT('',(1.35700000000005,-11.719,-1.3969629483859));
#4647=CARTESIAN_POINT('',(7.757,-11.719,-1.3969629483859));
#4648=CARTESIAN_POINT('',(7.682,-11.719,-1.3969629483859));
#4649=CARTESIAN_POINT('',(7.682,-11.62,-1.39696294838593));
#4650=CARTESIAN_POINT('',(7.682,-11.62,-1.39696294838593));
#4651=CARTESIAN_POINT('',(8.52396420978917,-11.62,-1.39696294838593));
#4652=CARTESIAN_POINT('',(8.52396420978917,-11.62,-1.39696294838593));
#4653=CARTESIAN_POINT('',(9.0195,-5.956,-1.39696294838576));
#4654=CARTESIAN_POINT('',(8.56499639298283,-11.151,-1.39696294838576));
#4655=CARTESIAN_POINT('',(7.6945,-11.151,-1.39696294838647));
#4656=CARTESIAN_POINT('',(8.37396420978917,-11.151,-1.3969629483873));
#4657=CARTESIAN_POINT('',(8.68075242426095,-7.64439466271709,-1.39696294838719));
#4658=CARTESIAN_POINT('',(8.68017453212993,-7.651,-1.39696294838601));
#4659=CARTESIAN_POINT('',(7.6945,-7.651,-1.39696294838601));
#4660=CARTESIAN_POINT('',(8.87120671532359,-7.651,-1.39696294838576));
#4661=CARTESIAN_POINT('',(9.0195,-5.956,-1.39696294838576));
#4662=CARTESIAN_POINT('',(7.6945,-5.73297629419928,-1.39696294838576));
#4663=CARTESIAN_POINT('',(4.5195,-16.002,-2.66696294838604));
#4664=CARTESIAN_POINT('',(4.5195,-17.907,-2.6669629483861));
#4665=CARTESIAN_POINT('',(9.4725,-17.323,-2.66696294838611));
#4666=CARTESIAN_POINT('',(9.4725,-17.323,-2.66696294838611));
#4667=CARTESIAN_POINT('',(9.675,-17.323,-2.66696294838611));
#4668=CARTESIAN_POINT('',(9.675,-16.002,-2.66696294838607));
#4669=CARTESIAN_POINT('',(9.675,-18.64,-2.66696294838615));
#4670=CARTESIAN_POINT('',(10.222,-18.64,-2.66696294838615));
#4671=CARTESIAN_POINT('',(9.5745,-18.64,-2.66696294838615));
#4672=CARTESIAN_POINT('',(9.5745,-18.64,-2.66696294838615));
#4673=CARTESIAN_POINT('',(9.5745,-18.792,-2.66696294838615));
#4674=CARTESIAN_POINT('',(9.5745,-18.792,-2.66696294838615));
#4675=CARTESIAN_POINT('',(-0.535499999999959,-18.792,-2.66696294838611));
#4676=CARTESIAN_POINT('',(-0.535499999999959,-18.792,-2.66696294838611));
#4677=CARTESIAN_POINT('',(-0.535499999999958,-18.64,-2.66696294838611));
#4678=CARTESIAN_POINT('',(-0.535499999999958,-18.64,-2.66696294838611));
#4679=CARTESIAN_POINT('',(-0.635999999999958,-18.64,-2.66696294838611));
#4680=CARTESIAN_POINT('',(-0.635999999999958,-18.64,-2.66696294838611));
#4681=CARTESIAN_POINT('',(-0.635999999999958,-17.323,-2.66696294838606));
#4682=CARTESIAN_POINT('',(-1.18299999999996,-17.323,-2.66696294838606));
#4683=CARTESIAN_POINT('',(-0.433499999999958,-17.323,-2.66696294838606));
#4684=CARTESIAN_POINT('',(-0.433499999999958,-17.323,-2.66696294838606));
#4685=CARTESIAN_POINT('',(-0.433499999999957,-16.299,-2.66696294838603));
#4686=CARTESIAN_POINT('',(-0.433499999999957,-16.299,-2.66696294838603));
#4687=CARTESIAN_POINT('',(-0.535499999999957,-16.299,-2.66696294838603));
#4688=CARTESIAN_POINT('',(-0.535499999999957,-16.299,-2.66696294838603));
#4689=CARTESIAN_POINT('',(-0.535499999999958,-12.446,-2.66696294838591));
#4690=CARTESIAN_POINT('',(-0.535499999999958,-12.446,-2.66696294838591));
#4691=CARTESIAN_POINT('',(1.35700000000004,-12.446,-2.66696294838593));
#4692=CARTESIAN_POINT('',(1.35700000000004,-12.446,-2.66696294838593));
#4693=CARTESIAN_POINT('',(1.35700000000004,-11.62,-2.66696294838589));
#4694=CARTESIAN_POINT('',(1.35700000000004,-11.62,-2.66696294838589));
#4695=CARTESIAN_POINT('',(0.806067973404572,-11.62,-2.66696294838589));
#4696=CARTESIAN_POINT('',(1.21473881893302,-16.2911291390038,-2.66696294838604));
#4697=CARTESIAN_POINT('',(0.332166382223562,-6.20328002643916,-2.66696294838577));
#4698=CARTESIAN_POINT('',(-1.42549999999995,-6.20328002643916,-2.66696294838577));
#4699=CARTESIAN_POINT('',(8.70683361777653,-6.20328002643916,-2.66696294838576));
#4700=CARTESIAN_POINT('',(7.82426118106707,-16.2911291390038,-2.66696294838607));
#4701=CARTESIAN_POINT('',(8.23293202659552,-11.62,-2.66696294838593));
#4702=CARTESIAN_POINT('',(8.52396420978917,-11.62,-2.66696294838593));
#4703=CARTESIAN_POINT('',(7.682,-11.62,-2.66696294838593));
#4704=CARTESIAN_POINT('',(7.682,-11.62,-2.66696294838593));
#4705=CARTESIAN_POINT('',(7.682,-12.446,-2.66696294838595));
#4706=CARTESIAN_POINT('',(7.682,-12.446,-2.66696294838595));
#4707=CARTESIAN_POINT('',(9.5745,-12.446,-2.66696294838596));
#4708=CARTESIAN_POINT('',(9.5745,-12.446,-2.66696294838596));
#4709=CARTESIAN_POINT('',(9.5745,-16.299,-2.66696294838608));
#4710=CARTESIAN_POINT('',(9.5745,-16.299,-2.66696294838608));
#4711=CARTESIAN_POINT('',(9.4725,-16.299,-2.66696294838608));
#4712=CARTESIAN_POINT('',(9.4725,-16.299,-2.66696294838608));
#4713=CARTESIAN_POINT('',(4.5195,-16.002,-2.66696294838604));
#4714=CARTESIAN_POINT('',(4.5195,-16.002,-1.39696294838605));
#4715=CARTESIAN_POINT('',(4.5195,-17.907,-1.3969629483861));
#4716=CARTESIAN_POINT('',(10.222,-18.64,-1.39696294838615));
#4717=CARTESIAN_POINT('',(9.675,-18.64,-1.39696294838615));
#4718=CARTESIAN_POINT('',(9.5745,-18.64,-1.39696294838615));
#4719=CARTESIAN_POINT('',(9.675,-5.73297629419928,-1.39696294838577));
#4720=CARTESIAN_POINT('',(9.675,-17.323,-1.39696294838611));
#4721=CARTESIAN_POINT('',(9.4725,-17.323,-1.39696294838611));
#4722=CARTESIAN_POINT('',(9.4725,-17.323,-1.39696294838611));
#4723=CARTESIAN_POINT('',(9.4725,-16.299,-1.39696294838608));
#4724=CARTESIAN_POINT('',(9.4725,-16.299,-1.39696294838608));
#4725=CARTESIAN_POINT('',(9.5745,-16.299,-1.39696294838608));
#4726=CARTESIAN_POINT('',(9.5745,-16.299,-1.39696294838608));
#4727=CARTESIAN_POINT('',(9.5745,-12.446,-1.39696294838596));
#4728=CARTESIAN_POINT('',(9.5745,-12.446,-1.39696294838596));
#4729=CARTESIAN_POINT('',(7.682,-12.446,-1.39696294838595));
#4730=CARTESIAN_POINT('',(7.682,-12.446,-1.39696294838595));
#4731=CARTESIAN_POINT('',(7.682,-11.62,-1.39696294838593));
#4732=CARTESIAN_POINT('',(7.682,-12.347,-1.39696294838592));
#4733=CARTESIAN_POINT('',(7.757,-12.347,-1.39696294838592));
#4734=CARTESIAN_POINT('',(1.35700000000005,-12.347,-1.39696294838592));
#4735=CARTESIAN_POINT('',(1.35700000000005,-12.446,-1.39696294838592));
#4736=CARTESIAN_POINT('',(1.35700000000005,-12.446,-1.39696294838592));
#4737=CARTESIAN_POINT('',(-0.535499999999952,-12.446,-1.39696294838591));
#4738=CARTESIAN_POINT('',(-0.535499999999952,-12.446,-1.39696294838591));
#4739=CARTESIAN_POINT('',(-0.535499999999951,-16.299,-1.39696294838603));
#4740=CARTESIAN_POINT('',(-0.535499999999951,-16.299,-1.39696294838603));
#4741=CARTESIAN_POINT('',(-0.433499999999951,-16.299,-1.39696294838603));
#4742=CARTESIAN_POINT('',(-0.433499999999951,-16.299,-1.39696294838603));
#4743=CARTESIAN_POINT('',(-0.433499999999951,-17.323,-1.39696294838606));
#4744=CARTESIAN_POINT('',(-0.433499999999951,-17.323,-1.39696294838606));
#4745=CARTESIAN_POINT('',(-1.18299999999995,-17.323,-1.39696294838606));
#4746=CARTESIAN_POINT('',(-0.635999999999952,-17.323,-1.39696294838606));
#4747=CARTESIAN_POINT('',(-0.635999999999953,-5.73297629419928,-1.39696294838571));
#4748=CARTESIAN_POINT('',(-0.635999999999952,-18.64,-1.3969629483861));
#4749=CARTESIAN_POINT('',(-0.535499999999952,-18.64,-1.3969629483861));
#4750=CARTESIAN_POINT('',(-0.535499999999952,-18.64,-1.3969629483861));
#4751=CARTESIAN_POINT('',(-0.535499999999953,-18.792,-1.39696294838611));
#4752=CARTESIAN_POINT('',(-0.535499999999953,-18.792,-1.39696294838611));
#4753=CARTESIAN_POINT('',(9.5745,-18.792,-1.39696294838616));
#4754=CARTESIAN_POINT('',(9.5745,-18.792,-1.39696294838616));
#4755=CARTESIAN_POINT('',(9.5745,-18.64,-1.39696294838615));
#4756=CARTESIAN_POINT('',(7.6945,-5.73297629419928,-1.39696294838576));
#4757=CARTESIAN_POINT('',(9.675,-17.323,-2.66696294838611));
#4758=CARTESIAN_POINT('',(9.4725,-17.323,-2.66696294838611));
#4759=CARTESIAN_POINT('',(9.4725,-17.323,-2.66696294838611));
#4760=CARTESIAN_POINT('',(9.675,-18.64,-2.66696294838615));
#4761=CARTESIAN_POINT('',(9.5745,-18.64,-2.66696294838615));
#4762=CARTESIAN_POINT('',(10.222,-18.64,-2.66696294838615));
#4763=CARTESIAN_POINT('',(8.70683361777652,-6.20328002643923,-0.80949999999983));
#4764=CARTESIAN_POINT('',(8.70683361777653,-6.20328002643917,-2.46396294838577));
#4765=CARTESIAN_POINT('',(8.27396420978917,-11.151,-2.4639629483873));
#4766=CARTESIAN_POINT('',(8.23293202659552,-11.62,-2.46396294838731));
#4767=CARTESIAN_POINT('',(8.23293202659552,-11.62,-2.66696294838593));
#4768=CARTESIAN_POINT('',(8.27396420978917,-11.151,-0.8095));
#4769=CARTESIAN_POINT('',(9.02761580262425,-5.8632359515265,-2.61299565782477));
#4770=CARTESIAN_POINT('',(9.01352627174137,-6.02428002643917,-2.3340591378181));
#4771=CARTESIAN_POINT('',(9.0195,-5.956,-2.45232361275298));
#4772=CARTESIAN_POINT('',(9.01009303873682,-6.06352205924868,-2.65365984755678));
#4773=CARTESIAN_POINT('',(9.0195,-5.956,-1.77796294838576));
#4774=CARTESIAN_POINT('',(9.0195,-5.95599999999993,-2.66696294838576));
#4775=CARTESIAN_POINT('',(8.87120671532359,-7.651,-2.66696294838576));
#4776=CARTESIAN_POINT('',(8.87120671532359,-7.651,-1.77696294838719));
#4777=CARTESIAN_POINT('',(9.0195,-5.956,-1.77696294838714));
#4778=CARTESIAN_POINT('',(8.87178460745462,-7.64439466271709,-1.77696294838719));
#4779=CARTESIAN_POINT('',(8.87178460745461,-7.64439466271709,-2.66696294838576));
#4780=CARTESIAN_POINT('',(8.87178460745461,-7.64439466271709,-2.12110065564816));
#4781=CARTESIAN_POINT('',(9.0195,-5.956,-2.12110065564811));
#4782=CARTESIAN_POINT('',(8.87120671532359,-7.651,-2.12110065564816));
#4783=CARTESIAN_POINT('',(8.87120671532359,-7.651,-2.66696294838576));
#4784=CARTESIAN_POINT('',(8.87120671532359,-7.651,-2.27406522585437));
#4785=CARTESIAN_POINT('',(9.0195,-5.956,-2.27406522585431));
#4786=CARTESIAN_POINT('',(8.87178460745461,-7.64439466271709,-2.27406522585436));
#4787=CARTESIAN_POINT('',(8.87178460745461,-7.64439466271709,-2.66696294838576));
#4788=CARTESIAN_POINT('',(8.87178460745461,-7.64439466271709,-2.4639629483872));
#4789=CARTESIAN_POINT('',(9.0195,-5.956,-2.46396294838714));
#4790=CARTESIAN_POINT('',(9.0195,-5.956,-2.46396294838715));
#4791=CARTESIAN_POINT('',(9.0195,-5.95599999999993,-2.66696294838576));
#4792=CARTESIAN_POINT('',(9.0195,-5.95599999999993,-2.66696294838576));
#4793=CARTESIAN_POINT('',(0.135977967175056,-7.28734925692942,-0.14635905713219));
#4794=CARTESIAN_POINT('',(0.0195000000000497,-5.956,-2.45232361275299));
#4795=CARTESIAN_POINT('',(0.025473728258733,-6.02428002643917,-2.3340591378181));
#4796=CARTESIAN_POINT('',(0.0195000000000481,-5.95599999999993,-2.66696294838571));
#4797=CARTESIAN_POINT('',(0.0195000000000497,-5.956,-2.46396294838714));
#4798=CARTESIAN_POINT('',(0.515035790210924,-11.62,-2.46396294838731));
#4799=CARTESIAN_POINT('',(0.167215392545489,-7.64439466271709,-2.46396294838719));
#4800=CARTESIAN_POINT('',(0.167215392545488,-7.64439466271709,-2.66696294838589));
#4801=CARTESIAN_POINT('',(0.167215392545488,-7.64439466271709,-2.33984303643068));
#4802=CARTESIAN_POINT('',(0.515035790210925,-11.62,-2.33984303643081));
#4803=CARTESIAN_POINT('',(0.16779328467651,-7.651,-2.33984303643068));
#4804=CARTESIAN_POINT('',(0.16779328467651,-7.651,-2.66696294838589));
#4805=CARTESIAN_POINT('',(0.16779328467651,-7.651,-2.06194152347105));
#4806=CARTESIAN_POINT('',(0.515035790210926,-11.62,-2.06194152347117));
#4807=CARTESIAN_POINT('',(0.167215392545489,-7.64439466271709,-2.06194152347105));
#4808=CARTESIAN_POINT('',(0.167215392545488,-7.64439466271709,-2.66696294838589));
#4809=CARTESIAN_POINT('',(0.167215392545489,-7.64439466271709,-1.77696294838719));
#4810=CARTESIAN_POINT('',(0.515035790210927,-11.62,-1.77696294838732));
#4811=CARTESIAN_POINT('',(0.16779328467651,-7.651,-1.7769629483872));
#4812=CARTESIAN_POINT('',(0.16779328467651,-7.651,-2.66696294838589));
#4813=CARTESIAN_POINT('',(0.0195000000000481,-5.95599999999993,-2.66696294838571));
#4814=CARTESIAN_POINT('',(0.0195000000000496,-5.956,-1.77796294838576));
#4815=CARTESIAN_POINT('',(0.0363222172605116,-6.14827882313544,-3.34394829476479));
#4816=CARTESIAN_POINT('',(0.515035790210923,-11.62,-2.66696294838589));
#4817=CARTESIAN_POINT('',(0.45824757573914,-7.64439466271709,-2.46396294838719));
#4818=CARTESIAN_POINT('',(0.332166382223526,-6.20328002643917,-2.46396294838577));
#4819=CARTESIAN_POINT('',(0.806067973404575,-11.62,-2.46396294838731));
#4820=CARTESIAN_POINT('',(0.332166382223567,-6.20328002643923,-0.80949999999983));
#4821=CARTESIAN_POINT('',(0.806067973404577,-11.62,-0.809500000000015));
#4822=CARTESIAN_POINT('',(0.765035790210922,-11.151,-0.8095));
#4823=CARTESIAN_POINT('',(0.45824757573914,-5.956,-2.46396294838714));
#4824=CARTESIAN_POINT('',(0.0195000000000481,-5.956,-2.45232361275299));
#4825=CARTESIAN_POINT('',(0.0195000000000482,-5.95599999999993,-2.66696294838571));
#4826=CARTESIAN_POINT('',(7.6945,-5.956,-1.77796294838579));
#4827=CARTESIAN_POINT('',(0.0195000000000482,-5.95599999999993,-2.66696294838571));
#4828=CARTESIAN_POINT('',(8.68017453212993,-7.651,-0.8095));
#4829=CARTESIAN_POINT('',(8.68017453212993,-7.651,-1.77696294838719));
#4830=CARTESIAN_POINT('',(-0.0434999999999479,-7.651,-1.7769629483872));
#4831=CARTESIAN_POINT('',(-0.0434999999999484,-7.651,-0.8095));
#4832=CARTESIAN_POINT('',(6.55460872066772,-7.651,-5.42954546413872));
#4833=CARTESIAN_POINT('',(8.85417453212993,-7.651,-2.14542513412666));
#4834=CARTESIAN_POINT('',(8.85417453212991,-7.651,-0.809499999999853));
#4835=CARTESIAN_POINT('',(8.85417453212993,-7.651,-2.24974074737588));
#4836=CARTESIAN_POINT('',(5.25023742420498,-7.651,2.89721484973112));
#4837=CARTESIAN_POINT('',(-0.0434999999999484,-7.651,-0.8095));
#4838=CARTESIAN_POINT('',(8.68075242426095,-7.64439466271709,-1.77696294838719));
#4839=CARTESIAN_POINT('',(8.37396420978917,-11.151,-1.7769629483873));
#4840=CARTESIAN_POINT('',(8.37396420978917,-11.151,-1.7769629483873));
#4841=CARTESIAN_POINT('',(8.56499639298283,-11.151,-1.7769629483873));
#4842=CARTESIAN_POINT('',(8.37396420978917,-11.151,-1.7769629483873));
#4843=CARTESIAN_POINT('',(8.80596420978917,-11.151,-1.7769629483873));
#4844=CARTESIAN_POINT('',(9.11275242426095,-7.64439466271709,-1.77696294838719));
#4845=CARTESIAN_POINT('',(9.11275242426095,-7.64439466271709,-1.77696294838719));
#4846=CARTESIAN_POINT('',(8.68075242426095,-7.64439466271709,-1.77696294838719));
#4847=CARTESIAN_POINT('',(8.06717599531738,-7.64439466271709,-1.77696294838719));
#4848=CARTESIAN_POINT('',(0.334917050749168,-11.151,-1.7769629483873));
#4849=CARTESIAN_POINT('',(0.47400360701727,-11.151,-1.7769629483873));
#4850=CARTESIAN_POINT('',(0.765035790210922,-11.151,-1.7769629483873));
#4851=CARTESIAN_POINT('',(0.47400360701727,-11.151,-2.66696294838589));
#4852=CARTESIAN_POINT('',(0.765035790210922,-11.151,-0.8095));
#4853=CARTESIAN_POINT('',(-0.0434999999999484,-11.151,-0.8095));
#4854=CARTESIAN_POINT('',(0.341035790210922,-11.151,-2.4639629483873));
#4855=CARTESIAN_POINT('',(0.47400360701727,-11.151,-2.33984303643079));
#4856=CARTESIAN_POINT('',(0.532207268049095,-11.151,-2.28551234607029));
#4857=CARTESIAN_POINT('',(0.47400360701727,-11.151,-2.66696294838589));
#4858=CARTESIAN_POINT('',(0.47400360701727,-11.151,-2.06194152347115));
#4859=CARTESIAN_POINT('',(0.532207268049094,-11.151,-2.18119673282107));
#4860=CARTESIAN_POINT('',(0.532207268049094,-11.151,-2.18119673282107));
#4861=CARTESIAN_POINT('',(0.532207268049095,-11.151,-2.28551234607029));
#4862=CARTESIAN_POINT('',(-0.0434999999999484,-11.151,-0.8095));
#4863=CARTESIAN_POINT('',(-0.0434999999999479,-7.651,-1.7769629483872));
#4864=CARTESIAN_POINT('',(0.458825467870188,-7.651,-1.7769629483872));
#4865=CARTESIAN_POINT('',(0.458825467870188,-7.651,-0.8095));
#4866=CARTESIAN_POINT('',(-0.0434999999999484,-7.651,-0.8095));
#4867=CARTESIAN_POINT('',(0.818244439087682,-7.651,-1.73267400894258));
#4868=CARTESIAN_POINT('',(0.225996945708336,-7.651,-2.28551234607019));
#4869=CARTESIAN_POINT('',(0.225996945708312,-7.651,-0.8095));
#4870=CARTESIAN_POINT('',(0.225996945708334,-7.651,-2.18119673282097));
#4871=CARTESIAN_POINT('',(-0.36652714486912,-7.651,-0.967156529610168));
#4872=CARTESIAN_POINT('',(-0.0434999999999484,-7.651,-0.8095));
#4873=CARTESIAN_POINT('',(0.765035790210919,-11.151,-1.7769629483873));
#4874=CARTESIAN_POINT('',(0.765035790210922,-11.151,-0.8095));
#4875=CARTESIAN_POINT('',(8.37396420978917,-11.151,-1.3969629483873));
#4876=CARTESIAN_POINT('',(8.56499639298282,-11.151,-2.66696294838576));
#4877=CARTESIAN_POINT('',(-0.0434999999999484,-11.151,-0.8095));
#4878=CARTESIAN_POINT('',(8.80596420978917,-11.151,-1.7769629483873));
#4879=CARTESIAN_POINT('',(8.56499639298283,-11.151,-2.12110065564826));
#4880=CARTESIAN_POINT('',(8.54796420978917,-11.151,-2.14542513412677));
#4881=CARTESIAN_POINT('',(8.56499639298282,-11.151,-2.66696294838576));
#4882=CARTESIAN_POINT('',(8.56499639298283,-11.151,-2.27406522585447));
#4883=CARTESIAN_POINT('',(8.54796420978917,-11.151,-2.24974074737598));
#4884=CARTESIAN_POINT('',(8.54796420978917,-11.151,-2.24974074737598));
#4885=CARTESIAN_POINT('',(8.54796420978917,-11.151,-2.14542513412677));
#4886=CARTESIAN_POINT('',(-0.0434999999999484,-11.151,-0.8095));
#4887=CARTESIAN_POINT('',(8.52396420978917,-11.62,-2.66696294838593));
#4888=CARTESIAN_POINT('',(8.52396420978917,-11.62,-2.46396294838731));
#4889=CARTESIAN_POINT('',(8.86813384508458,-7.68612306755142,-2.46396294838719));
#4890=CARTESIAN_POINT('',(8.56499639298282,-11.151,-2.4639629483873));
#4891=CARTESIAN_POINT('',(8.56499639298282,-11.151,-2.66696294838576));
#4892=CARTESIAN_POINT('',(8.56499639298282,-11.151,-2.66696294838576));
#4893=CARTESIAN_POINT('',(9.0195,-5.95599999999993,-2.66696294838576));
#4894=CARTESIAN_POINT('',(8.3911759953174,-11.62,-2.46396294838731));
#4895=CARTESIAN_POINT('',(7.682,-11.62,-2.66696294838593));
#4896=CARTESIAN_POINT('',(8.52396420978917,-11.62,-2.66696294838593));
#4897=CARTESIAN_POINT('',(7.682,-11.9594497657243,-1.40011917608526));
#4898=CARTESIAN_POINT('',(7.682,-12.168,-1.45600004294074));
#4899=CARTESIAN_POINT('',(7.682,-12.347,-1.50396294838592));
#4900=CARTESIAN_POINT('',(7.682,-12.347,-2.66696294838595));
#4901=CARTESIAN_POINT('',(7.682,-12.446,-2.66696294838595));
#4902=CARTESIAN_POINT('',(7.682,-11.719,-2.66696294838593));
#4903=CARTESIAN_POINT('',(7.682,-11.719,-1.5039629483859));
#4904=CARTESIAN_POINT('',(7.682,-11.3358817425126,-1.60661917608524));
#4905=CARTESIAN_POINT('',(7.682,-11.898,-1.45600004294073));
#4906=CARTESIAN_POINT('',(7.682,-11.6430152990887,-2.67178989208731));
#4907=CARTESIAN_POINT('',(7.682,-11.8655,-1.61096294838591));
#4908=CARTESIAN_POINT('',(7.682,-11.62,-1.6109629483859));
#4909=CARTESIAN_POINT('',(7.682,-12.2005,-1.61096294838591));
#4910=CARTESIAN_POINT('',(7.682,-12.3881832996937,-2.50585369989628));
#4911=CARTESIAN_POINT('',(7.682,-11.62,-2.66696294838593));
#4912=CARTESIAN_POINT('',(9.5745,-12.446,-2.66696294838596));
#4913=CARTESIAN_POINT('',(7.682,-12.446,-2.66696294838595));
#4914=CARTESIAN_POINT('',(9.5745,-16.299,-2.66696294838608));
#4915=CARTESIAN_POINT('',(9.5745,-12.446,-2.66696294838596));
#4916=CARTESIAN_POINT('',(9.4725,-16.299,-2.66696294838608));
#4917=CARTESIAN_POINT('',(9.5745,-16.299,-2.66696294838608));
#4918=CARTESIAN_POINT('',(9.4725,-16.299,-2.66696294838608));
#4919=CARTESIAN_POINT('',(9.5745,-18.792,-2.66696294838615));
#4920=CARTESIAN_POINT('',(9.5745,-18.64,-2.66696294838615));
#4921=CARTESIAN_POINT('',(-0.535499999999959,-18.792,-2.66696294838611));
#4922=CARTESIAN_POINT('',(9.5745,-18.792,-2.66696294838615));
#4923=CARTESIAN_POINT('',(-0.535499999999958,-18.64,-2.66696294838611));
#4924=CARTESIAN_POINT('',(-0.535499999999959,-18.792,-2.66696294838611));
#4925=CARTESIAN_POINT('',(-0.635999999999958,-18.64,-2.66696294838611));
#4926=CARTESIAN_POINT('',(-0.535499999999958,-18.64,-2.66696294838611));
#4927=CARTESIAN_POINT('',(-0.635999999999958,-17.323,-2.66696294838606));
#4928=CARTESIAN_POINT('',(-0.635999999999958,-18.64,-2.66696294838611));
#4929=CARTESIAN_POINT('',(-0.433499999999958,-17.323,-2.66696294838606));
#4930=CARTESIAN_POINT('',(-1.18299999999996,-17.323,-2.66696294838606));
#4931=CARTESIAN_POINT('',(-0.433499999999957,-16.299,-2.66696294838603));
#4932=CARTESIAN_POINT('',(-0.433499999999958,-17.323,-2.66696294838606));
#4933=CARTESIAN_POINT('',(-0.535499999999957,-16.299,-2.66696294838603));
#4934=CARTESIAN_POINT('',(-0.433499999999957,-16.299,-2.66696294838603));
#4935=CARTESIAN_POINT('',(-0.535499999999958,-12.446,-2.66696294838591));
#4936=CARTESIAN_POINT('',(-0.535499999999957,-16.299,-2.66696294838603));
#4937=CARTESIAN_POINT('',(1.35700000000004,-12.446,-2.66696294838593));
#4938=CARTESIAN_POINT('',(-0.535499999999958,-12.446,-2.66696294838591));
#4939=CARTESIAN_POINT('',(1.35700000000005,-12.347,-1.50396294838592));
#4940=CARTESIAN_POINT('',(1.35700000000005,-12.347,-1.50396294838592));
#4941=CARTESIAN_POINT('',(1.35700000000005,-12.168,-1.45600004294074));
#4942=CARTESIAN_POINT('',(1.35700000000005,-12.168,-1.45600004294074));
#4943=CARTESIAN_POINT('',(1.35700000000005,-12.2005,-1.61096294838591));
#4944=CARTESIAN_POINT('',(1.35700000000005,-12.2005,-1.61096294838591));
#4945=CARTESIAN_POINT('',(1.35700000000005,-11.8655,-1.61096294838591));
#4946=CARTESIAN_POINT('',(1.35700000000005,-11.8655,-1.61096294838591));
#4947=CARTESIAN_POINT('',(1.35700000000005,-11.898,-1.45600004294073));
#4948=CARTESIAN_POINT('',(1.35700000000005,-11.898,-1.45600004294073));
#4949=CARTESIAN_POINT('',(1.35700000000005,-11.719,-1.5039629483859));
#4950=CARTESIAN_POINT('',(1.35700000000005,-11.719,-1.5039629483859));
#4951=CARTESIAN_POINT('',(1.35700000000005,-11.719,-1.3969629483859));
#4952=CARTESIAN_POINT('',(1.35700000000004,-11.62,-2.66696294838589));
#4953=CARTESIAN_POINT('',(1.35700000000004,-12.446,-2.66696294838593));
#4954=CARTESIAN_POINT('',(0.515035790210923,-11.62,-2.66696294838589));
#4955=CARTESIAN_POINT('',(0.515035790210925,-11.62,-2.46396294838731));
#4956=CARTESIAN_POINT('',(1.35700000000004,-11.62,-2.46396294838731));
#4957=CARTESIAN_POINT('',(1.35700000000004,-11.62,-2.66696294838589));
#4958=CARTESIAN_POINT('',(0.47400360701727,-11.151,-2.66696294838589));
#4959=CARTESIAN_POINT('',(0.47400360701727,-11.151,-2.66696294838589));
#4960=CARTESIAN_POINT('',(0.47400360701727,-11.151,-2.4639629483873));
#4961=CARTESIAN_POINT('',(0.515035790210924,-11.62,-2.46396294838731));
#4962=CARTESIAN_POINT('',(0.515035790210923,-11.62,-2.66696294838589));
#4963=CARTESIAN_POINT('',(4.5195,-16.002,-2.66696294838604));
#4964=CARTESIAN_POINT('',(9.00475242426095,-7.64439466271709,-2.4639629483872));
#4965=CARTESIAN_POINT('',(9.00475242426095,-7.64439466271709,-2.4639629483872));
#4966=CARTESIAN_POINT('',(9.00475242426095,-7.64439466271709,-2.4639629483872));
#4967=CARTESIAN_POINT('',(8.69796420978917,-11.151,-2.4639629483873));
#4968=CARTESIAN_POINT('',(8.69796420978917,-11.151,-2.4639629483873));
#4969=CARTESIAN_POINT('',(-1.42549999999995,-6.20328002643917,-2.46396294838577));
#4970=CARTESIAN_POINT('',(0.765035790210922,-11.151,-2.4639629483873));
#4971=CARTESIAN_POINT('',(0.341035790210922,-11.151,-2.4639629483873));
#4972=CARTESIAN_POINT('',(0.03424757573914,-7.64439466271709,-2.46396294838719));
#4973=CARTESIAN_POINT('',(0.03424757573914,-7.64439466271709,-2.46396294838719));
#4974=CARTESIAN_POINT('',(0.45824757573914,-7.64439466271709,-2.46396294838719));
#4975=CARTESIAN_POINT('',(8.39117599531738,-7.64439466271709,-2.46396294838719));
#4976=CARTESIAN_POINT('',(8.80596420978917,-11.151,-1.7769629483873));
#4977=CARTESIAN_POINT('',(0.766917050749168,-11.151,-1.7769629483873));
#4978=CARTESIAN_POINT('',(8.54796420978917,-11.151,-2.24974074737598));
#4979=CARTESIAN_POINT('',(0.766917050749168,-11.151,-1.7769629483873));
#4980=CARTESIAN_POINT('',(0.0281288362773852,-7.64439466271709,-1.77696294838719));
#4981=CARTESIAN_POINT('',(0.0281288362773852,-7.64439466271709,-1.77696294838719));
#4982=CARTESIAN_POINT('',(0.225419053577312,-7.64439466271709,-2.18119673282096));
#4983=CARTESIAN_POINT('',(0.460128836277386,-7.64439466271709,-1.77696294838719));
#4984=CARTESIAN_POINT('',(0.03424757573914,-7.64439466271709,-2.46396294838719));
#4985=CARTESIAN_POINT('',(0.460128836277386,-7.64439466271709,-1.77696294838719));
#4986=CARTESIAN_POINT('',(0.341035790210922,-11.151,-2.4639629483873));
#4987=CARTESIAN_POINT('',(0.225419053577313,-7.64439466271709,-2.28551234607019));
#4988=CARTESIAN_POINT('',(0.03424757573914,-7.64439466271709,-2.46396294838719));
#4989=CARTESIAN_POINT('',(0.225419053577312,-7.64439466271709,-2.18119673282096));
#4990=CARTESIAN_POINT('',(0.532207268049094,-11.151,-2.18119673282107));
#4991=CARTESIAN_POINT('',(0.334917050749168,-11.151,-1.7769629483873));
#4992=CARTESIAN_POINT('',(0.0281288362773852,-7.64439466271709,-1.77696294838719));
#4993=CARTESIAN_POINT('',(0.225419053577312,-7.64439466271709,-2.18119673282096));
#4994=CARTESIAN_POINT('',(0.334917050749168,-11.151,-1.7769629483873));
#4995=CARTESIAN_POINT('',(0.0281288362773852,-7.64439466271709,-1.77696294838719));
#4996=CARTESIAN_POINT('',(0.766917050749168,-11.151,-1.7769629483873));
#4997=CARTESIAN_POINT('',(0.766917050749168,-11.151,-1.7769629483873));
#4998=CARTESIAN_POINT('',(0.225419053577313,-7.64439466271709,-2.28551234607019));
#4999=CARTESIAN_POINT('',(8.85475242426096,-7.64439466271709,-2.24974074737588));
#5000=CARTESIAN_POINT('',(1.07370526522096,-7.64439466271709,-1.7769629483872));
#5001=CARTESIAN_POINT('',(9.11275242426095,-7.64439466271709,-1.77696294838719));
#5002=CARTESIAN_POINT('',(1.07370526522096,-7.64439466271709,-1.7769629483872));
#5003=CARTESIAN_POINT('',(8.85475242426095,-7.64439466271709,-2.14542513412666));
#5004=CARTESIAN_POINT('',(9.11275242426095,-7.64439466271709,-1.77696294838719));
#5005=CARTESIAN_POINT('',(8.85475242426096,-7.64439466271709,-2.24974074737588));
#5006=CARTESIAN_POINT('',(8.85475242426096,-7.64439466271709,-2.24974074737588));
#5007=CARTESIAN_POINT('',(8.68075242426095,-7.64439466271709,-1.39696294838719));
#5008=CARTESIAN_POINT('',(8.85475242426095,-7.64439466271709,-2.14542513412666));
#5009=CARTESIAN_POINT('',(7.757,-11.8655,-1.61096294838591));
#5010=CARTESIAN_POINT('',(7.757,-12.2005,-1.61096294838591));
#5011=CARTESIAN_POINT('',(7.757,-11.8655,-1.61096294838591));
#5012=CARTESIAN_POINT('',(7.757,-12.168,-1.45600004294074));
#5013=CARTESIAN_POINT('',(7.757,-12.2005,-1.61096294838591));
#5014=CARTESIAN_POINT('',(7.757,-12.347,-1.50396294838592));
#5015=CARTESIAN_POINT('',(7.757,-12.168,-1.45600004294074));
#5016=CARTESIAN_POINT('',(7.757,-12.347,-1.50396294838592));
#5017=CARTESIAN_POINT('',(7.757,-11.719,-1.5039629483859));
#5018=CARTESIAN_POINT('',(7.757,-11.719,-1.3969629483859));
#5019=CARTESIAN_POINT('',(7.757,-11.898,-1.45600004294073));
#5020=CARTESIAN_POINT('',(7.757,-11.719,-1.5039629483859));
#5021=CARTESIAN_POINT('',(7.757,-11.898,-1.45600004294073));
#5022=CARTESIAN_POINT('',(-1.42549999999995,-6.20328002643916,-2.66696294838577));
#5023=CARTESIAN_POINT('',(-1.42549999999995,-6.02428002643917,-2.3340591378181));
#5024=CARTESIAN_POINT('',(-1.42549999999995,-5.94928002643917,-2.46396294838576));
#5025=CARTESIAN_POINT('',(-1.42549999999995,-6.02428002643917,-2.3340591378181));
#5026=CARTESIAN_POINT('',(1.81950000000005,-11.0932649730811,-1.39696294838642));
#5027=CARTESIAN_POINT('',(1.81950000000005,-11.151,-1.49696294838643));
#5028=CARTESIAN_POINT('',(7.2195,-11.151,-1.49696294838643));
#5029=CARTESIAN_POINT('',(7.2195,-11.151,-1.49696294838643));
#5030=CARTESIAN_POINT('',(7.2195,-11.0932649730811,-1.39696294838642));
#5031=CARTESIAN_POINT('',(7.2195,-11.0932649730811,-1.39696294838642));
#5032=CARTESIAN_POINT('',(1.81950000000005,-11.151,-1.49696294838643));
#5033=CARTESIAN_POINT('',(7.2195,-11.151,-1.49696294838643));
#5034=CARTESIAN_POINT('',(7.2195,-11.151,-1.49696294838643));
#5035=CARTESIAN_POINT('',(7.2195,-11.0932649730811,-1.39696294838642));
#5036=CARTESIAN_POINT('',(1.81950000000005,-11.0932649730811,-1.39696294838642));
#5037=CARTESIAN_POINT('',(9.675,-16.002,-2.03196294838604));
#5038=CARTESIAN_POINT('centre point',(4.52741240202719,-12.3391803353063,
-2.03193971612407));
#5039=CARTESIAN_POINT('',(4.5195,-12.446,-2.66696294838551));
#5040=CARTESIAN_POINT('',(-0.5305,-12.446,-2.66696294838551));
#5041=CARTESIAN_POINT('',(1.35700000000004,-12.446,-2.66696294838593));
#5042=CARTESIAN_POINT('',(1.35700000000004,-12.446,-2.66696294838593));
#5043=CARTESIAN_POINT('',(1.35700000000005,-12.446,-1.466962948386));
#5044=CARTESIAN_POINT('',(4.5195,-12.446,-1.46696294838551));
#5045=CARTESIAN_POINT('',(-0.5305,-12.446,-1.4669629483855));
#5046=CARTESIAN_POINT('',(-0.5305,-12.446,-2.66696294838551));
#5047=CARTESIAN_POINT('',(4.5195,-12.446,-2.66696294838551));
#5048=CARTESIAN_POINT('',(4.5195,-12.4398757935533,-1.39696294838662));
#5049=CARTESIAN_POINT('',(7.682,-12.4398757935532,-1.39696294838595));
#5050=CARTESIAN_POINT('',(1.35700000000005,-12.4398757935532,-1.3969629483859));
#5051=CARTESIAN_POINT('',(7.682,-12.446,-1.46696294838553));
#5052=CARTESIAN_POINT('',(7.682,-12.446,-1.46696294838597));
#5053=CARTESIAN_POINT('',(4.5195,-12.446,-1.46696294838551));
#5054=CARTESIAN_POINT('',(9.5695,-12.446,-1.4669629483855));
#5055=CARTESIAN_POINT('',(9.5695,-12.5173356724891,-2.28233341598811));
#5056=CARTESIAN_POINT('',(9.5695,-12.280646425936,0.423037051614485));
#5057=CARTESIAN_POINT('',(9.53814101875185,-12.2492874446879,0.781471847442141));
#5058=CARTESIAN_POINT('',(9.44614098442845,-12.1572874103644,1.83303705161449));
#5059=CARTESIAN_POINT('',(4.5195,-12.1572874103644,1.83303705161449));
#5060=CARTESIAN_POINT('',(-0.40714098442845,-12.1572874103644,1.83303705161449));
#5061=CARTESIAN_POINT('',(-0.49914101875184,-12.2492874446879,0.781471847442141));
#5062=CARTESIAN_POINT('',(-0.5305,-12.280646425936,0.423037051614485));
#5063=CARTESIAN_POINT('',(-0.5305,-12.5173356724891,-2.28233341598811));
#5064=CARTESIAN_POINT('',(1.35700000000005,-12.446,-1.4669629483855));
#5065=CARTESIAN_POINT('',(4.5195,-12.446,-1.46696294838551));
#5066=CARTESIAN_POINT('',(-0.40714098442845,-8.121,1.83303705161449));
#5067=CARTESIAN_POINT('',(-0.40714098442845,-3.91935901557155,1.83303705161449));
#5068=CARTESIAN_POINT('',(9.44614098442845,-8.121,1.83303705161449));
#5069=CARTESIAN_POINT('',(9.44614098442845,-3.91935901557155,1.83303705161449));
#5070=CARTESIAN_POINT('',(4.5195,-3.91935901557155,1.83303705161449));
#5071=CARTESIAN_POINT('',(4.5195,-8.121,1.83303705161449));
#5072=CARTESIAN_POINT('',(9.5695,-8.121,0.423037051614485));
#5073=CARTESIAN_POINT('',(9.5695,-3.796,0.423037051614485));
#5074=CARTESIAN_POINT('',(9.5695,-12.446,-2.66696294838551));
#5075=CARTESIAN_POINT('',(9.5695,-12.446,-2.66696294838551));
#5076=CARTESIAN_POINT('',(9.5695,-8.121,-2.66696294838551));
#5077=CARTESIAN_POINT('',(9.5695,-4.0234705251674,-2.66696294838551));
#5078=CARTESIAN_POINT('',(9.5695,-4.05459586507811,-3.02272721150612));
#5079=CARTESIAN_POINT('',(9.5695,-3.796,-0.0669629483855149));
#5080=CARTESIAN_POINT('',(9.5695,-3.796,-2.66696294838551));
#5081=CARTESIAN_POINT('',(9.5695,-8.121,-2.66696294838551));
#5082=CARTESIAN_POINT('',(7.682,-12.446,-2.66696294838595));
#5083=CARTESIAN_POINT('',(7.682,-12.446,-2.66696294838595));
#5084=CARTESIAN_POINT('',(4.5195,-12.446,-2.66696294838551));
#5085=CARTESIAN_POINT('',(4.5195,-12.446,-2.66696294838551));
#5086=CARTESIAN_POINT('',(-0.5305,-8.121,0.423037051614485));
#5087=CARTESIAN_POINT('',(-0.5305,-3.796,0.423037051614485));
#5088=CARTESIAN_POINT('',(-0.5305,-3.796,-2.66696294838551));
#5089=CARTESIAN_POINT('',(-0.5305,-3.796,-0.0669629483855149));
#5090=CARTESIAN_POINT('',(-0.5305,-4.05459586507811,-3.02272721150612));
#5091=CARTESIAN_POINT('',(-0.5305,-4.0234705251674,-2.66696294838551));
#5092=CARTESIAN_POINT('',(-0.5305,-8.121,-2.66696294838551));
#5093=CARTESIAN_POINT('',(-0.5305,-8.121,-2.66696294838551));
#5094=CARTESIAN_POINT('',(1.35700000000004,-12.446,-2.66696294838593));
#5095=CARTESIAN_POINT('',(1.35700000000004,-11.62,-2.66696294838589));
#5096=CARTESIAN_POINT('',(4.5195,-4.0234705251674,-2.66696294838551));
#5097=CARTESIAN_POINT('',(7.682,-11.62,-2.66696294838593));
#5098=CARTESIAN_POINT('',(7.682,-11.62,-2.66696294838593));
#5099=CARTESIAN_POINT('',(8.52396420978917,-11.62,-2.66696294838593));
#5100=CARTESIAN_POINT('',(8.23293202659552,-11.62,-2.66696294838593));
#5101=CARTESIAN_POINT('',(7.82426118106707,-16.2911291390038,-2.66696294838607));
#5102=CARTESIAN_POINT('',(8.70683361777653,-6.20328002643916,-2.66696294838576));
#5103=CARTESIAN_POINT('',(-1.42549999999995,-6.20328002643916,-2.66696294838577));
#5104=CARTESIAN_POINT('',(0.332166382223562,-6.20328002643916,-2.66696294838577));
#5105=CARTESIAN_POINT('',(1.21473881893302,-16.2911291390038,-2.66696294838604));
#5106=CARTESIAN_POINT('',(0.806067973404572,-11.62,-2.66696294838589));
#5107=CARTESIAN_POINT('',(1.35700000000004,-11.62,-2.66696294838589));
#5108=CARTESIAN_POINT('',(4.5195,-8.121,-2.66696294838551));
#5109=CARTESIAN_POINT('',(4.5195,-3.796,-0.0669629483855149));
#5110=CARTESIAN_POINT('',(4.5195,-3.796,0.423037051614485));
#5111=CARTESIAN_POINT('',(4.5195,-3.796,-2.66696294838551));
#5112=CARTESIAN_POINT('',(9.53142877011956,-3.83407122988044,0.858193200378345));
#5113=CARTESIAN_POINT('',(9.5695,-8.121,0.423037051614485));
#5114=CARTESIAN_POINT('',(-0.492428770119562,-3.83407122988044,0.858193200378345));
#5115=CARTESIAN_POINT('',(4.5195,-3.796,0.423037051614485));
#5116=CARTESIAN_POINT('',(-0.5305,-8.121,0.423037051614485));
#5117=CARTESIAN_POINT('',(4.5195,-3.796,-0.0669629483855149));
#5118=CARTESIAN_POINT('',(7.2195,-11.0932649730811,-1.39696294838642));
#5119=CARTESIAN_POINT('',(1.81950000000005,-11.0932649730811,-1.39696294838643));
#5120=CARTESIAN_POINT('',(7.2195,-11.0932649730811,-1.39696294838642));
#5121=CARTESIAN_POINT('',(1.81950000000005,-11.2087350269191,-1.39696294838644));
#5122=CARTESIAN_POINT('',(1.81950000000005,-11.2087350269191,-1.39696294838644));
#5123=CARTESIAN_POINT('',(7.2195,-11.2087350269191,-1.39696294838644));
#5124=CARTESIAN_POINT('',(7.2195,-11.2087350269191,-1.39696294838644));
#5125=CARTESIAN_POINT('',(7.2195,-11.2087350269191,-1.39696294838644));
#5126=CARTESIAN_POINT('',(0.0195000000000541,-5.956,-1.39696294838572));
#5127=CARTESIAN_POINT('',(9.0195,-5.956,-1.39696294838576));
#5128=CARTESIAN_POINT('',(0.019500000000054,-5.956,-1.39696294838572));
#5129=CARTESIAN_POINT('',(9.0195,-5.956,-1.39696294838576));
#5130=CARTESIAN_POINT('',(8.87120671532359,-7.651,-1.39696294838576));
#5131=CARTESIAN_POINT('',(7.6945,-7.651,-1.39696294838601));
#5132=CARTESIAN_POINT('',(8.68017453212993,-7.651,-1.39696294838601));
#5133=CARTESIAN_POINT('',(8.68075242426095,-7.64439466271709,-1.39696294838719));
#5134=CARTESIAN_POINT('',(8.37396420978917,-11.151,-1.3969629483873));
#5135=CARTESIAN_POINT('',(7.6945,-11.151,-1.39696294838647));
#5136=CARTESIAN_POINT('',(8.56499639298283,-11.151,-1.39696294838576));
#5137=CARTESIAN_POINT('',(9.0195,-5.956,-1.39696294838576));
#5138=CARTESIAN_POINT('',(8.52396420978917,-11.62,-1.39696294838593));
#5139=CARTESIAN_POINT('',(8.52396420978917,-11.62,-1.39696294838593));
#5140=CARTESIAN_POINT('',(7.682,-11.62,-1.39696294838593));
#5141=CARTESIAN_POINT('',(7.682,-11.62,-1.39696294838593));
#5142=CARTESIAN_POINT('',(7.682,-11.719,-1.3969629483859));
#5143=CARTESIAN_POINT('',(7.757,-11.719,-1.3969629483859));
#5144=CARTESIAN_POINT('',(1.35700000000005,-11.719,-1.3969629483859));
#5145=CARTESIAN_POINT('',(1.35700000000005,-12.446,-1.39696294838592));
#5146=CARTESIAN_POINT('',(1.35700000000005,-11.62,-1.3969629483859));
#5147=CARTESIAN_POINT('',(1.35700000000005,-11.62,-1.3969629483859));
#5148=CARTESIAN_POINT('',(0.515035790210929,-11.62,-1.39696294838589));
#5149=CARTESIAN_POINT('',(0.515035790210929,-11.62,-1.39696294838589));
#5150=CARTESIAN_POINT('',(0.474003607017272,-11.151,-1.39696294838572));
#5151=CARTESIAN_POINT('',(7.6945,-11.151,-1.39696294838647));
#5152=CARTESIAN_POINT('',(0.765035790210922,-11.151,-1.39696294838733));
#5153=CARTESIAN_POINT('',(0.347257884560748,-6.37577668748044,-1.3969629483858));
#5154=CARTESIAN_POINT('',(0.458825467870188,-7.651,-1.39696294838599));
#5155=CARTESIAN_POINT('',(7.6945,-7.651,-1.39696294838601));
#5156=CARTESIAN_POINT('',(0.167793284676513,-7.651,-1.39696294838572));
#5157=CARTESIAN_POINT('',(0.515035790210929,-11.62,-1.39696294838589));
#5158=CARTESIAN_POINT('',(7.6945,-5.73297629419928,-1.39696294838576));
#5159=CARTESIAN_POINT('',(1.35700000000005,-12.446,-1.39696294838592));
#5160=CARTESIAN_POINT('',(1.35700000000005,-12.347,-1.39696294838592));
#5161=CARTESIAN_POINT('',(7.757,-12.347,-1.39696294838592));
#5162=CARTESIAN_POINT('',(7.682,-12.347,-1.39696294838592));
#5163=CARTESIAN_POINT('',(7.682,-11.62,-1.39696294838593));
#5164=CARTESIAN_POINT('',(7.6945,-5.73297629419928,-1.39696294838576));
#5165=CARTESIAN_POINT('',(8.23293202659552,-11.62,-2.66696294838593));
#5166=CARTESIAN_POINT('',(8.23293202659552,-11.62,-2.46396294838731));
#5167=CARTESIAN_POINT('',(8.27396420978917,-11.151,-2.4639629483873));
#5168=CARTESIAN_POINT('',(8.70683361777653,-6.20328002643917,-2.46396294838577));
#5169=CARTESIAN_POINT('',(8.70683361777652,-6.20328002643923,-0.80949999999983));
#5170=CARTESIAN_POINT('',(8.27396420978917,-11.151,-0.8095));
#5171=CARTESIAN_POINT('',(9.02761580262425,-5.8632359515265,-2.61299565782477));
#5172=CARTESIAN_POINT('',(9.0195,-5.956,-2.45232361275298));
#5173=CARTESIAN_POINT('',(9.01352627174137,-6.02428002643917,-2.3340591378181));
#5174=CARTESIAN_POINT('',(9.0195,-5.95599999999993,-2.66696294838576));
#5175=CARTESIAN_POINT('',(9.0195,-5.956,-2.46396294838715));
#5176=CARTESIAN_POINT('',(9.0195,-5.956,-2.46396294838714));
#5177=CARTESIAN_POINT('',(8.87178460745461,-7.64439466271709,-2.4639629483872));
#5178=CARTESIAN_POINT('',(8.87178460745461,-7.64439466271709,-2.66696294838576));
#5179=CARTESIAN_POINT('',(8.87178460745461,-7.64439466271709,-2.27406522585436));
#5180=CARTESIAN_POINT('',(9.0195,-5.956,-2.27406522585431));
#5181=CARTESIAN_POINT('',(8.87120671532359,-7.651,-2.27406522585437));
#5182=CARTESIAN_POINT('',(8.87120671532359,-7.651,-2.66696294838576));
#5183=CARTESIAN_POINT('',(8.87120671532359,-7.651,-2.12110065564816));
#5184=CARTESIAN_POINT('',(9.0195,-5.956,-2.12110065564811));
#5185=CARTESIAN_POINT('',(8.87178460745461,-7.64439466271709,-2.12110065564816));
#5186=CARTESIAN_POINT('',(8.87178460745461,-7.64439466271709,-2.66696294838576));
#5187=CARTESIAN_POINT('',(8.87178460745462,-7.64439466271709,-1.77696294838719));
#5188=CARTESIAN_POINT('',(9.0195,-5.956,-1.77696294838714));
#5189=CARTESIAN_POINT('',(8.87120671532359,-7.651,-1.77696294838719));
#5190=CARTESIAN_POINT('',(8.87120671532359,-7.651,-2.66696294838576));
#5191=CARTESIAN_POINT('',(9.0195,-5.95599999999993,-2.66696294838576));
#5192=CARTESIAN_POINT('',(9.0195,-5.956,-1.77796294838576));
#5193=CARTESIAN_POINT('',(9.01009303873682,-6.06352205924868,-2.65365984755678));
#5194=CARTESIAN_POINT('',(9.0195,-5.95599999999993,-2.66696294838576));
#5195=CARTESIAN_POINT('',(0.135977967175056,-7.28734925692942,-0.14635905713219));
#5196=CARTESIAN_POINT('',(0.025473728258733,-6.02428002643917,-2.3340591378181));
#5197=CARTESIAN_POINT('',(0.0195000000000497,-5.956,-2.45232361275299));
#5198=CARTESIAN_POINT('',(0.0363222172605116,-6.14827882313544,-3.34394829476479));
#5199=CARTESIAN_POINT('',(0.0195000000000496,-5.956,-1.77796294838576));
#5200=CARTESIAN_POINT('',(0.0195000000000481,-5.95599999999993,-2.66696294838571));
#5201=CARTESIAN_POINT('',(0.16779328467651,-7.651,-2.66696294838589));
#5202=CARTESIAN_POINT('',(0.16779328467651,-7.651,-1.7769629483872));
#5203=CARTESIAN_POINT('',(0.515035790210927,-11.62,-1.77696294838732));
#5204=CARTESIAN_POINT('',(0.167215392545489,-7.64439466271709,-1.77696294838719));
#5205=CARTESIAN_POINT('',(0.167215392545488,-7.64439466271709,-2.66696294838589));
#5206=CARTESIAN_POINT('',(0.167215392545489,-7.64439466271709,-2.06194152347105));
#5207=CARTESIAN_POINT('',(0.515035790210926,-11.62,-2.06194152347117));
#5208=CARTESIAN_POINT('',(0.16779328467651,-7.651,-2.06194152347105));
#5209=CARTESIAN_POINT('',(0.16779328467651,-7.651,-2.66696294838589));
#5210=CARTESIAN_POINT('',(0.16779328467651,-7.651,-2.33984303643068));
#5211=CARTESIAN_POINT('',(0.515035790210925,-11.62,-2.33984303643081));
#5212=CARTESIAN_POINT('',(0.167215392545488,-7.64439466271709,-2.33984303643068));
#5213=CARTESIAN_POINT('',(0.167215392545488,-7.64439466271709,-2.66696294838589));
#5214=CARTESIAN_POINT('',(0.167215392545489,-7.64439466271709,-2.46396294838719));
#5215=CARTESIAN_POINT('',(0.515035790210924,-11.62,-2.46396294838731));
#5216=CARTESIAN_POINT('',(0.0195000000000497,-5.956,-2.46396294838714));
#5217=CARTESIAN_POINT('',(0.0195000000000481,-5.95599999999993,-2.66696294838571));
#5218=CARTESIAN_POINT('',(0.515035790210923,-11.62,-2.66696294838589));
#5219=CARTESIAN_POINT('',(0.45824757573914,-7.64439466271709,-2.46396294838719));
#5220=CARTESIAN_POINT('',(0.806067973404575,-11.62,-2.46396294838731));
#5221=CARTESIAN_POINT('',(0.332166382223526,-6.20328002643917,-2.46396294838577));
#5222=CARTESIAN_POINT('',(0.806067973404577,-11.62,-0.809500000000015));
#5223=CARTESIAN_POINT('',(0.332166382223567,-6.20328002643923,-0.80949999999983));
#5224=CARTESIAN_POINT('',(0.765035790210922,-11.151,-0.8095));
#5225=CARTESIAN_POINT('',(0.0195000000000481,-5.956,-2.45232361275299));
#5226=CARTESIAN_POINT('',(0.45824757573914,-5.956,-2.46396294838714));
#5227=CARTESIAN_POINT('',(0.0195000000000482,-5.95599999999993,-2.66696294838571));
#5228=CARTESIAN_POINT('',(7.6945,-5.956,-1.77796294838579));
#5229=CARTESIAN_POINT('',(0.0195000000000482,-5.95599999999993,-2.66696294838571));
#5230=CARTESIAN_POINT('',(-0.0434999999999479,-7.651,-1.7769629483872));
#5231=CARTESIAN_POINT('',(8.68017453212993,-7.651,-1.77696294838719));
#5232=CARTESIAN_POINT('',(8.68017453212993,-7.651,-0.8095));
#5233=CARTESIAN_POINT('',(-0.0434999999999484,-7.651,-0.8095));
#5234=CARTESIAN_POINT('',(5.25023742420498,-7.651,2.89721484973112));
#5235=CARTESIAN_POINT('',(8.85417453212993,-7.651,-2.24974074737588));
#5236=CARTESIAN_POINT('',(8.85417453212991,-7.651,-0.809499999999853));
#5237=CARTESIAN_POINT('',(8.85417453212993,-7.651,-2.14542513412666));
#5238=CARTESIAN_POINT('',(6.55460872066772,-7.651,-5.42954546413872));
#5239=CARTESIAN_POINT('',(-0.0434999999999484,-7.651,-0.8095));
#5240=CARTESIAN_POINT('',(8.68075242426095,-7.64439466271709,-1.77696294838719));
#5241=CARTESIAN_POINT('',(8.37396420978917,-11.151,-1.7769629483873));
#5242=CARTESIAN_POINT('',(8.68075242426095,-7.64439466271709,-1.77696294838719));
#5243=CARTESIAN_POINT('',(9.11275242426095,-7.64439466271709,-1.77696294838719));
#5244=CARTESIAN_POINT('',(9.11275242426095,-7.64439466271709,-1.77696294838719));
#5245=CARTESIAN_POINT('',(8.80596420978917,-11.151,-1.7769629483873));
#5246=CARTESIAN_POINT('',(8.37396420978917,-11.151,-1.7769629483873));
#5247=CARTESIAN_POINT('',(8.56499639298283,-11.151,-1.7769629483873));
#5248=CARTESIAN_POINT('',(8.37396420978917,-11.151,-1.7769629483873));
#5249=CARTESIAN_POINT('',(8.06717599531738,-7.64439466271709,-1.77696294838719));
#5250=CARTESIAN_POINT('',(0.334917050749168,-11.151,-1.7769629483873));
#5251=CARTESIAN_POINT('',(0.765035790210922,-11.151,-1.7769629483873));
#5252=CARTESIAN_POINT('',(0.47400360701727,-11.151,-1.7769629483873));
#5253=CARTESIAN_POINT('',(0.765035790210922,-11.151,-0.8095));
#5254=CARTESIAN_POINT('',(0.47400360701727,-11.151,-2.66696294838589));
#5255=CARTESIAN_POINT('',(-0.0434999999999484,-11.151,-0.8095));
#5256=CARTESIAN_POINT('',(0.341035790210922,-11.151,-2.4639629483873));
#5257=CARTESIAN_POINT('',(0.532207268049095,-11.151,-2.28551234607029));
#5258=CARTESIAN_POINT('',(0.47400360701727,-11.151,-2.33984303643079));
#5259=CARTESIAN_POINT('',(0.532207268049095,-11.151,-2.28551234607029));
#5260=CARTESIAN_POINT('',(0.532207268049094,-11.151,-2.18119673282107));
#5261=CARTESIAN_POINT('',(0.532207268049094,-11.151,-2.18119673282107));
#5262=CARTESIAN_POINT('',(0.47400360701727,-11.151,-2.06194152347115));
#5263=CARTESIAN_POINT('',(0.47400360701727,-11.151,-2.66696294838589));
#5264=CARTESIAN_POINT('',(-0.0434999999999484,-11.151,-0.8095));
#5265=CARTESIAN_POINT('',(0.458825467870188,-7.651,-0.8095));
#5266=CARTESIAN_POINT('',(0.458825467870188,-7.651,-1.7769629483872));
#5267=CARTESIAN_POINT('',(-0.0434999999999479,-7.651,-1.7769629483872));
#5268=CARTESIAN_POINT('',(-0.0434999999999484,-7.651,-0.8095));
#5269=CARTESIAN_POINT('',(-0.36652714486912,-7.651,-0.967156529610168));
#5270=CARTESIAN_POINT('',(0.225996945708334,-7.651,-2.18119673282097));
#5271=CARTESIAN_POINT('',(0.225996945708312,-7.651,-0.8095));
#5272=CARTESIAN_POINT('',(0.225996945708336,-7.651,-2.28551234607019));
#5273=CARTESIAN_POINT('',(0.818244439087682,-7.651,-1.73267400894258));
#5274=CARTESIAN_POINT('',(-0.0434999999999484,-7.651,-0.8095));
#5275=CARTESIAN_POINT('',(0.765035790210919,-11.151,-1.7769629483873));
#5276=CARTESIAN_POINT('',(0.765035790210922,-11.151,-0.8095));
#5277=CARTESIAN_POINT('',(8.37396420978917,-11.151,-1.3969629483873));
#5278=CARTESIAN_POINT('',(8.56499639298282,-11.151,-2.66696294838576));
#5279=CARTESIAN_POINT('',(-0.0434999999999484,-11.151,-0.8095));
#5280=CARTESIAN_POINT('',(8.80596420978917,-11.151,-1.7769629483873));
#5281=CARTESIAN_POINT('',(8.54796420978917,-11.151,-2.14542513412677));
#5282=CARTESIAN_POINT('',(8.56499639298283,-11.151,-2.12110065564826));
#5283=CARTESIAN_POINT('',(8.54796420978917,-11.151,-2.14542513412677));
#5284=CARTESIAN_POINT('',(8.54796420978917,-11.151,-2.24974074737598));
#5285=CARTESIAN_POINT('',(8.54796420978917,-11.151,-2.24974074737598));
#5286=CARTESIAN_POINT('',(8.56499639298283,-11.151,-2.27406522585447));
#5287=CARTESIAN_POINT('',(8.56499639298282,-11.151,-2.66696294838576));
#5288=CARTESIAN_POINT('',(-0.0434999999999484,-11.151,-0.8095));
#5289=CARTESIAN_POINT('',(8.52396420978917,-11.62,-2.66696294838593));
#5290=CARTESIAN_POINT('',(8.52396420978917,-11.62,-2.46396294838731));
#5291=CARTESIAN_POINT('',(8.56499639298282,-11.151,-2.66696294838576));
#5292=CARTESIAN_POINT('',(8.56499639298282,-11.151,-2.66696294838576));
#5293=CARTESIAN_POINT('',(8.56499639298282,-11.151,-2.4639629483873));
#5294=CARTESIAN_POINT('',(8.86813384508458,-7.68612306755142,-2.46396294838719));
#5295=CARTESIAN_POINT('',(9.0195,-5.95599999999993,-2.66696294838576));
#5296=CARTESIAN_POINT('',(7.682,-11.62,-2.66696294838593));
#5297=CARTESIAN_POINT('',(8.3911759953174,-11.62,-2.46396294838731));
#5298=CARTESIAN_POINT('',(8.52396420978917,-11.62,-2.66696294838593));
#5299=CARTESIAN_POINT('',(7.682,-12.347,-2.66696294838595));
#5300=CARTESIAN_POINT('',(7.682,-12.347,-1.50396294838592));
#5301=CARTESIAN_POINT('',(7.682,-11.9594497657243,-1.40011917608526));
#5302=CARTESIAN_POINT('',(7.682,-12.168,-1.45600004294074));
#5303=CARTESIAN_POINT('',(7.682,-12.3881832996937,-2.50585369989628));
#5304=CARTESIAN_POINT('',(7.682,-12.2005,-1.61096294838591));
#5305=CARTESIAN_POINT('',(7.682,-11.62,-1.6109629483859));
#5306=CARTESIAN_POINT('',(7.682,-11.8655,-1.61096294838591));
#5307=CARTESIAN_POINT('',(7.682,-11.6430152990887,-2.67178989208731));
#5308=CARTESIAN_POINT('',(7.682,-11.898,-1.45600004294073));
#5309=CARTESIAN_POINT('',(7.682,-11.3358817425126,-1.60661917608524));
#5310=CARTESIAN_POINT('',(7.682,-11.719,-1.5039629483859));
#5311=CARTESIAN_POINT('',(7.682,-11.719,-2.66696294838593));
#5312=CARTESIAN_POINT('',(7.682,-11.62,-2.66696294838593));
#5313=CARTESIAN_POINT('',(1.35700000000004,-11.62,-2.66696294838589));
#5314=CARTESIAN_POINT('',(1.35700000000005,-11.719,-1.3969629483859));
#5315=CARTESIAN_POINT('',(1.35700000000005,-11.719,-1.5039629483859));
#5316=CARTESIAN_POINT('',(1.35700000000005,-11.719,-1.5039629483859));
#5317=CARTESIAN_POINT('',(1.35700000000005,-11.898,-1.45600004294073));
#5318=CARTESIAN_POINT('',(1.35700000000005,-11.898,-1.45600004294073));
#5319=CARTESIAN_POINT('',(1.35700000000005,-11.8655,-1.61096294838591));
#5320=CARTESIAN_POINT('',(1.35700000000005,-11.8655,-1.61096294838591));
#5321=CARTESIAN_POINT('',(1.35700000000005,-12.2005,-1.61096294838591));
#5322=CARTESIAN_POINT('',(1.35700000000005,-12.2005,-1.61096294838591));
#5323=CARTESIAN_POINT('',(1.35700000000005,-12.168,-1.45600004294074));
#5324=CARTESIAN_POINT('',(1.35700000000005,-12.168,-1.45600004294074));
#5325=CARTESIAN_POINT('',(1.35700000000005,-12.347,-1.50396294838592));
#5326=CARTESIAN_POINT('',(1.35700000000005,-12.347,-1.50396294838592));
#5327=CARTESIAN_POINT('',(1.35700000000004,-12.446,-2.66696294838593));
#5328=CARTESIAN_POINT('',(0.515035790210923,-11.62,-2.66696294838589));
#5329=CARTESIAN_POINT('',(0.515035790210925,-11.62,-2.46396294838731));
#5330=CARTESIAN_POINT('',(1.35700000000004,-11.62,-2.46396294838731));
#5331=CARTESIAN_POINT('',(1.35700000000004,-11.62,-2.66696294838589));
#5332=CARTESIAN_POINT('',(0.515035790210924,-11.62,-2.46396294838731));
#5333=CARTESIAN_POINT('',(0.47400360701727,-11.151,-2.4639629483873));
#5334=CARTESIAN_POINT('',(0.47400360701727,-11.151,-2.66696294838589));
#5335=CARTESIAN_POINT('',(0.47400360701727,-11.151,-2.66696294838589));
#5336=CARTESIAN_POINT('',(0.515035790210923,-11.62,-2.66696294838589));
#5337=CARTESIAN_POINT('',(0.45824757573914,-7.64439466271709,-2.46396294838719));
#5338=CARTESIAN_POINT('',(0.03424757573914,-7.64439466271709,-2.46396294838719));
#5339=CARTESIAN_POINT('',(0.03424757573914,-7.64439466271709,-2.46396294838719));
#5340=CARTESIAN_POINT('',(0.341035790210922,-11.151,-2.4639629483873));
#5341=CARTESIAN_POINT('',(0.765035790210922,-11.151,-2.4639629483873));
#5342=CARTESIAN_POINT('',(-1.42549999999995,-6.20328002643917,-2.46396294838577));
#5343=CARTESIAN_POINT('',(8.69796420978917,-11.151,-2.4639629483873));
#5344=CARTESIAN_POINT('',(8.69796420978917,-11.151,-2.4639629483873));
#5345=CARTESIAN_POINT('',(9.00475242426095,-7.64439466271709,-2.4639629483872));
#5346=CARTESIAN_POINT('',(9.00475242426095,-7.64439466271709,-2.4639629483872));
#5347=CARTESIAN_POINT('',(9.00475242426095,-7.64439466271709,-2.4639629483872));
#5348=CARTESIAN_POINT('',(8.39117599531738,-7.64439466271709,-2.46396294838719));
#5349=CARTESIAN_POINT('',(8.80596420978917,-11.151,-1.7769629483873));
#5350=CARTESIAN_POINT('',(0.766917050749168,-11.151,-1.7769629483873));
#5351=CARTESIAN_POINT('',(8.54796420978917,-11.151,-2.24974074737598));
#5352=CARTESIAN_POINT('',(0.766917050749168,-11.151,-1.7769629483873));
#5353=CARTESIAN_POINT('',(0.0281288362773852,-7.64439466271709,-1.77696294838719));
#5354=CARTESIAN_POINT('',(0.0281288362773852,-7.64439466271709,-1.77696294838719));
#5355=CARTESIAN_POINT('',(0.225419053577312,-7.64439466271709,-2.18119673282096));
#5356=CARTESIAN_POINT('',(0.460128836277386,-7.64439466271709,-1.77696294838719));
#5357=CARTESIAN_POINT('',(0.03424757573914,-7.64439466271709,-2.46396294838719));
#5358=CARTESIAN_POINT('',(0.460128836277386,-7.64439466271709,-1.77696294838719));
#5359=CARTESIAN_POINT('',(0.225419053577313,-7.64439466271709,-2.28551234607019));
#5360=CARTESIAN_POINT('',(0.341035790210922,-11.151,-2.4639629483873));
#5361=CARTESIAN_POINT('',(0.03424757573914,-7.64439466271709,-2.46396294838719));
#5362=CARTESIAN_POINT('',(0.0281288362773852,-7.64439466271709,-1.77696294838719));
#5363=CARTESIAN_POINT('',(0.334917050749168,-11.151,-1.7769629483873));
#5364=CARTESIAN_POINT('',(0.532207268049094,-11.151,-2.18119673282107));
#5365=CARTESIAN_POINT('',(0.225419053577312,-7.64439466271709,-2.18119673282096));
#5366=CARTESIAN_POINT('',(0.225419053577312,-7.64439466271709,-2.18119673282096));
#5367=CARTESIAN_POINT('',(0.334917050749168,-11.151,-1.7769629483873));
#5368=CARTESIAN_POINT('',(0.0281288362773852,-7.64439466271709,-1.77696294838719));
#5369=CARTESIAN_POINT('',(0.766917050749168,-11.151,-1.7769629483873));
#5370=CARTESIAN_POINT('',(0.766917050749168,-11.151,-1.7769629483873));
#5371=CARTESIAN_POINT('',(0.225419053577313,-7.64439466271709,-2.28551234607019));
#5372=CARTESIAN_POINT('',(8.85475242426096,-7.64439466271709,-2.24974074737588));
#5373=CARTESIAN_POINT('',(1.07370526522096,-7.64439466271709,-1.7769629483872));
#5374=CARTESIAN_POINT('',(9.11275242426095,-7.64439466271709,-1.77696294838719));
#5375=CARTESIAN_POINT('',(1.07370526522096,-7.64439466271709,-1.7769629483872));
#5376=CARTESIAN_POINT('',(8.85475242426095,-7.64439466271709,-2.14542513412666));
#5377=CARTESIAN_POINT('',(9.11275242426095,-7.64439466271709,-1.77696294838719));
#5378=CARTESIAN_POINT('',(8.85475242426096,-7.64439466271709,-2.24974074737588));
#5379=CARTESIAN_POINT('',(8.85475242426096,-7.64439466271709,-2.24974074737588));
#5380=CARTESIAN_POINT('',(8.68075242426095,-7.64439466271709,-1.39696294838719));
#5381=CARTESIAN_POINT('',(8.85475242426095,-7.64439466271709,-2.14542513412666));
#5382=CARTESIAN_POINT('',(7.757,-11.8655,-1.61096294838591));
#5383=CARTESIAN_POINT('',(7.757,-12.2005,-1.61096294838591));
#5384=CARTESIAN_POINT('',(7.757,-11.8655,-1.61096294838591));
#5385=CARTESIAN_POINT('',(7.757,-12.168,-1.45600004294074));
#5386=CARTESIAN_POINT('',(7.757,-12.2005,-1.61096294838591));
#5387=CARTESIAN_POINT('',(7.757,-12.347,-1.50396294838592));
#5388=CARTESIAN_POINT('',(7.757,-12.168,-1.45600004294074));
#5389=CARTESIAN_POINT('',(7.757,-12.347,-1.50396294838592));
#5390=CARTESIAN_POINT('',(7.757,-11.719,-1.5039629483859));
#5391=CARTESIAN_POINT('',(7.757,-11.719,-1.3969629483859));
#5392=CARTESIAN_POINT('',(7.757,-11.898,-1.45600004294073));
#5393=CARTESIAN_POINT('',(7.757,-11.719,-1.5039629483859));
#5394=CARTESIAN_POINT('',(7.757,-11.898,-1.45600004294073));
#5395=CARTESIAN_POINT('',(-1.42549999999995,-6.20328002643916,-2.66696294838577));
#5396=CARTESIAN_POINT('',(-1.42549999999995,-6.02428002643917,-2.3340591378181));
#5397=CARTESIAN_POINT('',(-1.42549999999995,-5.94928002643917,-2.46396294838576));
#5398=CARTESIAN_POINT('',(-1.42549999999995,-6.02428002643917,-2.3340591378181));
#5399=CARTESIAN_POINT('',(1.81950000000005,-11.0932649730811,-1.39696294838642));
#5400=CARTESIAN_POINT('',(1.81950000000005,-11.151,-1.49696294838643));
#5401=CARTESIAN_POINT('',(7.2195,-11.0932649730811,-1.39696294838642));
#5402=CARTESIAN_POINT('',(7.2195,-11.151,-1.49696294838643));
#5403=CARTESIAN_POINT('',(7.2195,-11.151,-1.49696294838643));
#5404=CARTESIAN_POINT('',(7.2195,-11.0932649730811,-1.39696294838642));
#5405=CARTESIAN_POINT('',(1.81950000000005,-11.151,-1.49696294838643));
#5406=CARTESIAN_POINT('',(7.2195,-11.151,-1.49696294838643));
#5407=CARTESIAN_POINT('',(7.2195,-11.151,-1.49696294838643));
#5408=CARTESIAN_POINT('',(7.2195,-11.0932649730811,-1.39696294838642));
#5409=CARTESIAN_POINT('',(1.81950000000005,-11.0932649730811,-1.39696294838642));
#5410=CARTESIAN_POINT('centre point',(4.51619651689489,-7.91590341978929,
-0.101289046113106));
#5411=CARTESIAN_POINT('',(7.0595,10.104,0.423037051614497));
#5412=CARTESIAN_POINT('',(6.8595,10.104,0.423037051614497));
#5413=CARTESIAN_POINT('',(7.2595,10.104,0.423037051614497));
#5414=CARTESIAN_POINT('',(3.4845,6.729,0.423037051614497));
#5415=CARTESIAN_POINT('',(6.6595,9.904,0.423037051614497));
#5416=CARTESIAN_POINT('',(6.6595,0.104,0.423037051614497));
#5417=CARTESIAN_POINT('',(6.6595,0.104,0.423037051614497));
#5418=CARTESIAN_POINT('',(6.4095,0.104,0.423037051614497));
#5419=CARTESIAN_POINT('',(6.4095,0.104,0.423037051614497));
#5420=CARTESIAN_POINT('',(6.4095,3.154,0.423037051614497));
#5421=CARTESIAN_POINT('',(6.4095,-3.796,0.423037051614497));
#5422=CARTESIAN_POINT('',(7.0595,-3.796,0.423037051614497));
#5423=CARTESIAN_POINT('',(7.7095,-3.796,0.423037051614497));
#5424=CARTESIAN_POINT('',(7.7095,3.154,0.423037051614497));
#5425=CARTESIAN_POINT('',(7.7095,0.104,0.423037051614497));
#5426=CARTESIAN_POINT('',(7.4595,0.104,0.423037051614497));
#5427=CARTESIAN_POINT('',(7.4595,0.104,0.423037051614497));
#5428=CARTESIAN_POINT('',(7.4595,0.104,0.423037051614497));
#5429=CARTESIAN_POINT('',(7.4595,9.904,0.423037051614497));
#5430=CARTESIAN_POINT('',(10.6345,6.729,0.423037051614497));
#5431=CARTESIAN_POINT('',(7.0595,3.154,0.423037051614497));
#5432=CARTESIAN_POINT('',(7.7095,0.104,0.00303705161449741));
#5433=CARTESIAN_POINT('',(7.7095,0.104,0.00303705161449741));
#5434=CARTESIAN_POINT('',(7.7095,-3.796,0.00303705161449741));
#5435=CARTESIAN_POINT('',(7.7095,-3.796,0.00303705161449741));
#5436=CARTESIAN_POINT('',(7.7095,3.154,0.00303705161449741));
#5437=CARTESIAN_POINT('',(7.7095,3.154,0.00303705161449741));
#5438=CARTESIAN_POINT('',(6.4095,-3.796,0.00303705161449741));
#5439=CARTESIAN_POINT('',(6.4095,-3.796,0.00303705161449741));
#5440=CARTESIAN_POINT('',(7.0595,-3.796,0.00303705161449741));
#5441=CARTESIAN_POINT('',(7.0595,-3.796,0.00303705161449741));
#5442=CARTESIAN_POINT('',(6.4095,0.104,0.00303705161449741));
#5443=CARTESIAN_POINT('',(6.4095,0.104,0.00303705161449741));
#5444=CARTESIAN_POINT('',(6.4095,3.154,0.00303705161449741));
#5445=CARTESIAN_POINT('',(6.4095,3.154,0.00303705161449741));
#5446=CARTESIAN_POINT('',(6.6595,0.104,0.00303705161449741));
#5447=CARTESIAN_POINT('',(6.6595,0.104,0.00303705161449741));
#5448=CARTESIAN_POINT('',(6.6595,9.904,0.00303705161449741));
#5449=CARTESIAN_POINT('',(3.4845,6.729,0.00303705161449741));
#5450=CARTESIAN_POINT('',(6.8595,10.104,0.00303705161449741));
#5451=CARTESIAN_POINT('',(7.0595,10.104,0.00303705161449741));
#5452=CARTESIAN_POINT('',(7.2595,10.104,0.00303705161449741));
#5453=CARTESIAN_POINT('',(10.6345,6.729,0.00303705161449741));
#5454=CARTESIAN_POINT('',(7.4595,9.904,0.00303705161449741));
#5455=CARTESIAN_POINT('',(7.4595,0.104,0.00303705161449741));
#5456=CARTESIAN_POINT('',(7.4595,0.104,0.00303705161449741));
#5457=CARTESIAN_POINT('',(7.4595,0.104,0.00303705161449741));
#5458=CARTESIAN_POINT('',(6.4095,0.104,0.00303705161449741));
#5459=CARTESIAN_POINT('',(7.0595,3.154,0.00303705161449741));
#5460=CARTESIAN_POINT('',(6.8595,10.104,0.423037051614497));
#5461=CARTESIAN_POINT('',(7.2595,10.104,0.00303705161449741));
#5462=CARTESIAN_POINT('',(7.0595,10.104,0.00303705161449741));
#5463=CARTESIAN_POINT('',(7.4595,0.104,0.00303705161449741));
#5464=CARTESIAN_POINT('',(7.4595,0.104,0.423037051614497));
#5465=CARTESIAN_POINT('',(7.4595,9.904,0.423037051614497));
#5466=CARTESIAN_POINT('',(7.4595,10.104,0.423037051614497));
#5467=CARTESIAN_POINT('',(6.6595,0.104,0.00303705161449741));
#5468=CARTESIAN_POINT('',(6.4095,0.104,0.423037051614497));
#5469=CARTESIAN_POINT('',(6.6595,9.904,0.00303705161449741));
#5470=CARTESIAN_POINT('',(6.6595,0.104,0.423037051614497));
#5471=CARTESIAN_POINT('',(6.6595,9.904,0.423037051614497));
#5472=CARTESIAN_POINT('',(7.2595,10.104,0.00303705161449741));
#5473=CARTESIAN_POINT('centre point',(7.0595,2.38459606037349,0.213037051614497));
#5474=CARTESIAN_POINT('',(1.97950000000004,10.104,0.423037051614497));
#5475=CARTESIAN_POINT('',(1.77950000000004,10.104,0.423037051614497));
#5476=CARTESIAN_POINT('',(2.17950000000004,10.104,0.423037051614497));
#5477=CARTESIAN_POINT('',(-1.59549999999996,6.729,0.423037051614497));
#5478=CARTESIAN_POINT('',(1.57950000000004,9.904,0.423037051614497));
#5479=CARTESIAN_POINT('',(1.57950000000004,0.104,0.423037051614497));
#5480=CARTESIAN_POINT('',(1.57950000000004,0.104,0.423037051614497));
#5481=CARTESIAN_POINT('',(1.32950000000004,0.104,0.423037051614497));
#5482=CARTESIAN_POINT('',(1.32950000000004,0.104,0.423037051614497));
#5483=CARTESIAN_POINT('',(1.32950000000004,3.154,0.423037051614497));
#5484=CARTESIAN_POINT('',(1.32950000000004,-3.796,0.423037051614497));
#5485=CARTESIAN_POINT('',(1.97950000000004,-3.796,0.423037051614497));
#5486=CARTESIAN_POINT('',(2.62950000000004,-3.796,0.423037051614497));
#5487=CARTESIAN_POINT('',(2.62950000000004,3.154,0.423037051614497));
#5488=CARTESIAN_POINT('',(2.62950000000004,0.104,0.423037051614497));
#5489=CARTESIAN_POINT('',(2.37950000000004,0.104,0.423037051614497));
#5490=CARTESIAN_POINT('',(2.37950000000004,0.104,0.423037051614497));
#5491=CARTESIAN_POINT('',(2.37950000000004,0.104,0.423037051614497));
#5492=CARTESIAN_POINT('',(2.37950000000004,9.904,0.423037051614497));
#5493=CARTESIAN_POINT('',(5.55450000000004,6.729,0.423037051614497));
#5494=CARTESIAN_POINT('',(1.97950000000004,3.154,0.423037051614497));
#5495=CARTESIAN_POINT('',(2.62950000000004,0.104,0.00303705161449741));
#5496=CARTESIAN_POINT('',(2.62950000000004,0.104,0.00303705161449741));
#5497=CARTESIAN_POINT('',(2.62950000000004,-3.796,0.00303705161449741));
#5498=CARTESIAN_POINT('',(2.62950000000004,-3.796,0.00303705161449741));
#5499=CARTESIAN_POINT('',(2.62950000000004,3.154,0.00303705161449741));
#5500=CARTESIAN_POINT('',(2.62950000000004,3.154,0.00303705161449741));
#5501=CARTESIAN_POINT('',(1.32950000000004,-3.796,0.00303705161449741));
#5502=CARTESIAN_POINT('',(1.32950000000004,-3.796,0.00303705161449741));
#5503=CARTESIAN_POINT('',(1.97950000000004,-3.796,0.00303705161449741));
#5504=CARTESIAN_POINT('',(1.97950000000004,-3.796,0.00303705161449741));
#5505=CARTESIAN_POINT('',(1.32950000000004,0.104,0.00303705161449741));
#5506=CARTESIAN_POINT('',(1.32950000000004,0.104,0.00303705161449741));
#5507=CARTESIAN_POINT('',(1.32950000000004,3.154,0.00303705161449741));
#5508=CARTESIAN_POINT('',(1.32950000000004,3.154,0.00303705161449741));
#5509=CARTESIAN_POINT('',(1.57950000000004,0.104,0.00303705161449741));
#5510=CARTESIAN_POINT('',(1.57950000000004,0.104,0.00303705161449741));
#5511=CARTESIAN_POINT('',(1.57950000000004,9.904,0.00303705161449741));
#5512=CARTESIAN_POINT('',(-1.59549999999996,6.729,0.00303705161449741));
#5513=CARTESIAN_POINT('',(1.77950000000004,10.104,0.00303705161449741));
#5514=CARTESIAN_POINT('',(1.97950000000004,10.104,0.00303705161449741));
#5515=CARTESIAN_POINT('',(2.17950000000004,10.104,0.00303705161449741));
#5516=CARTESIAN_POINT('',(5.55450000000004,6.729,0.00303705161449741));
#5517=CARTESIAN_POINT('',(2.37950000000004,9.904,0.00303705161449741));
#5518=CARTESIAN_POINT('',(2.37950000000004,0.104,0.00303705161449741));
#5519=CARTESIAN_POINT('',(2.37950000000004,0.104,0.00303705161449741));
#5520=CARTESIAN_POINT('',(2.37950000000004,0.104,0.00303705161449741));
#5521=CARTESIAN_POINT('',(1.32950000000004,0.104,0.00303705161449741));
#5522=CARTESIAN_POINT('',(1.97950000000004,3.154,0.00303705161449741));
#5523=CARTESIAN_POINT('',(1.77950000000004,10.104,0.423037051614497));
#5524=CARTESIAN_POINT('',(2.17950000000004,10.104,0.00303705161449741));
#5525=CARTESIAN_POINT('',(1.97950000000004,10.104,0.00303705161449741));
#5526=CARTESIAN_POINT('',(2.37950000000004,0.104,0.00303705161449741));
#5527=CARTESIAN_POINT('',(2.37950000000004,0.104,0.423037051614497));
#5528=CARTESIAN_POINT('',(2.37950000000004,9.904,0.423037051614497));
#5529=CARTESIAN_POINT('',(2.37950000000004,10.104,0.423037051614497));
#5530=CARTESIAN_POINT('',(1.57950000000004,0.104,0.00303705161449741));
#5531=CARTESIAN_POINT('',(1.32950000000004,0.104,0.423037051614497));
#5532=CARTESIAN_POINT('',(1.57950000000004,9.904,0.00303705161449741));
#5533=CARTESIAN_POINT('',(1.57950000000004,0.104,0.423037051614497));
#5534=CARTESIAN_POINT('',(1.57950000000004,9.904,0.423037051614497));
#5535=CARTESIAN_POINT('',(2.17950000000004,10.104,0.00303705161449741));
#5536=CARTESIAN_POINT('centre point',(1.97950000000004,2.38459606037349,
0.213037051614497));
#5537=CARTESIAN_POINT('',(4.5195,10.104,0.423037051614497));
#5538=CARTESIAN_POINT('',(4.3195,10.104,0.423037051614497));
#5539=CARTESIAN_POINT('',(4.7195,10.104,0.423037051614497));
#5540=CARTESIAN_POINT('',(0.9445,6.729,0.423037051614497));
#5541=CARTESIAN_POINT('',(4.1195,9.904,0.423037051614497));
#5542=CARTESIAN_POINT('',(4.1195,0.104,0.423037051614497));
#5543=CARTESIAN_POINT('',(4.1195,0.104,0.423037051614497));
#5544=CARTESIAN_POINT('',(3.8695,0.104,0.423037051614497));
#5545=CARTESIAN_POINT('',(3.8695,0.104,0.423037051614497));
#5546=CARTESIAN_POINT('',(3.8695,3.154,0.423037051614497));
#5547=CARTESIAN_POINT('',(3.8695,-3.796,0.423037051614497));
#5548=CARTESIAN_POINT('',(4.5195,-3.796,0.423037051614497));
#5549=CARTESIAN_POINT('',(5.1695,-3.796,0.423037051614497));
#5550=CARTESIAN_POINT('',(5.1695,3.154,0.423037051614497));
#5551=CARTESIAN_POINT('',(5.1695,0.104,0.423037051614497));
#5552=CARTESIAN_POINT('',(4.9195,0.104,0.423037051614497));
#5553=CARTESIAN_POINT('',(4.9195,0.104,0.423037051614497));
#5554=CARTESIAN_POINT('',(4.9195,0.104,0.423037051614497));
#5555=CARTESIAN_POINT('',(4.9195,9.904,0.423037051614497));
#5556=CARTESIAN_POINT('',(8.0945,6.729,0.423037051614497));
#5557=CARTESIAN_POINT('',(4.5195,3.154,0.423037051614497));
#5558=CARTESIAN_POINT('',(5.1695,0.104,0.00303705161449741));
#5559=CARTESIAN_POINT('',(5.1695,0.104,0.00303705161449741));
#5560=CARTESIAN_POINT('',(5.1695,-3.796,0.00303705161449741));
#5561=CARTESIAN_POINT('',(5.1695,-3.796,0.00303705161449741));
#5562=CARTESIAN_POINT('',(5.1695,3.154,0.00303705161449741));
#5563=CARTESIAN_POINT('',(5.1695,3.154,0.00303705161449741));
#5564=CARTESIAN_POINT('',(3.8695,-3.796,0.00303705161449741));
#5565=CARTESIAN_POINT('',(3.8695,-3.796,0.00303705161449741));
#5566=CARTESIAN_POINT('',(4.5195,-3.796,0.00303705161449741));
#5567=CARTESIAN_POINT('',(4.5195,-3.796,0.00303705161449741));
#5568=CARTESIAN_POINT('',(3.8695,0.104,0.00303705161449741));
#5569=CARTESIAN_POINT('',(3.8695,0.104,0.00303705161449741));
#5570=CARTESIAN_POINT('',(3.8695,3.154,0.00303705161449741));
#5571=CARTESIAN_POINT('',(3.8695,3.154,0.00303705161449741));
#5572=CARTESIAN_POINT('',(4.1195,0.104,0.00303705161449741));
#5573=CARTESIAN_POINT('',(4.1195,0.104,0.00303705161449741));
#5574=CARTESIAN_POINT('',(4.1195,9.904,0.00303705161449741));
#5575=CARTESIAN_POINT('',(0.9445,6.729,0.00303705161449741));
#5576=CARTESIAN_POINT('',(4.3195,10.104,0.00303705161449741));
#5577=CARTESIAN_POINT('',(4.5195,10.104,0.00303705161449741));
#5578=CARTESIAN_POINT('',(4.7195,10.104,0.00303705161449741));
#5579=CARTESIAN_POINT('',(8.0945,6.729,0.00303705161449741));
#5580=CARTESIAN_POINT('',(4.9195,9.904,0.00303705161449741));
#5581=CARTESIAN_POINT('',(4.9195,0.104,0.00303705161449741));
#5582=CARTESIAN_POINT('',(4.9195,0.104,0.00303705161449741));
#5583=CARTESIAN_POINT('',(4.9195,0.104,0.00303705161449741));
#5584=CARTESIAN_POINT('',(3.8695,0.104,0.00303705161449741));
#5585=CARTESIAN_POINT('',(4.5195,3.154,0.00303705161449741));
#5586=CARTESIAN_POINT('',(4.3195,10.104,0.423037051614497));
#5587=CARTESIAN_POINT('',(4.7195,10.104,0.00303705161449741));
#5588=CARTESIAN_POINT('',(4.5195,10.104,0.00303705161449741));
#5589=CARTESIAN_POINT('',(4.9195,0.104,0.00303705161449741));
#5590=CARTESIAN_POINT('',(4.9195,0.104,0.423037051614497));
#5591=CARTESIAN_POINT('',(4.9195,9.904,0.423037051614497));
#5592=CARTESIAN_POINT('',(4.9195,10.104,0.423037051614497));
#5593=CARTESIAN_POINT('',(4.1195,0.104,0.00303705161449741));
#5594=CARTESIAN_POINT('',(3.8695,0.104,0.423037051614497));
#5595=CARTESIAN_POINT('',(4.1195,9.904,0.00303705161449741));
#5596=CARTESIAN_POINT('',(4.1195,0.104,0.423037051614497));
#5597=CARTESIAN_POINT('',(4.1195,9.904,0.423037051614497));
#5598=CARTESIAN_POINT('',(4.7195,10.104,0.00303705161449741));
#5599=CARTESIAN_POINT('centre point',(4.5195,2.38459606037349,0.213037051614497));
#5600=CARTESIAN_POINT('centre point',(4.5195,-8.81036529875817,-0.63886111882016));
#5601=MECHANICAL_DESIGN_GEOMETRIC_PRESENTATION_REPRESENTATION('',(#47,#48,
#49,#50,#51),#5602);
#5602=(
GEOMETRIC_REPRESENTATION_CONTEXT(3)
GLOBAL_UNCERTAINTY_ASSIGNED_CONTEXT((#5603))
GLOBAL_UNIT_ASSIGNED_CONTEXT((#5609,#5605,#5604))
REPRESENTATION_CONTEXT('P220-TO220AB','TOP_LEVEL_ASSEMBLY_PART')
);
#5603=UNCERTAINTY_MEASURE_WITH_UNIT(LENGTH_MEASURE(2.E-005),#5609,
'DISTANCE_ACCURACY_VALUE','Maximum Tolerance applied to model');
#5604=(
NAMED_UNIT(*)
SI_UNIT($,.STERADIAN.)
SOLID_ANGLE_UNIT()
);
#5605=(
CONVERSION_BASED_UNIT('DEGREE',#5607)
NAMED_UNIT(#5606)
PLANE_ANGLE_UNIT()
);
#5606=DIMENSIONAL_EXPONENTS(0.,0.,0.,0.,0.,0.,0.);
#5607=PLANE_ANGLE_MEASURE_WITH_UNIT(PLANE_ANGLE_MEASURE(0.0174532925),#5608);
#5608=(
NAMED_UNIT(*)
PLANE_ANGLE_UNIT()
SI_UNIT($,.RADIAN.)
);
#5609=(
LENGTH_UNIT()
NAMED_UNIT(*)
SI_UNIT(.MILLI.,.METRE.)
);
#5610=(
LENGTH_UNIT()
NAMED_UNIT(*)
SI_UNIT(.MILLI.,.METRE.)
);
#5611=(
LENGTH_UNIT()
NAMED_UNIT(*)
SI_UNIT(.MILLI.,.METRE.)
);
ENDSEC;
END-ISO-10303-21;
